ISO-10303-21;
HEADER;
/* Generated by software containing ST-Developer
 * from STEP Tools, Inc. (www.steptools.com) 
 */

FILE_DESCRIPTION(
/* description */ (''),
/* implementation_level */ '2;1');

FILE_NAME(
/* name */ 'mcp_mount.step',
/* time_stamp */ '2026-08-29T16:10:53+02:00',
/* author */ (''),
/* organization */ (''),
/* preprocessor_version */ 'ST-DEVELOPER v20.1',
/* originating_system */ 'Autodesk Translation Framework v15.8.0.0',
/* authorisation */ '');

FILE_SCHEMA (('AUTOMOTIVE_DESIGN { 1 0 10303 214 3 1 1 }'));
ENDSEC;

DATA;
#10=MECHANICAL_DESIGN_GEOMETRIC_PRESENTATION_REPRESENTATION('',(#13),#11402);
#11=SHAPE_REPRESENTATION_RELATIONSHIP('SRR','None',#11409,#12);
#12=ADVANCED_BREP_SHAPE_REPRESENTATION('',(#14),#11401);
#13=STYLED_ITEM('',(#11418),#14);
#14=MANIFOLD_SOLID_BREP('Bry\X2\0142\X0\a1',#6938);
#15=TOROIDAL_SURFACE('',#7131,3.,0.5);
#16=TOROIDAL_SURFACE('',#7137,3.,0.5);
#17=TOROIDAL_SURFACE('',#7142,3.,0.5);
#18=TOROIDAL_SURFACE('',#7147,3.,0.5);
#19=TOROIDAL_SURFACE('',#7157,3.,0.5);
#20=TOROIDAL_SURFACE('',#7163,3.,0.5);
#21=TOROIDAL_SURFACE('',#7167,3.,0.5);
#22=TOROIDAL_SURFACE('',#7171,3.,0.5);
#23=TOROIDAL_SURFACE('',#7178,3.,0.5);
#24=TOROIDAL_SURFACE('',#7184,3.,0.5);
#25=TOROIDAL_SURFACE('',#7189,3.,0.5);
#26=TOROIDAL_SURFACE('',#7194,3.,0.5);
#27=TOROIDAL_SURFACE('',#7204,3.,0.5);
#28=TOROIDAL_SURFACE('',#7209,3.,0.5);
#29=TOROIDAL_SURFACE('',#7214,3.,0.5);
#30=TOROIDAL_SURFACE('',#7219,3.,0.5);
#31=TOROIDAL_SURFACE('',#7223,3.,0.5);
#32=TOROIDAL_SURFACE('',#7229,3.,0.5);
#33=TOROIDAL_SURFACE('',#7234,3.,0.5);
#34=TOROIDAL_SURFACE('',#7239,3.,0.5);
#35=TOROIDAL_SURFACE('',#7249,3.,0.5);
#36=TOROIDAL_SURFACE('',#7255,3.,0.5);
#37=TOROIDAL_SURFACE('',#7259,3.,0.5);
#38=TOROIDAL_SURFACE('',#7263,3.,0.5);
#39=ELLIPSE('',#7102,0.707106781186542,0.5);
#40=ELLIPSE('',#7103,0.707106781186554,0.5);
#41=ELLIPSE('',#7105,0.707106781186553,0.5);
#42=ELLIPSE('',#7107,0.707106781186541,0.5);
#43=ELLIPSE('',#7113,0.707106781186548,0.5);
#44=ELLIPSE('',#7115,0.707106781186548,0.5);
#45=ELLIPSE('',#7122,0.707106781186548,0.5);
#46=ELLIPSE('',#7123,0.707106781186546,0.5);
#47=ELLIPSE('',#7125,0.707106781186548,0.5);
#48=ELLIPSE('',#7127,0.707106781186549,0.5);
#49=FACE_BOUND('',#726,.T.);
#50=FACE_BOUND('',#729,.T.);
#51=FACE_BOUND('',#730,.T.);
#52=FACE_BOUND('',#731,.T.);
#53=FACE_BOUND('',#736,.T.);
#54=FACE_BOUND('',#739,.T.);
#55=FACE_BOUND('',#760,.T.);
#56=FACE_BOUND('',#762,.T.);
#57=FACE_BOUND('',#763,.T.);
#58=FACE_BOUND('',#764,.T.);
#59=FACE_BOUND('',#765,.T.);
#60=FACE_BOUND('',#766,.T.);
#61=FACE_BOUND('',#767,.T.);
#62=FACE_BOUND('',#768,.T.);
#63=FACE_BOUND('',#769,.T.);
#64=FACE_BOUND('',#770,.T.);
#65=FACE_BOUND('',#771,.T.);
#66=FACE_BOUND('',#772,.T.);
#67=FACE_BOUND('',#773,.T.);
#68=FACE_BOUND('',#774,.T.);
#69=FACE_BOUND('',#775,.T.);
#70=FACE_BOUND('',#776,.T.);
#71=FACE_BOUND('',#777,.T.);
#72=FACE_BOUND('',#778,.T.);
#73=FACE_BOUND('',#779,.T.);
#74=FACE_BOUND('',#781,.T.);
#75=FACE_BOUND('',#782,.T.);
#76=FACE_BOUND('',#783,.T.);
#77=FACE_BOUND('',#790,.T.);
#78=FACE_BOUND('',#791,.T.);
#79=FACE_BOUND('',#792,.T.);
#80=FACE_BOUND('',#793,.T.);
#81=FACE_BOUND('',#794,.T.);
#82=FACE_BOUND('',#795,.T.);
#83=FACE_BOUND('',#796,.T.);
#84=FACE_BOUND('',#797,.T.);
#85=FACE_BOUND('',#798,.T.);
#86=FACE_BOUND('',#799,.T.);
#87=FACE_BOUND('',#800,.T.);
#88=FACE_BOUND('',#801,.T.);
#89=FACE_BOUND('',#802,.T.);
#90=FACE_BOUND('',#803,.T.);
#91=FACE_BOUND('',#804,.T.);
#92=FACE_BOUND('',#805,.T.);
#93=FACE_BOUND('',#806,.T.);
#94=FACE_BOUND('',#807,.T.);
#95=FACE_BOUND('',#808,.T.);
#96=FACE_BOUND('',#809,.T.);
#97=FACE_BOUND('',#810,.T.);
#98=FACE_BOUND('',#811,.T.);
#99=FACE_BOUND('',#812,.T.);
#100=FACE_BOUND('',#813,.T.);
#101=FACE_BOUND('',#814,.T.);
#102=FACE_BOUND('',#815,.T.);
#103=FACE_BOUND('',#816,.T.);
#104=FACE_BOUND('',#817,.T.);
#105=FACE_BOUND('',#818,.T.);
#106=FACE_BOUND('',#819,.T.);
#107=FACE_BOUND('',#820,.T.);
#108=FACE_BOUND('',#821,.T.);
#109=FACE_BOUND('',#822,.T.);
#110=FACE_BOUND('',#823,.T.);
#111=FACE_BOUND('',#824,.T.);
#112=FACE_BOUND('',#825,.T.);
#113=FACE_BOUND('',#826,.T.);
#114=FACE_BOUND('',#918,.T.);
#115=FACE_BOUND('',#919,.T.);
#116=FACE_BOUND('',#920,.T.);
#117=FACE_BOUND('',#922,.T.);
#118=FACE_BOUND('',#923,.T.);
#119=FACE_BOUND('',#924,.T.);
#120=FACE_BOUND('',#926,.T.);
#121=FACE_BOUND('',#927,.T.);
#122=FACE_BOUND('',#928,.T.);
#123=FACE_BOUND('',#988,.T.);
#124=FACE_BOUND('',#996,.T.);
#125=FACE_BOUND('',#1004,.T.);
#126=FACE_BOUND('',#1012,.T.);
#127=FACE_BOUND('',#1020,.T.);
#128=FACE_BOUND('',#1028,.T.);
#129=FACE_BOUND('',#1033,.T.);
#130=FACE_BOUND('',#1041,.T.);
#131=FACE_BOUND('',#1046,.T.);
#132=FACE_BOUND('',#1051,.T.);
#133=FACE_BOUND('',#1059,.T.);
#134=FACE_BOUND('',#1067,.T.);
#135=PLANE('',#6955);
#136=PLANE('',#6956);
#137=PLANE('',#6961);
#138=PLANE('',#6962);
#139=PLANE('',#6964);
#140=PLANE('',#6970);
#141=PLANE('',#6971);
#142=PLANE('',#6976);
#143=PLANE('',#6977);
#144=PLANE('',#6980);
#145=PLANE('',#6988);
#146=PLANE('',#6989);
#147=PLANE('',#6991);
#148=PLANE('',#6999);
#149=PLANE('',#7005);
#150=PLANE('',#7009);
#151=PLANE('',#7015);
#152=PLANE('',#7018);
#153=PLANE('',#7020);
#154=PLANE('',#7023);
#155=PLANE('',#7025);
#156=PLANE('',#7029);
#157=PLANE('',#7030);
#158=PLANE('',#7031);
#159=PLANE('',#7032);
#160=PLANE('',#7033);
#161=PLANE('',#7034);
#162=PLANE('',#7035);
#163=PLANE('',#7036);
#164=PLANE('',#7037);
#165=PLANE('',#7038);
#166=PLANE('',#7039);
#167=PLANE('',#7040);
#168=PLANE('',#7041);
#169=PLANE('',#7076);
#170=PLANE('',#7081);
#171=PLANE('',#7086);
#172=PLANE('',#7109);
#173=PLANE('',#7110);
#174=PLANE('',#7118);
#175=PLANE('',#7119);
#176=PLANE('',#7120);
#177=PLANE('',#7129);
#178=PLANE('',#7130);
#179=PLANE('',#7151);
#180=PLANE('',#7154);
#181=PLANE('',#7176);
#182=PLANE('',#7198);
#183=PLANE('',#7201);
#184=PLANE('',#7222);
#185=PLANE('',#7243);
#186=PLANE('',#7246);
#187=PLANE('',#7268);
#188=PLANE('',#7272);
#189=PLANE('',#7273);
#190=PLANE('',#7274);
#191=PLANE('',#7275);
#192=PLANE('',#7276);
#193=PLANE('',#7277);
#194=PLANE('',#7278);
#195=PLANE('',#7279);
#196=PLANE('',#7280);
#197=PLANE('',#7281);
#198=PLANE('',#7282);
#199=PLANE('',#7283);
#200=PLANE('',#7284);
#201=PLANE('',#7285);
#202=PLANE('',#7286);
#203=PLANE('',#7287);
#204=PLANE('',#7288);
#205=PLANE('',#7289);
#206=PLANE('',#7290);
#207=PLANE('',#7291);
#208=PLANE('',#7292);
#209=PLANE('',#7293);
#210=PLANE('',#7294);
#211=PLANE('',#7295);
#212=PLANE('',#7296);
#213=PLANE('',#7297);
#214=PLANE('',#7298);
#215=PLANE('',#7299);
#216=PLANE('',#7300);
#217=PLANE('',#7301);
#218=PLANE('',#7302);
#219=PLANE('',#7303);
#220=PLANE('',#7304);
#221=PLANE('',#7305);
#222=PLANE('',#7306);
#223=PLANE('',#7307);
#224=PLANE('',#7308);
#225=PLANE('',#7309);
#226=PLANE('',#7310);
#227=PLANE('',#7311);
#228=PLANE('',#7312);
#229=PLANE('',#7313);
#230=PLANE('',#7314);
#231=PLANE('',#7315);
#232=PLANE('',#7316);
#233=PLANE('',#7317);
#234=PLANE('',#7318);
#235=PLANE('',#7319);
#236=PLANE('',#7320);
#237=PLANE('',#7321);
#238=PLANE('',#7322);
#239=PLANE('',#7323);
#240=PLANE('',#7324);
#241=PLANE('',#7325);
#242=PLANE('',#7326);
#243=PLANE('',#7327);
#244=PLANE('',#7328);
#245=PLANE('',#7329);
#246=PLANE('',#7330);
#247=PLANE('',#7331);
#248=PLANE('',#7332);
#249=PLANE('',#7333);
#250=PLANE('',#7334);
#251=PLANE('',#7337);
#252=PLANE('',#7339);
#253=PLANE('',#7348);
#254=PLANE('',#7351);
#255=PLANE('',#7352);
#256=PLANE('',#7353);
#257=PLANE('',#7357);
#258=PLANE('',#7360);
#259=PLANE('',#7363);
#260=PLANE('',#7364);
#261=PLANE('',#7370);
#262=PLANE('',#7373);
#263=PLANE('',#7374);
#264=PLANE('',#7375);
#265=PLANE('',#7379);
#266=PLANE('',#7382);
#267=PLANE('',#7385);
#268=PLANE('',#7386);
#269=PLANE('',#7390);
#270=PLANE('',#7393);
#271=PLANE('',#7396);
#272=PLANE('',#7397);
#273=PLANE('',#7403);
#274=PLANE('',#7404);
#275=PLANE('',#7410);
#276=PLANE('',#7413);
#277=PLANE('',#7414);
#278=PLANE('',#7415);
#279=PLANE('',#7421);
#280=PLANE('',#7422);
#281=PLANE('',#7428);
#282=PLANE('',#7429);
#283=PLANE('',#7433);
#284=PLANE('',#7436);
#285=PLANE('',#7439);
#286=PLANE('',#7440);
#287=PLANE('',#7444);
#288=PLANE('',#7447);
#289=PLANE('',#7450);
#290=PLANE('',#7451);
#291=PLANE('',#7452);
#292=PLANE('',#7453);
#293=PLANE('',#7454);
#294=PLANE('',#7455);
#295=PLANE('',#7456);
#296=PLANE('',#7457);
#297=PLANE('',#7458);
#298=PLANE('',#7459);
#299=PLANE('',#7460);
#300=PLANE('',#7461);
#301=PLANE('',#7462);
#302=PLANE('',#7463);
#303=PLANE('',#7464);
#304=PLANE('',#7465);
#305=PLANE('',#7466);
#306=PLANE('',#7467);
#307=PLANE('',#7468);
#308=PLANE('',#7469);
#309=PLANE('',#7470);
#310=PLANE('',#7471);
#311=PLANE('',#7472);
#312=PLANE('',#7473);
#313=PLANE('',#7474);
#314=PLANE('',#7475);
#315=PLANE('',#7476);
#316=PLANE('',#7477);
#317=PLANE('',#7478);
#318=PLANE('',#7479);
#319=PLANE('',#7480);
#320=PLANE('',#7481);
#321=PLANE('',#7482);
#322=PLANE('',#7483);
#323=PLANE('',#7484);
#324=PLANE('',#7485);
#325=PLANE('',#7486);
#326=PLANE('',#7487);
#327=PLANE('',#7488);
#328=PLANE('',#7489);
#329=PLANE('',#7490);
#330=PLANE('',#7491);
#331=PLANE('',#7492);
#332=PLANE('',#7493);
#333=PLANE('',#7494);
#334=PLANE('',#7495);
#335=PLANE('',#7496);
#336=PLANE('',#7497);
#337=PLANE('',#7498);
#338=PLANE('',#7499);
#339=PLANE('',#7500);
#340=PLANE('',#7501);
#341=PLANE('',#7502);
#342=PLANE('',#7503);
#343=PLANE('',#7504);
#344=PLANE('',#7505);
#345=PLANE('',#7506);
#346=PLANE('',#7507);
#347=PLANE('',#7508);
#348=PLANE('',#7509);
#349=PLANE('',#7510);
#350=PLANE('',#7511);
#351=PLANE('',#7512);
#352=PLANE('',#7513);
#353=PLANE('',#7515);
#354=PLANE('',#7517);
#355=PLANE('',#7518);
#356=FACE_OUTER_BOUND('',#703,.T.);
#357=FACE_OUTER_BOUND('',#704,.T.);
#358=FACE_OUTER_BOUND('',#705,.T.);
#359=FACE_OUTER_BOUND('',#706,.T.);
#360=FACE_OUTER_BOUND('',#707,.T.);
#361=FACE_OUTER_BOUND('',#708,.T.);
#362=FACE_OUTER_BOUND('',#709,.T.);
#363=FACE_OUTER_BOUND('',#710,.T.);
#364=FACE_OUTER_BOUND('',#711,.T.);
#365=FACE_OUTER_BOUND('',#712,.T.);
#366=FACE_OUTER_BOUND('',#713,.T.);
#367=FACE_OUTER_BOUND('',#714,.T.);
#368=FACE_OUTER_BOUND('',#715,.T.);
#369=FACE_OUTER_BOUND('',#716,.T.);
#370=FACE_OUTER_BOUND('',#717,.T.);
#371=FACE_OUTER_BOUND('',#718,.T.);
#372=FACE_OUTER_BOUND('',#719,.T.);
#373=FACE_OUTER_BOUND('',#720,.T.);
#374=FACE_OUTER_BOUND('',#721,.T.);
#375=FACE_OUTER_BOUND('',#722,.T.);
#376=FACE_OUTER_BOUND('',#723,.T.);
#377=FACE_OUTER_BOUND('',#724,.T.);
#378=FACE_OUTER_BOUND('',#725,.T.);
#379=FACE_OUTER_BOUND('',#727,.T.);
#380=FACE_OUTER_BOUND('',#728,.T.);
#381=FACE_OUTER_BOUND('',#732,.T.);
#382=FACE_OUTER_BOUND('',#733,.T.);
#383=FACE_OUTER_BOUND('',#734,.T.);
#384=FACE_OUTER_BOUND('',#735,.T.);
#385=FACE_OUTER_BOUND('',#737,.T.);
#386=FACE_OUTER_BOUND('',#738,.T.);
#387=FACE_OUTER_BOUND('',#740,.T.);
#388=FACE_OUTER_BOUND('',#741,.T.);
#389=FACE_OUTER_BOUND('',#742,.T.);
#390=FACE_OUTER_BOUND('',#743,.T.);
#391=FACE_OUTER_BOUND('',#744,.T.);
#392=FACE_OUTER_BOUND('',#745,.T.);
#393=FACE_OUTER_BOUND('',#746,.T.);
#394=FACE_OUTER_BOUND('',#747,.T.);
#395=FACE_OUTER_BOUND('',#748,.T.);
#396=FACE_OUTER_BOUND('',#749,.T.);
#397=FACE_OUTER_BOUND('',#750,.T.);
#398=FACE_OUTER_BOUND('',#751,.T.);
#399=FACE_OUTER_BOUND('',#752,.T.);
#400=FACE_OUTER_BOUND('',#753,.T.);
#401=FACE_OUTER_BOUND('',#754,.T.);
#402=FACE_OUTER_BOUND('',#755,.T.);
#403=FACE_OUTER_BOUND('',#756,.T.);
#404=FACE_OUTER_BOUND('',#757,.T.);
#405=FACE_OUTER_BOUND('',#758,.T.);
#406=FACE_OUTER_BOUND('',#759,.T.);
#407=FACE_OUTER_BOUND('',#761,.T.);
#408=FACE_OUTER_BOUND('',#780,.T.);
#409=FACE_OUTER_BOUND('',#784,.T.);
#410=FACE_OUTER_BOUND('',#785,.T.);
#411=FACE_OUTER_BOUND('',#786,.T.);
#412=FACE_OUTER_BOUND('',#787,.T.);
#413=FACE_OUTER_BOUND('',#788,.T.);
#414=FACE_OUTER_BOUND('',#789,.T.);
#415=FACE_OUTER_BOUND('',#827,.T.);
#416=FACE_OUTER_BOUND('',#828,.T.);
#417=FACE_OUTER_BOUND('',#829,.T.);
#418=FACE_OUTER_BOUND('',#830,.T.);
#419=FACE_OUTER_BOUND('',#831,.T.);
#420=FACE_OUTER_BOUND('',#832,.T.);
#421=FACE_OUTER_BOUND('',#833,.T.);
#422=FACE_OUTER_BOUND('',#834,.T.);
#423=FACE_OUTER_BOUND('',#835,.T.);
#424=FACE_OUTER_BOUND('',#836,.T.);
#425=FACE_OUTER_BOUND('',#837,.T.);
#426=FACE_OUTER_BOUND('',#838,.T.);
#427=FACE_OUTER_BOUND('',#839,.T.);
#428=FACE_OUTER_BOUND('',#840,.T.);
#429=FACE_OUTER_BOUND('',#841,.T.);
#430=FACE_OUTER_BOUND('',#842,.T.);
#431=FACE_OUTER_BOUND('',#843,.T.);
#432=FACE_OUTER_BOUND('',#844,.T.);
#433=FACE_OUTER_BOUND('',#845,.T.);
#434=FACE_OUTER_BOUND('',#846,.T.);
#435=FACE_OUTER_BOUND('',#847,.T.);
#436=FACE_OUTER_BOUND('',#848,.T.);
#437=FACE_OUTER_BOUND('',#849,.T.);
#438=FACE_OUTER_BOUND('',#850,.T.);
#439=FACE_OUTER_BOUND('',#851,.T.);
#440=FACE_OUTER_BOUND('',#852,.T.);
#441=FACE_OUTER_BOUND('',#853,.T.);
#442=FACE_OUTER_BOUND('',#854,.T.);
#443=FACE_OUTER_BOUND('',#855,.T.);
#444=FACE_OUTER_BOUND('',#856,.T.);
#445=FACE_OUTER_BOUND('',#857,.T.);
#446=FACE_OUTER_BOUND('',#858,.T.);
#447=FACE_OUTER_BOUND('',#859,.T.);
#448=FACE_OUTER_BOUND('',#860,.T.);
#449=FACE_OUTER_BOUND('',#861,.T.);
#450=FACE_OUTER_BOUND('',#862,.T.);
#451=FACE_OUTER_BOUND('',#863,.T.);
#452=FACE_OUTER_BOUND('',#864,.T.);
#453=FACE_OUTER_BOUND('',#865,.T.);
#454=FACE_OUTER_BOUND('',#866,.T.);
#455=FACE_OUTER_BOUND('',#867,.T.);
#456=FACE_OUTER_BOUND('',#868,.T.);
#457=FACE_OUTER_BOUND('',#869,.T.);
#458=FACE_OUTER_BOUND('',#870,.T.);
#459=FACE_OUTER_BOUND('',#871,.T.);
#460=FACE_OUTER_BOUND('',#872,.T.);
#461=FACE_OUTER_BOUND('',#873,.T.);
#462=FACE_OUTER_BOUND('',#874,.T.);
#463=FACE_OUTER_BOUND('',#875,.T.);
#464=FACE_OUTER_BOUND('',#876,.T.);
#465=FACE_OUTER_BOUND('',#877,.T.);
#466=FACE_OUTER_BOUND('',#878,.T.);
#467=FACE_OUTER_BOUND('',#879,.T.);
#468=FACE_OUTER_BOUND('',#880,.T.);
#469=FACE_OUTER_BOUND('',#881,.T.);
#470=FACE_OUTER_BOUND('',#882,.T.);
#471=FACE_OUTER_BOUND('',#883,.T.);
#472=FACE_OUTER_BOUND('',#884,.T.);
#473=FACE_OUTER_BOUND('',#885,.T.);
#474=FACE_OUTER_BOUND('',#886,.T.);
#475=FACE_OUTER_BOUND('',#887,.T.);
#476=FACE_OUTER_BOUND('',#888,.T.);
#477=FACE_OUTER_BOUND('',#889,.T.);
#478=FACE_OUTER_BOUND('',#890,.T.);
#479=FACE_OUTER_BOUND('',#891,.T.);
#480=FACE_OUTER_BOUND('',#892,.T.);
#481=FACE_OUTER_BOUND('',#893,.T.);
#482=FACE_OUTER_BOUND('',#894,.T.);
#483=FACE_OUTER_BOUND('',#895,.T.);
#484=FACE_OUTER_BOUND('',#896,.T.);
#485=FACE_OUTER_BOUND('',#897,.T.);
#486=FACE_OUTER_BOUND('',#898,.T.);
#487=FACE_OUTER_BOUND('',#899,.T.);
#488=FACE_OUTER_BOUND('',#900,.T.);
#489=FACE_OUTER_BOUND('',#901,.T.);
#490=FACE_OUTER_BOUND('',#902,.T.);
#491=FACE_OUTER_BOUND('',#903,.T.);
#492=FACE_OUTER_BOUND('',#904,.T.);
#493=FACE_OUTER_BOUND('',#905,.T.);
#494=FACE_OUTER_BOUND('',#906,.T.);
#495=FACE_OUTER_BOUND('',#907,.T.);
#496=FACE_OUTER_BOUND('',#908,.T.);
#497=FACE_OUTER_BOUND('',#909,.T.);
#498=FACE_OUTER_BOUND('',#910,.T.);
#499=FACE_OUTER_BOUND('',#911,.T.);
#500=FACE_OUTER_BOUND('',#912,.T.);
#501=FACE_OUTER_BOUND('',#913,.T.);
#502=FACE_OUTER_BOUND('',#914,.T.);
#503=FACE_OUTER_BOUND('',#915,.T.);
#504=FACE_OUTER_BOUND('',#916,.T.);
#505=FACE_OUTER_BOUND('',#917,.T.);
#506=FACE_OUTER_BOUND('',#921,.T.);
#507=FACE_OUTER_BOUND('',#925,.T.);
#508=FACE_OUTER_BOUND('',#929,.T.);
#509=FACE_OUTER_BOUND('',#930,.T.);
#510=FACE_OUTER_BOUND('',#931,.T.);
#511=FACE_OUTER_BOUND('',#932,.T.);
#512=FACE_OUTER_BOUND('',#933,.T.);
#513=FACE_OUTER_BOUND('',#934,.T.);
#514=FACE_OUTER_BOUND('',#935,.T.);
#515=FACE_OUTER_BOUND('',#936,.T.);
#516=FACE_OUTER_BOUND('',#937,.T.);
#517=FACE_OUTER_BOUND('',#938,.T.);
#518=FACE_OUTER_BOUND('',#939,.T.);
#519=FACE_OUTER_BOUND('',#940,.T.);
#520=FACE_OUTER_BOUND('',#941,.T.);
#521=FACE_OUTER_BOUND('',#942,.T.);
#522=FACE_OUTER_BOUND('',#943,.T.);
#523=FACE_OUTER_BOUND('',#944,.T.);
#524=FACE_OUTER_BOUND('',#945,.T.);
#525=FACE_OUTER_BOUND('',#946,.T.);
#526=FACE_OUTER_BOUND('',#947,.T.);
#527=FACE_OUTER_BOUND('',#948,.T.);
#528=FACE_OUTER_BOUND('',#949,.T.);
#529=FACE_OUTER_BOUND('',#950,.T.);
#530=FACE_OUTER_BOUND('',#951,.T.);
#531=FACE_OUTER_BOUND('',#952,.T.);
#532=FACE_OUTER_BOUND('',#953,.T.);
#533=FACE_OUTER_BOUND('',#954,.T.);
#534=FACE_OUTER_BOUND('',#955,.T.);
#535=FACE_OUTER_BOUND('',#956,.T.);
#536=FACE_OUTER_BOUND('',#957,.T.);
#537=FACE_OUTER_BOUND('',#958,.T.);
#538=FACE_OUTER_BOUND('',#959,.T.);
#539=FACE_OUTER_BOUND('',#960,.T.);
#540=FACE_OUTER_BOUND('',#961,.T.);
#541=FACE_OUTER_BOUND('',#962,.T.);
#542=FACE_OUTER_BOUND('',#963,.T.);
#543=FACE_OUTER_BOUND('',#964,.T.);
#544=FACE_OUTER_BOUND('',#965,.T.);
#545=FACE_OUTER_BOUND('',#966,.T.);
#546=FACE_OUTER_BOUND('',#967,.T.);
#547=FACE_OUTER_BOUND('',#968,.T.);
#548=FACE_OUTER_BOUND('',#969,.T.);
#549=FACE_OUTER_BOUND('',#970,.T.);
#550=FACE_OUTER_BOUND('',#971,.T.);
#551=FACE_OUTER_BOUND('',#972,.T.);
#552=FACE_OUTER_BOUND('',#973,.T.);
#553=FACE_OUTER_BOUND('',#974,.T.);
#554=FACE_OUTER_BOUND('',#975,.T.);
#555=FACE_OUTER_BOUND('',#976,.T.);
#556=FACE_OUTER_BOUND('',#977,.T.);
#557=FACE_OUTER_BOUND('',#978,.T.);
#558=FACE_OUTER_BOUND('',#979,.T.);
#559=FACE_OUTER_BOUND('',#980,.T.);
#560=FACE_OUTER_BOUND('',#981,.T.);
#561=FACE_OUTER_BOUND('',#982,.T.);
#562=FACE_OUTER_BOUND('',#983,.T.);
#563=FACE_OUTER_BOUND('',#984,.T.);
#564=FACE_OUTER_BOUND('',#985,.T.);
#565=FACE_OUTER_BOUND('',#986,.T.);
#566=FACE_OUTER_BOUND('',#987,.T.);
#567=FACE_OUTER_BOUND('',#989,.T.);
#568=FACE_OUTER_BOUND('',#990,.T.);
#569=FACE_OUTER_BOUND('',#991,.T.);
#570=FACE_OUTER_BOUND('',#992,.T.);
#571=FACE_OUTER_BOUND('',#993,.T.);
#572=FACE_OUTER_BOUND('',#994,.T.);
#573=FACE_OUTER_BOUND('',#995,.T.);
#574=FACE_OUTER_BOUND('',#997,.T.);
#575=FACE_OUTER_BOUND('',#998,.T.);
#576=FACE_OUTER_BOUND('',#999,.T.);
#577=FACE_OUTER_BOUND('',#1000,.T.);
#578=FACE_OUTER_BOUND('',#1001,.T.);
#579=FACE_OUTER_BOUND('',#1002,.T.);
#580=FACE_OUTER_BOUND('',#1003,.T.);
#581=FACE_OUTER_BOUND('',#1005,.T.);
#582=FACE_OUTER_BOUND('',#1006,.T.);
#583=FACE_OUTER_BOUND('',#1007,.T.);
#584=FACE_OUTER_BOUND('',#1008,.T.);
#585=FACE_OUTER_BOUND('',#1009,.T.);
#586=FACE_OUTER_BOUND('',#1010,.T.);
#587=FACE_OUTER_BOUND('',#1011,.T.);
#588=FACE_OUTER_BOUND('',#1013,.T.);
#589=FACE_OUTER_BOUND('',#1014,.T.);
#590=FACE_OUTER_BOUND('',#1015,.T.);
#591=FACE_OUTER_BOUND('',#1016,.T.);
#592=FACE_OUTER_BOUND('',#1017,.T.);
#593=FACE_OUTER_BOUND('',#1018,.T.);
#594=FACE_OUTER_BOUND('',#1019,.T.);
#595=FACE_OUTER_BOUND('',#1021,.T.);
#596=FACE_OUTER_BOUND('',#1022,.T.);
#597=FACE_OUTER_BOUND('',#1023,.T.);
#598=FACE_OUTER_BOUND('',#1024,.T.);
#599=FACE_OUTER_BOUND('',#1025,.T.);
#600=FACE_OUTER_BOUND('',#1026,.T.);
#601=FACE_OUTER_BOUND('',#1027,.T.);
#602=FACE_OUTER_BOUND('',#1029,.T.);
#603=FACE_OUTER_BOUND('',#1030,.T.);
#604=FACE_OUTER_BOUND('',#1031,.T.);
#605=FACE_OUTER_BOUND('',#1032,.T.);
#606=FACE_OUTER_BOUND('',#1034,.T.);
#607=FACE_OUTER_BOUND('',#1035,.T.);
#608=FACE_OUTER_BOUND('',#1036,.T.);
#609=FACE_OUTER_BOUND('',#1037,.T.);
#610=FACE_OUTER_BOUND('',#1038,.T.);
#611=FACE_OUTER_BOUND('',#1039,.T.);
#612=FACE_OUTER_BOUND('',#1040,.T.);
#613=FACE_OUTER_BOUND('',#1042,.T.);
#614=FACE_OUTER_BOUND('',#1043,.T.);
#615=FACE_OUTER_BOUND('',#1044,.T.);
#616=FACE_OUTER_BOUND('',#1045,.T.);
#617=FACE_OUTER_BOUND('',#1047,.T.);
#618=FACE_OUTER_BOUND('',#1048,.T.);
#619=FACE_OUTER_BOUND('',#1049,.T.);
#620=FACE_OUTER_BOUND('',#1050,.T.);
#621=FACE_OUTER_BOUND('',#1052,.T.);
#622=FACE_OUTER_BOUND('',#1053,.T.);
#623=FACE_OUTER_BOUND('',#1054,.T.);
#624=FACE_OUTER_BOUND('',#1055,.T.);
#625=FACE_OUTER_BOUND('',#1056,.T.);
#626=FACE_OUTER_BOUND('',#1057,.T.);
#627=FACE_OUTER_BOUND('',#1058,.T.);
#628=FACE_OUTER_BOUND('',#1060,.T.);
#629=FACE_OUTER_BOUND('',#1061,.T.);
#630=FACE_OUTER_BOUND('',#1062,.T.);
#631=FACE_OUTER_BOUND('',#1063,.T.);
#632=FACE_OUTER_BOUND('',#1064,.T.);
#633=FACE_OUTER_BOUND('',#1065,.T.);
#634=FACE_OUTER_BOUND('',#1066,.T.);
#635=FACE_OUTER_BOUND('',#1068,.T.);
#636=FACE_OUTER_BOUND('',#1069,.T.);
#637=FACE_OUTER_BOUND('',#1070,.T.);
#638=FACE_OUTER_BOUND('',#1071,.T.);
#639=FACE_OUTER_BOUND('',#1072,.T.);
#640=FACE_OUTER_BOUND('',#1073,.T.);
#641=FACE_OUTER_BOUND('',#1074,.T.);
#642=FACE_OUTER_BOUND('',#1075,.T.);
#643=FACE_OUTER_BOUND('',#1076,.T.);
#644=FACE_OUTER_BOUND('',#1077,.T.);
#645=FACE_OUTER_BOUND('',#1078,.T.);
#646=FACE_OUTER_BOUND('',#1079,.T.);
#647=FACE_OUTER_BOUND('',#1080,.T.);
#648=FACE_OUTER_BOUND('',#1081,.T.);
#649=FACE_OUTER_BOUND('',#1082,.T.);
#650=FACE_OUTER_BOUND('',#1083,.T.);
#651=FACE_OUTER_BOUND('',#1084,.T.);
#652=FACE_OUTER_BOUND('',#1085,.T.);
#653=FACE_OUTER_BOUND('',#1086,.T.);
#654=FACE_OUTER_BOUND('',#1087,.T.);
#655=FACE_OUTER_BOUND('',#1088,.T.);
#656=FACE_OUTER_BOUND('',#1089,.T.);
#657=FACE_OUTER_BOUND('',#1090,.T.);
#658=FACE_OUTER_BOUND('',#1091,.T.);
#659=FACE_OUTER_BOUND('',#1092,.T.);
#660=FACE_OUTER_BOUND('',#1093,.T.);
#661=FACE_OUTER_BOUND('',#1094,.T.);
#662=FACE_OUTER_BOUND('',#1095,.T.);
#663=FACE_OUTER_BOUND('',#1096,.T.);
#664=FACE_OUTER_BOUND('',#1097,.T.);
#665=FACE_OUTER_BOUND('',#1098,.T.);
#666=FACE_OUTER_BOUND('',#1099,.T.);
#667=FACE_OUTER_BOUND('',#1100,.T.);
#668=FACE_OUTER_BOUND('',#1101,.T.);
#669=FACE_OUTER_BOUND('',#1102,.T.);
#670=FACE_OUTER_BOUND('',#1103,.T.);
#671=FACE_OUTER_BOUND('',#1104,.T.);
#672=FACE_OUTER_BOUND('',#1105,.T.);
#673=FACE_OUTER_BOUND('',#1106,.T.);
#674=FACE_OUTER_BOUND('',#1107,.T.);
#675=FACE_OUTER_BOUND('',#1108,.T.);
#676=FACE_OUTER_BOUND('',#1109,.T.);
#677=FACE_OUTER_BOUND('',#1110,.T.);
#678=FACE_OUTER_BOUND('',#1111,.T.);
#679=FACE_OUTER_BOUND('',#1112,.T.);
#680=FACE_OUTER_BOUND('',#1113,.T.);
#681=FACE_OUTER_BOUND('',#1114,.T.);
#682=FACE_OUTER_BOUND('',#1115,.T.);
#683=FACE_OUTER_BOUND('',#1116,.T.);
#684=FACE_OUTER_BOUND('',#1117,.T.);
#685=FACE_OUTER_BOUND('',#1118,.T.);
#686=FACE_OUTER_BOUND('',#1119,.T.);
#687=FACE_OUTER_BOUND('',#1120,.T.);
#688=FACE_OUTER_BOUND('',#1121,.T.);
#689=FACE_OUTER_BOUND('',#1122,.T.);
#690=FACE_OUTER_BOUND('',#1123,.T.);
#691=FACE_OUTER_BOUND('',#1124,.T.);
#692=FACE_OUTER_BOUND('',#1125,.T.);
#693=FACE_OUTER_BOUND('',#1126,.T.);
#694=FACE_OUTER_BOUND('',#1127,.T.);
#695=FACE_OUTER_BOUND('',#1128,.T.);
#696=FACE_OUTER_BOUND('',#1129,.T.);
#697=FACE_OUTER_BOUND('',#1130,.T.);
#698=FACE_OUTER_BOUND('',#1131,.T.);
#699=FACE_OUTER_BOUND('',#1132,.T.);
#700=FACE_OUTER_BOUND('',#1133,.T.);
#701=FACE_OUTER_BOUND('',#1134,.T.);
#702=FACE_OUTER_BOUND('',#1135,.T.);
#703=EDGE_LOOP('',(#4511,#4512,#4513,#4514));
#704=EDGE_LOOP('',(#4515,#4516,#4517,#4518));
#705=EDGE_LOOP('',(#4519,#4520,#4521,#4522));
#706=EDGE_LOOP('',(#4523,#4524,#4525,#4526));
#707=EDGE_LOOP('',(#4527,#4528,#4529,#4530));
#708=EDGE_LOOP('',(#4531,#4532,#4533,#4534));
#709=EDGE_LOOP('',(#4535,#4536,#4537,#4538,#4539,#4540));
#710=EDGE_LOOP('',(#4541,#4542,#4543,#4544));
#711=EDGE_LOOP('',(#4545,#4546,#4547,#4548));
#712=EDGE_LOOP('',(#4549,#4550,#4551,#4552));
#713=EDGE_LOOP('',(#4553,#4554,#4555,#4556));
#714=EDGE_LOOP('',(#4557,#4558,#4559,#4560));
#715=EDGE_LOOP('',(#4561,#4562,#4563,#4564,#4565,#4566,#4567,#4568,#4569));
#716=EDGE_LOOP('',(#4570,#4571,#4572,#4573,#4574,#4575,#4576,#4577));
#717=EDGE_LOOP('',(#4578,#4579,#4580,#4581));
#718=EDGE_LOOP('',(#4582,#4583,#4584,#4585));
#719=EDGE_LOOP('',(#4586,#4587,#4588,#4589));
#720=EDGE_LOOP('',(#4590,#4591,#4592,#4593,#4594,#4595,#4596,#4597));
#721=EDGE_LOOP('',(#4598,#4599,#4600,#4601));
#722=EDGE_LOOP('',(#4602,#4603,#4604,#4605,#4606,#4607,#4608,#4609,#4610));
#723=EDGE_LOOP('',(#4611,#4612,#4613,#4614));
#724=EDGE_LOOP('',(#4615,#4616,#4617,#4618));
#725=EDGE_LOOP('',(#4619,#4620,#4621,#4622));
#726=EDGE_LOOP('',(#4623,#4624,#4625,#4626));
#727=EDGE_LOOP('',(#4627,#4628,#4629,#4630));
#728=EDGE_LOOP('',(#4631,#4632,#4633,#4634,#4635,#4636,#4637,#4638,#4639,
#4640));
#729=EDGE_LOOP('',(#4641,#4642,#4643,#4644));
#730=EDGE_LOOP('',(#4645,#4646,#4647,#4648,#4649));
#731=EDGE_LOOP('',(#4650,#4651,#4652,#4653,#4654));
#732=EDGE_LOOP('',(#4655,#4656,#4657,#4658));
#733=EDGE_LOOP('',(#4659,#4660,#4661,#4662));
#734=EDGE_LOOP('',(#4663,#4664,#4665,#4666));
#735=EDGE_LOOP('',(#4667,#4668,#4669,#4670));
#736=EDGE_LOOP('',(#4671,#4672,#4673,#4674));
#737=EDGE_LOOP('',(#4675,#4676,#4677,#4678));
#738=EDGE_LOOP('',(#4679,#4680,#4681,#4682,#4683,#4684,#4685,#4686));
#739=EDGE_LOOP('',(#4687,#4688,#4689,#4690));
#740=EDGE_LOOP('',(#4691,#4692,#4693,#4694));
#741=EDGE_LOOP('',(#4695,#4696,#4697,#4698));
#742=EDGE_LOOP('',(#4699,#4700,#4701,#4702));
#743=EDGE_LOOP('',(#4703,#4704,#4705,#4706));
#744=EDGE_LOOP('',(#4707,#4708,#4709,#4710));
#745=EDGE_LOOP('',(#4711,#4712,#4713,#4714));
#746=EDGE_LOOP('',(#4715,#4716,#4717,#4718));
#747=EDGE_LOOP('',(#4719,#4720,#4721,#4722));
#748=EDGE_LOOP('',(#4723,#4724,#4725,#4726));
#749=EDGE_LOOP('',(#4727,#4728,#4729,#4730,#4731,#4732,#4733,#4734));
#750=EDGE_LOOP('',(#4735,#4736,#4737,#4738,#4739,#4740));
#751=EDGE_LOOP('',(#4741,#4742,#4743,#4744));
#752=EDGE_LOOP('',(#4745,#4746,#4747,#4748));
#753=EDGE_LOOP('',(#4749,#4750,#4751,#4752));
#754=EDGE_LOOP('',(#4753,#4754,#4755,#4756,#4757,#4758,#4759,#4760,#4761,
#4762,#4763,#4764,#4765,#4766,#4767,#4768,#4769,#4770,#4771,#4772));
#755=EDGE_LOOP('',(#4773,#4774,#4775,#4776,#4777,#4778,#4779,#4780,#4781,
#4782,#4783,#4784));
#756=EDGE_LOOP('',(#4785,#4786,#4787,#4788,#4789,#4790,#4791,#4792,#4793,
#4794));
#757=EDGE_LOOP('',(#4795,#4796,#4797,#4798));
#758=EDGE_LOOP('',(#4799,#4800,#4801,#4802));
#759=EDGE_LOOP('',(#4803,#4804,#4805,#4806,#4807,#4808,#4809,#4810,#4811,
#4812,#4813,#4814));
#760=EDGE_LOOP('',(#4815,#4816,#4817,#4818));
#761=EDGE_LOOP('',(#4819,#4820,#4821,#4822,#4823,#4824,#4825,#4826,#4827,
#4828,#4829,#4830,#4831,#4832));
#762=EDGE_LOOP('',(#4833,#4834,#4835,#4836));
#763=EDGE_LOOP('',(#4837,#4838,#4839,#4840));
#764=EDGE_LOOP('',(#4841,#4842,#4843,#4844,#4845,#4846,#4847,#4848));
#765=EDGE_LOOP('',(#4849,#4850,#4851,#4852,#4853,#4854,#4855,#4856));
#766=EDGE_LOOP('',(#4857));
#767=EDGE_LOOP('',(#4858,#4859,#4860,#4861));
#768=EDGE_LOOP('',(#4862,#4863,#4864,#4865));
#769=EDGE_LOOP('',(#4866));
#770=EDGE_LOOP('',(#4867));
#771=EDGE_LOOP('',(#4868,#4869,#4870,#4871));
#772=EDGE_LOOP('',(#4872,#4873,#4874,#4875));
#773=EDGE_LOOP('',(#4876));
#774=EDGE_LOOP('',(#4877,#4878,#4879,#4880));
#775=EDGE_LOOP('',(#4881,#4882,#4883,#4884));
#776=EDGE_LOOP('',(#4885,#4886,#4887,#4888));
#777=EDGE_LOOP('',(#4889,#4890,#4891,#4892));
#778=EDGE_LOOP('',(#4893,#4894,#4895,#4896,#4897,#4898,#4899,#4900));
#779=EDGE_LOOP('',(#4901,#4902,#4903,#4904));
#780=EDGE_LOOP('',(#4905,#4906,#4907,#4908,#4909,#4910,#4911,#4912,#4913,
#4914));
#781=EDGE_LOOP('',(#4915,#4916,#4917,#4918));
#782=EDGE_LOOP('',(#4919,#4920,#4921,#4922,#4923));
#783=EDGE_LOOP('',(#4924,#4925,#4926,#4927,#4928));
#784=EDGE_LOOP('',(#4929,#4930,#4931,#4932));
#785=EDGE_LOOP('',(#4933,#4934,#4935,#4936));
#786=EDGE_LOOP('',(#4937,#4938,#4939,#4940));
#787=EDGE_LOOP('',(#4941,#4942,#4943,#4944));
#788=EDGE_LOOP('',(#4945,#4946,#4947,#4948));
#789=EDGE_LOOP('',(#4949,#4950,#4951,#4952,#4953,#4954,#4955,#4956,#4957,
#4958,#4959,#4960,#4961,#4962));
#790=EDGE_LOOP('',(#4963,#4964,#4965,#4966,#4967,#4968,#4969,#4970));
#791=EDGE_LOOP('',(#4971,#4972,#4973,#4974,#4975,#4976,#4977,#4978));
#792=EDGE_LOOP('',(#4979,#4980,#4981,#4982));
#793=EDGE_LOOP('',(#4983,#4984,#4985,#4986,#4987,#4988));
#794=EDGE_LOOP('',(#4989,#4990,#4991,#4992));
#795=EDGE_LOOP('',(#4993,#4994,#4995,#4996));
#796=EDGE_LOOP('',(#4997,#4998,#4999,#5000));
#797=EDGE_LOOP('',(#5001,#5002,#5003,#5004,#5005,#5006));
#798=EDGE_LOOP('',(#5007,#5008,#5009,#5010));
#799=EDGE_LOOP('',(#5011,#5012,#5013,#5014));
#800=EDGE_LOOP('',(#5015,#5016,#5017,#5018,#5019,#5020));
#801=EDGE_LOOP('',(#5021,#5022,#5023,#5024));
#802=EDGE_LOOP('',(#5025,#5026,#5027,#5028));
#803=EDGE_LOOP('',(#5029,#5030,#5031,#5032));
#804=EDGE_LOOP('',(#5033,#5034,#5035,#5036,#5037,#5038));
#805=EDGE_LOOP('',(#5039,#5040,#5041,#5042));
#806=EDGE_LOOP('',(#5043,#5044,#5045,#5046));
#807=EDGE_LOOP('',(#5047,#5048,#5049,#5050));
#808=EDGE_LOOP('',(#5051,#5052,#5053,#5054,#5055,#5056));
#809=EDGE_LOOP('',(#5057,#5058,#5059,#5060));
#810=EDGE_LOOP('',(#5061,#5062,#5063,#5064));
#811=EDGE_LOOP('',(#5065,#5066,#5067,#5068));
#812=EDGE_LOOP('',(#5069,#5070,#5071,#5072,#5073,#5074));
#813=EDGE_LOOP('',(#5075,#5076,#5077,#5078));
#814=EDGE_LOOP('',(#5079,#5080,#5081,#5082));
#815=EDGE_LOOP('',(#5083,#5084,#5085,#5086));
#816=EDGE_LOOP('',(#5087,#5088,#5089,#5090,#5091,#5092));
#817=EDGE_LOOP('',(#5093,#5094,#5095,#5096));
#818=EDGE_LOOP('',(#5097,#5098,#5099,#5100));
#819=EDGE_LOOP('',(#5101,#5102,#5103,#5104));
#820=EDGE_LOOP('',(#5105,#5106,#5107,#5108,#5109,#5110));
#821=EDGE_LOOP('',(#5111,#5112,#5113,#5114));
#822=EDGE_LOOP('',(#5115,#5116,#5117,#5118));
#823=EDGE_LOOP('',(#5119,#5120,#5121,#5122));
#824=EDGE_LOOP('',(#5123,#5124,#5125,#5126,#5127,#5128));
#825=EDGE_LOOP('',(#5129,#5130,#5131,#5132));
#826=EDGE_LOOP('',(#5133,#5134,#5135,#5136,#5137,#5138,#5139,#5140));
#827=EDGE_LOOP('',(#5141,#5142,#5143,#5144));
#828=EDGE_LOOP('',(#5145,#5146,#5147,#5148));
#829=EDGE_LOOP('',(#5149,#5150,#5151,#5152));
#830=EDGE_LOOP('',(#5153,#5154,#5155,#5156));
#831=EDGE_LOOP('',(#5157,#5158,#5159,#5160,#5161,#5162,#5163,#5164));
#832=EDGE_LOOP('',(#5165,#5166,#5167,#5168,#5169,#5170,#5171,#5172,#5173,
#5174,#5175,#5176,#5177,#5178,#5179,#5180));
#833=EDGE_LOOP('',(#5181,#5182,#5183,#5184));
#834=EDGE_LOOP('',(#5185,#5186,#5187,#5188));
#835=EDGE_LOOP('',(#5189,#5190,#5191,#5192));
#836=EDGE_LOOP('',(#5193,#5194,#5195,#5196,#5197,#5198,#5199,#5200,#5201,
#5202,#5203,#5204,#5205,#5206,#5207,#5208));
#837=EDGE_LOOP('',(#5209,#5210,#5211,#5212,#5213,#5214,#5215,#5216));
#838=EDGE_LOOP('',(#5217,#5218,#5219,#5220,#5221,#5222,#5223,#5224,#5225,
#5226,#5227,#5228,#5229,#5230,#5231,#5232));
#839=EDGE_LOOP('',(#5233,#5234,#5235,#5236));
#840=EDGE_LOOP('',(#5237,#5238,#5239,#5240));
#841=EDGE_LOOP('',(#5241,#5242,#5243,#5244));
#842=EDGE_LOOP('',(#5245,#5246,#5247,#5248));
#843=EDGE_LOOP('',(#5249,#5250,#5251,#5252,#5253,#5254,#5255,#5256));
#844=EDGE_LOOP('',(#5257,#5258,#5259,#5260,#5261,#5262,#5263,#5264,#5265,
#5266,#5267,#5268,#5269,#5270,#5271,#5272));
#845=EDGE_LOOP('',(#5273,#5274,#5275,#5276));
#846=EDGE_LOOP('',(#5277,#5278,#5279,#5280));
#847=EDGE_LOOP('',(#5281,#5282,#5283,#5284));
#848=EDGE_LOOP('',(#5285,#5286,#5287,#5288));
#849=EDGE_LOOP('',(#5289,#5290,#5291,#5292));
#850=EDGE_LOOP('',(#5293,#5294,#5295,#5296));
#851=EDGE_LOOP('',(#5297,#5298,#5299,#5300));
#852=EDGE_LOOP('',(#5301,#5302,#5303,#5304));
#853=EDGE_LOOP('',(#5305,#5306,#5307,#5308));
#854=EDGE_LOOP('',(#5309,#5310,#5311,#5312));
#855=EDGE_LOOP('',(#5313,#5314,#5315,#5316));
#856=EDGE_LOOP('',(#5317,#5318,#5319,#5320));
#857=EDGE_LOOP('',(#5321,#5322,#5323,#5324));
#858=EDGE_LOOP('',(#5325,#5326,#5327,#5328));
#859=EDGE_LOOP('',(#5329,#5330,#5331,#5332));
#860=EDGE_LOOP('',(#5333,#5334,#5335,#5336));
#861=EDGE_LOOP('',(#5337,#5338,#5339,#5340));
#862=EDGE_LOOP('',(#5341,#5342,#5343,#5344));
#863=EDGE_LOOP('',(#5345,#5346,#5347,#5348));
#864=EDGE_LOOP('',(#5349,#5350,#5351,#5352));
#865=EDGE_LOOP('',(#5353,#5354,#5355,#5356));
#866=EDGE_LOOP('',(#5357,#5358,#5359,#5360));
#867=EDGE_LOOP('',(#5361,#5362,#5363,#5364));
#868=EDGE_LOOP('',(#5365,#5366,#5367,#5368));
#869=EDGE_LOOP('',(#5369,#5370,#5371,#5372));
#870=EDGE_LOOP('',(#5373,#5374,#5375,#5376));
#871=EDGE_LOOP('',(#5377,#5378,#5379,#5380));
#872=EDGE_LOOP('',(#5381,#5382,#5383,#5384));
#873=EDGE_LOOP('',(#5385,#5386,#5387,#5388));
#874=EDGE_LOOP('',(#5389,#5390,#5391,#5392));
#875=EDGE_LOOP('',(#5393,#5394,#5395,#5396));
#876=EDGE_LOOP('',(#5397,#5398,#5399,#5400));
#877=EDGE_LOOP('',(#5401,#5402,#5403,#5404));
#878=EDGE_LOOP('',(#5405,#5406,#5407,#5408));
#879=EDGE_LOOP('',(#5409,#5410,#5411,#5412));
#880=EDGE_LOOP('',(#5413,#5414,#5415,#5416));
#881=EDGE_LOOP('',(#5417,#5418,#5419,#5420));
#882=EDGE_LOOP('',(#5421,#5422,#5423,#5424));
#883=EDGE_LOOP('',(#5425,#5426,#5427,#5428));
#884=EDGE_LOOP('',(#5429,#5430,#5431,#5432));
#885=EDGE_LOOP('',(#5433,#5434,#5435,#5436));
#886=EDGE_LOOP('',(#5437,#5438,#5439,#5440));
#887=EDGE_LOOP('',(#5441,#5442,#5443,#5444));
#888=EDGE_LOOP('',(#5445,#5446,#5447,#5448));
#889=EDGE_LOOP('',(#5449,#5450,#5451,#5452));
#890=EDGE_LOOP('',(#5453,#5454,#5455,#5456));
#891=EDGE_LOOP('',(#5457,#5458,#5459,#5460));
#892=EDGE_LOOP('',(#5461,#5462,#5463,#5464));
#893=EDGE_LOOP('',(#5465,#5466,#5467,#5468));
#894=EDGE_LOOP('',(#5469,#5470,#5471,#5472));
#895=EDGE_LOOP('',(#5473,#5474,#5475,#5476));
#896=EDGE_LOOP('',(#5477,#5478,#5479,#5480));
#897=EDGE_LOOP('',(#5481,#5482,#5483,#5484));
#898=EDGE_LOOP('',(#5485,#5486,#5487,#5488));
#899=EDGE_LOOP('',(#5489,#5490,#5491,#5492));
#900=EDGE_LOOP('',(#5493,#5494,#5495,#5496));
#901=EDGE_LOOP('',(#5497,#5498,#5499,#5500));
#902=EDGE_LOOP('',(#5501,#5502,#5503,#5504));
#903=EDGE_LOOP('',(#5505,#5506,#5507,#5508));
#904=EDGE_LOOP('',(#5509,#5510,#5511,#5512));
#905=EDGE_LOOP('',(#5513,#5514,#5515,#5516));
#906=EDGE_LOOP('',(#5517,#5518,#5519,#5520));
#907=EDGE_LOOP('',(#5521,#5522,#5523,#5524));
#908=EDGE_LOOP('',(#5525,#5526,#5527,#5528));
#909=EDGE_LOOP('',(#5529,#5530,#5531,#5532));
#910=EDGE_LOOP('',(#5533,#5534,#5535,#5536));
#911=EDGE_LOOP('',(#5537,#5538,#5539,#5540));
#912=EDGE_LOOP('',(#5541,#5542,#5543,#5544));
#913=EDGE_LOOP('',(#5545,#5546,#5547,#5548));
#914=EDGE_LOOP('',(#5549,#5550,#5551,#5552));
#915=EDGE_LOOP('',(#5553,#5554,#5555,#5556));
#916=EDGE_LOOP('',(#5557,#5558,#5559,#5560));
#917=EDGE_LOOP('',(#5561,#5562,#5563,#5564,#5565,#5566,#5567,#5568,#5569,
#5570,#5571,#5572,#5573,#5574,#5575,#5576,#5577,#5578,#5579,#5580,#5581,
#5582,#5583,#5584,#5585,#5586,#5587,#5588));
#918=EDGE_LOOP('',(#5589,#5590,#5591,#5592,#5593,#5594));
#919=EDGE_LOOP('',(#5595,#5596,#5597,#5598,#5599,#5600));
#920=EDGE_LOOP('',(#5601,#5602,#5603,#5604,#5605,#5606));
#921=EDGE_LOOP('',(#5607,#5608,#5609,#5610,#5611,#5612,#5613,#5614,#5615,
#5616,#5617,#5618,#5619,#5620,#5621,#5622,#5623,#5624,#5625,#5626,#5627,
#5628,#5629,#5630,#5631,#5632,#5633,#5634));
#922=EDGE_LOOP('',(#5635,#5636,#5637,#5638,#5639,#5640));
#923=EDGE_LOOP('',(#5641,#5642,#5643,#5644,#5645,#5646));
#924=EDGE_LOOP('',(#5647,#5648,#5649,#5650,#5651,#5652));
#925=EDGE_LOOP('',(#5653,#5654,#5655,#5656,#5657,#5658,#5659,#5660,#5661,
#5662,#5663,#5664,#5665,#5666,#5667,#5668,#5669,#5670,#5671,#5672,#5673,
#5674,#5675,#5676,#5677,#5678,#5679,#5680));
#926=EDGE_LOOP('',(#5681,#5682,#5683,#5684,#5685,#5686));
#927=EDGE_LOOP('',(#5687,#5688,#5689,#5690,#5691,#5692));
#928=EDGE_LOOP('',(#5693,#5694,#5695,#5696,#5697,#5698));
#929=EDGE_LOOP('',(#5699,#5700,#5701,#5702));
#930=EDGE_LOOP('',(#5703,#5704,#5705,#5706));
#931=EDGE_LOOP('',(#5707,#5708,#5709,#5710));
#932=EDGE_LOOP('',(#5711,#5712,#5713,#5714));
#933=EDGE_LOOP('',(#5715,#5716,#5717,#5718));
#934=EDGE_LOOP('',(#5719,#5720,#5721,#5722));
#935=EDGE_LOOP('',(#5723,#5724,#5725,#5726));
#936=EDGE_LOOP('',(#5727,#5728,#5729,#5730));
#937=EDGE_LOOP('',(#5731,#5732,#5733,#5734));
#938=EDGE_LOOP('',(#5735,#5736,#5737,#5738));
#939=EDGE_LOOP('',(#5739,#5740,#5741,#5742));
#940=EDGE_LOOP('',(#5743,#5744,#5745,#5746));
#941=EDGE_LOOP('',(#5747,#5748,#5749,#5750));
#942=EDGE_LOOP('',(#5751,#5752,#5753,#5754));
#943=EDGE_LOOP('',(#5755,#5756,#5757,#5758));
#944=EDGE_LOOP('',(#5759,#5760,#5761,#5762));
#945=EDGE_LOOP('',(#5763,#5764,#5765,#5766));
#946=EDGE_LOOP('',(#5767,#5768,#5769,#5770));
#947=EDGE_LOOP('',(#5771,#5772,#5773,#5774));
#948=EDGE_LOOP('',(#5775,#5776,#5777,#5778));
#949=EDGE_LOOP('',(#5779,#5780,#5781,#5782));
#950=EDGE_LOOP('',(#5783,#5784,#5785,#5786));
#951=EDGE_LOOP('',(#5787,#5788,#5789,#5790));
#952=EDGE_LOOP('',(#5791,#5792,#5793,#5794));
#953=EDGE_LOOP('',(#5795,#5796,#5797,#5798));
#954=EDGE_LOOP('',(#5799,#5800,#5801,#5802));
#955=EDGE_LOOP('',(#5803,#5804,#5805,#5806));
#956=EDGE_LOOP('',(#5807,#5808,#5809,#5810));
#957=EDGE_LOOP('',(#5811,#5812,#5813,#5814));
#958=EDGE_LOOP('',(#5815,#5816,#5817,#5818));
#959=EDGE_LOOP('',(#5819,#5820,#5821,#5822));
#960=EDGE_LOOP('',(#5823,#5824,#5825,#5826));
#961=EDGE_LOOP('',(#5827,#5828,#5829,#5830));
#962=EDGE_LOOP('',(#5831,#5832,#5833,#5834));
#963=EDGE_LOOP('',(#5835,#5836,#5837,#5838));
#964=EDGE_LOOP('',(#5839,#5840,#5841,#5842));
#965=EDGE_LOOP('',(#5843,#5844,#5845,#5846));
#966=EDGE_LOOP('',(#5847,#5848,#5849,#5850));
#967=EDGE_LOOP('',(#5851,#5852,#5853,#5854));
#968=EDGE_LOOP('',(#5855,#5856,#5857,#5858));
#969=EDGE_LOOP('',(#5859,#5860,#5861,#5862));
#970=EDGE_LOOP('',(#5863,#5864,#5865,#5866));
#971=EDGE_LOOP('',(#5867,#5868,#5869,#5870));
#972=EDGE_LOOP('',(#5871,#5872,#5873,#5874));
#973=EDGE_LOOP('',(#5875,#5876,#5877,#5878));
#974=EDGE_LOOP('',(#5879,#5880,#5881,#5882));
#975=EDGE_LOOP('',(#5883,#5884,#5885,#5886));
#976=EDGE_LOOP('',(#5887,#5888,#5889,#5890));
#977=EDGE_LOOP('',(#5891,#5892,#5893,#5894));
#978=EDGE_LOOP('',(#5895,#5896,#5897,#5898));
#979=EDGE_LOOP('',(#5899,#5900,#5901,#5902));
#980=EDGE_LOOP('',(#5903,#5904,#5905,#5906));
#981=EDGE_LOOP('',(#5907,#5908,#5909,#5910));
#982=EDGE_LOOP('',(#5911,#5912,#5913,#5914));
#983=EDGE_LOOP('',(#5915,#5916,#5917,#5918));
#984=EDGE_LOOP('',(#5919,#5920,#5921,#5922));
#985=EDGE_LOOP('',(#5923,#5924,#5925,#5926));
#986=EDGE_LOOP('',(#5927,#5928,#5929,#5930));
#987=EDGE_LOOP('',(#5931));
#988=EDGE_LOOP('',(#5932));
#989=EDGE_LOOP('',(#5933,#5934,#5935,#5936,#5937));
#990=EDGE_LOOP('',(#5938,#5939,#5940,#5941));
#991=EDGE_LOOP('',(#5942,#5943,#5944,#5945));
#992=EDGE_LOOP('',(#5946,#5947,#5948,#5949));
#993=EDGE_LOOP('',(#5950,#5951,#5952,#5953));
#994=EDGE_LOOP('',(#5954,#5955,#5956,#5957));
#995=EDGE_LOOP('',(#5958,#5959,#5960,#5961));
#996=EDGE_LOOP('',(#5962));
#997=EDGE_LOOP('',(#5963));
#998=EDGE_LOOP('',(#5964,#5965,#5966,#5967));
#999=EDGE_LOOP('',(#5968,#5969,#5970,#5971));
#1000=EDGE_LOOP('',(#5972,#5973,#5974,#5975));
#1001=EDGE_LOOP('',(#5976,#5977,#5978,#5979));
#1002=EDGE_LOOP('',(#5980,#5981,#5982,#5983));
#1003=EDGE_LOOP('',(#5984,#5985,#5986,#5987));
#1004=EDGE_LOOP('',(#5988));
#1005=EDGE_LOOP('',(#5989));
#1006=EDGE_LOOP('',(#5990,#5991,#5992,#5993));
#1007=EDGE_LOOP('',(#5994,#5995,#5996,#5997));
#1008=EDGE_LOOP('',(#5998,#5999,#6000,#6001));
#1009=EDGE_LOOP('',(#6002,#6003,#6004,#6005));
#1010=EDGE_LOOP('',(#6006,#6007,#6008,#6009));
#1011=EDGE_LOOP('',(#6010,#6011,#6012,#6013));
#1012=EDGE_LOOP('',(#6014));
#1013=EDGE_LOOP('',(#6015));
#1014=EDGE_LOOP('',(#6016,#6017,#6018,#6019));
#1015=EDGE_LOOP('',(#6020,#6021,#6022,#6023));
#1016=EDGE_LOOP('',(#6024,#6025,#6026,#6027));
#1017=EDGE_LOOP('',(#6028,#6029,#6030,#6031));
#1018=EDGE_LOOP('',(#6032,#6033,#6034,#6035));
#1019=EDGE_LOOP('',(#6036,#6037,#6038,#6039));
#1020=EDGE_LOOP('',(#6040));
#1021=EDGE_LOOP('',(#6041));
#1022=EDGE_LOOP('',(#6042,#6043,#6044,#6045));
#1023=EDGE_LOOP('',(#6046,#6047,#6048,#6049));
#1024=EDGE_LOOP('',(#6050,#6051,#6052,#6053));
#1025=EDGE_LOOP('',(#6054,#6055,#6056,#6057));
#1026=EDGE_LOOP('',(#6058,#6059,#6060,#6061));
#1027=EDGE_LOOP('',(#6062,#6063,#6064,#6065));
#1028=EDGE_LOOP('',(#6066));
#1029=EDGE_LOOP('',(#6067));
#1030=EDGE_LOOP('',(#6068,#6069,#6070,#6071));
#1031=EDGE_LOOP('',(#6072,#6073,#6074,#6075));
#1032=EDGE_LOOP('',(#6076));
#1033=EDGE_LOOP('',(#6077));
#1034=EDGE_LOOP('',(#6078));
#1035=EDGE_LOOP('',(#6079,#6080,#6081,#6082));
#1036=EDGE_LOOP('',(#6083,#6084,#6085,#6086));
#1037=EDGE_LOOP('',(#6087,#6088,#6089,#6090));
#1038=EDGE_LOOP('',(#6091,#6092,#6093,#6094));
#1039=EDGE_LOOP('',(#6095,#6096,#6097,#6098));
#1040=EDGE_LOOP('',(#6099,#6100,#6101,#6102));
#1041=EDGE_LOOP('',(#6103));
#1042=EDGE_LOOP('',(#6104));
#1043=EDGE_LOOP('',(#6105,#6106,#6107,#6108));
#1044=EDGE_LOOP('',(#6109,#6110,#6111,#6112));
#1045=EDGE_LOOP('',(#6113));
#1046=EDGE_LOOP('',(#6114));
#1047=EDGE_LOOP('',(#6115));
#1048=EDGE_LOOP('',(#6116,#6117,#6118,#6119));
#1049=EDGE_LOOP('',(#6120,#6121,#6122,#6123));
#1050=EDGE_LOOP('',(#6124));
#1051=EDGE_LOOP('',(#6125));
#1052=EDGE_LOOP('',(#6126));
#1053=EDGE_LOOP('',(#6127,#6128,#6129,#6130));
#1054=EDGE_LOOP('',(#6131,#6132,#6133,#6134));
#1055=EDGE_LOOP('',(#6135,#6136,#6137,#6138));
#1056=EDGE_LOOP('',(#6139,#6140,#6141,#6142));
#1057=EDGE_LOOP('',(#6143,#6144,#6145,#6146));
#1058=EDGE_LOOP('',(#6147,#6148,#6149,#6150));
#1059=EDGE_LOOP('',(#6151));
#1060=EDGE_LOOP('',(#6152));
#1061=EDGE_LOOP('',(#6153,#6154,#6155,#6156));
#1062=EDGE_LOOP('',(#6157,#6158,#6159,#6160));
#1063=EDGE_LOOP('',(#6161,#6162,#6163,#6164));
#1064=EDGE_LOOP('',(#6165,#6166,#6167,#6168));
#1065=EDGE_LOOP('',(#6169,#6170,#6171,#6172));
#1066=EDGE_LOOP('',(#6173,#6174,#6175,#6176));
#1067=EDGE_LOOP('',(#6177));
#1068=EDGE_LOOP('',(#6178));
#1069=EDGE_LOOP('',(#6179,#6180,#6181,#6182));
#1070=EDGE_LOOP('',(#6183,#6184,#6185,#6186));
#1071=EDGE_LOOP('',(#6187,#6188,#6189,#6190));
#1072=EDGE_LOOP('',(#6191,#6192,#6193,#6194));
#1073=EDGE_LOOP('',(#6195,#6196,#6197,#6198));
#1074=EDGE_LOOP('',(#6199,#6200,#6201,#6202,#6203,#6204,#6205,#6206,#6207,
#6208,#6209,#6210,#6211,#6212,#6213,#6214));
#1075=EDGE_LOOP('',(#6215,#6216,#6217,#6218));
#1076=EDGE_LOOP('',(#6219,#6220,#6221,#6222));
#1077=EDGE_LOOP('',(#6223,#6224,#6225,#6226));
#1078=EDGE_LOOP('',(#6227,#6228,#6229,#6230));
#1079=EDGE_LOOP('',(#6231,#6232,#6233,#6234));
#1080=EDGE_LOOP('',(#6235,#6236,#6237,#6238));
#1081=EDGE_LOOP('',(#6239,#6240,#6241,#6242));
#1082=EDGE_LOOP('',(#6243,#6244,#6245,#6246));
#1083=EDGE_LOOP('',(#6247,#6248,#6249,#6250));
#1084=EDGE_LOOP('',(#6251,#6252,#6253,#6254,#6255,#6256,#6257,#6258,#6259,
#6260));
#1085=EDGE_LOOP('',(#6261,#6262,#6263,#6264));
#1086=EDGE_LOOP('',(#6265,#6266,#6267,#6268));
#1087=EDGE_LOOP('',(#6269,#6270,#6271,#6272));
#1088=EDGE_LOOP('',(#6273,#6274,#6275,#6276));
#1089=EDGE_LOOP('',(#6277,#6278,#6279,#6280));
#1090=EDGE_LOOP('',(#6281,#6282,#6283,#6284));
#1091=EDGE_LOOP('',(#6285,#6286,#6287,#6288));
#1092=EDGE_LOOP('',(#6289,#6290,#6291,#6292));
#1093=EDGE_LOOP('',(#6293,#6294,#6295,#6296));
#1094=EDGE_LOOP('',(#6297,#6298,#6299,#6300));
#1095=EDGE_LOOP('',(#6301,#6302,#6303,#6304));
#1096=EDGE_LOOP('',(#6305,#6306,#6307,#6308,#6309,#6310,#6311,#6312,#6313,
#6314,#6315,#6316,#6317,#6318,#6319,#6320));
#1097=EDGE_LOOP('',(#6321,#6322,#6323,#6324));
#1098=EDGE_LOOP('',(#6325,#6326,#6327,#6328));
#1099=EDGE_LOOP('',(#6329,#6330,#6331,#6332));
#1100=EDGE_LOOP('',(#6333,#6334,#6335,#6336));
#1101=EDGE_LOOP('',(#6337,#6338,#6339,#6340));
#1102=EDGE_LOOP('',(#6341,#6342,#6343,#6344));
#1103=EDGE_LOOP('',(#6345,#6346,#6347,#6348));
#1104=EDGE_LOOP('',(#6349,#6350,#6351,#6352));
#1105=EDGE_LOOP('',(#6353,#6354,#6355,#6356));
#1106=EDGE_LOOP('',(#6357,#6358,#6359,#6360,#6361,#6362,#6363,#6364));
#1107=EDGE_LOOP('',(#6365,#6366,#6367,#6368));
#1108=EDGE_LOOP('',(#6369,#6370,#6371,#6372));
#1109=EDGE_LOOP('',(#6373,#6374,#6375,#6376));
#1110=EDGE_LOOP('',(#6377,#6378,#6379,#6380));
#1111=EDGE_LOOP('',(#6381,#6382,#6383,#6384));
#1112=EDGE_LOOP('',(#6385,#6386,#6387,#6388));
#1113=EDGE_LOOP('',(#6389,#6390,#6391,#6392));
#1114=EDGE_LOOP('',(#6393,#6394,#6395,#6396));
#1115=EDGE_LOOP('',(#6397,#6398,#6399,#6400));
#1116=EDGE_LOOP('',(#6401,#6402,#6403,#6404));
#1117=EDGE_LOOP('',(#6405,#6406,#6407,#6408));
#1118=EDGE_LOOP('',(#6409,#6410,#6411,#6412));
#1119=EDGE_LOOP('',(#6413,#6414,#6415,#6416));
#1120=EDGE_LOOP('',(#6417,#6418,#6419,#6420,#6421,#6422,#6423,#6424));
#1121=EDGE_LOOP('',(#6425,#6426,#6427,#6428));
#1122=EDGE_LOOP('',(#6429,#6430,#6431,#6432));
#1123=EDGE_LOOP('',(#6433,#6434,#6435,#6436));
#1124=EDGE_LOOP('',(#6437,#6438,#6439,#6440));
#1125=EDGE_LOOP('',(#6441,#6442,#6443,#6444));
#1126=EDGE_LOOP('',(#6445,#6446,#6447,#6448));
#1127=EDGE_LOOP('',(#6449,#6450,#6451,#6452));
#1128=EDGE_LOOP('',(#6453,#6454,#6455,#6456));
#1129=EDGE_LOOP('',(#6457,#6458,#6459,#6460));
#1130=EDGE_LOOP('',(#6461,#6462,#6463,#6464));
#1131=EDGE_LOOP('',(#6465,#6466,#6467,#6468,#6469,#6470,#6471,#6472));
#1132=EDGE_LOOP('',(#6473,#6474,#6475,#6476));
#1133=EDGE_LOOP('',(#6477,#6478,#6479,#6480));
#1134=EDGE_LOOP('',(#6481,#6482,#6483,#6484));
#1135=EDGE_LOOP('',(#6485,#6486,#6487,#6488));
#1136=LINE('',#9430,#1905);
#1137=LINE('',#9433,#1906);
#1138=LINE('',#9436,#1907);
#1139=LINE('',#9438,#1908);
#1140=LINE('',#9439,#1909);
#1141=LINE('',#9444,#1910);
#1142=LINE('',#9445,#1911);
#1143=LINE('',#9451,#1912);
#1144=LINE('',#9454,#1913);
#1145=LINE('',#9457,#1914);
#1146=LINE('',#9459,#1915);
#1147=LINE('',#9460,#1916);
#1148=LINE('',#9463,#1917);
#1149=LINE('',#9465,#1918);
#1150=LINE('',#9470,#1919);
#1151=LINE('',#9474,#1920);
#1152=LINE('',#9478,#1921);
#1153=LINE('',#9479,#1922);
#1154=LINE('',#9485,#1923);
#1155=LINE('',#9488,#1924);
#1156=LINE('',#9491,#1925);
#1157=LINE('',#9493,#1926);
#1158=LINE('',#9494,#1927);
#1159=LINE('',#9499,#1928);
#1160=LINE('',#9500,#1929);
#1161=LINE('',#9506,#1930);
#1162=LINE('',#9509,#1931);
#1163=LINE('',#9512,#1932);
#1164=LINE('',#9514,#1933);
#1165=LINE('',#9515,#1934);
#1166=LINE('',#9518,#1935);
#1167=LINE('',#9520,#1936);
#1168=LINE('',#9522,#1937);
#1169=LINE('',#9524,#1938);
#1170=LINE('',#9526,#1939);
#1171=LINE('',#9530,#1940);
#1172=LINE('',#9535,#1941);
#1173=LINE('',#9539,#1942);
#1174=LINE('',#9543,#1943);
#1175=LINE('',#9547,#1944);
#1176=LINE('',#9554,#1945);
#1177=LINE('',#9557,#1946);
#1178=LINE('',#9560,#1947);
#1179=LINE('',#9562,#1948);
#1180=LINE('',#9563,#1949);
#1181=LINE('',#9566,#1950);
#1182=LINE('',#9568,#1951);
#1183=LINE('',#9573,#1952);
#1184=LINE('',#9577,#1953);
#1185=LINE('',#9581,#1954);
#1186=LINE('',#9585,#1955);
#1187=LINE('',#9592,#1956);
#1188=LINE('',#9595,#1957);
#1189=LINE('',#9600,#1958);
#1190=LINE('',#9604,#1959);
#1191=LINE('',#9606,#1960);
#1192=LINE('',#9608,#1961);
#1193=LINE('',#9610,#1962);
#1194=LINE('',#9611,#1963);
#1195=LINE('',#9616,#1964);
#1196=LINE('',#9617,#1965);
#1197=LINE('',#9619,#1966);
#1198=LINE('',#9620,#1967);
#1199=LINE('',#9624,#1968);
#1200=LINE('',#9626,#1969);
#1201=LINE('',#9628,#1970);
#1202=LINE('',#9629,#1971);
#1203=LINE('',#9630,#1972);
#1204=LINE('',#9635,#1973);
#1205=LINE('',#9639,#1974);
#1206=LINE('',#9641,#1975);
#1207=LINE('',#9643,#1976);
#1208=LINE('',#9645,#1977);
#1209=LINE('',#9647,#1978);
#1210=LINE('',#9651,#1979);
#1211=LINE('',#9652,#1980);
#1212=LINE('',#9654,#1981);
#1213=LINE('',#9656,#1982);
#1214=LINE('',#9657,#1983);
#1215=LINE('',#9660,#1984);
#1216=LINE('',#9662,#1985);
#1217=LINE('',#9664,#1986);
#1218=LINE('',#9667,#1987);
#1219=LINE('',#9669,#1988);
#1220=LINE('',#9673,#1989);
#1221=LINE('',#9674,#1990);
#1222=LINE('',#9677,#1991);
#1223=LINE('',#9680,#1992);
#1224=LINE('',#9682,#1993);
#1225=LINE('',#9687,#1994);
#1226=LINE('',#9688,#1995);
#1227=LINE('',#9691,#1996);
#1228=LINE('',#9692,#1997);
#1229=LINE('',#9693,#1998);
#1230=LINE('',#9694,#1999);
#1231=LINE('',#9696,#2000);
#1232=LINE('',#9697,#2001);
#1233=LINE('',#9699,#2002);
#1234=LINE('',#9700,#2003);
#1235=LINE('',#9702,#2004);
#1236=LINE('',#9703,#2005);
#1237=LINE('',#9704,#2006);
#1238=LINE('',#9706,#2007);
#1239=LINE('',#9708,#2008);
#1240=LINE('',#9709,#2009);
#1241=LINE('',#9712,#2010);
#1242=LINE('',#9713,#2011);
#1243=LINE('',#9715,#2012);
#1244=LINE('',#9717,#2013);
#1245=LINE('',#9718,#2014);
#1246=LINE('',#9721,#2015);
#1247=LINE('',#9725,#2016);
#1248=LINE('',#9726,#2017);
#1249=LINE('',#9728,#2018);
#1250=LINE('',#9729,#2019);
#1251=LINE('',#9732,#2020);
#1252=LINE('',#9733,#2021);
#1253=LINE('',#9735,#2022);
#1254=LINE('',#9736,#2023);
#1255=LINE('',#9738,#2024);
#1256=LINE('',#9739,#2025);
#1257=LINE('',#9741,#2026);
#1258=LINE('',#9744,#2027);
#1259=LINE('',#9746,#2028);
#1260=LINE('',#9747,#2029);
#1261=LINE('',#9748,#2030);
#1262=LINE('',#9750,#2031);
#1263=LINE('',#9752,#2032);
#1264=LINE('',#9753,#2033);
#1265=LINE('',#9756,#2034);
#1266=LINE('',#9757,#2035);
#1267=LINE('',#9760,#2036);
#1268=LINE('',#9762,#2037);
#1269=LINE('',#9763,#2038);
#1270=LINE('',#9765,#2039);
#1271=LINE('',#9767,#2040);
#1272=LINE('',#9772,#2041);
#1273=LINE('',#9775,#2042);
#1274=LINE('',#9777,#2043);
#1275=LINE('',#9778,#2044);
#1276=LINE('',#9781,#2045);
#1277=LINE('',#9783,#2046);
#1278=LINE('',#9785,#2047);
#1279=LINE('',#9786,#2048);
#1280=LINE('',#9789,#2049);
#1281=LINE('',#9791,#2050);
#1282=LINE('',#9793,#2051);
#1283=LINE('',#9794,#2052);
#1284=LINE('',#9799,#2053);
#1285=LINE('',#9803,#2054);
#1286=LINE('',#9807,#2055);
#1287=LINE('',#9810,#2056);
#1288=LINE('',#9815,#2057);
#1289=LINE('',#9819,#2058);
#1290=LINE('',#9823,#2059);
#1291=LINE('',#9826,#2060);
#1292=LINE('',#9831,#2061);
#1293=LINE('',#9835,#2062);
#1294=LINE('',#9839,#2063);
#1295=LINE('',#9843,#2064);
#1296=LINE('',#9851,#2065);
#1297=LINE('',#9855,#2066);
#1298=LINE('',#9859,#2067);
#1299=LINE('',#9863,#2068);
#1300=LINE('',#9871,#2069);
#1301=LINE('',#9874,#2070);
#1302=LINE('',#9877,#2071);
#1303=LINE('',#9881,#2072);
#1304=LINE('',#9887,#2073);
#1305=LINE('',#9890,#2074);
#1306=LINE('',#9895,#2075);
#1307=LINE('',#9898,#2076);
#1308=LINE('',#9903,#2077);
#1309=LINE('',#9907,#2078);
#1310=LINE('',#9911,#2079);
#1311=LINE('',#9914,#2080);
#1312=LINE('',#9917,#2081);
#1313=LINE('',#9919,#2082);
#1314=LINE('',#9921,#2083);
#1315=LINE('',#9922,#2084);
#1316=LINE('',#9924,#2085);
#1317=LINE('',#9926,#2086);
#1318=LINE('',#9927,#2087);
#1319=LINE('',#9930,#2088);
#1320=LINE('',#9933,#2089);
#1321=LINE('',#9939,#2090);
#1322=LINE('',#9942,#2091);
#1323=LINE('',#9945,#2092);
#1324=LINE('',#9950,#2093);
#1325=LINE('',#9954,#2094);
#1326=LINE('',#9958,#2095);
#1327=LINE('',#9961,#2096);
#1328=LINE('',#9966,#2097);
#1329=LINE('',#9970,#2098);
#1330=LINE('',#9974,#2099);
#1331=LINE('',#9977,#2100);
#1332=LINE('',#9982,#2101);
#1333=LINE('',#9985,#2102);
#1334=LINE('',#9988,#2103);
#1335=LINE('',#9990,#2104);
#1336=LINE('',#9992,#2105);
#1337=LINE('',#9994,#2106);
#1338=LINE('',#9996,#2107);
#1339=LINE('',#9997,#2108);
#1340=LINE('',#10000,#2109);
#1341=LINE('',#10002,#2110);
#1342=LINE('',#10004,#2111);
#1343=LINE('',#10005,#2112);
#1344=LINE('',#10008,#2113);
#1345=LINE('',#10010,#2114);
#1346=LINE('',#10012,#2115);
#1347=LINE('',#10013,#2116);
#1348=LINE('',#10016,#2117);
#1349=LINE('',#10018,#2118);
#1350=LINE('',#10020,#2119);
#1351=LINE('',#10021,#2120);
#1352=LINE('',#10024,#2121);
#1353=LINE('',#10026,#2122);
#1354=LINE('',#10028,#2123);
#1355=LINE('',#10030,#2124);
#1356=LINE('',#10032,#2125);
#1357=LINE('',#10033,#2126);
#1358=LINE('',#10036,#2127);
#1359=LINE('',#10038,#2128);
#1360=LINE('',#10040,#2129);
#1361=LINE('',#10041,#2130);
#1362=LINE('',#10044,#2131);
#1363=LINE('',#10046,#2132);
#1364=LINE('',#10048,#2133);
#1365=LINE('',#10049,#2134);
#1366=LINE('',#10052,#2135);
#1367=LINE('',#10054,#2136);
#1368=LINE('',#10056,#2137);
#1369=LINE('',#10058,#2138);
#1370=LINE('',#10060,#2139);
#1371=LINE('',#10061,#2140);
#1372=LINE('',#10064,#2141);
#1373=LINE('',#10066,#2142);
#1374=LINE('',#10068,#2143);
#1375=LINE('',#10069,#2144);
#1376=LINE('',#10072,#2145);
#1377=LINE('',#10074,#2146);
#1378=LINE('',#10076,#2147);
#1379=LINE('',#10077,#2148);
#1380=LINE('',#10080,#2149);
#1381=LINE('',#10082,#2150);
#1382=LINE('',#10084,#2151);
#1383=LINE('',#10085,#2152);
#1384=LINE('',#10088,#2153);
#1385=LINE('',#10090,#2154);
#1386=LINE('',#10092,#2155);
#1387=LINE('',#10094,#2156);
#1388=LINE('',#10096,#2157);
#1389=LINE('',#10097,#2158);
#1390=LINE('',#10100,#2159);
#1391=LINE('',#10102,#2160);
#1392=LINE('',#10104,#2161);
#1393=LINE('',#10105,#2162);
#1394=LINE('',#10108,#2163);
#1395=LINE('',#10110,#2164);
#1396=LINE('',#10112,#2165);
#1397=LINE('',#10113,#2166);
#1398=LINE('',#10116,#2167);
#1399=LINE('',#10118,#2168);
#1400=LINE('',#10120,#2169);
#1401=LINE('',#10121,#2170);
#1402=LINE('',#10124,#2171);
#1403=LINE('',#10126,#2172);
#1404=LINE('',#10128,#2173);
#1405=LINE('',#10130,#2174);
#1406=LINE('',#10132,#2175);
#1407=LINE('',#10133,#2176);
#1408=LINE('',#10136,#2177);
#1409=LINE('',#10138,#2178);
#1410=LINE('',#10140,#2179);
#1411=LINE('',#10141,#2180);
#1412=LINE('',#10144,#2181);
#1413=LINE('',#10146,#2182);
#1414=LINE('',#10148,#2183);
#1415=LINE('',#10149,#2184);
#1416=LINE('',#10152,#2185);
#1417=LINE('',#10154,#2186);
#1418=LINE('',#10156,#2187);
#1419=LINE('',#10157,#2188);
#1420=LINE('',#10160,#2189);
#1421=LINE('',#10162,#2190);
#1422=LINE('',#10164,#2191);
#1423=LINE('',#10166,#2192);
#1424=LINE('',#10168,#2193);
#1425=LINE('',#10169,#2194);
#1426=LINE('',#10172,#2195);
#1427=LINE('',#10174,#2196);
#1428=LINE('',#10176,#2197);
#1429=LINE('',#10177,#2198);
#1430=LINE('',#10180,#2199);
#1431=LINE('',#10182,#2200);
#1432=LINE('',#10184,#2201);
#1433=LINE('',#10185,#2202);
#1434=LINE('',#10188,#2203);
#1435=LINE('',#10190,#2204);
#1436=LINE('',#10192,#2205);
#1437=LINE('',#10193,#2206);
#1438=LINE('',#10196,#2207);
#1439=LINE('',#10198,#2208);
#1440=LINE('',#10200,#2209);
#1441=LINE('',#10202,#2210);
#1442=LINE('',#10204,#2211);
#1443=LINE('',#10205,#2212);
#1444=LINE('',#10208,#2213);
#1445=LINE('',#10210,#2214);
#1446=LINE('',#10212,#2215);
#1447=LINE('',#10213,#2216);
#1448=LINE('',#10216,#2217);
#1449=LINE('',#10218,#2218);
#1450=LINE('',#10220,#2219);
#1451=LINE('',#10221,#2220);
#1452=LINE('',#10224,#2221);
#1453=LINE('',#10226,#2222);
#1454=LINE('',#10228,#2223);
#1455=LINE('',#10229,#2224);
#1456=LINE('',#10232,#2225);
#1457=LINE('',#10234,#2226);
#1458=LINE('',#10236,#2227);
#1459=LINE('',#10238,#2228);
#1460=LINE('',#10240,#2229);
#1461=LINE('',#10241,#2230);
#1462=LINE('',#10244,#2231);
#1463=LINE('',#10246,#2232);
#1464=LINE('',#10248,#2233);
#1465=LINE('',#10249,#2234);
#1466=LINE('',#10252,#2235);
#1467=LINE('',#10254,#2236);
#1468=LINE('',#10256,#2237);
#1469=LINE('',#10257,#2238);
#1470=LINE('',#10260,#2239);
#1471=LINE('',#10262,#2240);
#1472=LINE('',#10264,#2241);
#1473=LINE('',#10265,#2242);
#1474=LINE('',#10268,#2243);
#1475=LINE('',#10270,#2244);
#1476=LINE('',#10272,#2245);
#1477=LINE('',#10274,#2246);
#1478=LINE('',#10276,#2247);
#1479=LINE('',#10277,#2248);
#1480=LINE('',#10280,#2249);
#1481=LINE('',#10282,#2250);
#1482=LINE('',#10284,#2251);
#1483=LINE('',#10285,#2252);
#1484=LINE('',#10290,#2253);
#1485=LINE('',#10294,#2254);
#1486=LINE('',#10298,#2255);
#1487=LINE('',#10301,#2256);
#1488=LINE('',#10306,#2257);
#1489=LINE('',#10311,#2258);
#1490=LINE('',#10315,#2259);
#1491=LINE('',#10317,#2260);
#1492=LINE('',#10319,#2261);
#1493=LINE('',#10321,#2262);
#1494=LINE('',#10323,#2263);
#1495=LINE('',#10324,#2264);
#1496=LINE('',#10325,#2265);
#1497=LINE('',#10327,#2266);
#1498=LINE('',#10329,#2267);
#1499=LINE('',#10331,#2268);
#1500=LINE('',#10332,#2269);
#1501=LINE('',#10334,#2270);
#1502=LINE('',#10336,#2271);
#1503=LINE('',#10337,#2272);
#1504=LINE('',#10339,#2273);
#1505=LINE('',#10341,#2274);
#1506=LINE('',#10342,#2275);
#1507=LINE('',#10346,#2276);
#1508=LINE('',#10352,#2277);
#1509=LINE('',#10356,#2278);
#1510=LINE('',#10358,#2279);
#1511=LINE('',#10360,#2280);
#1512=LINE('',#10362,#2281);
#1513=LINE('',#10363,#2282);
#1514=LINE('',#10365,#2283);
#1515=LINE('',#10367,#2284);
#1516=LINE('',#10368,#2285);
#1517=LINE('',#10370,#2286);
#1518=LINE('',#10372,#2287);
#1519=LINE('',#10373,#2288);
#1520=LINE('',#10374,#2289);
#1521=LINE('',#10376,#2290);
#1522=LINE('',#10378,#2291);
#1523=LINE('',#10380,#2292);
#1524=LINE('',#10381,#2293);
#1525=LINE('',#10383,#2294);
#1526=LINE('',#10385,#2295);
#1527=LINE('',#10387,#2296);
#1528=LINE('',#10388,#2297);
#1529=LINE('',#10390,#2298);
#1530=LINE('',#10392,#2299);
#1531=LINE('',#10393,#2300);
#1532=LINE('',#10395,#2301);
#1533=LINE('',#10397,#2302);
#1534=LINE('',#10398,#2303);
#1535=LINE('',#10403,#2304);
#1536=LINE('',#10408,#2305);
#1537=LINE('',#10412,#2306);
#1538=LINE('',#10414,#2307);
#1539=LINE('',#10416,#2308);
#1540=LINE('',#10418,#2309);
#1541=LINE('',#10420,#2310);
#1542=LINE('',#10421,#2311);
#1543=LINE('',#10422,#2312);
#1544=LINE('',#10424,#2313);
#1545=LINE('',#10426,#2314);
#1546=LINE('',#10428,#2315);
#1547=LINE('',#10429,#2316);
#1548=LINE('',#10431,#2317);
#1549=LINE('',#10433,#2318);
#1550=LINE('',#10434,#2319);
#1551=LINE('',#10436,#2320);
#1552=LINE('',#10438,#2321);
#1553=LINE('',#10439,#2322);
#1554=LINE('',#10449,#2323);
#1555=LINE('',#10457,#2324);
#1556=LINE('',#10465,#2325);
#1557=LINE('',#10471,#2326);
#1558=LINE('',#10474,#2327);
#1559=LINE('',#10476,#2328);
#1560=LINE('',#10477,#2329);
#1561=LINE('',#10480,#2330);
#1562=LINE('',#10484,#2331);
#1563=LINE('',#10485,#2332);
#1564=LINE('',#10488,#2333);
#1565=LINE('',#10498,#2334);
#1566=LINE('',#10512,#2335);
#1567=LINE('',#10514,#2336);
#1568=LINE('',#10516,#2337);
#1569=LINE('',#10518,#2338);
#1570=LINE('',#10528,#2339);
#1571=LINE('',#10536,#2340);
#1572=LINE('',#10544,#2341);
#1573=LINE('',#10550,#2342);
#1574=LINE('',#10553,#2343);
#1575=LINE('',#10555,#2344);
#1576=LINE('',#10556,#2345);
#1577=LINE('',#10559,#2346);
#1578=LINE('',#10563,#2347);
#1579=LINE('',#10564,#2348);
#1580=LINE('',#10567,#2349);
#1581=LINE('',#10581,#2350);
#1582=LINE('',#10588,#2351);
#1583=LINE('',#10593,#2352);
#1584=LINE('',#10603,#2353);
#1585=LINE('',#10611,#2354);
#1586=LINE('',#10619,#2355);
#1587=LINE('',#10625,#2356);
#1588=LINE('',#10628,#2357);
#1589=LINE('',#10630,#2358);
#1590=LINE('',#10631,#2359);
#1591=LINE('',#10634,#2360);
#1592=LINE('',#10638,#2361);
#1593=LINE('',#10639,#2362);
#1594=LINE('',#10642,#2363);
#1595=LINE('',#10652,#2364);
#1596=LINE('',#10666,#2365);
#1597=LINE('',#10668,#2366);
#1598=LINE('',#10670,#2367);
#1599=LINE('',#10672,#2368);
#1600=LINE('',#10674,#2369);
#1601=LINE('',#10676,#2370);
#1602=LINE('',#10683,#2371);
#1603=LINE('',#10685,#2372);
#1604=LINE('',#10687,#2373);
#1605=LINE('',#10689,#2374);
#1606=LINE('',#10691,#2375);
#1607=LINE('',#10693,#2376);
#1608=LINE('',#10694,#2377);
#1609=LINE('',#10696,#2378);
#1610=LINE('',#10697,#2379);
#1611=LINE('',#10699,#2380);
#1612=LINE('',#10701,#2381);
#1613=LINE('',#10702,#2382);
#1614=LINE('',#10704,#2383);
#1615=LINE('',#10706,#2384);
#1616=LINE('',#10707,#2385);
#1617=LINE('',#10709,#2386);
#1618=LINE('',#10711,#2387);
#1619=LINE('',#10713,#2388);
#1620=LINE('',#10715,#2389);
#1621=LINE('',#10717,#2390);
#1622=LINE('',#10719,#2391);
#1623=LINE('',#10721,#2392);
#1624=LINE('',#10723,#2393);
#1625=LINE('',#10724,#2394);
#1626=LINE('',#10727,#2395);
#1627=LINE('',#10729,#2396);
#1628=LINE('',#10731,#2397);
#1629=LINE('',#10733,#2398);
#1630=LINE('',#10735,#2399);
#1631=LINE('',#10736,#2400);
#1632=LINE('',#10739,#2401);
#1633=LINE('',#10741,#2402);
#1634=LINE('',#10743,#2403);
#1635=LINE('',#10745,#2404);
#1636=LINE('',#10747,#2405);
#1637=LINE('',#10748,#2406);
#1638=LINE('',#10751,#2407);
#1639=LINE('',#10753,#2408);
#1640=LINE('',#10755,#2409);
#1641=LINE('',#10757,#2410);
#1642=LINE('',#10759,#2411);
#1643=LINE('',#10760,#2412);
#1644=LINE('',#10763,#2413);
#1645=LINE('',#10765,#2414);
#1646=LINE('',#10766,#2415);
#1647=LINE('',#10768,#2416);
#1648=LINE('',#10770,#2417);
#1649=LINE('',#10772,#2418);
#1650=LINE('',#10774,#2419);
#1651=LINE('',#10775,#2420);
#1652=LINE('',#10777,#2421);
#1653=LINE('',#10779,#2422);
#1654=LINE('',#10780,#2423);
#1655=LINE('',#10782,#2424);
#1656=LINE('',#10784,#2425);
#1657=LINE('',#10785,#2426);
#1658=LINE('',#10787,#2427);
#1659=LINE('',#10788,#2428);
#1660=LINE('',#10790,#2429);
#1661=LINE('',#10791,#2430);
#1662=LINE('',#10793,#2431);
#1663=LINE('',#10795,#2432);
#1664=LINE('',#10796,#2433);
#1665=LINE('',#10799,#2434);
#1666=LINE('',#10801,#2435);
#1667=LINE('',#10803,#2436);
#1668=LINE('',#10805,#2437);
#1669=LINE('',#10807,#2438);
#1670=LINE('',#10808,#2439);
#1671=LINE('',#10811,#2440);
#1672=LINE('',#10813,#2441);
#1673=LINE('',#10815,#2442);
#1674=LINE('',#10817,#2443);
#1675=LINE('',#10819,#2444);
#1676=LINE('',#10820,#2445);
#1677=LINE('',#10823,#2446);
#1678=LINE('',#10825,#2447);
#1679=LINE('',#10827,#2448);
#1680=LINE('',#10829,#2449);
#1681=LINE('',#10831,#2450);
#1682=LINE('',#10832,#2451);
#1683=LINE('',#10835,#2452);
#1684=LINE('',#10837,#2453);
#1685=LINE('',#10838,#2454);
#1686=LINE('',#10840,#2455);
#1687=LINE('',#10842,#2456);
#1688=LINE('',#10844,#2457);
#1689=LINE('',#10846,#2458);
#1690=LINE('',#10848,#2459);
#1691=LINE('',#10850,#2460);
#1692=LINE('',#10852,#2461);
#1693=LINE('',#10854,#2462);
#1694=LINE('',#10856,#2463);
#1695=LINE('',#10858,#2464);
#1696=LINE('',#10860,#2465);
#1697=LINE('',#10862,#2466);
#1698=LINE('',#10864,#2467);
#1699=LINE('',#10866,#2468);
#1700=LINE('',#10868,#2469);
#1701=LINE('',#10869,#2470);
#1702=LINE('',#10871,#2471);
#1703=LINE('',#10872,#2472);
#1704=LINE('',#10874,#2473);
#1705=LINE('',#10876,#2474);
#1706=LINE('',#10877,#2475);
#1707=LINE('',#10880,#2476);
#1708=LINE('',#10882,#2477);
#1709=LINE('',#10884,#2478);
#1710=LINE('',#10886,#2479);
#1711=LINE('',#10888,#2480);
#1712=LINE('',#10889,#2481);
#1713=LINE('',#10892,#2482);
#1714=LINE('',#10894,#2483);
#1715=LINE('',#10896,#2484);
#1716=LINE('',#10898,#2485);
#1717=LINE('',#10900,#2486);
#1718=LINE('',#10901,#2487);
#1719=LINE('',#10904,#2488);
#1720=LINE('',#10906,#2489);
#1721=LINE('',#10908,#2490);
#1722=LINE('',#10910,#2491);
#1723=LINE('',#10912,#2492);
#1724=LINE('',#10913,#2493);
#1725=LINE('',#10915,#2494);
#1726=LINE('',#10916,#2495);
#1727=LINE('',#10918,#2496);
#1728=LINE('',#10920,#2497);
#1729=LINE('',#10922,#2498);
#1730=LINE('',#10923,#2499);
#1731=LINE('',#10925,#2500);
#1732=LINE('',#10927,#2501);
#1733=LINE('',#10929,#2502);
#1734=LINE('',#10930,#2503);
#1735=LINE('',#10932,#2504);
#1736=LINE('',#10934,#2505);
#1737=LINE('',#10936,#2506);
#1738=LINE('',#10938,#2507);
#1739=LINE('',#10941,#2508);
#1740=LINE('',#10944,#2509);
#1741=LINE('',#10946,#2510);
#1742=LINE('',#10948,#2511);
#1743=LINE('',#10949,#2512);
#1744=LINE('',#10951,#2513);
#1745=LINE('',#10953,#2514);
#1746=LINE('',#10955,#2515);
#1747=LINE('',#10956,#2516);
#1748=LINE('',#10958,#2517);
#1749=LINE('',#10960,#2518);
#1750=LINE('',#10962,#2519);
#1751=LINE('',#10963,#2520);
#1752=LINE('',#10965,#2521);
#1753=LINE('',#10967,#2522);
#1754=LINE('',#10969,#2523);
#1755=LINE('',#10970,#2524);
#1756=LINE('',#10972,#2525);
#1757=LINE('',#10974,#2526);
#1758=LINE('',#10976,#2527);
#1759=LINE('',#10978,#2528);
#1760=LINE('',#10981,#2529);
#1761=LINE('',#10983,#2530);
#1762=LINE('',#10985,#2531);
#1763=LINE('',#10986,#2532);
#1764=LINE('',#10989,#2533);
#1765=LINE('',#10991,#2534);
#1766=LINE('',#10994,#2535);
#1767=LINE('',#10995,#2536);
#1768=LINE('',#10997,#2537);
#1769=LINE('',#10999,#2538);
#1770=LINE('',#11001,#2539);
#1771=LINE('',#11002,#2540);
#1772=LINE('',#11004,#2541);
#1773=LINE('',#11006,#2542);
#1774=LINE('',#11008,#2543);
#1775=LINE('',#11009,#2544);
#1776=LINE('',#11011,#2545);
#1777=LINE('',#11013,#2546);
#1778=LINE('',#11015,#2547);
#1779=LINE('',#11016,#2548);
#1780=LINE('',#11018,#2549);
#1781=LINE('',#11020,#2550);
#1782=LINE('',#11022,#2551);
#1783=LINE('',#11023,#2552);
#1784=LINE('',#11025,#2553);
#1785=LINE('',#11027,#2554);
#1786=LINE('',#11028,#2555);
#1787=LINE('',#11031,#2556);
#1788=LINE('',#11033,#2557);
#1789=LINE('',#11038,#2558);
#1790=LINE('',#11049,#2559);
#1791=LINE('',#11052,#2560);
#1792=LINE('',#11057,#2561);
#1793=LINE('',#11061,#2562);
#1794=LINE('',#11064,#2563);
#1795=LINE('',#11067,#2564);
#1796=LINE('',#11068,#2565);
#1797=LINE('',#11072,#2566);
#1798=LINE('',#11074,#2567);
#1799=LINE('',#11081,#2568);
#1800=LINE('',#11085,#2569);
#1801=LINE('',#11087,#2570);
#1802=LINE('',#11088,#2571);
#1803=LINE('',#11092,#2572);
#1804=LINE('',#11095,#2573);
#1805=LINE('',#11096,#2574);
#1806=LINE('',#11105,#2575);
#1807=LINE('',#11109,#2576);
#1808=LINE('',#11112,#2577);
#1809=LINE('',#11115,#2578);
#1810=LINE('',#11116,#2579);
#1811=LINE('',#11120,#2580);
#1812=LINE('',#11122,#2581);
#1813=LINE('',#11129,#2582);
#1814=LINE('',#11133,#2583);
#1815=LINE('',#11135,#2584);
#1816=LINE('',#11136,#2585);
#1817=LINE('',#11140,#2586);
#1818=LINE('',#11143,#2587);
#1819=LINE('',#11144,#2588);
#1820=LINE('',#11153,#2589);
#1821=LINE('',#11157,#2590);
#1822=LINE('',#11159,#2591);
#1823=LINE('',#11160,#2592);
#1824=LINE('',#11164,#2593);
#1825=LINE('',#11167,#2594);
#1826=LINE('',#11168,#2595);
#1827=LINE('',#11177,#2596);
#1828=LINE('',#11182,#2597);
#1829=LINE('',#11189,#2598);
#1830=LINE('',#11193,#2599);
#1831=LINE('',#11196,#2600);
#1832=LINE('',#11199,#2601);
#1833=LINE('',#11200,#2602);
#1834=LINE('',#11204,#2603);
#1835=LINE('',#11206,#2604);
#1836=LINE('',#11213,#2605);
#1837=LINE('',#11218,#2606);
#1838=LINE('',#11225,#2607);
#1839=LINE('',#11230,#2608);
#1840=LINE('',#11237,#2609);
#1841=LINE('',#11241,#2610);
#1842=LINE('',#11243,#2611);
#1843=LINE('',#11244,#2612);
#1844=LINE('',#11248,#2613);
#1845=LINE('',#11251,#2614);
#1846=LINE('',#11252,#2615);
#1847=LINE('',#11261,#2616);
#1848=LINE('',#11265,#2617);
#1849=LINE('',#11267,#2618);
#1850=LINE('',#11268,#2619);
#1851=LINE('',#11272,#2620);
#1852=LINE('',#11275,#2621);
#1853=LINE('',#11276,#2622);
#1854=LINE('',#11282,#2623);
#1855=LINE('',#11284,#2624);
#1856=LINE('',#11286,#2625);
#1857=LINE('',#11288,#2626);
#1858=LINE('',#11291,#2627);
#1859=LINE('',#11292,#2628);
#1860=LINE('',#11293,#2629);
#1861=LINE('',#11294,#2630);
#1862=LINE('',#11296,#2631);
#1863=LINE('',#11297,#2632);
#1864=LINE('',#11301,#2633);
#1865=LINE('',#11303,#2634);
#1866=LINE('',#11306,#2635);
#1867=LINE('',#11308,#2636);
#1868=LINE('',#11312,#2637);
#1869=LINE('',#11314,#2638);
#1870=LINE('',#11317,#2639);
#1871=LINE('',#11318,#2640);
#1872=LINE('',#11322,#2641);
#1873=LINE('',#11324,#2642);
#1874=LINE('',#11326,#2643);
#1875=LINE('',#11328,#2644);
#1876=LINE('',#11331,#2645);
#1877=LINE('',#11332,#2646);
#1878=LINE('',#11333,#2647);
#1879=LINE('',#11335,#2648);
#1880=LINE('',#11337,#2649);
#1881=LINE('',#11340,#2650);
#1882=LINE('',#11341,#2651);
#1883=LINE('',#11345,#2652);
#1884=LINE('',#11347,#2653);
#1885=LINE('',#11351,#2654);
#1886=LINE('',#11353,#2655);
#1887=LINE('',#11356,#2656);
#1888=LINE('',#11358,#2657);
#1889=LINE('',#11361,#2658);
#1890=LINE('',#11364,#2659);
#1891=LINE('',#11366,#2660);
#1892=LINE('',#11369,#2661);
#1893=LINE('',#11372,#2662);
#1894=LINE('',#11374,#2663);
#1895=LINE('',#11377,#2664);
#1896=LINE('',#11379,#2665);
#1897=LINE('',#11382,#2666);
#1898=LINE('',#11385,#2667);
#1899=LINE('',#11387,#2668);
#1900=LINE('',#11390,#2669);
#1901=LINE('',#11391,#2670);
#1902=LINE('',#11392,#2671);
#1903=LINE('',#11394,#2672);
#1904=LINE('',#11396,#2673);
#1905=VECTOR('',#7525,10.);
#1906=VECTOR('',#7528,10.);
#1907=VECTOR('',#7531,10.);
#1908=VECTOR('',#7532,10.);
#1909=VECTOR('',#7533,10.);
#1910=VECTOR('',#7538,10.);
#1911=VECTOR('',#7539,10.);
#1912=VECTOR('',#7544,10.);
#1913=VECTOR('',#7547,10.);
#1914=VECTOR('',#7550,10.);
#1915=VECTOR('',#7551,10.);
#1916=VECTOR('',#7552,10.);
#1917=VECTOR('',#7555,10.);
#1918=VECTOR('',#7556,10.);
#1919=VECTOR('',#7561,10.);
#1920=VECTOR('',#7564,10.);
#1921=VECTOR('',#7567,10.);
#1922=VECTOR('',#7568,10.);
#1923=VECTOR('',#7573,10.);
#1924=VECTOR('',#7576,10.);
#1925=VECTOR('',#7579,10.);
#1926=VECTOR('',#7580,10.);
#1927=VECTOR('',#7581,10.);
#1928=VECTOR('',#7586,10.);
#1929=VECTOR('',#7587,10.);
#1930=VECTOR('',#7592,10.);
#1931=VECTOR('',#7595,10.);
#1932=VECTOR('',#7598,10.);
#1933=VECTOR('',#7599,10.);
#1934=VECTOR('',#7600,10.);
#1935=VECTOR('',#7603,10.);
#1936=VECTOR('',#7604,10.);
#1937=VECTOR('',#7605,10.);
#1938=VECTOR('',#7606,10.);
#1939=VECTOR('',#7607,10.);
#1940=VECTOR('',#7610,10.);
#1941=VECTOR('',#7615,10.);
#1942=VECTOR('',#7618,10.);
#1943=VECTOR('',#7621,10.);
#1944=VECTOR('',#7624,10.);
#1945=VECTOR('',#7631,10.);
#1946=VECTOR('',#7634,10.);
#1947=VECTOR('',#7637,10.);
#1948=VECTOR('',#7638,10.);
#1949=VECTOR('',#7639,10.);
#1950=VECTOR('',#7642,10.);
#1951=VECTOR('',#7643,10.);
#1952=VECTOR('',#7648,10.);
#1953=VECTOR('',#7651,10.);
#1954=VECTOR('',#7654,10.);
#1955=VECTOR('',#7657,10.);
#1956=VECTOR('',#7664,10.);
#1957=VECTOR('',#7667,10.);
#1958=VECTOR('',#7672,10.);
#1959=VECTOR('',#7675,10.);
#1960=VECTOR('',#7676,10.);
#1961=VECTOR('',#7677,10.);
#1962=VECTOR('',#7678,10.);
#1963=VECTOR('',#7679,10.);
#1964=VECTOR('',#7684,10.);
#1965=VECTOR('',#7685,10.);
#1966=VECTOR('',#7688,10.);
#1967=VECTOR('',#7689,10.);
#1968=VECTOR('',#7692,10.);
#1969=VECTOR('',#7693,10.);
#1970=VECTOR('',#7694,10.);
#1971=VECTOR('',#7695,10.);
#1972=VECTOR('',#7696,10.);
#1973=VECTOR('',#7701,10.);
#1974=VECTOR('',#7706,10.);
#1975=VECTOR('',#7707,10.);
#1976=VECTOR('',#7708,10.);
#1977=VECTOR('',#7709,10.);
#1978=VECTOR('',#7710,10.);
#1979=VECTOR('',#7713,10.);
#1980=VECTOR('',#7714,10.);
#1981=VECTOR('',#7715,10.);
#1982=VECTOR('',#7716,10.);
#1983=VECTOR('',#7717,10.);
#1984=VECTOR('',#7718,10.);
#1985=VECTOR('',#7719,10.);
#1986=VECTOR('',#7720,10.);
#1987=VECTOR('',#7723,10.);
#1988=VECTOR('',#7724,10.);
#1989=VECTOR('',#7727,10.);
#1990=VECTOR('',#7728,10.);
#1991=VECTOR('',#7731,10.);
#1992=VECTOR('',#7734,10.);
#1993=VECTOR('',#7737,10.);
#1994=VECTOR('',#7742,10.);
#1995=VECTOR('',#7743,10.);
#1996=VECTOR('',#7746,10.);
#1997=VECTOR('',#7747,10.);
#1998=VECTOR('',#7748,10.);
#1999=VECTOR('',#7749,10.);
#2000=VECTOR('',#7752,10.);
#2001=VECTOR('',#7753,10.);
#2002=VECTOR('',#7756,10.);
#2003=VECTOR('',#7757,10.);
#2004=VECTOR('',#7758,10.);
#2005=VECTOR('',#7759,10.);
#2006=VECTOR('',#7760,10.);
#2007=VECTOR('',#7763,10.);
#2008=VECTOR('',#7766,10.);
#2009=VECTOR('',#7767,10.);
#2010=VECTOR('',#7772,10.);
#2011=VECTOR('',#7773,10.);
#2012=VECTOR('',#7776,10.);
#2013=VECTOR('',#7779,10.);
#2014=VECTOR('',#7780,10.);
#2015=VECTOR('',#7785,10.);
#2016=VECTOR('',#7790,10.);
#2017=VECTOR('',#7791,10.);
#2018=VECTOR('',#7792,10.);
#2019=VECTOR('',#7793,10.);
#2020=VECTOR('',#7796,10.);
#2021=VECTOR('',#7797,10.);
#2022=VECTOR('',#7800,10.);
#2023=VECTOR('',#7801,10.);
#2024=VECTOR('',#7804,10.);
#2025=VECTOR('',#7805,10.);
#2026=VECTOR('',#7808,10.);
#2027=VECTOR('',#7811,10.);
#2028=VECTOR('',#7812,10.);
#2029=VECTOR('',#7813,10.);
#2030=VECTOR('',#7814,10.);
#2031=VECTOR('',#7817,10.);
#2032=VECTOR('',#7818,10.);
#2033=VECTOR('',#7819,10.);
#2034=VECTOR('',#7822,10.);
#2035=VECTOR('',#7823,10.);
#2036=VECTOR('',#7826,10.);
#2037=VECTOR('',#7827,10.);
#2038=VECTOR('',#7828,10.);
#2039=VECTOR('',#7831,10.);
#2040=VECTOR('',#7834,10.);
#2041=VECTOR('',#7839,10.);
#2042=VECTOR('',#7842,10.);
#2043=VECTOR('',#7843,10.);
#2044=VECTOR('',#7844,10.);
#2045=VECTOR('',#7845,10.);
#2046=VECTOR('',#7846,10.);
#2047=VECTOR('',#7847,10.);
#2048=VECTOR('',#7848,10.);
#2049=VECTOR('',#7849,10.);
#2050=VECTOR('',#7850,10.);
#2051=VECTOR('',#7851,10.);
#2052=VECTOR('',#7852,10.);
#2053=VECTOR('',#7855,10.);
#2054=VECTOR('',#7858,10.);
#2055=VECTOR('',#7861,10.);
#2056=VECTOR('',#7864,10.);
#2057=VECTOR('',#7867,10.);
#2058=VECTOR('',#7870,10.);
#2059=VECTOR('',#7873,10.);
#2060=VECTOR('',#7876,10.);
#2061=VECTOR('',#7879,10.);
#2062=VECTOR('',#7882,10.);
#2063=VECTOR('',#7885,10.);
#2064=VECTOR('',#7888,10.);
#2065=VECTOR('',#7895,10.);
#2066=VECTOR('',#7898,10.);
#2067=VECTOR('',#7901,10.);
#2068=VECTOR('',#7904,10.);
#2069=VECTOR('',#7911,10.);
#2070=VECTOR('',#7914,10.);
#2071=VECTOR('',#7915,10.);
#2072=VECTOR('',#7918,10.);
#2073=VECTOR('',#7923,10.);
#2074=VECTOR('',#7926,10.);
#2075=VECTOR('',#7929,10.);
#2076=VECTOR('',#7932,10.);
#2077=VECTOR('',#7935,10.);
#2078=VECTOR('',#7938,10.);
#2079=VECTOR('',#7941,10.);
#2080=VECTOR('',#7944,10.);
#2081=VECTOR('',#7945,10.);
#2082=VECTOR('',#7946,10.);
#2083=VECTOR('',#7947,10.);
#2084=VECTOR('',#7948,10.);
#2085=VECTOR('',#7951,10.);
#2086=VECTOR('',#7952,10.);
#2087=VECTOR('',#7953,10.);
#2088=VECTOR('',#7956,10.);
#2089=VECTOR('',#7961,10.);
#2090=VECTOR('',#7970,10.);
#2091=VECTOR('',#7973,10.);
#2092=VECTOR('',#7978,10.);
#2093=VECTOR('',#7981,10.);
#2094=VECTOR('',#7984,10.);
#2095=VECTOR('',#7987,10.);
#2096=VECTOR('',#7990,10.);
#2097=VECTOR('',#7993,10.);
#2098=VECTOR('',#7996,10.);
#2099=VECTOR('',#7999,10.);
#2100=VECTOR('',#8002,10.);
#2101=VECTOR('',#8005,10.);
#2102=VECTOR('',#8008,10.);
#2103=VECTOR('',#8009,10.);
#2104=VECTOR('',#8010,10.);
#2105=VECTOR('',#8011,10.);
#2106=VECTOR('',#8012,10.);
#2107=VECTOR('',#8013,10.);
#2108=VECTOR('',#8014,10.);
#2109=VECTOR('',#8015,10.);
#2110=VECTOR('',#8016,10.);
#2111=VECTOR('',#8017,10.);
#2112=VECTOR('',#8018,10.);
#2113=VECTOR('',#8019,10.);
#2114=VECTOR('',#8020,10.);
#2115=VECTOR('',#8021,10.);
#2116=VECTOR('',#8022,10.);
#2117=VECTOR('',#8023,10.);
#2118=VECTOR('',#8024,10.);
#2119=VECTOR('',#8025,10.);
#2120=VECTOR('',#8026,10.);
#2121=VECTOR('',#8027,10.);
#2122=VECTOR('',#8028,10.);
#2123=VECTOR('',#8029,10.);
#2124=VECTOR('',#8030,10.);
#2125=VECTOR('',#8031,10.);
#2126=VECTOR('',#8032,10.);
#2127=VECTOR('',#8033,10.);
#2128=VECTOR('',#8034,10.);
#2129=VECTOR('',#8035,10.);
#2130=VECTOR('',#8036,10.);
#2131=VECTOR('',#8037,10.);
#2132=VECTOR('',#8038,10.);
#2133=VECTOR('',#8039,10.);
#2134=VECTOR('',#8040,10.);
#2135=VECTOR('',#8041,10.);
#2136=VECTOR('',#8042,10.);
#2137=VECTOR('',#8043,10.);
#2138=VECTOR('',#8044,10.);
#2139=VECTOR('',#8045,10.);
#2140=VECTOR('',#8046,10.);
#2141=VECTOR('',#8047,10.);
#2142=VECTOR('',#8048,10.);
#2143=VECTOR('',#8049,10.);
#2144=VECTOR('',#8050,10.);
#2145=VECTOR('',#8051,10.);
#2146=VECTOR('',#8052,10.);
#2147=VECTOR('',#8053,10.);
#2148=VECTOR('',#8054,10.);
#2149=VECTOR('',#8055,10.);
#2150=VECTOR('',#8056,10.);
#2151=VECTOR('',#8057,10.);
#2152=VECTOR('',#8058,10.);
#2153=VECTOR('',#8059,10.);
#2154=VECTOR('',#8060,10.);
#2155=VECTOR('',#8061,10.);
#2156=VECTOR('',#8062,10.);
#2157=VECTOR('',#8063,10.);
#2158=VECTOR('',#8064,10.);
#2159=VECTOR('',#8065,10.);
#2160=VECTOR('',#8066,10.);
#2161=VECTOR('',#8067,10.);
#2162=VECTOR('',#8068,10.);
#2163=VECTOR('',#8069,10.);
#2164=VECTOR('',#8070,10.);
#2165=VECTOR('',#8071,10.);
#2166=VECTOR('',#8072,10.);
#2167=VECTOR('',#8073,10.);
#2168=VECTOR('',#8074,10.);
#2169=VECTOR('',#8075,10.);
#2170=VECTOR('',#8076,10.);
#2171=VECTOR('',#8077,10.);
#2172=VECTOR('',#8078,10.);
#2173=VECTOR('',#8079,10.);
#2174=VECTOR('',#8080,10.);
#2175=VECTOR('',#8081,10.);
#2176=VECTOR('',#8082,10.);
#2177=VECTOR('',#8083,10.);
#2178=VECTOR('',#8084,10.);
#2179=VECTOR('',#8085,10.);
#2180=VECTOR('',#8086,10.);
#2181=VECTOR('',#8087,10.);
#2182=VECTOR('',#8088,10.);
#2183=VECTOR('',#8089,10.);
#2184=VECTOR('',#8090,10.);
#2185=VECTOR('',#8091,10.);
#2186=VECTOR('',#8092,10.);
#2187=VECTOR('',#8093,10.);
#2188=VECTOR('',#8094,10.);
#2189=VECTOR('',#8095,10.);
#2190=VECTOR('',#8096,10.);
#2191=VECTOR('',#8097,10.);
#2192=VECTOR('',#8098,10.);
#2193=VECTOR('',#8099,10.);
#2194=VECTOR('',#8100,10.);
#2195=VECTOR('',#8101,10.);
#2196=VECTOR('',#8102,10.);
#2197=VECTOR('',#8103,10.);
#2198=VECTOR('',#8104,10.);
#2199=VECTOR('',#8105,10.);
#2200=VECTOR('',#8106,10.);
#2201=VECTOR('',#8107,10.);
#2202=VECTOR('',#8108,10.);
#2203=VECTOR('',#8109,10.);
#2204=VECTOR('',#8110,10.);
#2205=VECTOR('',#8111,10.);
#2206=VECTOR('',#8112,10.);
#2207=VECTOR('',#8113,10.);
#2208=VECTOR('',#8114,10.);
#2209=VECTOR('',#8115,10.);
#2210=VECTOR('',#8116,10.);
#2211=VECTOR('',#8117,10.);
#2212=VECTOR('',#8118,10.);
#2213=VECTOR('',#8119,10.);
#2214=VECTOR('',#8120,10.);
#2215=VECTOR('',#8121,10.);
#2216=VECTOR('',#8122,10.);
#2217=VECTOR('',#8123,10.);
#2218=VECTOR('',#8124,10.);
#2219=VECTOR('',#8125,10.);
#2220=VECTOR('',#8126,10.);
#2221=VECTOR('',#8127,10.);
#2222=VECTOR('',#8128,10.);
#2223=VECTOR('',#8129,10.);
#2224=VECTOR('',#8130,10.);
#2225=VECTOR('',#8131,10.);
#2226=VECTOR('',#8132,10.);
#2227=VECTOR('',#8133,10.);
#2228=VECTOR('',#8134,10.);
#2229=VECTOR('',#8135,10.);
#2230=VECTOR('',#8136,10.);
#2231=VECTOR('',#8137,10.);
#2232=VECTOR('',#8138,10.);
#2233=VECTOR('',#8139,10.);
#2234=VECTOR('',#8140,10.);
#2235=VECTOR('',#8141,10.);
#2236=VECTOR('',#8142,10.);
#2237=VECTOR('',#8143,10.);
#2238=VECTOR('',#8144,10.);
#2239=VECTOR('',#8145,10.);
#2240=VECTOR('',#8146,10.);
#2241=VECTOR('',#8147,10.);
#2242=VECTOR('',#8148,10.);
#2243=VECTOR('',#8149,10.);
#2244=VECTOR('',#8150,10.);
#2245=VECTOR('',#8151,10.);
#2246=VECTOR('',#8152,10.);
#2247=VECTOR('',#8153,10.);
#2248=VECTOR('',#8154,10.);
#2249=VECTOR('',#8155,10.);
#2250=VECTOR('',#8156,10.);
#2251=VECTOR('',#8157,10.);
#2252=VECTOR('',#8158,10.);
#2253=VECTOR('',#8161,10.);
#2254=VECTOR('',#8164,10.);
#2255=VECTOR('',#8167,10.);
#2256=VECTOR('',#8170,10.);
#2257=VECTOR('',#8175,10.);
#2258=VECTOR('',#8182,10.);
#2259=VECTOR('',#8187,10.);
#2260=VECTOR('',#8190,10.);
#2261=VECTOR('',#8193,10.);
#2262=VECTOR('',#8194,10.);
#2263=VECTOR('',#8195,10.);
#2264=VECTOR('',#8196,10.);
#2265=VECTOR('',#8197,10.);
#2266=VECTOR('',#8200,10.);
#2267=VECTOR('',#8201,10.);
#2268=VECTOR('',#8202,10.);
#2269=VECTOR('',#8203,10.);
#2270=VECTOR('',#8204,10.);
#2271=VECTOR('',#8205,10.);
#2272=VECTOR('',#8206,10.);
#2273=VECTOR('',#8207,10.);
#2274=VECTOR('',#8208,10.);
#2275=VECTOR('',#8209,10.);
#2276=VECTOR('',#8212,10.);
#2277=VECTOR('',#8221,10.);
#2278=VECTOR('',#8226,10.);
#2279=VECTOR('',#8229,10.);
#2280=VECTOR('',#8230,10.);
#2281=VECTOR('',#8231,10.);
#2282=VECTOR('',#8232,10.);
#2283=VECTOR('',#8233,10.);
#2284=VECTOR('',#8234,10.);
#2285=VECTOR('',#8235,10.);
#2286=VECTOR('',#8236,10.);
#2287=VECTOR('',#8237,10.);
#2288=VECTOR('',#8238,10.);
#2289=VECTOR('',#8239,10.);
#2290=VECTOR('',#8242,10.);
#2291=VECTOR('',#8243,10.);
#2292=VECTOR('',#8244,10.);
#2293=VECTOR('',#8245,10.);
#2294=VECTOR('',#8248,10.);
#2295=VECTOR('',#8249,10.);
#2296=VECTOR('',#8250,10.);
#2297=VECTOR('',#8251,10.);
#2298=VECTOR('',#8252,10.);
#2299=VECTOR('',#8253,10.);
#2300=VECTOR('',#8254,10.);
#2301=VECTOR('',#8255,10.);
#2302=VECTOR('',#8256,10.);
#2303=VECTOR('',#8257,10.);
#2304=VECTOR('',#8262,10.);
#2305=VECTOR('',#8269,10.);
#2306=VECTOR('',#8274,10.);
#2307=VECTOR('',#8277,10.);
#2308=VECTOR('',#8280,10.);
#2309=VECTOR('',#8281,10.);
#2310=VECTOR('',#8282,10.);
#2311=VECTOR('',#8283,10.);
#2312=VECTOR('',#8284,10.);
#2313=VECTOR('',#8287,10.);
#2314=VECTOR('',#8288,10.);
#2315=VECTOR('',#8289,10.);
#2316=VECTOR('',#8290,10.);
#2317=VECTOR('',#8291,10.);
#2318=VECTOR('',#8292,10.);
#2319=VECTOR('',#8293,10.);
#2320=VECTOR('',#8294,10.);
#2321=VECTOR('',#8295,10.);
#2322=VECTOR('',#8296,10.);
#2323=VECTOR('',#8309,10.);
#2324=VECTOR('',#8320,10.);
#2325=VECTOR('',#8331,10.);
#2326=VECTOR('',#8340,10.);
#2327=VECTOR('',#8343,10.);
#2328=VECTOR('',#8344,10.);
#2329=VECTOR('',#8345,10.);
#2330=VECTOR('',#8348,10.);
#2331=VECTOR('',#8353,10.);
#2332=VECTOR('',#8354,10.);
#2333=VECTOR('',#8357,10.);
#2334=VECTOR('',#8372,10.);
#2335=VECTOR('',#8397,10.);
#2336=VECTOR('',#8400,10.);
#2337=VECTOR('',#8403,10.);
#2338=VECTOR('',#8406,10.);
#2339=VECTOR('',#8419,10.);
#2340=VECTOR('',#8430,10.);
#2341=VECTOR('',#8441,10.);
#2342=VECTOR('',#8450,10.);
#2343=VECTOR('',#8453,10.);
#2344=VECTOR('',#8454,10.);
#2345=VECTOR('',#8455,10.);
#2346=VECTOR('',#8458,10.);
#2347=VECTOR('',#8463,10.);
#2348=VECTOR('',#8464,10.);
#2349=VECTOR('',#8467,10.);
#2350=VECTOR('',#8490,10.);
#2351=VECTOR('',#8501,10.);
#2352=VECTOR('',#8510,10.);
#2353=VECTOR('',#8523,10.);
#2354=VECTOR('',#8534,10.);
#2355=VECTOR('',#8545,10.);
#2356=VECTOR('',#8554,10.);
#2357=VECTOR('',#8557,10.);
#2358=VECTOR('',#8558,10.);
#2359=VECTOR('',#8559,10.);
#2360=VECTOR('',#8562,10.);
#2361=VECTOR('',#8567,10.);
#2362=VECTOR('',#8568,10.);
#2363=VECTOR('',#8571,10.);
#2364=VECTOR('',#8586,10.);
#2365=VECTOR('',#8611,10.);
#2366=VECTOR('',#8614,10.);
#2367=VECTOR('',#8617,10.);
#2368=VECTOR('',#8620,10.);
#2369=VECTOR('',#8623,10.);
#2370=VECTOR('',#8626,10.);
#2371=VECTOR('',#8635,10.);
#2372=VECTOR('',#8636,10.);
#2373=VECTOR('',#8637,10.);
#2374=VECTOR('',#8638,10.);
#2375=VECTOR('',#8639,10.);
#2376=VECTOR('',#8640,10.);
#2377=VECTOR('',#8641,10.);
#2378=VECTOR('',#8642,10.);
#2379=VECTOR('',#8643,10.);
#2380=VECTOR('',#8644,10.);
#2381=VECTOR('',#8645,10.);
#2382=VECTOR('',#8646,10.);
#2383=VECTOR('',#8647,10.);
#2384=VECTOR('',#8648,10.);
#2385=VECTOR('',#8649,10.);
#2386=VECTOR('',#8650,10.);
#2387=VECTOR('',#8651,10.);
#2388=VECTOR('',#8652,10.);
#2389=VECTOR('',#8653,10.);
#2390=VECTOR('',#8654,10.);
#2391=VECTOR('',#8655,10.);
#2392=VECTOR('',#8656,10.);
#2393=VECTOR('',#8657,10.);
#2394=VECTOR('',#8658,10.);
#2395=VECTOR('',#8659,10.);
#2396=VECTOR('',#8660,10.);
#2397=VECTOR('',#8661,10.);
#2398=VECTOR('',#8662,10.);
#2399=VECTOR('',#8663,10.);
#2400=VECTOR('',#8664,10.);
#2401=VECTOR('',#8665,10.);
#2402=VECTOR('',#8666,10.);
#2403=VECTOR('',#8667,10.);
#2404=VECTOR('',#8668,10.);
#2405=VECTOR('',#8669,10.);
#2406=VECTOR('',#8670,10.);
#2407=VECTOR('',#8671,10.);
#2408=VECTOR('',#8672,10.);
#2409=VECTOR('',#8673,10.);
#2410=VECTOR('',#8674,10.);
#2411=VECTOR('',#8675,10.);
#2412=VECTOR('',#8676,10.);
#2413=VECTOR('',#8679,10.);
#2414=VECTOR('',#8680,10.);
#2415=VECTOR('',#8681,10.);
#2416=VECTOR('',#8682,10.);
#2417=VECTOR('',#8683,10.);
#2418=VECTOR('',#8684,10.);
#2419=VECTOR('',#8685,10.);
#2420=VECTOR('',#8686,10.);
#2421=VECTOR('',#8687,10.);
#2422=VECTOR('',#8688,10.);
#2423=VECTOR('',#8689,10.);
#2424=VECTOR('',#8690,10.);
#2425=VECTOR('',#8691,10.);
#2426=VECTOR('',#8692,10.);
#2427=VECTOR('',#8693,10.);
#2428=VECTOR('',#8694,10.);
#2429=VECTOR('',#8695,10.);
#2430=VECTOR('',#8696,10.);
#2431=VECTOR('',#8697,10.);
#2432=VECTOR('',#8698,10.);
#2433=VECTOR('',#8699,10.);
#2434=VECTOR('',#8700,10.);
#2435=VECTOR('',#8701,10.);
#2436=VECTOR('',#8702,10.);
#2437=VECTOR('',#8703,10.);
#2438=VECTOR('',#8704,10.);
#2439=VECTOR('',#8705,10.);
#2440=VECTOR('',#8706,10.);
#2441=VECTOR('',#8707,10.);
#2442=VECTOR('',#8708,10.);
#2443=VECTOR('',#8709,10.);
#2444=VECTOR('',#8710,10.);
#2445=VECTOR('',#8711,10.);
#2446=VECTOR('',#8712,10.);
#2447=VECTOR('',#8713,10.);
#2448=VECTOR('',#8714,10.);
#2449=VECTOR('',#8715,10.);
#2450=VECTOR('',#8716,10.);
#2451=VECTOR('',#8717,10.);
#2452=VECTOR('',#8720,10.);
#2453=VECTOR('',#8721,10.);
#2454=VECTOR('',#8722,10.);
#2455=VECTOR('',#8723,10.);
#2456=VECTOR('',#8724,10.);
#2457=VECTOR('',#8725,10.);
#2458=VECTOR('',#8726,10.);
#2459=VECTOR('',#8727,10.);
#2460=VECTOR('',#8728,10.);
#2461=VECTOR('',#8729,10.);
#2462=VECTOR('',#8730,10.);
#2463=VECTOR('',#8731,10.);
#2464=VECTOR('',#8732,10.);
#2465=VECTOR('',#8733,10.);
#2466=VECTOR('',#8734,10.);
#2467=VECTOR('',#8735,10.);
#2468=VECTOR('',#8736,10.);
#2469=VECTOR('',#8737,10.);
#2470=VECTOR('',#8738,10.);
#2471=VECTOR('',#8739,10.);
#2472=VECTOR('',#8740,10.);
#2473=VECTOR('',#8741,10.);
#2474=VECTOR('',#8742,10.);
#2475=VECTOR('',#8743,10.);
#2476=VECTOR('',#8744,10.);
#2477=VECTOR('',#8745,10.);
#2478=VECTOR('',#8746,10.);
#2479=VECTOR('',#8747,10.);
#2480=VECTOR('',#8748,10.);
#2481=VECTOR('',#8749,10.);
#2482=VECTOR('',#8750,10.);
#2483=VECTOR('',#8751,10.);
#2484=VECTOR('',#8752,10.);
#2485=VECTOR('',#8753,10.);
#2486=VECTOR('',#8754,10.);
#2487=VECTOR('',#8755,10.);
#2488=VECTOR('',#8756,10.);
#2489=VECTOR('',#8757,10.);
#2490=VECTOR('',#8758,10.);
#2491=VECTOR('',#8759,10.);
#2492=VECTOR('',#8760,10.);
#2493=VECTOR('',#8761,10.);
#2494=VECTOR('',#8764,10.);
#2495=VECTOR('',#8765,10.);
#2496=VECTOR('',#8768,10.);
#2497=VECTOR('',#8771,10.);
#2498=VECTOR('',#8774,10.);
#2499=VECTOR('',#8775,10.);
#2500=VECTOR('',#8778,10.);
#2501=VECTOR('',#8781,10.);
#2502=VECTOR('',#8784,10.);
#2503=VECTOR('',#8785,10.);
#2504=VECTOR('',#8788,10.);
#2505=VECTOR('',#8791,10.);
#2506=VECTOR('',#8794,10.);
#2507=VECTOR('',#8797,10.);
#2508=VECTOR('',#8802,10.);
#2509=VECTOR('',#8807,10.);
#2510=VECTOR('',#8810,10.);
#2511=VECTOR('',#8813,10.);
#2512=VECTOR('',#8814,10.);
#2513=VECTOR('',#8817,10.);
#2514=VECTOR('',#8820,10.);
#2515=VECTOR('',#8823,10.);
#2516=VECTOR('',#8824,10.);
#2517=VECTOR('',#8827,10.);
#2518=VECTOR('',#8830,10.);
#2519=VECTOR('',#8833,10.);
#2520=VECTOR('',#8834,10.);
#2521=VECTOR('',#8837,10.);
#2522=VECTOR('',#8840,10.);
#2523=VECTOR('',#8843,10.);
#2524=VECTOR('',#8844,10.);
#2525=VECTOR('',#8847,10.);
#2526=VECTOR('',#8850,10.);
#2527=VECTOR('',#8853,10.);
#2528=VECTOR('',#8856,10.);
#2529=VECTOR('',#8861,10.);
#2530=VECTOR('',#8864,10.);
#2531=VECTOR('',#8867,10.);
#2532=VECTOR('',#8868,10.);
#2533=VECTOR('',#8873,10.);
#2534=VECTOR('',#8876,10.);
#2535=VECTOR('',#8881,10.);
#2536=VECTOR('',#8882,10.);
#2537=VECTOR('',#8885,10.);
#2538=VECTOR('',#8888,10.);
#2539=VECTOR('',#8891,10.);
#2540=VECTOR('',#8892,10.);
#2541=VECTOR('',#8895,10.);
#2542=VECTOR('',#8898,10.);
#2543=VECTOR('',#8901,10.);
#2544=VECTOR('',#8902,10.);
#2545=VECTOR('',#8905,10.);
#2546=VECTOR('',#8908,10.);
#2547=VECTOR('',#8911,10.);
#2548=VECTOR('',#8912,10.);
#2549=VECTOR('',#8915,10.);
#2550=VECTOR('',#8918,10.);
#2551=VECTOR('',#8921,10.);
#2552=VECTOR('',#8922,10.);
#2553=VECTOR('',#8925,10.);
#2554=VECTOR('',#8928,10.);
#2555=VECTOR('',#8929,10.);
#2556=VECTOR('',#8934,10.);
#2557=VECTOR('',#8937,10.);
#2558=VECTOR('',#8944,2.5);
#2559=VECTOR('',#8955,10.);
#2560=VECTOR('',#8958,10.);
#2561=VECTOR('',#8963,1.5);
#2562=VECTOR('',#8968,10.);
#2563=VECTOR('',#8971,10.);
#2564=VECTOR('',#8974,10.);
#2565=VECTOR('',#8975,10.);
#2566=VECTOR('',#8980,10.);
#2567=VECTOR('',#8983,10.);
#2568=VECTOR('',#8992,1.5);
#2569=VECTOR('',#8997,10.);
#2570=VECTOR('',#8998,10.);
#2571=VECTOR('',#8999,10.);
#2572=VECTOR('',#9004,10.);
#2573=VECTOR('',#9007,10.);
#2574=VECTOR('',#9008,10.);
#2575=VECTOR('',#9021,1.5);
#2576=VECTOR('',#9026,10.);
#2577=VECTOR('',#9029,10.);
#2578=VECTOR('',#9032,10.);
#2579=VECTOR('',#9033,10.);
#2580=VECTOR('',#9038,10.);
#2581=VECTOR('',#9041,10.);
#2582=VECTOR('',#9050,1.5);
#2583=VECTOR('',#9055,10.);
#2584=VECTOR('',#9056,10.);
#2585=VECTOR('',#9057,10.);
#2586=VECTOR('',#9062,10.);
#2587=VECTOR('',#9065,10.);
#2588=VECTOR('',#9066,10.);
#2589=VECTOR('',#9079,1.5);
#2590=VECTOR('',#9084,10.);
#2591=VECTOR('',#9085,10.);
#2592=VECTOR('',#9086,10.);
#2593=VECTOR('',#9091,10.);
#2594=VECTOR('',#9094,10.);
#2595=VECTOR('',#9095,10.);
#2596=VECTOR('',#9108,1.50000000000001);
#2597=VECTOR('',#9115,2.5);
#2598=VECTOR('',#9124,1.5);
#2599=VECTOR('',#9129,10.);
#2600=VECTOR('',#9132,10.);
#2601=VECTOR('',#9135,10.);
#2602=VECTOR('',#9136,10.);
#2603=VECTOR('',#9141,10.);
#2604=VECTOR('',#9144,10.);
#2605=VECTOR('',#9153,1.5);
#2606=VECTOR('',#9160,2.5);
#2607=VECTOR('',#9169,1.5);
#2608=VECTOR('',#9176,2.5);
#2609=VECTOR('',#9185,1.5);
#2610=VECTOR('',#9190,10.);
#2611=VECTOR('',#9191,10.);
#2612=VECTOR('',#9192,10.);
#2613=VECTOR('',#9197,10.);
#2614=VECTOR('',#9200,10.);
#2615=VECTOR('',#9201,10.);
#2616=VECTOR('',#9214,1.5);
#2617=VECTOR('',#9219,10.);
#2618=VECTOR('',#9220,10.);
#2619=VECTOR('',#9221,10.);
#2620=VECTOR('',#9226,10.);
#2621=VECTOR('',#9229,10.);
#2622=VECTOR('',#9230,10.);
#2623=VECTOR('',#9241,10.);
#2624=VECTOR('',#9244,10.);
#2625=VECTOR('',#9247,10.);
#2626=VECTOR('',#9250,10.);
#2627=VECTOR('',#9255,10.);
#2628=VECTOR('',#9256,10.);
#2629=VECTOR('',#9257,10.);
#2630=VECTOR('',#9258,10.);
#2631=VECTOR('',#9261,10.);
#2632=VECTOR('',#9262,10.);
#2633=VECTOR('',#9269,10.);
#2634=VECTOR('',#9272,10.);
#2635=VECTOR('',#9277,10.);
#2636=VECTOR('',#9280,10.);
#2637=VECTOR('',#9287,10.);
#2638=VECTOR('',#9290,10.);
#2639=VECTOR('',#9295,10.);
#2640=VECTOR('',#9296,10.);
#2641=VECTOR('',#9303,10.);
#2642=VECTOR('',#9306,10.);
#2643=VECTOR('',#9309,10.);
#2644=VECTOR('',#9312,10.);
#2645=VECTOR('',#9317,10.);
#2646=VECTOR('',#9318,10.);
#2647=VECTOR('',#9319,10.);
#2648=VECTOR('',#9322,10.);
#2649=VECTOR('',#9325,10.);
#2650=VECTOR('',#9330,10.);
#2651=VECTOR('',#9331,10.);
#2652=VECTOR('',#9338,10.);
#2653=VECTOR('',#9341,10.);
#2654=VECTOR('',#9348,10.);
#2655=VECTOR('',#9351,10.);
#2656=VECTOR('',#9356,10.);
#2657=VECTOR('',#9359,10.);
#2658=VECTOR('',#9364,10.);
#2659=VECTOR('',#9369,10.);
#2660=VECTOR('',#9372,10.);
#2661=VECTOR('',#9377,10.);
#2662=VECTOR('',#9382,10.);
#2663=VECTOR('',#9385,10.);
#2664=VECTOR('',#9390,10.);
#2665=VECTOR('',#9393,10.);
#2666=VECTOR('',#9398,10.);
#2667=VECTOR('',#9403,10.);
#2668=VECTOR('',#9406,10.);
#2669=VECTOR('',#9411,1.49999999999999);
#2670=VECTOR('',#9412,10.);
#2671=VECTOR('',#9413,10.);
#2672=VECTOR('',#9416,10.);
#2673=VECTOR('',#9419,10.);
#2674=CIRCLE('',#6953,2.);
#2675=CIRCLE('',#6954,2.);
#2676=CIRCLE('',#6957,1.);
#2677=CIRCLE('',#6959,2.);
#2678=CIRCLE('',#6960,2.);
#2679=CIRCLE('',#6963,1.);
#2680=CIRCLE('',#6965,1.);
#2681=CIRCLE('',#6966,1.);
#2682=CIRCLE('',#6968,2.);
#2683=CIRCLE('',#6969,2.);
#2684=CIRCLE('',#6972,1.);
#2685=CIRCLE('',#6974,2.);
#2686=CIRCLE('',#6975,2.);
#2687=CIRCLE('',#6978,1.);
#2688=CIRCLE('',#6979,1.);
#2689=CIRCLE('',#6981,1.);
#2690=CIRCLE('',#6982,1.);
#2691=CIRCLE('',#6983,1.);
#2692=CIRCLE('',#6984,1.);
#2693=CIRCLE('',#6986,2.);
#2694=CIRCLE('',#6987,2.);
#2695=CIRCLE('',#6990,1.);
#2696=CIRCLE('',#6992,1.);
#2697=CIRCLE('',#6993,1.);
#2698=CIRCLE('',#6994,1.);
#2699=CIRCLE('',#6995,1.);
#2700=CIRCLE('',#6997,2.);
#2701=CIRCLE('',#6998,2.);
#2702=CIRCLE('',#7000,1.);
#2703=CIRCLE('',#7001,1.);
#2704=CIRCLE('',#7003,1.);
#2705=CIRCLE('',#7007,1.);
#2706=CIRCLE('',#7008,1.);
#2707=CIRCLE('',#7010,1.);
#2708=CIRCLE('',#7011,3.);
#2709=CIRCLE('',#7012,3.);
#2710=CIRCLE('',#7014,1.);
#2711=CIRCLE('',#7017,1.);
#2712=CIRCLE('',#7042,2.);
#2713=CIRCLE('',#7043,2.);
#2714=CIRCLE('',#7044,3.);
#2715=CIRCLE('',#7045,3.);
#2716=CIRCLE('',#7046,3.);
#2717=CIRCLE('',#7047,3.);
#2718=CIRCLE('',#7048,3.);
#2719=CIRCLE('',#7049,3.);
#2720=CIRCLE('',#7050,3.);
#2721=CIRCLE('',#7051,3.);
#2722=CIRCLE('',#7052,2.5);
#2723=CIRCLE('',#7053,2.5);
#2724=CIRCLE('',#7054,2.5);
#2725=CIRCLE('',#7055,2.5);
#2726=CIRCLE('',#7056,2.5);
#2727=CIRCLE('',#7057,2.5);
#2728=CIRCLE('',#7058,2.5);
#2729=CIRCLE('',#7059,2.5);
#2730=CIRCLE('',#7060,2.5);
#2731=CIRCLE('',#7061,2.5);
#2732=CIRCLE('',#7062,2.5);
#2733=CIRCLE('',#7063,2.5);
#2734=CIRCLE('',#7064,2.5);
#2735=CIRCLE('',#7065,2.5);
#2736=CIRCLE('',#7066,2.5);
#2737=CIRCLE('',#7067,2.5);
#2738=CIRCLE('',#7068,2.5);
#2739=CIRCLE('',#7069,2.5);
#2740=CIRCLE('',#7070,2.5);
#2741=CIRCLE('',#7071,2.5);
#2742=CIRCLE('',#7072,3.);
#2743=CIRCLE('',#7073,3.);
#2744=CIRCLE('',#7074,3.);
#2745=CIRCLE('',#7075,3.);
#2746=CIRCLE('',#7077,3.);
#2747=CIRCLE('',#7078,3.);
#2748=CIRCLE('',#7083,2.);
#2749=CIRCLE('',#7085,2.);
#2750=CIRCLE('',#7087,3.);
#2751=CIRCLE('',#7088,3.);
#2752=CIRCLE('',#7089,3.);
#2753=CIRCLE('',#7090,3.);
#2754=CIRCLE('',#7091,3.);
#2755=CIRCLE('',#7092,3.);
#2756=CIRCLE('',#7093,3.);
#2757=CIRCLE('',#7094,3.);
#2758=CIRCLE('',#7095,1.49999999999999);
#2759=CIRCLE('',#7096,1.27);
#2760=CIRCLE('',#7097,3.);
#2761=CIRCLE('',#7098,3.);
#2762=CIRCLE('',#7099,3.);
#2763=CIRCLE('',#7100,3.);
#2764=CIRCLE('',#7112,0.5);
#2765=CIRCLE('',#7117,0.5);
#2766=CIRCLE('',#7132,0.5);
#2767=CIRCLE('',#7133,0.5);
#2768=CIRCLE('',#7134,2.5);
#2769=CIRCLE('',#7136,0.5);
#2770=CIRCLE('',#7138,0.5);
#2771=CIRCLE('',#7139,2.5);
#2772=CIRCLE('',#7141,0.5);
#2773=CIRCLE('',#7143,0.5);
#2774=CIRCLE('',#7144,2.5);
#2775=CIRCLE('',#7146,0.5);
#2776=CIRCLE('',#7148,0.5);
#2777=CIRCLE('',#7149,2.5);
#2778=CIRCLE('',#7153,2.5);
#2779=CIRCLE('',#7156,2.5);
#2780=CIRCLE('',#7158,0.499999999999998);
#2781=CIRCLE('',#7159,0.5);
#2782=CIRCLE('',#7160,2.5);
#2783=CIRCLE('',#7162,0.5);
#2784=CIRCLE('',#7164,0.5);
#2785=CIRCLE('',#7166,0.5);
#2786=CIRCLE('',#7168,0.5);
#2787=CIRCLE('',#7170,0.5);
#2788=CIRCLE('',#7172,0.5);
#2789=CIRCLE('',#7173,2.5);
#2790=CIRCLE('',#7179,0.5);
#2791=CIRCLE('',#7180,0.5);
#2792=CIRCLE('',#7181,2.5);
#2793=CIRCLE('',#7183,0.5);
#2794=CIRCLE('',#7185,0.5);
#2795=CIRCLE('',#7186,2.5);
#2796=CIRCLE('',#7188,0.5);
#2797=CIRCLE('',#7190,0.5);
#2798=CIRCLE('',#7191,2.5);
#2799=CIRCLE('',#7193,0.5);
#2800=CIRCLE('',#7195,0.5);
#2801=CIRCLE('',#7196,2.5);
#2802=CIRCLE('',#7200,2.5);
#2803=CIRCLE('',#7203,2.5);
#2804=CIRCLE('',#7205,0.5);
#2805=CIRCLE('',#7206,0.5);
#2806=CIRCLE('',#7208,0.5);
#2807=CIRCLE('',#7210,0.5);
#2808=CIRCLE('',#7211,2.5);
#2809=CIRCLE('',#7213,0.5);
#2810=CIRCLE('',#7215,0.5);
#2811=CIRCLE('',#7216,2.5);
#2812=CIRCLE('',#7218,0.5);
#2813=CIRCLE('',#7220,0.5);
#2814=CIRCLE('',#7224,0.5);
#2815=CIRCLE('',#7225,0.5);
#2816=CIRCLE('',#7226,2.5);
#2817=CIRCLE('',#7228,0.5);
#2818=CIRCLE('',#7230,0.5);
#2819=CIRCLE('',#7231,2.5);
#2820=CIRCLE('',#7233,0.5);
#2821=CIRCLE('',#7235,0.5);
#2822=CIRCLE('',#7236,2.5);
#2823=CIRCLE('',#7238,0.5);
#2824=CIRCLE('',#7240,0.5);
#2825=CIRCLE('',#7241,2.5);
#2826=CIRCLE('',#7245,2.5);
#2827=CIRCLE('',#7248,2.5);
#2828=CIRCLE('',#7250,0.499999999999998);
#2829=CIRCLE('',#7251,0.5);
#2830=CIRCLE('',#7252,2.5);
#2831=CIRCLE('',#7254,0.5);
#2832=CIRCLE('',#7256,0.5);
#2833=CIRCLE('',#7258,0.5);
#2834=CIRCLE('',#7260,0.5);
#2835=CIRCLE('',#7262,0.5);
#2836=CIRCLE('',#7264,0.5);
#2837=CIRCLE('',#7265,2.5);
#2838=CIRCLE('',#7336,2.5);
#2839=CIRCLE('',#7338,1.49999999999999);
#2840=CIRCLE('',#7340,1.49999999999999);
#2841=CIRCLE('',#7341,1.49999999999999);
#2842=CIRCLE('',#7342,1.27);
#2843=CIRCLE('',#7344,1.5);
#2844=CIRCLE('',#7345,1.5);
#2845=CIRCLE('',#7347,2.5);
#2846=CIRCLE('',#7350,2.5);
#2847=CIRCLE('',#7355,1.5);
#2848=CIRCLE('',#7356,1.5);
#2849=CIRCLE('',#7359,2.5);
#2850=CIRCLE('',#7362,2.5);
#2851=CIRCLE('',#7366,1.5);
#2852=CIRCLE('',#7367,1.5);
#2853=CIRCLE('',#7369,2.5);
#2854=CIRCLE('',#7372,2.5);
#2855=CIRCLE('',#7377,1.5);
#2856=CIRCLE('',#7378,1.5);
#2857=CIRCLE('',#7381,2.5);
#2858=CIRCLE('',#7384,2.5);
#2859=CIRCLE('',#7388,1.5);
#2860=CIRCLE('',#7389,1.5);
#2861=CIRCLE('',#7392,2.5);
#2862=CIRCLE('',#7395,2.5);
#2863=CIRCLE('',#7399,1.50000000000001);
#2864=CIRCLE('',#7400,1.50000000000001);
#2865=CIRCLE('',#7402,2.5);
#2866=CIRCLE('',#7406,1.5);
#2867=CIRCLE('',#7407,1.5);
#2868=CIRCLE('',#7409,2.5);
#2869=CIRCLE('',#7412,2.5);
#2870=CIRCLE('',#7417,1.5);
#2871=CIRCLE('',#7418,1.5);
#2872=CIRCLE('',#7420,2.5);
#2873=CIRCLE('',#7424,1.5);
#2874=CIRCLE('',#7425,1.5);
#2875=CIRCLE('',#7427,2.5);
#2876=CIRCLE('',#7431,1.5);
#2877=CIRCLE('',#7432,1.5);
#2878=CIRCLE('',#7435,2.5);
#2879=CIRCLE('',#7438,2.5);
#2880=CIRCLE('',#7442,1.5);
#2881=CIRCLE('',#7443,1.5);
#2882=CIRCLE('',#7446,2.5);
#2883=CIRCLE('',#7449,2.5);
#2884=VERTEX_POINT('',#9426);
#2885=VERTEX_POINT('',#9427);
#2886=VERTEX_POINT('',#9429);
#2887=VERTEX_POINT('',#9431);
#2888=VERTEX_POINT('',#9435);
#2889=VERTEX_POINT('',#9437);
#2890=VERTEX_POINT('',#9441);
#2891=VERTEX_POINT('',#9443);
#2892=VERTEX_POINT('',#9447);
#2893=VERTEX_POINT('',#9448);
#2894=VERTEX_POINT('',#9450);
#2895=VERTEX_POINT('',#9452);
#2896=VERTEX_POINT('',#9456);
#2897=VERTEX_POINT('',#9458);
#2898=VERTEX_POINT('',#9462);
#2899=VERTEX_POINT('',#9464);
#2900=VERTEX_POINT('',#9468);
#2901=VERTEX_POINT('',#9469);
#2902=VERTEX_POINT('',#9471);
#2903=VERTEX_POINT('',#9473);
#2904=VERTEX_POINT('',#9475);
#2905=VERTEX_POINT('',#9477);
#2906=VERTEX_POINT('',#9481);
#2907=VERTEX_POINT('',#9482);
#2908=VERTEX_POINT('',#9484);
#2909=VERTEX_POINT('',#9486);
#2910=VERTEX_POINT('',#9490);
#2911=VERTEX_POINT('',#9492);
#2912=VERTEX_POINT('',#9496);
#2913=VERTEX_POINT('',#9498);
#2914=VERTEX_POINT('',#9502);
#2915=VERTEX_POINT('',#9503);
#2916=VERTEX_POINT('',#9505);
#2917=VERTEX_POINT('',#9507);
#2918=VERTEX_POINT('',#9511);
#2919=VERTEX_POINT('',#9513);
#2920=VERTEX_POINT('',#9517);
#2921=VERTEX_POINT('',#9519);
#2922=VERTEX_POINT('',#9521);
#2923=VERTEX_POINT('',#9523);
#2924=VERTEX_POINT('',#9525);
#2925=VERTEX_POINT('',#9527);
#2926=VERTEX_POINT('',#9529);
#2927=VERTEX_POINT('',#9533);
#2928=VERTEX_POINT('',#9534);
#2929=VERTEX_POINT('',#9536);
#2930=VERTEX_POINT('',#9538);
#2931=VERTEX_POINT('',#9540);
#2932=VERTEX_POINT('',#9542);
#2933=VERTEX_POINT('',#9544);
#2934=VERTEX_POINT('',#9546);
#2935=VERTEX_POINT('',#9550);
#2936=VERTEX_POINT('',#9551);
#2937=VERTEX_POINT('',#9553);
#2938=VERTEX_POINT('',#9555);
#2939=VERTEX_POINT('',#9559);
#2940=VERTEX_POINT('',#9561);
#2941=VERTEX_POINT('',#9565);
#2942=VERTEX_POINT('',#9567);
#2943=VERTEX_POINT('',#9571);
#2944=VERTEX_POINT('',#9572);
#2945=VERTEX_POINT('',#9574);
#2946=VERTEX_POINT('',#9576);
#2947=VERTEX_POINT('',#9578);
#2948=VERTEX_POINT('',#9580);
#2949=VERTEX_POINT('',#9582);
#2950=VERTEX_POINT('',#9584);
#2951=VERTEX_POINT('',#9588);
#2952=VERTEX_POINT('',#9589);
#2953=VERTEX_POINT('',#9591);
#2954=VERTEX_POINT('',#9593);
#2955=VERTEX_POINT('',#9597);
#2956=VERTEX_POINT('',#9599);
#2957=VERTEX_POINT('',#9601);
#2958=VERTEX_POINT('',#9603);
#2959=VERTEX_POINT('',#9605);
#2960=VERTEX_POINT('',#9607);
#2961=VERTEX_POINT('',#9609);
#2962=VERTEX_POINT('',#9613);
#2963=VERTEX_POINT('',#9614);
#2964=VERTEX_POINT('',#9622);
#2965=VERTEX_POINT('',#9623);
#2966=VERTEX_POINT('',#9625);
#2967=VERTEX_POINT('',#9627);
#2968=VERTEX_POINT('',#9632);
#2969=VERTEX_POINT('',#9634);
#2970=VERTEX_POINT('',#9638);
#2971=VERTEX_POINT('',#9640);
#2972=VERTEX_POINT('',#9642);
#2973=VERTEX_POINT('',#9644);
#2974=VERTEX_POINT('',#9646);
#2975=VERTEX_POINT('',#9648);
#2976=VERTEX_POINT('',#9650);
#2977=VERTEX_POINT('',#9653);
#2978=VERTEX_POINT('',#9655);
#2979=VERTEX_POINT('',#9658);
#2980=VERTEX_POINT('',#9659);
#2981=VERTEX_POINT('',#9661);
#2982=VERTEX_POINT('',#9663);
#2983=VERTEX_POINT('',#9665);
#2984=VERTEX_POINT('',#9668);
#2985=VERTEX_POINT('',#9670);
#2986=VERTEX_POINT('',#9672);
#2987=VERTEX_POINT('',#9676);
#2988=VERTEX_POINT('',#9678);
#2989=VERTEX_POINT('',#9684);
#2990=VERTEX_POINT('',#9685);
#2991=VERTEX_POINT('',#9690);
#2992=VERTEX_POINT('',#9701);
#2993=VERTEX_POINT('',#9724);
#2994=VERTEX_POINT('',#9727);
#2995=VERTEX_POINT('',#9731);
#2996=VERTEX_POINT('',#9743);
#2997=VERTEX_POINT('',#9745);
#2998=VERTEX_POINT('',#9751);
#2999=VERTEX_POINT('',#9755);
#3000=VERTEX_POINT('',#9759);
#3001=VERTEX_POINT('',#9761);
#3002=VERTEX_POINT('',#9769);
#3003=VERTEX_POINT('',#9771);
#3004=VERTEX_POINT('',#9773);
#3005=VERTEX_POINT('',#9776);
#3006=VERTEX_POINT('',#9779);
#3007=VERTEX_POINT('',#9780);
#3008=VERTEX_POINT('',#9782);
#3009=VERTEX_POINT('',#9784);
#3010=VERTEX_POINT('',#9787);
#3011=VERTEX_POINT('',#9788);
#3012=VERTEX_POINT('',#9790);
#3013=VERTEX_POINT('',#9792);
#3014=VERTEX_POINT('',#9795);
#3015=VERTEX_POINT('',#9796);
#3016=VERTEX_POINT('',#9798);
#3017=VERTEX_POINT('',#9800);
#3018=VERTEX_POINT('',#9802);
#3019=VERTEX_POINT('',#9804);
#3020=VERTEX_POINT('',#9806);
#3021=VERTEX_POINT('',#9808);
#3022=VERTEX_POINT('',#9811);
#3023=VERTEX_POINT('',#9812);
#3024=VERTEX_POINT('',#9814);
#3025=VERTEX_POINT('',#9816);
#3026=VERTEX_POINT('',#9818);
#3027=VERTEX_POINT('',#9820);
#3028=VERTEX_POINT('',#9822);
#3029=VERTEX_POINT('',#9824);
#3030=VERTEX_POINT('',#9827);
#3031=VERTEX_POINT('',#9829);
#3032=VERTEX_POINT('',#9830);
#3033=VERTEX_POINT('',#9832);
#3034=VERTEX_POINT('',#9834);
#3035=VERTEX_POINT('',#9837);
#3036=VERTEX_POINT('',#9838);
#3037=VERTEX_POINT('',#9840);
#3038=VERTEX_POINT('',#9842);
#3039=VERTEX_POINT('',#9845);
#3040=VERTEX_POINT('',#9847);
#3041=VERTEX_POINT('',#9849);
#3042=VERTEX_POINT('',#9850);
#3043=VERTEX_POINT('',#9852);
#3044=VERTEX_POINT('',#9854);
#3045=VERTEX_POINT('',#9857);
#3046=VERTEX_POINT('',#9858);
#3047=VERTEX_POINT('',#9860);
#3048=VERTEX_POINT('',#9862);
#3049=VERTEX_POINT('',#9865);
#3050=VERTEX_POINT('',#9867);
#3051=VERTEX_POINT('',#9868);
#3052=VERTEX_POINT('',#9870);
#3053=VERTEX_POINT('',#9872);
#3054=VERTEX_POINT('',#9875);
#3055=VERTEX_POINT('',#9876);
#3056=VERTEX_POINT('',#9878);
#3057=VERTEX_POINT('',#9880);
#3058=VERTEX_POINT('',#9883);
#3059=VERTEX_POINT('',#9884);
#3060=VERTEX_POINT('',#9886);
#3061=VERTEX_POINT('',#9888);
#3062=VERTEX_POINT('',#9891);
#3063=VERTEX_POINT('',#9892);
#3064=VERTEX_POINT('',#9894);
#3065=VERTEX_POINT('',#9896);
#3066=VERTEX_POINT('',#9899);
#3067=VERTEX_POINT('',#9900);
#3068=VERTEX_POINT('',#9902);
#3069=VERTEX_POINT('',#9904);
#3070=VERTEX_POINT('',#9906);
#3071=VERTEX_POINT('',#9908);
#3072=VERTEX_POINT('',#9910);
#3073=VERTEX_POINT('',#9912);
#3074=VERTEX_POINT('',#9915);
#3075=VERTEX_POINT('',#9916);
#3076=VERTEX_POINT('',#9918);
#3077=VERTEX_POINT('',#9920);
#3078=VERTEX_POINT('',#9925);
#3079=VERTEX_POINT('',#9929);
#3080=VERTEX_POINT('',#9937);
#3081=VERTEX_POINT('',#9941);
#3082=VERTEX_POINT('',#9946);
#3083=VERTEX_POINT('',#9947);
#3084=VERTEX_POINT('',#9949);
#3085=VERTEX_POINT('',#9951);
#3086=VERTEX_POINT('',#9953);
#3087=VERTEX_POINT('',#9955);
#3088=VERTEX_POINT('',#9957);
#3089=VERTEX_POINT('',#9959);
#3090=VERTEX_POINT('',#9962);
#3091=VERTEX_POINT('',#9963);
#3092=VERTEX_POINT('',#9965);
#3093=VERTEX_POINT('',#9967);
#3094=VERTEX_POINT('',#9969);
#3095=VERTEX_POINT('',#9971);
#3096=VERTEX_POINT('',#9973);
#3097=VERTEX_POINT('',#9975);
#3098=VERTEX_POINT('',#9978);
#3099=VERTEX_POINT('',#9979);
#3100=VERTEX_POINT('',#9981);
#3101=VERTEX_POINT('',#9983);
#3102=VERTEX_POINT('',#9986);
#3103=VERTEX_POINT('',#9987);
#3104=VERTEX_POINT('',#9989);
#3105=VERTEX_POINT('',#9991);
#3106=VERTEX_POINT('',#9993);
#3107=VERTEX_POINT('',#9995);
#3108=VERTEX_POINT('',#9998);
#3109=VERTEX_POINT('',#9999);
#3110=VERTEX_POINT('',#10001);
#3111=VERTEX_POINT('',#10003);
#3112=VERTEX_POINT('',#10006);
#3113=VERTEX_POINT('',#10007);
#3114=VERTEX_POINT('',#10009);
#3115=VERTEX_POINT('',#10011);
#3116=VERTEX_POINT('',#10014);
#3117=VERTEX_POINT('',#10015);
#3118=VERTEX_POINT('',#10017);
#3119=VERTEX_POINT('',#10019);
#3120=VERTEX_POINT('',#10022);
#3121=VERTEX_POINT('',#10023);
#3122=VERTEX_POINT('',#10025);
#3123=VERTEX_POINT('',#10027);
#3124=VERTEX_POINT('',#10029);
#3125=VERTEX_POINT('',#10031);
#3126=VERTEX_POINT('',#10034);
#3127=VERTEX_POINT('',#10035);
#3128=VERTEX_POINT('',#10037);
#3129=VERTEX_POINT('',#10039);
#3130=VERTEX_POINT('',#10042);
#3131=VERTEX_POINT('',#10043);
#3132=VERTEX_POINT('',#10045);
#3133=VERTEX_POINT('',#10047);
#3134=VERTEX_POINT('',#10050);
#3135=VERTEX_POINT('',#10051);
#3136=VERTEX_POINT('',#10053);
#3137=VERTEX_POINT('',#10055);
#3138=VERTEX_POINT('',#10057);
#3139=VERTEX_POINT('',#10059);
#3140=VERTEX_POINT('',#10062);
#3141=VERTEX_POINT('',#10063);
#3142=VERTEX_POINT('',#10065);
#3143=VERTEX_POINT('',#10067);
#3144=VERTEX_POINT('',#10070);
#3145=VERTEX_POINT('',#10071);
#3146=VERTEX_POINT('',#10073);
#3147=VERTEX_POINT('',#10075);
#3148=VERTEX_POINT('',#10078);
#3149=VERTEX_POINT('',#10079);
#3150=VERTEX_POINT('',#10081);
#3151=VERTEX_POINT('',#10083);
#3152=VERTEX_POINT('',#10086);
#3153=VERTEX_POINT('',#10087);
#3154=VERTEX_POINT('',#10089);
#3155=VERTEX_POINT('',#10091);
#3156=VERTEX_POINT('',#10093);
#3157=VERTEX_POINT('',#10095);
#3158=VERTEX_POINT('',#10098);
#3159=VERTEX_POINT('',#10099);
#3160=VERTEX_POINT('',#10101);
#3161=VERTEX_POINT('',#10103);
#3162=VERTEX_POINT('',#10106);
#3163=VERTEX_POINT('',#10107);
#3164=VERTEX_POINT('',#10109);
#3165=VERTEX_POINT('',#10111);
#3166=VERTEX_POINT('',#10114);
#3167=VERTEX_POINT('',#10115);
#3168=VERTEX_POINT('',#10117);
#3169=VERTEX_POINT('',#10119);
#3170=VERTEX_POINT('',#10122);
#3171=VERTEX_POINT('',#10123);
#3172=VERTEX_POINT('',#10125);
#3173=VERTEX_POINT('',#10127);
#3174=VERTEX_POINT('',#10129);
#3175=VERTEX_POINT('',#10131);
#3176=VERTEX_POINT('',#10134);
#3177=VERTEX_POINT('',#10135);
#3178=VERTEX_POINT('',#10137);
#3179=VERTEX_POINT('',#10139);
#3180=VERTEX_POINT('',#10142);
#3181=VERTEX_POINT('',#10143);
#3182=VERTEX_POINT('',#10145);
#3183=VERTEX_POINT('',#10147);
#3184=VERTEX_POINT('',#10150);
#3185=VERTEX_POINT('',#10151);
#3186=VERTEX_POINT('',#10153);
#3187=VERTEX_POINT('',#10155);
#3188=VERTEX_POINT('',#10158);
#3189=VERTEX_POINT('',#10159);
#3190=VERTEX_POINT('',#10161);
#3191=VERTEX_POINT('',#10163);
#3192=VERTEX_POINT('',#10165);
#3193=VERTEX_POINT('',#10167);
#3194=VERTEX_POINT('',#10170);
#3195=VERTEX_POINT('',#10171);
#3196=VERTEX_POINT('',#10173);
#3197=VERTEX_POINT('',#10175);
#3198=VERTEX_POINT('',#10178);
#3199=VERTEX_POINT('',#10179);
#3200=VERTEX_POINT('',#10181);
#3201=VERTEX_POINT('',#10183);
#3202=VERTEX_POINT('',#10186);
#3203=VERTEX_POINT('',#10187);
#3204=VERTEX_POINT('',#10189);
#3205=VERTEX_POINT('',#10191);
#3206=VERTEX_POINT('',#10194);
#3207=VERTEX_POINT('',#10195);
#3208=VERTEX_POINT('',#10197);
#3209=VERTEX_POINT('',#10199);
#3210=VERTEX_POINT('',#10201);
#3211=VERTEX_POINT('',#10203);
#3212=VERTEX_POINT('',#10206);
#3213=VERTEX_POINT('',#10207);
#3214=VERTEX_POINT('',#10209);
#3215=VERTEX_POINT('',#10211);
#3216=VERTEX_POINT('',#10214);
#3217=VERTEX_POINT('',#10215);
#3218=VERTEX_POINT('',#10217);
#3219=VERTEX_POINT('',#10219);
#3220=VERTEX_POINT('',#10222);
#3221=VERTEX_POINT('',#10223);
#3222=VERTEX_POINT('',#10225);
#3223=VERTEX_POINT('',#10227);
#3224=VERTEX_POINT('',#10230);
#3225=VERTEX_POINT('',#10231);
#3226=VERTEX_POINT('',#10233);
#3227=VERTEX_POINT('',#10235);
#3228=VERTEX_POINT('',#10237);
#3229=VERTEX_POINT('',#10239);
#3230=VERTEX_POINT('',#10242);
#3231=VERTEX_POINT('',#10243);
#3232=VERTEX_POINT('',#10245);
#3233=VERTEX_POINT('',#10247);
#3234=VERTEX_POINT('',#10250);
#3235=VERTEX_POINT('',#10251);
#3236=VERTEX_POINT('',#10253);
#3237=VERTEX_POINT('',#10255);
#3238=VERTEX_POINT('',#10258);
#3239=VERTEX_POINT('',#10259);
#3240=VERTEX_POINT('',#10261);
#3241=VERTEX_POINT('',#10263);
#3242=VERTEX_POINT('',#10266);
#3243=VERTEX_POINT('',#10267);
#3244=VERTEX_POINT('',#10269);
#3245=VERTEX_POINT('',#10271);
#3246=VERTEX_POINT('',#10273);
#3247=VERTEX_POINT('',#10275);
#3248=VERTEX_POINT('',#10278);
#3249=VERTEX_POINT('',#10279);
#3250=VERTEX_POINT('',#10281);
#3251=VERTEX_POINT('',#10283);
#3252=VERTEX_POINT('',#10286);
#3253=VERTEX_POINT('',#10287);
#3254=VERTEX_POINT('',#10289);
#3255=VERTEX_POINT('',#10291);
#3256=VERTEX_POINT('',#10293);
#3257=VERTEX_POINT('',#10295);
#3258=VERTEX_POINT('',#10297);
#3259=VERTEX_POINT('',#10299);
#3260=VERTEX_POINT('',#10303);
#3261=VERTEX_POINT('',#10305);
#3262=VERTEX_POINT('',#10309);
#3263=VERTEX_POINT('',#10313);
#3264=VERTEX_POINT('',#10320);
#3265=VERTEX_POINT('',#10322);
#3266=VERTEX_POINT('',#10328);
#3267=VERTEX_POINT('',#10330);
#3268=VERTEX_POINT('',#10333);
#3269=VERTEX_POINT('',#10335);
#3270=VERTEX_POINT('',#10338);
#3271=VERTEX_POINT('',#10340);
#3272=VERTEX_POINT('',#10344);
#3273=VERTEX_POINT('',#10345);
#3274=VERTEX_POINT('',#10350);
#3275=VERTEX_POINT('',#10354);
#3276=VERTEX_POINT('',#10359);
#3277=VERTEX_POINT('',#10361);
#3278=VERTEX_POINT('',#10364);
#3279=VERTEX_POINT('',#10366);
#3280=VERTEX_POINT('',#10369);
#3281=VERTEX_POINT('',#10371);
#3282=VERTEX_POINT('',#10377);
#3283=VERTEX_POINT('',#10379);
#3284=VERTEX_POINT('',#10384);
#3285=VERTEX_POINT('',#10386);
#3286=VERTEX_POINT('',#10389);
#3287=VERTEX_POINT('',#10391);
#3288=VERTEX_POINT('',#10394);
#3289=VERTEX_POINT('',#10396);
#3290=VERTEX_POINT('',#10400);
#3291=VERTEX_POINT('',#10402);
#3292=VERTEX_POINT('',#10406);
#3293=VERTEX_POINT('',#10410);
#3294=VERTEX_POINT('',#10417);
#3295=VERTEX_POINT('',#10419);
#3296=VERTEX_POINT('',#10425);
#3297=VERTEX_POINT('',#10427);
#3298=VERTEX_POINT('',#10430);
#3299=VERTEX_POINT('',#10432);
#3300=VERTEX_POINT('',#10435);
#3301=VERTEX_POINT('',#10437);
#3302=VERTEX_POINT('',#10441);
#3303=VERTEX_POINT('',#10443);
#3304=VERTEX_POINT('',#10447);
#3305=VERTEX_POINT('',#10451);
#3306=VERTEX_POINT('',#10455);
#3307=VERTEX_POINT('',#10459);
#3308=VERTEX_POINT('',#10463);
#3309=VERTEX_POINT('',#10467);
#3310=VERTEX_POINT('',#10473);
#3311=VERTEX_POINT('',#10475);
#3312=VERTEX_POINT('',#10479);
#3313=VERTEX_POINT('',#10483);
#3314=VERTEX_POINT('',#10487);
#3315=VERTEX_POINT('',#10491);
#3316=VERTEX_POINT('',#10493);
#3317=VERTEX_POINT('',#10508);
#3318=VERTEX_POINT('',#10520);
#3319=VERTEX_POINT('',#10522);
#3320=VERTEX_POINT('',#10526);
#3321=VERTEX_POINT('',#10530);
#3322=VERTEX_POINT('',#10534);
#3323=VERTEX_POINT('',#10538);
#3324=VERTEX_POINT('',#10542);
#3325=VERTEX_POINT('',#10546);
#3326=VERTEX_POINT('',#10552);
#3327=VERTEX_POINT('',#10554);
#3328=VERTEX_POINT('',#10558);
#3329=VERTEX_POINT('',#10562);
#3330=VERTEX_POINT('',#10566);
#3331=VERTEX_POINT('',#10575);
#3332=VERTEX_POINT('',#10579);
#3333=VERTEX_POINT('',#10583);
#3334=VERTEX_POINT('',#10595);
#3335=VERTEX_POINT('',#10597);
#3336=VERTEX_POINT('',#10601);
#3337=VERTEX_POINT('',#10605);
#3338=VERTEX_POINT('',#10609);
#3339=VERTEX_POINT('',#10613);
#3340=VERTEX_POINT('',#10617);
#3341=VERTEX_POINT('',#10621);
#3342=VERTEX_POINT('',#10627);
#3343=VERTEX_POINT('',#10629);
#3344=VERTEX_POINT('',#10633);
#3345=VERTEX_POINT('',#10637);
#3346=VERTEX_POINT('',#10641);
#3347=VERTEX_POINT('',#10645);
#3348=VERTEX_POINT('',#10647);
#3349=VERTEX_POINT('',#10662);
#3350=VERTEX_POINT('',#10681);
#3351=VERTEX_POINT('',#10682);
#3352=VERTEX_POINT('',#10684);
#3353=VERTEX_POINT('',#10686);
#3354=VERTEX_POINT('',#10688);
#3355=VERTEX_POINT('',#10690);
#3356=VERTEX_POINT('',#10692);
#3357=VERTEX_POINT('',#10695);
#3358=VERTEX_POINT('',#10698);
#3359=VERTEX_POINT('',#10700);
#3360=VERTEX_POINT('',#10703);
#3361=VERTEX_POINT('',#10705);
#3362=VERTEX_POINT('',#10708);
#3363=VERTEX_POINT('',#10710);
#3364=VERTEX_POINT('',#10712);
#3365=VERTEX_POINT('',#10714);
#3366=VERTEX_POINT('',#10716);
#3367=VERTEX_POINT('',#10718);
#3368=VERTEX_POINT('',#10720);
#3369=VERTEX_POINT('',#10722);
#3370=VERTEX_POINT('',#10725);
#3371=VERTEX_POINT('',#10726);
#3372=VERTEX_POINT('',#10728);
#3373=VERTEX_POINT('',#10730);
#3374=VERTEX_POINT('',#10732);
#3375=VERTEX_POINT('',#10734);
#3376=VERTEX_POINT('',#10737);
#3377=VERTEX_POINT('',#10738);
#3378=VERTEX_POINT('',#10740);
#3379=VERTEX_POINT('',#10742);
#3380=VERTEX_POINT('',#10744);
#3381=VERTEX_POINT('',#10746);
#3382=VERTEX_POINT('',#10749);
#3383=VERTEX_POINT('',#10750);
#3384=VERTEX_POINT('',#10752);
#3385=VERTEX_POINT('',#10754);
#3386=VERTEX_POINT('',#10756);
#3387=VERTEX_POINT('',#10758);
#3388=VERTEX_POINT('',#10762);
#3389=VERTEX_POINT('',#10764);
#3390=VERTEX_POINT('',#10767);
#3391=VERTEX_POINT('',#10769);
#3392=VERTEX_POINT('',#10771);
#3393=VERTEX_POINT('',#10773);
#3394=VERTEX_POINT('',#10776);
#3395=VERTEX_POINT('',#10778);
#3396=VERTEX_POINT('',#10781);
#3397=VERTEX_POINT('',#10783);
#3398=VERTEX_POINT('',#10786);
#3399=VERTEX_POINT('',#10789);
#3400=VERTEX_POINT('',#10792);
#3401=VERTEX_POINT('',#10794);
#3402=VERTEX_POINT('',#10797);
#3403=VERTEX_POINT('',#10798);
#3404=VERTEX_POINT('',#10800);
#3405=VERTEX_POINT('',#10802);
#3406=VERTEX_POINT('',#10804);
#3407=VERTEX_POINT('',#10806);
#3408=VERTEX_POINT('',#10809);
#3409=VERTEX_POINT('',#10810);
#3410=VERTEX_POINT('',#10812);
#3411=VERTEX_POINT('',#10814);
#3412=VERTEX_POINT('',#10816);
#3413=VERTEX_POINT('',#10818);
#3414=VERTEX_POINT('',#10821);
#3415=VERTEX_POINT('',#10822);
#3416=VERTEX_POINT('',#10824);
#3417=VERTEX_POINT('',#10826);
#3418=VERTEX_POINT('',#10828);
#3419=VERTEX_POINT('',#10830);
#3420=VERTEX_POINT('',#10834);
#3421=VERTEX_POINT('',#10836);
#3422=VERTEX_POINT('',#10839);
#3423=VERTEX_POINT('',#10841);
#3424=VERTEX_POINT('',#10843);
#3425=VERTEX_POINT('',#10845);
#3426=VERTEX_POINT('',#10847);
#3427=VERTEX_POINT('',#10849);
#3428=VERTEX_POINT('',#10851);
#3429=VERTEX_POINT('',#10853);
#3430=VERTEX_POINT('',#10855);
#3431=VERTEX_POINT('',#10857);
#3432=VERTEX_POINT('',#10859);
#3433=VERTEX_POINT('',#10861);
#3434=VERTEX_POINT('',#10863);
#3435=VERTEX_POINT('',#10865);
#3436=VERTEX_POINT('',#10867);
#3437=VERTEX_POINT('',#10870);
#3438=VERTEX_POINT('',#10873);
#3439=VERTEX_POINT('',#10875);
#3440=VERTEX_POINT('',#10878);
#3441=VERTEX_POINT('',#10879);
#3442=VERTEX_POINT('',#10881);
#3443=VERTEX_POINT('',#10883);
#3444=VERTEX_POINT('',#10885);
#3445=VERTEX_POINT('',#10887);
#3446=VERTEX_POINT('',#10890);
#3447=VERTEX_POINT('',#10891);
#3448=VERTEX_POINT('',#10893);
#3449=VERTEX_POINT('',#10895);
#3450=VERTEX_POINT('',#10897);
#3451=VERTEX_POINT('',#10899);
#3452=VERTEX_POINT('',#10902);
#3453=VERTEX_POINT('',#10903);
#3454=VERTEX_POINT('',#10905);
#3455=VERTEX_POINT('',#10907);
#3456=VERTEX_POINT('',#10909);
#3457=VERTEX_POINT('',#10911);
#3458=VERTEX_POINT('',#11036);
#3459=VERTEX_POINT('',#11040);
#3460=VERTEX_POINT('',#11043);
#3461=VERTEX_POINT('',#11044);
#3462=VERTEX_POINT('',#11046);
#3463=VERTEX_POINT('',#11048);
#3464=VERTEX_POINT('',#11050);
#3465=VERTEX_POINT('',#11054);
#3466=VERTEX_POINT('',#11056);
#3467=VERTEX_POINT('',#11060);
#3468=VERTEX_POINT('',#11062);
#3469=VERTEX_POINT('',#11066);
#3470=VERTEX_POINT('',#11070);
#3471=VERTEX_POINT('',#11078);
#3472=VERTEX_POINT('',#11080);
#3473=VERTEX_POINT('',#11084);
#3474=VERTEX_POINT('',#11086);
#3475=VERTEX_POINT('',#11090);
#3476=VERTEX_POINT('',#11094);
#3477=VERTEX_POINT('',#11102);
#3478=VERTEX_POINT('',#11104);
#3479=VERTEX_POINT('',#11108);
#3480=VERTEX_POINT('',#11110);
#3481=VERTEX_POINT('',#11114);
#3482=VERTEX_POINT('',#11118);
#3483=VERTEX_POINT('',#11126);
#3484=VERTEX_POINT('',#11128);
#3485=VERTEX_POINT('',#11132);
#3486=VERTEX_POINT('',#11134);
#3487=VERTEX_POINT('',#11138);
#3488=VERTEX_POINT('',#11142);
#3489=VERTEX_POINT('',#11150);
#3490=VERTEX_POINT('',#11152);
#3491=VERTEX_POINT('',#11156);
#3492=VERTEX_POINT('',#11158);
#3493=VERTEX_POINT('',#11162);
#3494=VERTEX_POINT('',#11166);
#3495=VERTEX_POINT('',#11174);
#3496=VERTEX_POINT('',#11176);
#3497=VERTEX_POINT('',#11180);
#3498=VERTEX_POINT('',#11186);
#3499=VERTEX_POINT('',#11188);
#3500=VERTEX_POINT('',#11192);
#3501=VERTEX_POINT('',#11194);
#3502=VERTEX_POINT('',#11198);
#3503=VERTEX_POINT('',#11202);
#3504=VERTEX_POINT('',#11210);
#3505=VERTEX_POINT('',#11212);
#3506=VERTEX_POINT('',#11216);
#3507=VERTEX_POINT('',#11222);
#3508=VERTEX_POINT('',#11224);
#3509=VERTEX_POINT('',#11228);
#3510=VERTEX_POINT('',#11234);
#3511=VERTEX_POINT('',#11236);
#3512=VERTEX_POINT('',#11240);
#3513=VERTEX_POINT('',#11242);
#3514=VERTEX_POINT('',#11246);
#3515=VERTEX_POINT('',#11250);
#3516=VERTEX_POINT('',#11258);
#3517=VERTEX_POINT('',#11260);
#3518=VERTEX_POINT('',#11264);
#3519=VERTEX_POINT('',#11266);
#3520=VERTEX_POINT('',#11270);
#3521=VERTEX_POINT('',#11274);
#3522=EDGE_CURVE('',#2884,#2885,#2674,.F.);
#3523=EDGE_CURVE('',#2885,#2886,#1136,.T.);
#3524=EDGE_CURVE('',#2886,#2887,#2675,.F.);
#3525=EDGE_CURVE('',#2887,#2884,#1137,.T.);
#3526=EDGE_CURVE('',#2888,#2887,#1138,.T.);
#3527=EDGE_CURVE('',#2888,#2889,#1139,.T.);
#3528=EDGE_CURVE('',#2889,#2884,#1140,.T.);
#3529=EDGE_CURVE('',#2890,#2885,#2676,.F.);
#3530=EDGE_CURVE('',#2890,#2891,#1141,.T.);
#3531=EDGE_CURVE('',#2886,#2891,#1142,.T.);
#3532=EDGE_CURVE('',#2892,#2893,#2677,.F.);
#3533=EDGE_CURVE('',#2893,#2894,#1143,.T.);
#3534=EDGE_CURVE('',#2894,#2895,#2678,.F.);
#3535=EDGE_CURVE('',#2895,#2892,#1144,.T.);
#3536=EDGE_CURVE('',#2896,#2893,#1145,.T.);
#3537=EDGE_CURVE('',#2897,#2896,#1146,.T.);
#3538=EDGE_CURVE('',#2894,#2897,#1147,.T.);
#3539=EDGE_CURVE('',#2898,#2895,#1148,.T.);
#3540=EDGE_CURVE('',#2898,#2899,#1149,.T.);
#3541=EDGE_CURVE('',#2892,#2899,#2679,.F.);
#3542=EDGE_CURVE('',#2900,#2901,#1150,.T.);
#3543=EDGE_CURVE('',#2901,#2902,#2680,.T.);
#3544=EDGE_CURVE('',#2902,#2903,#1151,.T.);
#3545=EDGE_CURVE('',#2904,#2903,#2681,.F.);
#3546=EDGE_CURVE('',#2904,#2905,#1152,.T.);
#3547=EDGE_CURVE('',#2900,#2905,#1153,.T.);
#3548=EDGE_CURVE('',#2906,#2907,#2682,.F.);
#3549=EDGE_CURVE('',#2907,#2908,#1154,.T.);
#3550=EDGE_CURVE('',#2908,#2909,#2683,.F.);
#3551=EDGE_CURVE('',#2909,#2906,#1155,.T.);
#3552=EDGE_CURVE('',#2910,#2909,#1156,.T.);
#3553=EDGE_CURVE('',#2911,#2910,#1157,.T.);
#3554=EDGE_CURVE('',#2911,#2906,#1158,.T.);
#3555=EDGE_CURVE('',#2912,#2907,#2684,.F.);
#3556=EDGE_CURVE('',#2912,#2913,#1159,.T.);
#3557=EDGE_CURVE('',#2908,#2913,#1160,.T.);
#3558=EDGE_CURVE('',#2914,#2915,#2685,.F.);
#3559=EDGE_CURVE('',#2915,#2916,#1161,.T.);
#3560=EDGE_CURVE('',#2916,#2917,#2686,.F.);
#3561=EDGE_CURVE('',#2917,#2914,#1162,.T.);
#3562=EDGE_CURVE('',#2918,#2915,#1163,.T.);
#3563=EDGE_CURVE('',#2918,#2919,#1164,.T.);
#3564=EDGE_CURVE('',#2916,#2919,#1165,.T.);
#3565=EDGE_CURVE('',#2920,#2917,#1166,.T.);
#3566=EDGE_CURVE('',#2920,#2921,#1167,.T.);
#3567=EDGE_CURVE('',#2921,#2922,#1168,.T.);
#3568=EDGE_CURVE('',#2923,#2922,#1169,.T.);
#3569=EDGE_CURVE('',#2923,#2924,#1170,.T.);
#3570=EDGE_CURVE('',#2925,#2924,#2687,.F.);
#3571=EDGE_CURVE('',#2925,#2926,#1171,.T.);
#3572=EDGE_CURVE('',#2926,#2914,#2688,.T.);
#3573=EDGE_CURVE('',#2927,#2928,#1172,.T.);
#3574=EDGE_CURVE('',#2927,#2929,#2689,.T.);
#3575=EDGE_CURVE('',#2929,#2930,#1173,.T.);
#3576=EDGE_CURVE('',#2931,#2930,#2690,.F.);
#3577=EDGE_CURVE('',#2931,#2932,#1174,.T.);
#3578=EDGE_CURVE('',#2933,#2932,#2691,.F.);
#3579=EDGE_CURVE('',#2933,#2934,#1175,.T.);
#3580=EDGE_CURVE('',#2934,#2928,#2692,.T.);
#3581=EDGE_CURVE('',#2935,#2936,#2693,.F.);
#3582=EDGE_CURVE('',#2936,#2937,#1176,.T.);
#3583=EDGE_CURVE('',#2937,#2938,#2694,.F.);
#3584=EDGE_CURVE('',#2938,#2935,#1177,.T.);
#3585=EDGE_CURVE('',#2939,#2936,#1178,.T.);
#3586=EDGE_CURVE('',#2939,#2940,#1179,.T.);
#3587=EDGE_CURVE('',#2937,#2940,#1180,.T.);
#3588=EDGE_CURVE('',#2941,#2938,#1181,.T.);
#3589=EDGE_CURVE('',#2941,#2942,#1182,.T.);
#3590=EDGE_CURVE('',#2935,#2942,#2695,.F.);
#3591=EDGE_CURVE('',#2943,#2944,#1183,.T.);
#3592=EDGE_CURVE('',#2945,#2943,#2696,.F.);
#3593=EDGE_CURVE('',#2945,#2946,#1184,.T.);
#3594=EDGE_CURVE('',#2947,#2946,#2697,.F.);
#3595=EDGE_CURVE('',#2947,#2948,#1185,.T.);
#3596=EDGE_CURVE('',#2949,#2948,#2698,.F.);
#3597=EDGE_CURVE('',#2949,#2950,#1186,.T.);
#3598=EDGE_CURVE('',#2944,#2950,#2699,.F.);
#3599=EDGE_CURVE('',#2951,#2952,#2700,.F.);
#3600=EDGE_CURVE('',#2952,#2953,#1187,.T.);
#3601=EDGE_CURVE('',#2953,#2954,#2701,.F.);
#3602=EDGE_CURVE('',#2954,#2951,#1188,.T.);
#3603=EDGE_CURVE('',#2955,#2952,#2702,.F.);
#3604=EDGE_CURVE('',#2955,#2956,#1189,.T.);
#3605=EDGE_CURVE('',#2957,#2956,#2703,.F.);
#3606=EDGE_CURVE('',#2957,#2958,#1190,.T.);
#3607=EDGE_CURVE('',#2959,#2958,#1191,.T.);
#3608=EDGE_CURVE('',#2959,#2960,#1192,.T.);
#3609=EDGE_CURVE('',#2960,#2961,#1193,.T.);
#3610=EDGE_CURVE('',#2953,#2961,#1194,.T.);
#3611=EDGE_CURVE('',#2962,#2963,#2704,.F.);
#3612=EDGE_CURVE('',#2963,#2902,#1195,.T.);
#3613=EDGE_CURVE('',#2901,#2962,#1196,.T.);
#3614=EDGE_CURVE('',#2899,#2890,#1197,.T.);
#3615=EDGE_CURVE('',#2885,#2892,#1198,.T.);
#3616=EDGE_CURVE('',#2964,#2965,#1199,.T.);
#3617=EDGE_CURVE('',#2964,#2966,#1200,.T.);
#3618=EDGE_CURVE('',#2967,#2966,#1201,.T.);
#3619=EDGE_CURVE('',#2965,#2967,#1202,.T.);
#3620=EDGE_CURVE('',#2891,#2898,#1203,.T.);
#3621=EDGE_CURVE('',#2965,#2968,#2705,.T.);
#3622=EDGE_CURVE('',#2968,#2969,#1204,.T.);
#3623=EDGE_CURVE('',#2969,#2964,#2706,.T.);
#3624=EDGE_CURVE('',#2969,#2970,#1205,.T.);
#3625=EDGE_CURVE('',#2970,#2971,#1206,.T.);
#3626=EDGE_CURVE('',#2972,#2971,#1207,.T.);
#3627=EDGE_CURVE('',#2973,#2972,#1208,.T.);
#3628=EDGE_CURVE('',#2974,#2973,#1209,.T.);
#3629=EDGE_CURVE('',#2975,#2974,#2707,.T.);
#3630=EDGE_CURVE('',#2975,#2976,#1210,.T.);
#3631=EDGE_CURVE('',#2966,#2976,#1211,.T.);
#3632=EDGE_CURVE('',#2977,#2940,#1212,.T.);
#3633=EDGE_CURVE('',#2939,#2978,#1213,.T.);
#3634=EDGE_CURVE('',#2978,#2977,#1214,.T.);
#3635=EDGE_CURVE('',#2979,#2980,#1215,.T.);
#3636=EDGE_CURVE('',#2980,#2981,#1216,.T.);
#3637=EDGE_CURVE('',#2982,#2981,#1217,.T.);
#3638=EDGE_CURVE('',#2983,#2982,#2708,.T.);
#3639=EDGE_CURVE('',#2983,#2979,#1218,.T.);
#3640=EDGE_CURVE('',#2888,#2984,#1219,.T.);
#3641=EDGE_CURVE('',#2985,#2984,#2709,.T.);
#3642=EDGE_CURVE('',#2985,#2986,#1220,.T.);
#3643=EDGE_CURVE('',#2986,#2889,#1221,.T.);
#3644=EDGE_CURVE('',#2903,#2987,#1222,.T.);
#3645=EDGE_CURVE('',#2987,#2988,#2710,.F.);
#3646=EDGE_CURVE('',#2988,#2904,#1223,.T.);
#3647=EDGE_CURVE('',#2987,#2963,#1224,.T.);
#3648=EDGE_CURVE('',#2989,#2990,#2711,.T.);
#3649=EDGE_CURVE('',#2990,#2975,#1225,.T.);
#3650=EDGE_CURVE('',#2974,#2989,#1226,.T.);
#3651=EDGE_CURVE('',#2990,#2991,#1227,.T.);
#3652=EDGE_CURVE('',#2976,#2991,#1228,.T.);
#3653=EDGE_CURVE('',#2913,#2941,#1229,.T.);
#3654=EDGE_CURVE('',#2942,#2912,#1230,.T.);
#3655=EDGE_CURVE('',#2932,#2947,#1231,.T.);
#3656=EDGE_CURVE('',#2946,#2933,#1232,.T.);
#3657=EDGE_CURVE('',#2958,#2973,#1233,.T.);
#3658=EDGE_CURVE('',#2924,#2957,#1234,.T.);
#3659=EDGE_CURVE('',#2992,#2923,#1235,.T.);
#3660=EDGE_CURVE('',#2989,#2992,#1236,.T.);
#3661=EDGE_CURVE('',#2948,#2931,#1237,.T.);
#3662=EDGE_CURVE('',#2907,#2935,#1238,.T.);
#3663=EDGE_CURVE('',#2943,#2928,#1239,.T.);
#3664=EDGE_CURVE('',#2934,#2945,#1240,.T.);
#3665=EDGE_CURVE('',#2952,#2914,#1241,.T.);
#3666=EDGE_CURVE('',#2926,#2955,#1242,.T.);
#3667=EDGE_CURVE('',#2956,#2925,#1243,.T.);
#3668=EDGE_CURVE('',#2950,#2929,#1244,.T.);
#3669=EDGE_CURVE('',#2927,#2944,#1245,.T.);
#3670=EDGE_CURVE('',#2930,#2949,#1246,.T.);
#3671=EDGE_CURVE('',#2993,#2968,#1247,.T.);
#3672=EDGE_CURVE('',#2905,#2993,#1248,.T.);
#3673=EDGE_CURVE('',#2994,#2988,#1249,.T.);
#3674=EDGE_CURVE('',#2970,#2994,#1250,.T.);
#3675=EDGE_CURVE('',#2995,#2962,#1251,.T.);
#3676=EDGE_CURVE('',#2994,#2995,#1252,.T.);
#3677=EDGE_CURVE('',#2961,#2979,#1253,.T.);
#3678=EDGE_CURVE('',#2980,#2960,#1254,.T.);
#3679=EDGE_CURVE('',#2977,#2954,#1255,.T.);
#3680=EDGE_CURVE('',#2978,#2951,#1256,.T.);
#3681=EDGE_CURVE('',#2981,#2959,#1257,.T.);
#3682=EDGE_CURVE('',#2996,#2983,#1258,.T.);
#3683=EDGE_CURVE('',#2996,#2997,#1259,.T.);
#3684=EDGE_CURVE('',#2997,#2920,#1260,.T.);
#3685=EDGE_CURVE('',#2919,#2910,#1261,.T.);
#3686=EDGE_CURVE('',#2995,#2986,#1262,.T.);
#3687=EDGE_CURVE('',#2998,#2900,#1263,.T.);
#3688=EDGE_CURVE('',#2998,#2896,#1264,.T.);
#3689=EDGE_CURVE('',#2897,#2999,#1265,.T.);
#3690=EDGE_CURVE('',#2984,#2999,#1266,.T.);
#3691=EDGE_CURVE('',#2922,#3000,#1267,.T.);
#3692=EDGE_CURVE('',#3001,#2921,#1268,.T.);
#3693=EDGE_CURVE('',#3001,#3000,#1269,.T.);
#3694=EDGE_CURVE('',#2997,#3001,#1270,.T.);
#3695=EDGE_CURVE('',#2911,#2918,#1271,.T.);
#3696=EDGE_CURVE('',#3002,#2972,#2712,.T.);
#3697=EDGE_CURVE('',#3003,#3002,#1272,.T.);
#3698=EDGE_CURVE('',#3004,#3003,#2713,.T.);
#3699=EDGE_CURVE('',#2992,#3004,#1273,.T.);
#3700=EDGE_CURVE('',#3005,#3000,#1274,.T.);
#3701=EDGE_CURVE('',#2982,#3005,#1275,.T.);
#3702=EDGE_CURVE('',#3006,#3007,#1276,.T.);
#3703=EDGE_CURVE('',#3008,#3006,#1277,.T.);
#3704=EDGE_CURVE('',#3009,#3008,#1278,.T.);
#3705=EDGE_CURVE('',#3007,#3009,#1279,.T.);
#3706=EDGE_CURVE('',#3010,#3011,#1280,.T.);
#3707=EDGE_CURVE('',#3012,#3011,#1281,.T.);
#3708=EDGE_CURVE('',#3013,#3012,#1282,.T.);
#3709=EDGE_CURVE('',#3010,#3013,#1283,.T.);
#3710=EDGE_CURVE('',#3014,#3015,#2714,.T.);
#3711=EDGE_CURVE('',#3016,#3014,#1284,.T.);
#3712=EDGE_CURVE('',#3017,#3016,#2715,.T.);
#3713=EDGE_CURVE('',#3018,#3017,#1285,.T.);
#3714=EDGE_CURVE('',#3019,#3018,#2716,.T.);
#3715=EDGE_CURVE('',#3020,#3019,#1286,.T.);
#3716=EDGE_CURVE('',#3021,#3020,#2717,.T.);
#3717=EDGE_CURVE('',#3015,#3021,#1287,.T.);
#3718=EDGE_CURVE('',#3022,#3023,#2718,.T.);
#3719=EDGE_CURVE('',#3024,#3022,#1288,.T.);
#3720=EDGE_CURVE('',#3025,#3024,#2719,.T.);
#3721=EDGE_CURVE('',#3026,#3025,#1289,.T.);
#3722=EDGE_CURVE('',#3027,#3026,#2720,.T.);
#3723=EDGE_CURVE('',#3028,#3027,#1290,.T.);
#3724=EDGE_CURVE('',#3029,#3028,#2721,.T.);
#3725=EDGE_CURVE('',#3023,#3029,#1291,.T.);
#3726=EDGE_CURVE('',#3030,#3030,#2722,.T.);
#3727=EDGE_CURVE('',#3031,#3032,#1292,.T.);
#3728=EDGE_CURVE('',#3032,#3033,#2723,.T.);
#3729=EDGE_CURVE('',#3033,#3034,#1293,.T.);
#3730=EDGE_CURVE('',#3034,#3031,#2724,.T.);
#3731=EDGE_CURVE('',#3035,#3036,#1294,.T.);
#3732=EDGE_CURVE('',#3036,#3037,#2725,.T.);
#3733=EDGE_CURVE('',#3037,#3038,#1295,.T.);
#3734=EDGE_CURVE('',#3038,#3035,#2726,.T.);
#3735=EDGE_CURVE('',#3039,#3039,#2727,.T.);
#3736=EDGE_CURVE('',#3040,#3040,#2728,.T.);
#3737=EDGE_CURVE('',#3041,#3042,#1296,.T.);
#3738=EDGE_CURVE('',#3042,#3043,#2729,.T.);
#3739=EDGE_CURVE('',#3043,#3044,#1297,.T.);
#3740=EDGE_CURVE('',#3044,#3041,#2730,.T.);
#3741=EDGE_CURVE('',#3045,#3046,#1298,.T.);
#3742=EDGE_CURVE('',#3046,#3047,#2731,.T.);
#3743=EDGE_CURVE('',#3047,#3048,#1299,.T.);
#3744=EDGE_CURVE('',#3048,#3045,#2732,.T.);
#3745=EDGE_CURVE('',#3049,#3049,#2733,.T.);
#3746=EDGE_CURVE('',#3050,#3051,#2734,.T.);
#3747=EDGE_CURVE('',#3051,#3052,#1300,.T.);
#3748=EDGE_CURVE('',#3052,#3053,#2735,.T.);
#3749=EDGE_CURVE('',#3053,#3050,#1301,.T.);
#3750=EDGE_CURVE('',#3054,#3055,#1302,.T.);
#3751=EDGE_CURVE('',#3055,#3056,#2736,.T.);
#3752=EDGE_CURVE('',#3056,#3057,#1303,.T.);
#3753=EDGE_CURVE('',#3057,#3054,#2737,.T.);
#3754=EDGE_CURVE('',#3058,#3059,#2738,.T.);
#3755=EDGE_CURVE('',#3059,#3060,#1304,.T.);
#3756=EDGE_CURVE('',#3060,#3061,#2739,.T.);
#3757=EDGE_CURVE('',#3061,#3058,#1305,.T.);
#3758=EDGE_CURVE('',#3062,#3063,#2740,.T.);
#3759=EDGE_CURVE('',#3063,#3064,#1306,.T.);
#3760=EDGE_CURVE('',#3064,#3065,#2741,.T.);
#3761=EDGE_CURVE('',#3065,#3062,#1307,.T.);
#3762=EDGE_CURVE('',#3066,#3067,#2742,.T.);
#3763=EDGE_CURVE('',#3068,#3066,#1308,.T.);
#3764=EDGE_CURVE('',#3069,#3068,#2743,.T.);
#3765=EDGE_CURVE('',#3070,#3069,#1309,.T.);
#3766=EDGE_CURVE('',#3071,#3070,#2744,.T.);
#3767=EDGE_CURVE('',#3072,#3071,#1310,.T.);
#3768=EDGE_CURVE('',#3073,#3072,#2745,.T.);
#3769=EDGE_CURVE('',#3067,#3073,#1311,.T.);
#3770=EDGE_CURVE('',#3074,#3075,#1312,.T.);
#3771=EDGE_CURVE('',#3076,#3074,#1313,.T.);
#3772=EDGE_CURVE('',#3077,#3076,#1314,.T.);
#3773=EDGE_CURVE('',#3075,#3077,#1315,.T.);
#3774=EDGE_CURVE('',#2991,#2967,#1316,.T.);
#3775=EDGE_CURVE('',#3078,#3004,#1317,.T.);
#3776=EDGE_CURVE('',#2993,#3078,#1318,.T.);
#3777=EDGE_CURVE('',#3005,#2996,#2746,.T.);
#3778=EDGE_CURVE('',#3079,#2998,#1319,.T.);
#3779=EDGE_CURVE('',#2999,#3079,#2747,.T.);
#3780=EDGE_CURVE('',#3079,#2985,#1320,.T.);
#3781=EDGE_CURVE('',#2971,#3080,#2748,.T.);
#3782=EDGE_CURVE('',#3080,#3002,#1321,.T.);
#3783=EDGE_CURVE('',#3003,#3081,#1322,.T.);
#3784=EDGE_CURVE('',#3081,#3078,#2749,.T.);
#3785=EDGE_CURVE('',#3080,#3081,#1323,.T.);
#3786=EDGE_CURVE('',#3082,#3083,#2750,.T.);
#3787=EDGE_CURVE('',#3084,#3082,#1324,.T.);
#3788=EDGE_CURVE('',#3085,#3084,#2751,.T.);
#3789=EDGE_CURVE('',#3086,#3085,#1325,.T.);
#3790=EDGE_CURVE('',#3087,#3086,#2752,.T.);
#3791=EDGE_CURVE('',#3088,#3087,#1326,.T.);
#3792=EDGE_CURVE('',#3089,#3088,#2753,.T.);
#3793=EDGE_CURVE('',#3083,#3089,#1327,.T.);
#3794=EDGE_CURVE('',#3090,#3091,#2754,.T.);
#3795=EDGE_CURVE('',#3092,#3090,#1328,.T.);
#3796=EDGE_CURVE('',#3093,#3092,#2755,.T.);
#3797=EDGE_CURVE('',#3094,#3093,#1329,.T.);
#3798=EDGE_CURVE('',#3095,#3094,#2756,.T.);
#3799=EDGE_CURVE('',#3096,#3095,#1330,.T.);
#3800=EDGE_CURVE('',#3097,#3096,#2757,.T.);
#3801=EDGE_CURVE('',#3091,#3097,#1331,.T.);
#3802=EDGE_CURVE('',#3098,#3099,#2758,.T.);
#3803=EDGE_CURVE('',#3099,#3100,#1332,.T.);
#3804=EDGE_CURVE('',#3100,#3101,#2759,.T.);
#3805=EDGE_CURVE('',#3101,#3098,#1333,.T.);
#3806=EDGE_CURVE('',#3102,#3103,#1334,.T.);
#3807=EDGE_CURVE('',#3103,#3104,#1335,.T.);
#3808=EDGE_CURVE('',#3104,#3105,#1336,.T.);
#3809=EDGE_CURVE('',#3105,#3106,#1337,.T.);
#3810=EDGE_CURVE('',#3106,#3107,#1338,.T.);
#3811=EDGE_CURVE('',#3107,#3102,#1339,.T.);
#3812=EDGE_CURVE('',#3108,#3109,#1340,.T.);
#3813=EDGE_CURVE('',#3109,#3110,#1341,.T.);
#3814=EDGE_CURVE('',#3110,#3111,#1342,.T.);
#3815=EDGE_CURVE('',#3111,#3108,#1343,.T.);
#3816=EDGE_CURVE('',#3112,#3113,#1344,.T.);
#3817=EDGE_CURVE('',#3113,#3114,#1345,.T.);
#3818=EDGE_CURVE('',#3114,#3115,#1346,.T.);
#3819=EDGE_CURVE('',#3115,#3112,#1347,.T.);
#3820=EDGE_CURVE('',#3116,#3117,#1348,.T.);
#3821=EDGE_CURVE('',#3117,#3118,#1349,.T.);
#3822=EDGE_CURVE('',#3118,#3119,#1350,.T.);
#3823=EDGE_CURVE('',#3119,#3116,#1351,.T.);
#3824=EDGE_CURVE('',#3120,#3121,#1352,.T.);
#3825=EDGE_CURVE('',#3121,#3122,#1353,.T.);
#3826=EDGE_CURVE('',#3122,#3123,#1354,.T.);
#3827=EDGE_CURVE('',#3123,#3124,#1355,.T.);
#3828=EDGE_CURVE('',#3124,#3125,#1356,.T.);
#3829=EDGE_CURVE('',#3125,#3120,#1357,.T.);
#3830=EDGE_CURVE('',#3126,#3127,#1358,.T.);
#3831=EDGE_CURVE('',#3127,#3128,#1359,.T.);
#3832=EDGE_CURVE('',#3128,#3129,#1360,.T.);
#3833=EDGE_CURVE('',#3129,#3126,#1361,.T.);
#3834=EDGE_CURVE('',#3130,#3131,#1362,.T.);
#3835=EDGE_CURVE('',#3131,#3132,#1363,.T.);
#3836=EDGE_CURVE('',#3132,#3133,#1364,.T.);
#3837=EDGE_CURVE('',#3133,#3130,#1365,.T.);
#3838=EDGE_CURVE('',#3134,#3135,#1366,.T.);
#3839=EDGE_CURVE('',#3135,#3136,#1367,.T.);
#3840=EDGE_CURVE('',#3136,#3137,#1368,.T.);
#3841=EDGE_CURVE('',#3137,#3138,#1369,.T.);
#3842=EDGE_CURVE('',#3138,#3139,#1370,.T.);
#3843=EDGE_CURVE('',#3139,#3134,#1371,.T.);
#3844=EDGE_CURVE('',#3140,#3141,#1372,.T.);
#3845=EDGE_CURVE('',#3141,#3142,#1373,.T.);
#3846=EDGE_CURVE('',#3142,#3143,#1374,.T.);
#3847=EDGE_CURVE('',#3143,#3140,#1375,.T.);
#3848=EDGE_CURVE('',#3144,#3145,#1376,.T.);
#3849=EDGE_CURVE('',#3145,#3146,#1377,.T.);
#3850=EDGE_CURVE('',#3146,#3147,#1378,.T.);
#3851=EDGE_CURVE('',#3147,#3144,#1379,.T.);
#3852=EDGE_CURVE('',#3148,#3149,#1380,.T.);
#3853=EDGE_CURVE('',#3149,#3150,#1381,.T.);
#3854=EDGE_CURVE('',#3150,#3151,#1382,.T.);
#3855=EDGE_CURVE('',#3151,#3148,#1383,.T.);
#3856=EDGE_CURVE('',#3152,#3153,#1384,.T.);
#3857=EDGE_CURVE('',#3153,#3154,#1385,.T.);
#3858=EDGE_CURVE('',#3154,#3155,#1386,.T.);
#3859=EDGE_CURVE('',#3155,#3156,#1387,.T.);
#3860=EDGE_CURVE('',#3156,#3157,#1388,.T.);
#3861=EDGE_CURVE('',#3157,#3152,#1389,.T.);
#3862=EDGE_CURVE('',#3158,#3159,#1390,.T.);
#3863=EDGE_CURVE('',#3159,#3160,#1391,.T.);
#3864=EDGE_CURVE('',#3160,#3161,#1392,.T.);
#3865=EDGE_CURVE('',#3161,#3158,#1393,.T.);
#3866=EDGE_CURVE('',#3162,#3163,#1394,.T.);
#3867=EDGE_CURVE('',#3163,#3164,#1395,.T.);
#3868=EDGE_CURVE('',#3164,#3165,#1396,.T.);
#3869=EDGE_CURVE('',#3165,#3162,#1397,.T.);
#3870=EDGE_CURVE('',#3166,#3167,#1398,.T.);
#3871=EDGE_CURVE('',#3167,#3168,#1399,.T.);
#3872=EDGE_CURVE('',#3168,#3169,#1400,.T.);
#3873=EDGE_CURVE('',#3169,#3166,#1401,.T.);
#3874=EDGE_CURVE('',#3170,#3171,#1402,.T.);
#3875=EDGE_CURVE('',#3171,#3172,#1403,.T.);
#3876=EDGE_CURVE('',#3172,#3173,#1404,.T.);
#3877=EDGE_CURVE('',#3173,#3174,#1405,.T.);
#3878=EDGE_CURVE('',#3174,#3175,#1406,.T.);
#3879=EDGE_CURVE('',#3175,#3170,#1407,.T.);
#3880=EDGE_CURVE('',#3176,#3177,#1408,.T.);
#3881=EDGE_CURVE('',#3177,#3178,#1409,.T.);
#3882=EDGE_CURVE('',#3178,#3179,#1410,.T.);
#3883=EDGE_CURVE('',#3179,#3176,#1411,.T.);
#3884=EDGE_CURVE('',#3180,#3181,#1412,.T.);
#3885=EDGE_CURVE('',#3181,#3182,#1413,.T.);
#3886=EDGE_CURVE('',#3182,#3183,#1414,.T.);
#3887=EDGE_CURVE('',#3183,#3180,#1415,.T.);
#3888=EDGE_CURVE('',#3184,#3185,#1416,.T.);
#3889=EDGE_CURVE('',#3185,#3186,#1417,.T.);
#3890=EDGE_CURVE('',#3186,#3187,#1418,.T.);
#3891=EDGE_CURVE('',#3187,#3184,#1419,.T.);
#3892=EDGE_CURVE('',#3188,#3189,#1420,.T.);
#3893=EDGE_CURVE('',#3189,#3190,#1421,.T.);
#3894=EDGE_CURVE('',#3190,#3191,#1422,.T.);
#3895=EDGE_CURVE('',#3191,#3192,#1423,.T.);
#3896=EDGE_CURVE('',#3192,#3193,#1424,.T.);
#3897=EDGE_CURVE('',#3193,#3188,#1425,.T.);
#3898=EDGE_CURVE('',#3194,#3195,#1426,.T.);
#3899=EDGE_CURVE('',#3195,#3196,#1427,.T.);
#3900=EDGE_CURVE('',#3196,#3197,#1428,.T.);
#3901=EDGE_CURVE('',#3197,#3194,#1429,.T.);
#3902=EDGE_CURVE('',#3198,#3199,#1430,.T.);
#3903=EDGE_CURVE('',#3199,#3200,#1431,.T.);
#3904=EDGE_CURVE('',#3200,#3201,#1432,.T.);
#3905=EDGE_CURVE('',#3201,#3198,#1433,.T.);
#3906=EDGE_CURVE('',#3202,#3203,#1434,.T.);
#3907=EDGE_CURVE('',#3203,#3204,#1435,.T.);
#3908=EDGE_CURVE('',#3204,#3205,#1436,.T.);
#3909=EDGE_CURVE('',#3205,#3202,#1437,.T.);
#3910=EDGE_CURVE('',#3206,#3207,#1438,.T.);
#3911=EDGE_CURVE('',#3207,#3208,#1439,.T.);
#3912=EDGE_CURVE('',#3208,#3209,#1440,.T.);
#3913=EDGE_CURVE('',#3209,#3210,#1441,.T.);
#3914=EDGE_CURVE('',#3210,#3211,#1442,.T.);
#3915=EDGE_CURVE('',#3211,#3206,#1443,.T.);
#3916=EDGE_CURVE('',#3212,#3213,#1444,.T.);
#3917=EDGE_CURVE('',#3213,#3214,#1445,.T.);
#3918=EDGE_CURVE('',#3214,#3215,#1446,.T.);
#3919=EDGE_CURVE('',#3215,#3212,#1447,.T.);
#3920=EDGE_CURVE('',#3216,#3217,#1448,.T.);
#3921=EDGE_CURVE('',#3217,#3218,#1449,.T.);
#3922=EDGE_CURVE('',#3218,#3219,#1450,.T.);
#3923=EDGE_CURVE('',#3219,#3216,#1451,.T.);
#3924=EDGE_CURVE('',#3220,#3221,#1452,.T.);
#3925=EDGE_CURVE('',#3221,#3222,#1453,.T.);
#3926=EDGE_CURVE('',#3222,#3223,#1454,.T.);
#3927=EDGE_CURVE('',#3223,#3220,#1455,.T.);
#3928=EDGE_CURVE('',#3224,#3225,#1456,.T.);
#3929=EDGE_CURVE('',#3225,#3226,#1457,.T.);
#3930=EDGE_CURVE('',#3226,#3227,#1458,.T.);
#3931=EDGE_CURVE('',#3227,#3228,#1459,.T.);
#3932=EDGE_CURVE('',#3228,#3229,#1460,.T.);
#3933=EDGE_CURVE('',#3229,#3224,#1461,.T.);
#3934=EDGE_CURVE('',#3230,#3231,#1462,.T.);
#3935=EDGE_CURVE('',#3231,#3232,#1463,.T.);
#3936=EDGE_CURVE('',#3232,#3233,#1464,.T.);
#3937=EDGE_CURVE('',#3233,#3230,#1465,.T.);
#3938=EDGE_CURVE('',#3234,#3235,#1466,.T.);
#3939=EDGE_CURVE('',#3235,#3236,#1467,.T.);
#3940=EDGE_CURVE('',#3236,#3237,#1468,.T.);
#3941=EDGE_CURVE('',#3237,#3234,#1469,.T.);
#3942=EDGE_CURVE('',#3238,#3239,#1470,.T.);
#3943=EDGE_CURVE('',#3239,#3240,#1471,.T.);
#3944=EDGE_CURVE('',#3240,#3241,#1472,.T.);
#3945=EDGE_CURVE('',#3241,#3238,#1473,.T.);
#3946=EDGE_CURVE('',#3242,#3243,#1474,.T.);
#3947=EDGE_CURVE('',#3243,#3244,#1475,.T.);
#3948=EDGE_CURVE('',#3244,#3245,#1476,.T.);
#3949=EDGE_CURVE('',#3245,#3246,#1477,.T.);
#3950=EDGE_CURVE('',#3246,#3247,#1478,.T.);
#3951=EDGE_CURVE('',#3247,#3242,#1479,.T.);
#3952=EDGE_CURVE('',#3248,#3249,#1480,.T.);
#3953=EDGE_CURVE('',#3249,#3250,#1481,.T.);
#3954=EDGE_CURVE('',#3250,#3251,#1482,.T.);
#3955=EDGE_CURVE('',#3251,#3248,#1483,.T.);
#3956=EDGE_CURVE('',#3252,#3253,#2760,.T.);
#3957=EDGE_CURVE('',#3254,#3252,#1484,.T.);
#3958=EDGE_CURVE('',#3255,#3254,#2761,.T.);
#3959=EDGE_CURVE('',#3256,#3255,#1485,.T.);
#3960=EDGE_CURVE('',#3257,#3256,#2762,.T.);
#3961=EDGE_CURVE('',#3258,#3257,#1486,.T.);
#3962=EDGE_CURVE('',#3259,#3258,#2763,.T.);
#3963=EDGE_CURVE('',#3253,#3259,#1487,.T.);
#3964=EDGE_CURVE('',#3007,#3260,#39,.T.);
#3965=EDGE_CURVE('',#3260,#3261,#1488,.T.);
#3966=EDGE_CURVE('',#3006,#3261,#40,.T.);
#3967=EDGE_CURVE('',#3009,#3262,#41,.T.);
#3968=EDGE_CURVE('',#3262,#3260,#1489,.T.);
#3969=EDGE_CURVE('',#3008,#3263,#42,.T.);
#3970=EDGE_CURVE('',#3263,#3262,#1490,.T.);
#3971=EDGE_CURVE('',#3261,#3263,#1491,.T.);
#3972=EDGE_CURVE('',#3261,#3110,#1492,.T.);
#3973=EDGE_CURVE('',#3264,#3109,#1493,.T.);
#3974=EDGE_CURVE('',#3264,#3265,#1494,.T.);
#3975=EDGE_CURVE('',#3265,#3250,#1495,.T.);
#3976=EDGE_CURVE('',#3263,#3249,#1496,.T.);
#3977=EDGE_CURVE('',#3260,#3239,#1497,.T.);
#3978=EDGE_CURVE('',#3266,#3238,#1498,.T.);
#3979=EDGE_CURVE('',#3266,#3267,#1499,.T.);
#3980=EDGE_CURVE('',#3267,#3112,#1500,.T.);
#3981=EDGE_CURVE('',#3268,#3115,#1501,.T.);
#3982=EDGE_CURVE('',#3268,#3269,#1502,.T.);
#3983=EDGE_CURVE('',#3269,#3181,#1503,.T.);
#3984=EDGE_CURVE('',#3270,#3180,#1504,.T.);
#3985=EDGE_CURVE('',#3270,#3271,#1505,.T.);
#3986=EDGE_CURVE('',#3271,#3111,#1506,.T.);
#3987=EDGE_CURVE('',#3272,#3273,#1507,.T.);
#3988=EDGE_CURVE('',#3273,#3010,#2764,.F.);
#3989=EDGE_CURVE('',#3013,#3272,#43,.T.);
#3990=EDGE_CURVE('',#3012,#3274,#44,.T.);
#3991=EDGE_CURVE('',#3274,#3272,#1508,.T.);
#3992=EDGE_CURVE('',#3011,#3275,#2765,.F.);
#3993=EDGE_CURVE('',#3275,#3274,#1509,.T.);
#3994=EDGE_CURVE('',#3272,#3131,#1510,.T.);
#3995=EDGE_CURVE('',#3276,#3130,#1511,.T.);
#3996=EDGE_CURVE('',#3276,#3277,#1512,.T.);
#3997=EDGE_CURVE('',#3277,#3205,#1513,.T.);
#3998=EDGE_CURVE('',#3278,#3204,#1514,.T.);
#3999=EDGE_CURVE('',#3278,#3279,#1515,.T.);
#4000=EDGE_CURVE('',#3279,#3144,#1516,.T.);
#4001=EDGE_CURVE('',#3280,#3147,#1517,.T.);
#4002=EDGE_CURVE('',#3280,#3281,#1518,.T.);
#4003=EDGE_CURVE('',#3281,#3212,#1519,.T.);
#4004=EDGE_CURVE('',#3273,#3215,#1520,.T.);
#4005=EDGE_CURVE('',#3274,#3151,#1521,.T.);
#4006=EDGE_CURVE('',#3282,#3150,#1522,.T.);
#4007=EDGE_CURVE('',#3282,#3283,#1523,.T.);
#4008=EDGE_CURVE('',#3283,#3132,#1524,.T.);
#4009=EDGE_CURVE('',#3275,#3142,#1525,.T.);
#4010=EDGE_CURVE('',#3284,#3141,#1526,.T.);
#4011=EDGE_CURVE('',#3284,#3285,#1527,.T.);
#4012=EDGE_CURVE('',#3285,#3216,#1528,.T.);
#4013=EDGE_CURVE('',#3286,#3219,#1529,.T.);
#4014=EDGE_CURVE('',#3286,#3287,#1530,.T.);
#4015=EDGE_CURVE('',#3287,#3221,#1531,.T.);
#4016=EDGE_CURVE('',#3288,#3220,#1532,.T.);
#4017=EDGE_CURVE('',#3288,#3289,#1533,.T.);
#4018=EDGE_CURVE('',#3289,#3148,#1534,.T.);
#4019=EDGE_CURVE('',#3075,#3290,#45,.T.);
#4020=EDGE_CURVE('',#3290,#3291,#1535,.T.);
#4021=EDGE_CURVE('',#3074,#3291,#46,.T.);
#4022=EDGE_CURVE('',#3077,#3292,#47,.T.);
#4023=EDGE_CURVE('',#3292,#3290,#1536,.T.);
#4024=EDGE_CURVE('',#3076,#3293,#48,.T.);
#4025=EDGE_CURVE('',#3293,#3292,#1537,.T.);
#4026=EDGE_CURVE('',#3291,#3293,#1538,.T.);
#4027=EDGE_CURVE('',#3291,#3165,#1539,.T.);
#4028=EDGE_CURVE('',#3294,#3164,#1540,.T.);
#4029=EDGE_CURVE('',#3294,#3295,#1541,.T.);
#4030=EDGE_CURVE('',#3295,#3237,#1542,.T.);
#4031=EDGE_CURVE('',#3293,#3236,#1543,.T.);
#4032=EDGE_CURVE('',#3290,#3127,#1544,.T.);
#4033=EDGE_CURVE('',#3296,#3126,#1545,.T.);
#4034=EDGE_CURVE('',#3296,#3297,#1546,.T.);
#4035=EDGE_CURVE('',#3297,#3233,#1547,.T.);
#4036=EDGE_CURVE('',#3298,#3232,#1548,.T.);
#4037=EDGE_CURVE('',#3298,#3299,#1549,.T.);
#4038=EDGE_CURVE('',#3299,#3116,#1550,.T.);
#4039=EDGE_CURVE('',#3300,#3119,#1551,.T.);
#4040=EDGE_CURVE('',#3300,#3301,#1552,.T.);
#4041=EDGE_CURVE('',#3301,#3162,#1553,.T.);
#4042=EDGE_CURVE('',#3302,#3082,#2766,.T.);
#4043=EDGE_CURVE('',#3083,#3303,#2767,.T.);
#4044=EDGE_CURVE('',#3303,#3302,#2768,.T.);
#4045=EDGE_CURVE('',#3089,#3304,#2769,.T.);
#4046=EDGE_CURVE('',#3304,#3303,#1554,.T.);
#4047=EDGE_CURVE('',#3088,#3305,#2770,.T.);
#4048=EDGE_CURVE('',#3305,#3304,#2771,.T.);
#4049=EDGE_CURVE('',#3087,#3306,#2772,.T.);
#4050=EDGE_CURVE('',#3306,#3305,#1555,.T.);
#4051=EDGE_CURVE('',#3086,#3307,#2773,.T.);
#4052=EDGE_CURVE('',#3307,#3306,#2774,.T.);
#4053=EDGE_CURVE('',#3085,#3308,#2775,.T.);
#4054=EDGE_CURVE('',#3308,#3307,#1556,.T.);
#4055=EDGE_CURVE('',#3084,#3309,#2776,.T.);
#4056=EDGE_CURVE('',#3309,#3308,#2777,.T.);
#4057=EDGE_CURVE('',#3302,#3309,#1557,.T.);
#4058=EDGE_CURVE('',#3310,#3308,#1558,.T.);
#4059=EDGE_CURVE('',#3311,#3310,#1559,.T.);
#4060=EDGE_CURVE('',#3307,#3311,#1560,.T.);
#4061=EDGE_CURVE('',#3309,#3312,#1561,.T.);
#4062=EDGE_CURVE('',#3310,#3312,#2778,.T.);
#4063=EDGE_CURVE('',#3313,#3302,#1562,.T.);
#4064=EDGE_CURVE('',#3312,#3313,#1563,.T.);
#4065=EDGE_CURVE('',#3303,#3314,#1564,.T.);
#4066=EDGE_CURVE('',#3313,#3314,#2779,.T.);
#4067=EDGE_CURVE('',#3315,#3014,#2780,.T.);
#4068=EDGE_CURVE('',#3015,#3316,#2781,.T.);
#4069=EDGE_CURVE('',#3316,#3315,#2782,.T.);
#4070=EDGE_CURVE('',#3021,#3314,#2783,.T.);
#4071=EDGE_CURVE('',#3314,#3316,#1565,.T.);
#4072=EDGE_CURVE('',#3020,#3313,#2784,.T.);
#4073=EDGE_CURVE('',#3019,#3312,#2785,.T.);
#4074=EDGE_CURVE('',#3018,#3310,#2786,.T.);
#4075=EDGE_CURVE('',#3017,#3311,#2787,.T.);
#4076=EDGE_CURVE('',#3016,#3317,#2788,.T.);
#4077=EDGE_CURVE('',#3317,#3311,#2789,.T.);
#4078=EDGE_CURVE('',#3315,#3317,#1566,.T.);
#4079=EDGE_CURVE('',#3317,#3306,#1567,.T.);
#4080=EDGE_CURVE('',#3305,#3315,#1568,.T.);
#4081=EDGE_CURVE('',#3316,#3304,#1569,.T.);
#4082=EDGE_CURVE('',#3318,#3252,#2790,.T.);
#4083=EDGE_CURVE('',#3253,#3319,#2791,.T.);
#4084=EDGE_CURVE('',#3319,#3318,#2792,.T.);
#4085=EDGE_CURVE('',#3259,#3320,#2793,.T.);
#4086=EDGE_CURVE('',#3320,#3319,#1570,.T.);
#4087=EDGE_CURVE('',#3258,#3321,#2794,.T.);
#4088=EDGE_CURVE('',#3321,#3320,#2795,.T.);
#4089=EDGE_CURVE('',#3257,#3322,#2796,.T.);
#4090=EDGE_CURVE('',#3322,#3321,#1571,.T.);
#4091=EDGE_CURVE('',#3256,#3323,#2797,.T.);
#4092=EDGE_CURVE('',#3323,#3322,#2798,.T.);
#4093=EDGE_CURVE('',#3255,#3324,#2799,.T.);
#4094=EDGE_CURVE('',#3324,#3323,#1572,.T.);
#4095=EDGE_CURVE('',#3254,#3325,#2800,.T.);
#4096=EDGE_CURVE('',#3325,#3324,#2801,.T.);
#4097=EDGE_CURVE('',#3318,#3325,#1573,.T.);
#4098=EDGE_CURVE('',#3326,#3324,#1574,.T.);
#4099=EDGE_CURVE('',#3327,#3326,#1575,.T.);
#4100=EDGE_CURVE('',#3323,#3327,#1576,.T.);
#4101=EDGE_CURVE('',#3325,#3328,#1577,.T.);
#4102=EDGE_CURVE('',#3326,#3328,#2802,.T.);
#4103=EDGE_CURVE('',#3329,#3318,#1578,.T.);
#4104=EDGE_CURVE('',#3328,#3329,#1579,.T.);
#4105=EDGE_CURVE('',#3319,#3330,#1580,.T.);
#4106=EDGE_CURVE('',#3329,#3330,#2803,.T.);
#4107=EDGE_CURVE('',#3328,#3066,#2804,.T.);
#4108=EDGE_CURVE('',#3067,#3326,#2805,.T.);
#4109=EDGE_CURVE('',#3073,#3327,#2806,.T.);
#4110=EDGE_CURVE('',#3072,#3331,#2807,.T.);
#4111=EDGE_CURVE('',#3331,#3327,#2808,.T.);
#4112=EDGE_CURVE('',#3071,#3332,#2809,.T.);
#4113=EDGE_CURVE('',#3332,#3331,#1581,.T.);
#4114=EDGE_CURVE('',#3070,#3333,#2810,.T.);
#4115=EDGE_CURVE('',#3333,#3332,#2811,.T.);
#4116=EDGE_CURVE('',#3069,#3330,#2812,.T.);
#4117=EDGE_CURVE('',#3330,#3333,#1582,.T.);
#4118=EDGE_CURVE('',#3068,#3329,#2813,.T.);
#4119=EDGE_CURVE('',#3333,#3320,#1583,.T.);
#4120=EDGE_CURVE('',#3334,#3090,#2814,.T.);
#4121=EDGE_CURVE('',#3091,#3335,#2815,.T.);
#4122=EDGE_CURVE('',#3335,#3334,#2816,.T.);
#4123=EDGE_CURVE('',#3097,#3336,#2817,.T.);
#4124=EDGE_CURVE('',#3336,#3335,#1584,.T.);
#4125=EDGE_CURVE('',#3096,#3337,#2818,.T.);
#4126=EDGE_CURVE('',#3337,#3336,#2819,.T.);
#4127=EDGE_CURVE('',#3095,#3338,#2820,.T.);
#4128=EDGE_CURVE('',#3338,#3337,#1585,.T.);
#4129=EDGE_CURVE('',#3094,#3339,#2821,.T.);
#4130=EDGE_CURVE('',#3339,#3338,#2822,.T.);
#4131=EDGE_CURVE('',#3093,#3340,#2823,.T.);
#4132=EDGE_CURVE('',#3340,#3339,#1586,.T.);
#4133=EDGE_CURVE('',#3092,#3341,#2824,.T.);
#4134=EDGE_CURVE('',#3341,#3340,#2825,.T.);
#4135=EDGE_CURVE('',#3334,#3341,#1587,.T.);
#4136=EDGE_CURVE('',#3342,#3340,#1588,.T.);
#4137=EDGE_CURVE('',#3343,#3342,#1589,.T.);
#4138=EDGE_CURVE('',#3339,#3343,#1590,.T.);
#4139=EDGE_CURVE('',#3341,#3344,#1591,.T.);
#4140=EDGE_CURVE('',#3342,#3344,#2826,.T.);
#4141=EDGE_CURVE('',#3345,#3334,#1592,.T.);
#4142=EDGE_CURVE('',#3344,#3345,#1593,.T.);
#4143=EDGE_CURVE('',#3335,#3346,#1594,.T.);
#4144=EDGE_CURVE('',#3345,#3346,#2827,.T.);
#4145=EDGE_CURVE('',#3347,#3022,#2828,.T.);
#4146=EDGE_CURVE('',#3023,#3348,#2829,.T.);
#4147=EDGE_CURVE('',#3348,#3347,#2830,.T.);
#4148=EDGE_CURVE('',#3029,#3346,#2831,.T.);
#4149=EDGE_CURVE('',#3346,#3348,#1595,.T.);
#4150=EDGE_CURVE('',#3028,#3345,#2832,.T.);
#4151=EDGE_CURVE('',#3027,#3344,#2833,.T.);
#4152=EDGE_CURVE('',#3026,#3342,#2834,.T.);
#4153=EDGE_CURVE('',#3025,#3343,#2835,.T.);
#4154=EDGE_CURVE('',#3024,#3349,#2836,.T.);
#4155=EDGE_CURVE('',#3349,#3343,#2837,.T.);
#4156=EDGE_CURVE('',#3347,#3349,#1596,.T.);
#4157=EDGE_CURVE('',#3349,#3338,#1597,.T.);
#4158=EDGE_CURVE('',#3337,#3347,#1598,.T.);
#4159=EDGE_CURVE('',#3348,#3336,#1599,.T.);
#4160=EDGE_CURVE('',#3321,#3332,#1600,.T.);
#4161=EDGE_CURVE('',#3331,#3322,#1601,.T.);
#4162=EDGE_CURVE('',#3350,#3351,#1602,.T.);
#4163=EDGE_CURVE('',#3352,#3350,#1603,.T.);
#4164=EDGE_CURVE('',#3353,#3352,#1604,.T.);
#4165=EDGE_CURVE('',#3354,#3353,#1605,.T.);
#4166=EDGE_CURVE('',#3355,#3354,#1606,.T.);
#4167=EDGE_CURVE('',#3356,#3355,#1607,.T.);
#4168=EDGE_CURVE('',#3295,#3356,#1608,.T.);
#4169=EDGE_CURVE('',#3357,#3294,#1609,.T.);
#4170=EDGE_CURVE('',#3301,#3357,#1610,.T.);
#4171=EDGE_CURVE('',#3358,#3300,#1611,.T.);
#4172=EDGE_CURVE('',#3359,#3358,#1612,.T.);
#4173=EDGE_CURVE('',#3299,#3359,#1613,.T.);
#4174=EDGE_CURVE('',#3360,#3298,#1614,.T.);
#4175=EDGE_CURVE('',#3361,#3360,#1615,.T.);
#4176=EDGE_CURVE('',#3297,#3361,#1616,.T.);
#4177=EDGE_CURVE('',#3362,#3296,#1617,.T.);
#4178=EDGE_CURVE('',#3363,#3362,#1618,.T.);
#4179=EDGE_CURVE('',#3364,#3363,#1619,.T.);
#4180=EDGE_CURVE('',#3365,#3364,#1620,.T.);
#4181=EDGE_CURVE('',#3366,#3365,#1621,.T.);
#4182=EDGE_CURVE('',#3367,#3366,#1622,.T.);
#4183=EDGE_CURVE('',#3368,#3367,#1623,.T.);
#4184=EDGE_CURVE('',#3369,#3368,#1624,.T.);
#4185=EDGE_CURVE('',#3351,#3369,#1625,.T.);
#4186=EDGE_CURVE('',#3370,#3371,#1626,.T.);
#4187=EDGE_CURVE('',#3372,#3370,#1627,.T.);
#4188=EDGE_CURVE('',#3373,#3372,#1628,.T.);
#4189=EDGE_CURVE('',#3374,#3373,#1629,.T.);
#4190=EDGE_CURVE('',#3375,#3374,#1630,.T.);
#4191=EDGE_CURVE('',#3371,#3375,#1631,.T.);
#4192=EDGE_CURVE('',#3376,#3377,#1632,.T.);
#4193=EDGE_CURVE('',#3378,#3376,#1633,.T.);
#4194=EDGE_CURVE('',#3379,#3378,#1634,.T.);
#4195=EDGE_CURVE('',#3380,#3379,#1635,.T.);
#4196=EDGE_CURVE('',#3381,#3380,#1636,.T.);
#4197=EDGE_CURVE('',#3377,#3381,#1637,.T.);
#4198=EDGE_CURVE('',#3382,#3383,#1638,.T.);
#4199=EDGE_CURVE('',#3384,#3382,#1639,.T.);
#4200=EDGE_CURVE('',#3385,#3384,#1640,.T.);
#4201=EDGE_CURVE('',#3386,#3385,#1641,.T.);
#4202=EDGE_CURVE('',#3387,#3386,#1642,.T.);
#4203=EDGE_CURVE('',#3383,#3387,#1643,.T.);
#4204=EDGE_CURVE('',#3388,#3286,#1644,.T.);
#4205=EDGE_CURVE('',#3389,#3388,#1645,.T.);
#4206=EDGE_CURVE('',#3285,#3389,#1646,.T.);
#4207=EDGE_CURVE('',#3390,#3284,#1647,.T.);
#4208=EDGE_CURVE('',#3391,#3390,#1648,.T.);
#4209=EDGE_CURVE('',#3392,#3391,#1649,.T.);
#4210=EDGE_CURVE('',#3393,#3392,#1650,.T.);
#4211=EDGE_CURVE('',#3281,#3393,#1651,.T.);
#4212=EDGE_CURVE('',#3394,#3280,#1652,.T.);
#4213=EDGE_CURVE('',#3395,#3394,#1653,.T.);
#4214=EDGE_CURVE('',#3279,#3395,#1654,.T.);
#4215=EDGE_CURVE('',#3396,#3278,#1655,.T.);
#4216=EDGE_CURVE('',#3397,#3396,#1656,.T.);
#4217=EDGE_CURVE('',#3277,#3397,#1657,.T.);
#4218=EDGE_CURVE('',#3398,#3276,#1658,.T.);
#4219=EDGE_CURVE('',#3283,#3398,#1659,.T.);
#4220=EDGE_CURVE('',#3399,#3282,#1660,.T.);
#4221=EDGE_CURVE('',#3289,#3399,#1661,.T.);
#4222=EDGE_CURVE('',#3400,#3288,#1662,.T.);
#4223=EDGE_CURVE('',#3401,#3400,#1663,.T.);
#4224=EDGE_CURVE('',#3287,#3401,#1664,.T.);
#4225=EDGE_CURVE('',#3402,#3403,#1665,.T.);
#4226=EDGE_CURVE('',#3404,#3402,#1666,.T.);
#4227=EDGE_CURVE('',#3405,#3404,#1667,.T.);
#4228=EDGE_CURVE('',#3406,#3405,#1668,.T.);
#4229=EDGE_CURVE('',#3407,#3406,#1669,.T.);
#4230=EDGE_CURVE('',#3403,#3407,#1670,.T.);
#4231=EDGE_CURVE('',#3408,#3409,#1671,.T.);
#4232=EDGE_CURVE('',#3410,#3408,#1672,.T.);
#4233=EDGE_CURVE('',#3411,#3410,#1673,.T.);
#4234=EDGE_CURVE('',#3412,#3411,#1674,.T.);
#4235=EDGE_CURVE('',#3413,#3412,#1675,.T.);
#4236=EDGE_CURVE('',#3409,#3413,#1676,.T.);
#4237=EDGE_CURVE('',#3414,#3415,#1677,.T.);
#4238=EDGE_CURVE('',#3416,#3414,#1678,.T.);
#4239=EDGE_CURVE('',#3417,#3416,#1679,.T.);
#4240=EDGE_CURVE('',#3418,#3417,#1680,.T.);
#4241=EDGE_CURVE('',#3419,#3418,#1681,.T.);
#4242=EDGE_CURVE('',#3415,#3419,#1682,.T.);
#4243=EDGE_CURVE('',#3420,#3268,#1683,.T.);
#4244=EDGE_CURVE('',#3421,#3420,#1684,.T.);
#4245=EDGE_CURVE('',#3267,#3421,#1685,.T.);
#4246=EDGE_CURVE('',#3422,#3266,#1686,.T.);
#4247=EDGE_CURVE('',#3423,#3422,#1687,.T.);
#4248=EDGE_CURVE('',#3424,#3423,#1688,.T.);
#4249=EDGE_CURVE('',#3425,#3424,#1689,.T.);
#4250=EDGE_CURVE('',#3426,#3425,#1690,.T.);
#4251=EDGE_CURVE('',#3427,#3426,#1691,.T.);
#4252=EDGE_CURVE('',#3428,#3427,#1692,.T.);
#4253=EDGE_CURVE('',#3429,#3428,#1693,.T.);
#4254=EDGE_CURVE('',#3430,#3429,#1694,.T.);
#4255=EDGE_CURVE('',#3431,#3430,#1695,.T.);
#4256=EDGE_CURVE('',#3432,#3431,#1696,.T.);
#4257=EDGE_CURVE('',#3433,#3432,#1697,.T.);
#4258=EDGE_CURVE('',#3434,#3433,#1698,.T.);
#4259=EDGE_CURVE('',#3435,#3434,#1699,.T.);
#4260=EDGE_CURVE('',#3436,#3435,#1700,.T.);
#4261=EDGE_CURVE('',#3265,#3436,#1701,.T.);
#4262=EDGE_CURVE('',#3437,#3264,#1702,.T.);
#4263=EDGE_CURVE('',#3271,#3437,#1703,.T.);
#4264=EDGE_CURVE('',#3438,#3270,#1704,.T.);
#4265=EDGE_CURVE('',#3439,#3438,#1705,.T.);
#4266=EDGE_CURVE('',#3269,#3439,#1706,.T.);
#4267=EDGE_CURVE('',#3440,#3441,#1707,.T.);
#4268=EDGE_CURVE('',#3442,#3440,#1708,.T.);
#4269=EDGE_CURVE('',#3443,#3442,#1709,.T.);
#4270=EDGE_CURVE('',#3444,#3443,#1710,.T.);
#4271=EDGE_CURVE('',#3445,#3444,#1711,.T.);
#4272=EDGE_CURVE('',#3441,#3445,#1712,.T.);
#4273=EDGE_CURVE('',#3446,#3447,#1713,.T.);
#4274=EDGE_CURVE('',#3448,#3446,#1714,.T.);
#4275=EDGE_CURVE('',#3449,#3448,#1715,.T.);
#4276=EDGE_CURVE('',#3450,#3449,#1716,.T.);
#4277=EDGE_CURVE('',#3451,#3450,#1717,.T.);
#4278=EDGE_CURVE('',#3447,#3451,#1718,.T.);
#4279=EDGE_CURVE('',#3452,#3453,#1719,.T.);
#4280=EDGE_CURVE('',#3454,#3452,#1720,.T.);
#4281=EDGE_CURVE('',#3455,#3454,#1721,.T.);
#4282=EDGE_CURVE('',#3456,#3455,#1722,.T.);
#4283=EDGE_CURVE('',#3457,#3456,#1723,.T.);
#4284=EDGE_CURVE('',#3453,#3457,#1724,.T.);
#4285=EDGE_CURVE('',#3384,#3192,#1725,.T.);
#4286=EDGE_CURVE('',#3385,#3191,#1726,.T.);
#4287=EDGE_CURVE('',#3382,#3193,#1727,.T.);
#4288=EDGE_CURVE('',#3383,#3188,#1728,.T.);
#4289=EDGE_CURVE('',#3378,#3156,#1729,.T.);
#4290=EDGE_CURVE('',#3379,#3155,#1730,.T.);
#4291=EDGE_CURVE('',#3376,#3157,#1731,.T.);
#4292=EDGE_CURVE('',#3377,#3152,#1732,.T.);
#4293=EDGE_CURVE('',#3372,#3124,#1733,.T.);
#4294=EDGE_CURVE('',#3373,#3123,#1734,.T.);
#4295=EDGE_CURVE('',#3370,#3125,#1735,.T.);
#4296=EDGE_CURVE('',#3371,#3120,#1736,.T.);
#4297=EDGE_CURVE('',#3359,#3117,#1737,.T.);
#4298=EDGE_CURVE('',#3358,#3118,#1738,.T.);
#4299=EDGE_CURVE('',#3357,#3163,#1739,.T.);
#4300=EDGE_CURVE('',#3356,#3234,#1740,.T.);
#4301=EDGE_CURVE('',#3355,#3235,#1741,.T.);
#4302=EDGE_CURVE('',#3353,#3195,#1742,.T.);
#4303=EDGE_CURVE('',#3354,#3194,#1743,.T.);
#4304=EDGE_CURVE('',#3352,#3196,#1744,.T.);
#4305=EDGE_CURVE('',#3350,#3197,#1745,.T.);
#4306=EDGE_CURVE('',#3416,#3210,#1746,.T.);
#4307=EDGE_CURVE('',#3417,#3209,#1747,.T.);
#4308=EDGE_CURVE('',#3414,#3211,#1748,.T.);
#4309=EDGE_CURVE('',#3415,#3206,#1749,.T.);
#4310=EDGE_CURVE('',#3410,#3138,#1750,.T.);
#4311=EDGE_CURVE('',#3411,#3137,#1751,.T.);
#4312=EDGE_CURVE('',#3408,#3139,#1752,.T.);
#4313=EDGE_CURVE('',#3409,#3134,#1753,.T.);
#4314=EDGE_CURVE('',#3404,#3228,#1754,.T.);
#4315=EDGE_CURVE('',#3405,#3227,#1755,.T.);
#4316=EDGE_CURVE('',#3402,#3229,#1756,.T.);
#4317=EDGE_CURVE('',#3403,#3224,#1757,.T.);
#4318=EDGE_CURVE('',#3395,#3145,#1758,.T.);
#4319=EDGE_CURVE('',#3394,#3146,#1759,.T.);
#4320=EDGE_CURVE('',#3393,#3213,#1760,.T.);
#4321=EDGE_CURVE('',#3392,#3214,#1761,.T.);
#4322=EDGE_CURVE('',#3390,#3140,#1762,.T.);
#4323=EDGE_CURVE('',#3391,#3143,#1763,.T.);
#4324=EDGE_CURVE('',#3389,#3217,#1764,.T.);
#4325=EDGE_CURVE('',#3388,#3218,#1765,.T.);
#4326=EDGE_CURVE('',#3454,#3246,#1766,.T.);
#4327=EDGE_CURVE('',#3455,#3245,#1767,.T.);
#4328=EDGE_CURVE('',#3452,#3247,#1768,.T.);
#4329=EDGE_CURVE('',#3453,#3242,#1769,.T.);
#4330=EDGE_CURVE('',#3448,#3174,#1770,.T.);
#4331=EDGE_CURVE('',#3449,#3173,#1771,.T.);
#4332=EDGE_CURVE('',#3446,#3175,#1772,.T.);
#4333=EDGE_CURVE('',#3447,#3170,#1773,.T.);
#4334=EDGE_CURVE('',#3442,#3106,#1774,.T.);
#4335=EDGE_CURVE('',#3443,#3105,#1775,.T.);
#4336=EDGE_CURVE('',#3440,#3107,#1776,.T.);
#4337=EDGE_CURVE('',#3441,#3102,#1777,.T.);
#4338=EDGE_CURVE('',#3429,#3186,#1778,.T.);
#4339=EDGE_CURVE('',#3430,#3185,#1779,.T.);
#4340=EDGE_CURVE('',#3428,#3187,#1780,.T.);
#4341=EDGE_CURVE('',#3427,#3184,#1781,.T.);
#4342=EDGE_CURVE('',#3425,#3167,#1782,.T.);
#4343=EDGE_CURVE('',#3426,#3166,#1783,.T.);
#4344=EDGE_CURVE('',#3424,#3168,#1784,.T.);
#4345=EDGE_CURVE('',#3422,#3241,#1785,.T.);
#4346=EDGE_CURVE('',#3423,#3240,#1786,.T.);
#4347=EDGE_CURVE('',#3421,#3113,#1787,.T.);
#4348=EDGE_CURVE('',#3420,#3114,#1788,.T.);
#4349=EDGE_CURVE('',#3458,#3458,#2838,.T.);
#4350=EDGE_CURVE('',#3458,#3030,#1789,.T.);
#4351=EDGE_CURVE('',#3459,#3459,#2839,.T.);
#4352=EDGE_CURVE('',#3460,#3461,#2840,.T.);
#4353=EDGE_CURVE('',#3461,#3462,#2841,.T.);
#4354=EDGE_CURVE('',#3462,#3463,#1790,.T.);
#4355=EDGE_CURVE('',#3463,#3464,#2842,.T.);
#4356=EDGE_CURVE('',#3464,#3460,#1791,.T.);
#4357=EDGE_CURVE('',#3465,#3465,#2843,.T.);
#4358=EDGE_CURVE('',#3465,#3466,#1792,.T.);
#4359=EDGE_CURVE('',#3466,#3466,#2844,.T.);
#4360=EDGE_CURVE('',#3062,#3467,#1793,.T.);
#4361=EDGE_CURVE('',#3468,#3467,#2845,.T.);
#4362=EDGE_CURVE('',#3063,#3468,#1794,.T.);
#4363=EDGE_CURVE('',#3469,#3468,#1795,.T.);
#4364=EDGE_CURVE('',#3064,#3469,#1796,.T.);
#4365=EDGE_CURVE('',#3470,#3469,#2846,.T.);
#4366=EDGE_CURVE('',#3065,#3470,#1797,.T.);
#4367=EDGE_CURVE('',#3467,#3470,#1798,.T.);
#4368=EDGE_CURVE('',#3471,#3471,#2847,.T.);
#4369=EDGE_CURVE('',#3471,#3472,#1799,.T.);
#4370=EDGE_CURVE('',#3472,#3472,#2848,.T.);
#4371=EDGE_CURVE('',#3031,#3473,#1800,.T.);
#4372=EDGE_CURVE('',#3474,#3473,#1801,.T.);
#4373=EDGE_CURVE('',#3032,#3474,#1802,.T.);
#4374=EDGE_CURVE('',#3475,#3474,#2849,.T.);
#4375=EDGE_CURVE('',#3033,#3475,#1803,.T.);
#4376=EDGE_CURVE('',#3476,#3475,#1804,.T.);
#4377=EDGE_CURVE('',#3034,#3476,#1805,.T.);
#4378=EDGE_CURVE('',#3473,#3476,#2850,.T.);
#4379=EDGE_CURVE('',#3477,#3477,#2851,.T.);
#4380=EDGE_CURVE('',#3477,#3478,#1806,.T.);
#4381=EDGE_CURVE('',#3478,#3478,#2852,.T.);
#4382=EDGE_CURVE('',#3058,#3479,#1807,.T.);
#4383=EDGE_CURVE('',#3480,#3479,#2853,.T.);
#4384=EDGE_CURVE('',#3059,#3480,#1808,.T.);
#4385=EDGE_CURVE('',#3481,#3480,#1809,.T.);
#4386=EDGE_CURVE('',#3060,#3481,#1810,.T.);
#4387=EDGE_CURVE('',#3482,#3481,#2854,.T.);
#4388=EDGE_CURVE('',#3061,#3482,#1811,.T.);
#4389=EDGE_CURVE('',#3479,#3482,#1812,.T.);
#4390=EDGE_CURVE('',#3483,#3483,#2855,.T.);
#4391=EDGE_CURVE('',#3483,#3484,#1813,.T.);
#4392=EDGE_CURVE('',#3484,#3484,#2856,.T.);
#4393=EDGE_CURVE('',#3035,#3485,#1814,.T.);
#4394=EDGE_CURVE('',#3486,#3485,#1815,.T.);
#4395=EDGE_CURVE('',#3036,#3486,#1816,.T.);
#4396=EDGE_CURVE('',#3487,#3486,#2857,.T.);
#4397=EDGE_CURVE('',#3037,#3487,#1817,.T.);
#4398=EDGE_CURVE('',#3488,#3487,#1818,.T.);
#4399=EDGE_CURVE('',#3038,#3488,#1819,.T.);
#4400=EDGE_CURVE('',#3485,#3488,#2858,.T.);
#4401=EDGE_CURVE('',#3489,#3489,#2859,.T.);
#4402=EDGE_CURVE('',#3489,#3490,#1820,.T.);
#4403=EDGE_CURVE('',#3490,#3490,#2860,.T.);
#4404=EDGE_CURVE('',#3054,#3491,#1821,.T.);
#4405=EDGE_CURVE('',#3492,#3491,#1822,.T.);
#4406=EDGE_CURVE('',#3055,#3492,#1823,.T.);
#4407=EDGE_CURVE('',#3493,#3492,#2861,.T.);
#4408=EDGE_CURVE('',#3056,#3493,#1824,.T.);
#4409=EDGE_CURVE('',#3494,#3493,#1825,.T.);
#4410=EDGE_CURVE('',#3057,#3494,#1826,.T.);
#4411=EDGE_CURVE('',#3491,#3494,#2862,.T.);
#4412=EDGE_CURVE('',#3495,#3495,#2863,.T.);
#4413=EDGE_CURVE('',#3495,#3496,#1827,.T.);
#4414=EDGE_CURVE('',#3496,#3496,#2864,.T.);
#4415=EDGE_CURVE('',#3497,#3497,#2865,.T.);
#4416=EDGE_CURVE('',#3497,#3039,#1828,.T.);
#4417=EDGE_CURVE('',#3498,#3498,#2866,.T.);
#4418=EDGE_CURVE('',#3498,#3499,#1829,.T.);
#4419=EDGE_CURVE('',#3499,#3499,#2867,.T.);
#4420=EDGE_CURVE('',#3050,#3500,#1830,.T.);
#4421=EDGE_CURVE('',#3501,#3500,#2868,.T.);
#4422=EDGE_CURVE('',#3051,#3501,#1831,.T.);
#4423=EDGE_CURVE('',#3502,#3501,#1832,.T.);
#4424=EDGE_CURVE('',#3052,#3502,#1833,.T.);
#4425=EDGE_CURVE('',#3503,#3502,#2869,.T.);
#4426=EDGE_CURVE('',#3053,#3503,#1834,.T.);
#4427=EDGE_CURVE('',#3500,#3503,#1835,.T.);
#4428=EDGE_CURVE('',#3504,#3504,#2870,.T.);
#4429=EDGE_CURVE('',#3504,#3505,#1836,.T.);
#4430=EDGE_CURVE('',#3505,#3505,#2871,.T.);
#4431=EDGE_CURVE('',#3506,#3506,#2872,.T.);
#4432=EDGE_CURVE('',#3506,#3040,#1837,.T.);
#4433=EDGE_CURVE('',#3507,#3507,#2873,.T.);
#4434=EDGE_CURVE('',#3507,#3508,#1838,.T.);
#4435=EDGE_CURVE('',#3508,#3508,#2874,.T.);
#4436=EDGE_CURVE('',#3509,#3509,#2875,.T.);
#4437=EDGE_CURVE('',#3509,#3049,#1839,.T.);
#4438=EDGE_CURVE('',#3510,#3510,#2876,.T.);
#4439=EDGE_CURVE('',#3510,#3511,#1840,.T.);
#4440=EDGE_CURVE('',#3511,#3511,#2877,.T.);
#4441=EDGE_CURVE('',#3041,#3512,#1841,.T.);
#4442=EDGE_CURVE('',#3513,#3512,#1842,.T.);
#4443=EDGE_CURVE('',#3042,#3513,#1843,.T.);
#4444=EDGE_CURVE('',#3514,#3513,#2878,.T.);
#4445=EDGE_CURVE('',#3043,#3514,#1844,.T.);
#4446=EDGE_CURVE('',#3515,#3514,#1845,.T.);
#4447=EDGE_CURVE('',#3044,#3515,#1846,.T.);
#4448=EDGE_CURVE('',#3512,#3515,#2879,.T.);
#4449=EDGE_CURVE('',#3516,#3516,#2880,.T.);
#4450=EDGE_CURVE('',#3516,#3517,#1847,.T.);
#4451=EDGE_CURVE('',#3517,#3517,#2881,.T.);
#4452=EDGE_CURVE('',#3045,#3518,#1848,.T.);
#4453=EDGE_CURVE('',#3519,#3518,#1849,.T.);
#4454=EDGE_CURVE('',#3046,#3519,#1850,.T.);
#4455=EDGE_CURVE('',#3520,#3519,#2882,.T.);
#4456=EDGE_CURVE('',#3047,#3520,#1851,.T.);
#4457=EDGE_CURVE('',#3521,#3520,#1852,.T.);
#4458=EDGE_CURVE('',#3048,#3521,#1853,.T.);
#4459=EDGE_CURVE('',#3518,#3521,#2883,.T.);
#4460=EDGE_CURVE('',#3436,#3251,#1854,.T.);
#4461=EDGE_CURVE('',#3435,#3248,#1855,.T.);
#4462=EDGE_CURVE('',#3457,#3243,#1856,.T.);
#4463=EDGE_CURVE('',#3456,#3244,#1857,.T.);
#4464=EDGE_CURVE('',#3351,#3159,#1858,.T.);
#4465=EDGE_CURVE('',#3367,#3158,#1859,.T.);
#4466=EDGE_CURVE('',#3366,#3198,#1860,.T.);
#4467=EDGE_CURVE('',#3292,#3201,#1861,.T.);
#4468=EDGE_CURVE('',#3360,#3231,#1862,.T.);
#4469=EDGE_CURVE('',#3361,#3230,#1863,.T.);
#4470=EDGE_CURVE('',#3407,#3225,#1864,.T.);
#4471=EDGE_CURVE('',#3406,#3226,#1865,.T.);
#4472=EDGE_CURVE('',#3401,#3222,#1866,.T.);
#4473=EDGE_CURVE('',#3400,#3223,#1867,.T.);
#4474=EDGE_CURVE('',#3419,#3207,#1868,.T.);
#4475=EDGE_CURVE('',#3418,#3208,#1869,.T.);
#4476=EDGE_CURVE('',#3396,#3203,#1870,.T.);
#4477=EDGE_CURVE('',#3397,#3202,#1871,.T.);
#4478=EDGE_CURVE('',#3365,#3199,#1872,.T.);
#4479=EDGE_CURVE('',#3364,#3200,#1873,.T.);
#4480=EDGE_CURVE('',#3387,#3189,#1874,.T.);
#4481=EDGE_CURVE('',#3386,#3190,#1875,.T.);
#4482=EDGE_CURVE('',#3434,#3179,#1876,.T.);
#4483=EDGE_CURVE('',#3431,#3178,#1877,.T.);
#4484=EDGE_CURVE('',#3262,#3169,#1878,.T.);
#4485=EDGE_CURVE('',#3439,#3182,#1879,.T.);
#4486=EDGE_CURVE('',#3438,#3183,#1880,.T.);
#4487=EDGE_CURVE('',#3432,#3177,#1881,.T.);
#4488=EDGE_CURVE('',#3433,#3176,#1882,.T.);
#4489=EDGE_CURVE('',#3451,#3171,#1883,.T.);
#4490=EDGE_CURVE('',#3450,#3172,#1884,.T.);
#4491=EDGE_CURVE('',#3369,#3160,#1885,.T.);
#4492=EDGE_CURVE('',#3368,#3161,#1886,.T.);
#4493=EDGE_CURVE('',#3381,#3153,#1887,.T.);
#4494=EDGE_CURVE('',#3380,#3154,#1888,.T.);
#4495=EDGE_CURVE('',#3399,#3149,#1889,.T.);
#4496=EDGE_CURVE('',#3413,#3135,#1890,.T.);
#4497=EDGE_CURVE('',#3412,#3136,#1891,.T.);
#4498=EDGE_CURVE('',#3398,#3133,#1892,.T.);
#4499=EDGE_CURVE('',#3363,#3128,#1893,.T.);
#4500=EDGE_CURVE('',#3362,#3129,#1894,.T.);
#4501=EDGE_CURVE('',#3375,#3121,#1895,.T.);
#4502=EDGE_CURVE('',#3374,#3122,#1896,.T.);
#4503=EDGE_CURVE('',#3437,#3108,#1897,.T.);
#4504=EDGE_CURVE('',#3445,#3103,#1898,.T.);
#4505=EDGE_CURVE('',#3444,#3104,#1899,.T.);
#4506=EDGE_CURVE('',#3459,#3461,#1900,.T.);
#4507=EDGE_CURVE('',#3460,#3099,#1901,.T.);
#4508=EDGE_CURVE('',#3462,#3098,#1902,.T.);
#4509=EDGE_CURVE('',#3464,#3100,#1903,.T.);
#4510=EDGE_CURVE('',#3463,#3101,#1904,.T.);
#4511=ORIENTED_EDGE('',*,*,#3522,.T.);
#4512=ORIENTED_EDGE('',*,*,#3523,.T.);
#4513=ORIENTED_EDGE('',*,*,#3524,.T.);
#4514=ORIENTED_EDGE('',*,*,#3525,.T.);
#4515=ORIENTED_EDGE('',*,*,#3525,.F.);
#4516=ORIENTED_EDGE('',*,*,#3526,.F.);
#4517=ORIENTED_EDGE('',*,*,#3527,.T.);
#4518=ORIENTED_EDGE('',*,*,#3528,.T.);
#4519=ORIENTED_EDGE('',*,*,#3523,.F.);
#4520=ORIENTED_EDGE('',*,*,#3529,.F.);
#4521=ORIENTED_EDGE('',*,*,#3530,.T.);
#4522=ORIENTED_EDGE('',*,*,#3531,.F.);
#4523=ORIENTED_EDGE('',*,*,#3532,.T.);
#4524=ORIENTED_EDGE('',*,*,#3533,.T.);
#4525=ORIENTED_EDGE('',*,*,#3534,.T.);
#4526=ORIENTED_EDGE('',*,*,#3535,.T.);
#4527=ORIENTED_EDGE('',*,*,#3533,.F.);
#4528=ORIENTED_EDGE('',*,*,#3536,.F.);
#4529=ORIENTED_EDGE('',*,*,#3537,.F.);
#4530=ORIENTED_EDGE('',*,*,#3538,.F.);
#4531=ORIENTED_EDGE('',*,*,#3535,.F.);
#4532=ORIENTED_EDGE('',*,*,#3539,.F.);
#4533=ORIENTED_EDGE('',*,*,#3540,.T.);
#4534=ORIENTED_EDGE('',*,*,#3541,.F.);
#4535=ORIENTED_EDGE('',*,*,#3542,.T.);
#4536=ORIENTED_EDGE('',*,*,#3543,.T.);
#4537=ORIENTED_EDGE('',*,*,#3544,.T.);
#4538=ORIENTED_EDGE('',*,*,#3545,.F.);
#4539=ORIENTED_EDGE('',*,*,#3546,.T.);
#4540=ORIENTED_EDGE('',*,*,#3547,.F.);
#4541=ORIENTED_EDGE('',*,*,#3548,.T.);
#4542=ORIENTED_EDGE('',*,*,#3549,.T.);
#4543=ORIENTED_EDGE('',*,*,#3550,.T.);
#4544=ORIENTED_EDGE('',*,*,#3551,.T.);
#4545=ORIENTED_EDGE('',*,*,#3551,.F.);
#4546=ORIENTED_EDGE('',*,*,#3552,.F.);
#4547=ORIENTED_EDGE('',*,*,#3553,.F.);
#4548=ORIENTED_EDGE('',*,*,#3554,.T.);
#4549=ORIENTED_EDGE('',*,*,#3549,.F.);
#4550=ORIENTED_EDGE('',*,*,#3555,.F.);
#4551=ORIENTED_EDGE('',*,*,#3556,.T.);
#4552=ORIENTED_EDGE('',*,*,#3557,.F.);
#4553=ORIENTED_EDGE('',*,*,#3558,.T.);
#4554=ORIENTED_EDGE('',*,*,#3559,.T.);
#4555=ORIENTED_EDGE('',*,*,#3560,.T.);
#4556=ORIENTED_EDGE('',*,*,#3561,.T.);
#4557=ORIENTED_EDGE('',*,*,#3559,.F.);
#4558=ORIENTED_EDGE('',*,*,#3562,.F.);
#4559=ORIENTED_EDGE('',*,*,#3563,.T.);
#4560=ORIENTED_EDGE('',*,*,#3564,.F.);
#4561=ORIENTED_EDGE('',*,*,#3561,.F.);
#4562=ORIENTED_EDGE('',*,*,#3565,.F.);
#4563=ORIENTED_EDGE('',*,*,#3566,.T.);
#4564=ORIENTED_EDGE('',*,*,#3567,.T.);
#4565=ORIENTED_EDGE('',*,*,#3568,.F.);
#4566=ORIENTED_EDGE('',*,*,#3569,.T.);
#4567=ORIENTED_EDGE('',*,*,#3570,.F.);
#4568=ORIENTED_EDGE('',*,*,#3571,.T.);
#4569=ORIENTED_EDGE('',*,*,#3572,.T.);
#4570=ORIENTED_EDGE('',*,*,#3573,.F.);
#4571=ORIENTED_EDGE('',*,*,#3574,.T.);
#4572=ORIENTED_EDGE('',*,*,#3575,.T.);
#4573=ORIENTED_EDGE('',*,*,#3576,.F.);
#4574=ORIENTED_EDGE('',*,*,#3577,.T.);
#4575=ORIENTED_EDGE('',*,*,#3578,.F.);
#4576=ORIENTED_EDGE('',*,*,#3579,.T.);
#4577=ORIENTED_EDGE('',*,*,#3580,.T.);
#4578=ORIENTED_EDGE('',*,*,#3581,.T.);
#4579=ORIENTED_EDGE('',*,*,#3582,.T.);
#4580=ORIENTED_EDGE('',*,*,#3583,.T.);
#4581=ORIENTED_EDGE('',*,*,#3584,.T.);
#4582=ORIENTED_EDGE('',*,*,#3582,.F.);
#4583=ORIENTED_EDGE('',*,*,#3585,.F.);
#4584=ORIENTED_EDGE('',*,*,#3586,.T.);
#4585=ORIENTED_EDGE('',*,*,#3587,.F.);
#4586=ORIENTED_EDGE('',*,*,#3584,.F.);
#4587=ORIENTED_EDGE('',*,*,#3588,.F.);
#4588=ORIENTED_EDGE('',*,*,#3589,.T.);
#4589=ORIENTED_EDGE('',*,*,#3590,.F.);
#4590=ORIENTED_EDGE('',*,*,#3591,.F.);
#4591=ORIENTED_EDGE('',*,*,#3592,.F.);
#4592=ORIENTED_EDGE('',*,*,#3593,.T.);
#4593=ORIENTED_EDGE('',*,*,#3594,.F.);
#4594=ORIENTED_EDGE('',*,*,#3595,.T.);
#4595=ORIENTED_EDGE('',*,*,#3596,.F.);
#4596=ORIENTED_EDGE('',*,*,#3597,.T.);
#4597=ORIENTED_EDGE('',*,*,#3598,.F.);
#4598=ORIENTED_EDGE('',*,*,#3599,.T.);
#4599=ORIENTED_EDGE('',*,*,#3600,.T.);
#4600=ORIENTED_EDGE('',*,*,#3601,.T.);
#4601=ORIENTED_EDGE('',*,*,#3602,.T.);
#4602=ORIENTED_EDGE('',*,*,#3600,.F.);
#4603=ORIENTED_EDGE('',*,*,#3603,.F.);
#4604=ORIENTED_EDGE('',*,*,#3604,.T.);
#4605=ORIENTED_EDGE('',*,*,#3605,.F.);
#4606=ORIENTED_EDGE('',*,*,#3606,.T.);
#4607=ORIENTED_EDGE('',*,*,#3607,.F.);
#4608=ORIENTED_EDGE('',*,*,#3608,.T.);
#4609=ORIENTED_EDGE('',*,*,#3609,.T.);
#4610=ORIENTED_EDGE('',*,*,#3610,.F.);
#4611=ORIENTED_EDGE('',*,*,#3611,.T.);
#4612=ORIENTED_EDGE('',*,*,#3612,.T.);
#4613=ORIENTED_EDGE('',*,*,#3543,.F.);
#4614=ORIENTED_EDGE('',*,*,#3613,.T.);
#4615=ORIENTED_EDGE('',*,*,#3541,.T.);
#4616=ORIENTED_EDGE('',*,*,#3614,.T.);
#4617=ORIENTED_EDGE('',*,*,#3529,.T.);
#4618=ORIENTED_EDGE('',*,*,#3615,.T.);
#4619=ORIENTED_EDGE('',*,*,#3616,.F.);
#4620=ORIENTED_EDGE('',*,*,#3617,.T.);
#4621=ORIENTED_EDGE('',*,*,#3618,.F.);
#4622=ORIENTED_EDGE('',*,*,#3619,.F.);
#4623=ORIENTED_EDGE('',*,*,#3530,.F.);
#4624=ORIENTED_EDGE('',*,*,#3614,.F.);
#4625=ORIENTED_EDGE('',*,*,#3540,.F.);
#4626=ORIENTED_EDGE('',*,*,#3620,.F.);
#4627=ORIENTED_EDGE('',*,*,#3621,.T.);
#4628=ORIENTED_EDGE('',*,*,#3622,.T.);
#4629=ORIENTED_EDGE('',*,*,#3623,.T.);
#4630=ORIENTED_EDGE('',*,*,#3616,.T.);
#4631=ORIENTED_EDGE('',*,*,#3623,.F.);
#4632=ORIENTED_EDGE('',*,*,#3624,.T.);
#4633=ORIENTED_EDGE('',*,*,#3625,.T.);
#4634=ORIENTED_EDGE('',*,*,#3626,.F.);
#4635=ORIENTED_EDGE('',*,*,#3627,.F.);
#4636=ORIENTED_EDGE('',*,*,#3628,.F.);
#4637=ORIENTED_EDGE('',*,*,#3629,.F.);
#4638=ORIENTED_EDGE('',*,*,#3630,.T.);
#4639=ORIENTED_EDGE('',*,*,#3631,.F.);
#4640=ORIENTED_EDGE('',*,*,#3617,.F.);
#4641=ORIENTED_EDGE('',*,*,#3632,.T.);
#4642=ORIENTED_EDGE('',*,*,#3586,.F.);
#4643=ORIENTED_EDGE('',*,*,#3633,.T.);
#4644=ORIENTED_EDGE('',*,*,#3634,.T.);
#4645=ORIENTED_EDGE('',*,*,#3635,.T.);
#4646=ORIENTED_EDGE('',*,*,#3636,.T.);
#4647=ORIENTED_EDGE('',*,*,#3637,.F.);
#4648=ORIENTED_EDGE('',*,*,#3638,.F.);
#4649=ORIENTED_EDGE('',*,*,#3639,.T.);
#4650=ORIENTED_EDGE('',*,*,#3640,.T.);
#4651=ORIENTED_EDGE('',*,*,#3641,.F.);
#4652=ORIENTED_EDGE('',*,*,#3642,.T.);
#4653=ORIENTED_EDGE('',*,*,#3643,.T.);
#4654=ORIENTED_EDGE('',*,*,#3527,.F.);
#4655=ORIENTED_EDGE('',*,*,#3545,.T.);
#4656=ORIENTED_EDGE('',*,*,#3644,.T.);
#4657=ORIENTED_EDGE('',*,*,#3645,.T.);
#4658=ORIENTED_EDGE('',*,*,#3646,.T.);
#4659=ORIENTED_EDGE('',*,*,#3612,.F.);
#4660=ORIENTED_EDGE('',*,*,#3647,.F.);
#4661=ORIENTED_EDGE('',*,*,#3644,.F.);
#4662=ORIENTED_EDGE('',*,*,#3544,.F.);
#4663=ORIENTED_EDGE('',*,*,#3648,.T.);
#4664=ORIENTED_EDGE('',*,*,#3649,.T.);
#4665=ORIENTED_EDGE('',*,*,#3629,.T.);
#4666=ORIENTED_EDGE('',*,*,#3650,.T.);
#4667=ORIENTED_EDGE('',*,*,#3649,.F.);
#4668=ORIENTED_EDGE('',*,*,#3651,.T.);
#4669=ORIENTED_EDGE('',*,*,#3652,.F.);
#4670=ORIENTED_EDGE('',*,*,#3630,.F.);
#4671=ORIENTED_EDGE('',*,*,#3589,.F.);
#4672=ORIENTED_EDGE('',*,*,#3653,.F.);
#4673=ORIENTED_EDGE('',*,*,#3556,.F.);
#4674=ORIENTED_EDGE('',*,*,#3654,.F.);
#4675=ORIENTED_EDGE('',*,*,#3578,.T.);
#4676=ORIENTED_EDGE('',*,*,#3655,.T.);
#4677=ORIENTED_EDGE('',*,*,#3594,.T.);
#4678=ORIENTED_EDGE('',*,*,#3656,.T.);
#4679=ORIENTED_EDGE('',*,*,#3650,.F.);
#4680=ORIENTED_EDGE('',*,*,#3628,.T.);
#4681=ORIENTED_EDGE('',*,*,#3657,.F.);
#4682=ORIENTED_EDGE('',*,*,#3606,.F.);
#4683=ORIENTED_EDGE('',*,*,#3658,.F.);
#4684=ORIENTED_EDGE('',*,*,#3569,.F.);
#4685=ORIENTED_EDGE('',*,*,#3659,.F.);
#4686=ORIENTED_EDGE('',*,*,#3660,.F.);
#4687=ORIENTED_EDGE('',*,*,#3595,.F.);
#4688=ORIENTED_EDGE('',*,*,#3655,.F.);
#4689=ORIENTED_EDGE('',*,*,#3577,.F.);
#4690=ORIENTED_EDGE('',*,*,#3661,.F.);
#4691=ORIENTED_EDGE('',*,*,#3555,.T.);
#4692=ORIENTED_EDGE('',*,*,#3662,.T.);
#4693=ORIENTED_EDGE('',*,*,#3590,.T.);
#4694=ORIENTED_EDGE('',*,*,#3654,.T.);
#4695=ORIENTED_EDGE('',*,*,#3592,.T.);
#4696=ORIENTED_EDGE('',*,*,#3663,.T.);
#4697=ORIENTED_EDGE('',*,*,#3580,.F.);
#4698=ORIENTED_EDGE('',*,*,#3664,.T.);
#4699=ORIENTED_EDGE('',*,*,#3656,.F.);
#4700=ORIENTED_EDGE('',*,*,#3593,.F.);
#4701=ORIENTED_EDGE('',*,*,#3664,.F.);
#4702=ORIENTED_EDGE('',*,*,#3579,.F.);
#4703=ORIENTED_EDGE('',*,*,#3603,.T.);
#4704=ORIENTED_EDGE('',*,*,#3665,.T.);
#4705=ORIENTED_EDGE('',*,*,#3572,.F.);
#4706=ORIENTED_EDGE('',*,*,#3666,.T.);
#4707=ORIENTED_EDGE('',*,*,#3666,.F.);
#4708=ORIENTED_EDGE('',*,*,#3571,.F.);
#4709=ORIENTED_EDGE('',*,*,#3667,.F.);
#4710=ORIENTED_EDGE('',*,*,#3604,.F.);
#4711=ORIENTED_EDGE('',*,*,#3598,.T.);
#4712=ORIENTED_EDGE('',*,*,#3668,.T.);
#4713=ORIENTED_EDGE('',*,*,#3574,.F.);
#4714=ORIENTED_EDGE('',*,*,#3669,.T.);
#4715=ORIENTED_EDGE('',*,*,#3570,.T.);
#4716=ORIENTED_EDGE('',*,*,#3658,.T.);
#4717=ORIENTED_EDGE('',*,*,#3605,.T.);
#4718=ORIENTED_EDGE('',*,*,#3667,.T.);
#4719=ORIENTED_EDGE('',*,*,#3576,.T.);
#4720=ORIENTED_EDGE('',*,*,#3670,.T.);
#4721=ORIENTED_EDGE('',*,*,#3596,.T.);
#4722=ORIENTED_EDGE('',*,*,#3661,.T.);
#4723=ORIENTED_EDGE('',*,*,#3668,.F.);
#4724=ORIENTED_EDGE('',*,*,#3597,.F.);
#4725=ORIENTED_EDGE('',*,*,#3670,.F.);
#4726=ORIENTED_EDGE('',*,*,#3575,.F.);
#4727=ORIENTED_EDGE('',*,*,#3622,.F.);
#4728=ORIENTED_EDGE('',*,*,#3671,.F.);
#4729=ORIENTED_EDGE('',*,*,#3672,.F.);
#4730=ORIENTED_EDGE('',*,*,#3546,.F.);
#4731=ORIENTED_EDGE('',*,*,#3646,.F.);
#4732=ORIENTED_EDGE('',*,*,#3673,.F.);
#4733=ORIENTED_EDGE('',*,*,#3674,.F.);
#4734=ORIENTED_EDGE('',*,*,#3624,.F.);
#4735=ORIENTED_EDGE('',*,*,#3675,.F.);
#4736=ORIENTED_EDGE('',*,*,#3676,.F.);
#4737=ORIENTED_EDGE('',*,*,#3673,.T.);
#4738=ORIENTED_EDGE('',*,*,#3645,.F.);
#4739=ORIENTED_EDGE('',*,*,#3647,.T.);
#4740=ORIENTED_EDGE('',*,*,#3611,.F.);
#4741=ORIENTED_EDGE('',*,*,#3677,.F.);
#4742=ORIENTED_EDGE('',*,*,#3609,.F.);
#4743=ORIENTED_EDGE('',*,*,#3678,.F.);
#4744=ORIENTED_EDGE('',*,*,#3635,.F.);
#4745=ORIENTED_EDGE('',*,*,#3602,.F.);
#4746=ORIENTED_EDGE('',*,*,#3679,.F.);
#4747=ORIENTED_EDGE('',*,*,#3634,.F.);
#4748=ORIENTED_EDGE('',*,*,#3680,.T.);
#4749=ORIENTED_EDGE('',*,*,#3636,.F.);
#4750=ORIENTED_EDGE('',*,*,#3678,.T.);
#4751=ORIENTED_EDGE('',*,*,#3608,.F.);
#4752=ORIENTED_EDGE('',*,*,#3681,.F.);
#4753=ORIENTED_EDGE('',*,*,#3679,.T.);
#4754=ORIENTED_EDGE('',*,*,#3601,.F.);
#4755=ORIENTED_EDGE('',*,*,#3610,.T.);
#4756=ORIENTED_EDGE('',*,*,#3677,.T.);
#4757=ORIENTED_EDGE('',*,*,#3639,.F.);
#4758=ORIENTED_EDGE('',*,*,#3682,.F.);
#4759=ORIENTED_EDGE('',*,*,#3683,.T.);
#4760=ORIENTED_EDGE('',*,*,#3684,.T.);
#4761=ORIENTED_EDGE('',*,*,#3565,.T.);
#4762=ORIENTED_EDGE('',*,*,#3560,.F.);
#4763=ORIENTED_EDGE('',*,*,#3564,.T.);
#4764=ORIENTED_EDGE('',*,*,#3685,.T.);
#4765=ORIENTED_EDGE('',*,*,#3552,.T.);
#4766=ORIENTED_EDGE('',*,*,#3550,.F.);
#4767=ORIENTED_EDGE('',*,*,#3557,.T.);
#4768=ORIENTED_EDGE('',*,*,#3653,.T.);
#4769=ORIENTED_EDGE('',*,*,#3588,.T.);
#4770=ORIENTED_EDGE('',*,*,#3583,.F.);
#4771=ORIENTED_EDGE('',*,*,#3587,.T.);
#4772=ORIENTED_EDGE('',*,*,#3632,.F.);
#4773=ORIENTED_EDGE('',*,*,#3643,.F.);
#4774=ORIENTED_EDGE('',*,*,#3686,.F.);
#4775=ORIENTED_EDGE('',*,*,#3675,.T.);
#4776=ORIENTED_EDGE('',*,*,#3613,.F.);
#4777=ORIENTED_EDGE('',*,*,#3542,.F.);
#4778=ORIENTED_EDGE('',*,*,#3687,.F.);
#4779=ORIENTED_EDGE('',*,*,#3688,.T.);
#4780=ORIENTED_EDGE('',*,*,#3536,.T.);
#4781=ORIENTED_EDGE('',*,*,#3532,.F.);
#4782=ORIENTED_EDGE('',*,*,#3615,.F.);
#4783=ORIENTED_EDGE('',*,*,#3522,.F.);
#4784=ORIENTED_EDGE('',*,*,#3528,.F.);
#4785=ORIENTED_EDGE('',*,*,#3526,.T.);
#4786=ORIENTED_EDGE('',*,*,#3524,.F.);
#4787=ORIENTED_EDGE('',*,*,#3531,.T.);
#4788=ORIENTED_EDGE('',*,*,#3620,.T.);
#4789=ORIENTED_EDGE('',*,*,#3539,.T.);
#4790=ORIENTED_EDGE('',*,*,#3534,.F.);
#4791=ORIENTED_EDGE('',*,*,#3538,.T.);
#4792=ORIENTED_EDGE('',*,*,#3689,.T.);
#4793=ORIENTED_EDGE('',*,*,#3690,.F.);
#4794=ORIENTED_EDGE('',*,*,#3640,.F.);
#4795=ORIENTED_EDGE('',*,*,#3691,.F.);
#4796=ORIENTED_EDGE('',*,*,#3567,.F.);
#4797=ORIENTED_EDGE('',*,*,#3692,.F.);
#4798=ORIENTED_EDGE('',*,*,#3693,.T.);
#4799=ORIENTED_EDGE('',*,*,#3684,.F.);
#4800=ORIENTED_EDGE('',*,*,#3694,.T.);
#4801=ORIENTED_EDGE('',*,*,#3692,.T.);
#4802=ORIENTED_EDGE('',*,*,#3566,.F.);
#4803=ORIENTED_EDGE('',*,*,#3554,.F.);
#4804=ORIENTED_EDGE('',*,*,#3695,.T.);
#4805=ORIENTED_EDGE('',*,*,#3562,.T.);
#4806=ORIENTED_EDGE('',*,*,#3558,.F.);
#4807=ORIENTED_EDGE('',*,*,#3665,.F.);
#4808=ORIENTED_EDGE('',*,*,#3599,.F.);
#4809=ORIENTED_EDGE('',*,*,#3680,.F.);
#4810=ORIENTED_EDGE('',*,*,#3633,.F.);
#4811=ORIENTED_EDGE('',*,*,#3585,.T.);
#4812=ORIENTED_EDGE('',*,*,#3581,.F.);
#4813=ORIENTED_EDGE('',*,*,#3662,.F.);
#4814=ORIENTED_EDGE('',*,*,#3548,.F.);
#4815=ORIENTED_EDGE('',*,*,#3573,.T.);
#4816=ORIENTED_EDGE('',*,*,#3663,.F.);
#4817=ORIENTED_EDGE('',*,*,#3591,.T.);
#4818=ORIENTED_EDGE('',*,*,#3669,.F.);
#4819=ORIENTED_EDGE('',*,*,#3657,.T.);
#4820=ORIENTED_EDGE('',*,*,#3627,.T.);
#4821=ORIENTED_EDGE('',*,*,#3696,.F.);
#4822=ORIENTED_EDGE('',*,*,#3697,.F.);
#4823=ORIENTED_EDGE('',*,*,#3698,.F.);
#4824=ORIENTED_EDGE('',*,*,#3699,.F.);
#4825=ORIENTED_EDGE('',*,*,#3659,.T.);
#4826=ORIENTED_EDGE('',*,*,#3568,.T.);
#4827=ORIENTED_EDGE('',*,*,#3691,.T.);
#4828=ORIENTED_EDGE('',*,*,#3700,.F.);
#4829=ORIENTED_EDGE('',*,*,#3701,.F.);
#4830=ORIENTED_EDGE('',*,*,#3637,.T.);
#4831=ORIENTED_EDGE('',*,*,#3681,.T.);
#4832=ORIENTED_EDGE('',*,*,#3607,.T.);
#4833=ORIENTED_EDGE('',*,*,#3702,.F.);
#4834=ORIENTED_EDGE('',*,*,#3703,.F.);
#4835=ORIENTED_EDGE('',*,*,#3704,.F.);
#4836=ORIENTED_EDGE('',*,*,#3705,.F.);
#4837=ORIENTED_EDGE('',*,*,#3706,.T.);
#4838=ORIENTED_EDGE('',*,*,#3707,.F.);
#4839=ORIENTED_EDGE('',*,*,#3708,.F.);
#4840=ORIENTED_EDGE('',*,*,#3709,.F.);
#4841=ORIENTED_EDGE('',*,*,#3710,.F.);
#4842=ORIENTED_EDGE('',*,*,#3711,.F.);
#4843=ORIENTED_EDGE('',*,*,#3712,.F.);
#4844=ORIENTED_EDGE('',*,*,#3713,.F.);
#4845=ORIENTED_EDGE('',*,*,#3714,.F.);
#4846=ORIENTED_EDGE('',*,*,#3715,.F.);
#4847=ORIENTED_EDGE('',*,*,#3716,.F.);
#4848=ORIENTED_EDGE('',*,*,#3717,.F.);
#4849=ORIENTED_EDGE('',*,*,#3718,.F.);
#4850=ORIENTED_EDGE('',*,*,#3719,.F.);
#4851=ORIENTED_EDGE('',*,*,#3720,.F.);
#4852=ORIENTED_EDGE('',*,*,#3721,.F.);
#4853=ORIENTED_EDGE('',*,*,#3722,.F.);
#4854=ORIENTED_EDGE('',*,*,#3723,.F.);
#4855=ORIENTED_EDGE('',*,*,#3724,.F.);
#4856=ORIENTED_EDGE('',*,*,#3725,.F.);
#4857=ORIENTED_EDGE('',*,*,#3726,.T.);
#4858=ORIENTED_EDGE('',*,*,#3727,.T.);
#4859=ORIENTED_EDGE('',*,*,#3728,.T.);
#4860=ORIENTED_EDGE('',*,*,#3729,.T.);
#4861=ORIENTED_EDGE('',*,*,#3730,.T.);
#4862=ORIENTED_EDGE('',*,*,#3731,.T.);
#4863=ORIENTED_EDGE('',*,*,#3732,.T.);
#4864=ORIENTED_EDGE('',*,*,#3733,.T.);
#4865=ORIENTED_EDGE('',*,*,#3734,.T.);
#4866=ORIENTED_EDGE('',*,*,#3735,.T.);
#4867=ORIENTED_EDGE('',*,*,#3736,.T.);
#4868=ORIENTED_EDGE('',*,*,#3737,.T.);
#4869=ORIENTED_EDGE('',*,*,#3738,.T.);
#4870=ORIENTED_EDGE('',*,*,#3739,.T.);
#4871=ORIENTED_EDGE('',*,*,#3740,.T.);
#4872=ORIENTED_EDGE('',*,*,#3741,.T.);
#4873=ORIENTED_EDGE('',*,*,#3742,.T.);
#4874=ORIENTED_EDGE('',*,*,#3743,.T.);
#4875=ORIENTED_EDGE('',*,*,#3744,.T.);
#4876=ORIENTED_EDGE('',*,*,#3745,.T.);
#4877=ORIENTED_EDGE('',*,*,#3746,.T.);
#4878=ORIENTED_EDGE('',*,*,#3747,.T.);
#4879=ORIENTED_EDGE('',*,*,#3748,.T.);
#4880=ORIENTED_EDGE('',*,*,#3749,.T.);
#4881=ORIENTED_EDGE('',*,*,#3750,.T.);
#4882=ORIENTED_EDGE('',*,*,#3751,.T.);
#4883=ORIENTED_EDGE('',*,*,#3752,.T.);
#4884=ORIENTED_EDGE('',*,*,#3753,.T.);
#4885=ORIENTED_EDGE('',*,*,#3754,.T.);
#4886=ORIENTED_EDGE('',*,*,#3755,.T.);
#4887=ORIENTED_EDGE('',*,*,#3756,.T.);
#4888=ORIENTED_EDGE('',*,*,#3757,.T.);
#4889=ORIENTED_EDGE('',*,*,#3758,.T.);
#4890=ORIENTED_EDGE('',*,*,#3759,.T.);
#4891=ORIENTED_EDGE('',*,*,#3760,.T.);
#4892=ORIENTED_EDGE('',*,*,#3761,.T.);
#4893=ORIENTED_EDGE('',*,*,#3762,.F.);
#4894=ORIENTED_EDGE('',*,*,#3763,.F.);
#4895=ORIENTED_EDGE('',*,*,#3764,.F.);
#4896=ORIENTED_EDGE('',*,*,#3765,.F.);
#4897=ORIENTED_EDGE('',*,*,#3766,.F.);
#4898=ORIENTED_EDGE('',*,*,#3767,.F.);
#4899=ORIENTED_EDGE('',*,*,#3768,.F.);
#4900=ORIENTED_EDGE('',*,*,#3769,.F.);
#4901=ORIENTED_EDGE('',*,*,#3770,.F.);
#4902=ORIENTED_EDGE('',*,*,#3771,.F.);
#4903=ORIENTED_EDGE('',*,*,#3772,.F.);
#4904=ORIENTED_EDGE('',*,*,#3773,.F.);
#4905=ORIENTED_EDGE('',*,*,#3621,.F.);
#4906=ORIENTED_EDGE('',*,*,#3619,.T.);
#4907=ORIENTED_EDGE('',*,*,#3774,.F.);
#4908=ORIENTED_EDGE('',*,*,#3651,.F.);
#4909=ORIENTED_EDGE('',*,*,#3648,.F.);
#4910=ORIENTED_EDGE('',*,*,#3660,.T.);
#4911=ORIENTED_EDGE('',*,*,#3699,.T.);
#4912=ORIENTED_EDGE('',*,*,#3775,.F.);
#4913=ORIENTED_EDGE('',*,*,#3776,.F.);
#4914=ORIENTED_EDGE('',*,*,#3671,.T.);
#4915=ORIENTED_EDGE('',*,*,#3553,.T.);
#4916=ORIENTED_EDGE('',*,*,#3685,.F.);
#4917=ORIENTED_EDGE('',*,*,#3563,.F.);
#4918=ORIENTED_EDGE('',*,*,#3695,.F.);
#4919=ORIENTED_EDGE('',*,*,#3694,.F.);
#4920=ORIENTED_EDGE('',*,*,#3683,.F.);
#4921=ORIENTED_EDGE('',*,*,#3777,.F.);
#4922=ORIENTED_EDGE('',*,*,#3700,.T.);
#4923=ORIENTED_EDGE('',*,*,#3693,.F.);
#4924=ORIENTED_EDGE('',*,*,#3688,.F.);
#4925=ORIENTED_EDGE('',*,*,#3778,.F.);
#4926=ORIENTED_EDGE('',*,*,#3779,.F.);
#4927=ORIENTED_EDGE('',*,*,#3689,.F.);
#4928=ORIENTED_EDGE('',*,*,#3537,.T.);
#4929=ORIENTED_EDGE('',*,*,#3641,.T.);
#4930=ORIENTED_EDGE('',*,*,#3690,.T.);
#4931=ORIENTED_EDGE('',*,*,#3779,.T.);
#4932=ORIENTED_EDGE('',*,*,#3780,.T.);
#4933=ORIENTED_EDGE('',*,*,#3777,.T.);
#4934=ORIENTED_EDGE('',*,*,#3682,.T.);
#4935=ORIENTED_EDGE('',*,*,#3638,.T.);
#4936=ORIENTED_EDGE('',*,*,#3701,.T.);
#4937=ORIENTED_EDGE('',*,*,#3631,.T.);
#4938=ORIENTED_EDGE('',*,*,#3652,.T.);
#4939=ORIENTED_EDGE('',*,*,#3774,.T.);
#4940=ORIENTED_EDGE('',*,*,#3618,.T.);
#4941=ORIENTED_EDGE('',*,*,#3781,.T.);
#4942=ORIENTED_EDGE('',*,*,#3782,.T.);
#4943=ORIENTED_EDGE('',*,*,#3696,.T.);
#4944=ORIENTED_EDGE('',*,*,#3626,.T.);
#4945=ORIENTED_EDGE('',*,*,#3698,.T.);
#4946=ORIENTED_EDGE('',*,*,#3783,.T.);
#4947=ORIENTED_EDGE('',*,*,#3784,.T.);
#4948=ORIENTED_EDGE('',*,*,#3775,.T.);
#4949=ORIENTED_EDGE('',*,*,#3686,.T.);
#4950=ORIENTED_EDGE('',*,*,#3642,.F.);
#4951=ORIENTED_EDGE('',*,*,#3780,.F.);
#4952=ORIENTED_EDGE('',*,*,#3778,.T.);
#4953=ORIENTED_EDGE('',*,*,#3687,.T.);
#4954=ORIENTED_EDGE('',*,*,#3547,.T.);
#4955=ORIENTED_EDGE('',*,*,#3672,.T.);
#4956=ORIENTED_EDGE('',*,*,#3776,.T.);
#4957=ORIENTED_EDGE('',*,*,#3784,.F.);
#4958=ORIENTED_EDGE('',*,*,#3785,.F.);
#4959=ORIENTED_EDGE('',*,*,#3781,.F.);
#4960=ORIENTED_EDGE('',*,*,#3625,.F.);
#4961=ORIENTED_EDGE('',*,*,#3674,.T.);
#4962=ORIENTED_EDGE('',*,*,#3676,.T.);
#4963=ORIENTED_EDGE('',*,*,#3786,.F.);
#4964=ORIENTED_EDGE('',*,*,#3787,.F.);
#4965=ORIENTED_EDGE('',*,*,#3788,.F.);
#4966=ORIENTED_EDGE('',*,*,#3789,.F.);
#4967=ORIENTED_EDGE('',*,*,#3790,.F.);
#4968=ORIENTED_EDGE('',*,*,#3791,.F.);
#4969=ORIENTED_EDGE('',*,*,#3792,.F.);
#4970=ORIENTED_EDGE('',*,*,#3793,.F.);
#4971=ORIENTED_EDGE('',*,*,#3794,.F.);
#4972=ORIENTED_EDGE('',*,*,#3795,.F.);
#4973=ORIENTED_EDGE('',*,*,#3796,.F.);
#4974=ORIENTED_EDGE('',*,*,#3797,.F.);
#4975=ORIENTED_EDGE('',*,*,#3798,.F.);
#4976=ORIENTED_EDGE('',*,*,#3799,.F.);
#4977=ORIENTED_EDGE('',*,*,#3800,.F.);
#4978=ORIENTED_EDGE('',*,*,#3801,.F.);
#4979=ORIENTED_EDGE('',*,*,#3802,.T.);
#4980=ORIENTED_EDGE('',*,*,#3803,.T.);
#4981=ORIENTED_EDGE('',*,*,#3804,.T.);
#4982=ORIENTED_EDGE('',*,*,#3805,.T.);
#4983=ORIENTED_EDGE('',*,*,#3806,.T.);
#4984=ORIENTED_EDGE('',*,*,#3807,.T.);
#4985=ORIENTED_EDGE('',*,*,#3808,.T.);
#4986=ORIENTED_EDGE('',*,*,#3809,.T.);
#4987=ORIENTED_EDGE('',*,*,#3810,.T.);
#4988=ORIENTED_EDGE('',*,*,#3811,.T.);
#4989=ORIENTED_EDGE('',*,*,#3812,.T.);
#4990=ORIENTED_EDGE('',*,*,#3813,.T.);
#4991=ORIENTED_EDGE('',*,*,#3814,.T.);
#4992=ORIENTED_EDGE('',*,*,#3815,.T.);
#4993=ORIENTED_EDGE('',*,*,#3816,.T.);
#4994=ORIENTED_EDGE('',*,*,#3817,.T.);
#4995=ORIENTED_EDGE('',*,*,#3818,.T.);
#4996=ORIENTED_EDGE('',*,*,#3819,.T.);
#4997=ORIENTED_EDGE('',*,*,#3820,.T.);
#4998=ORIENTED_EDGE('',*,*,#3821,.T.);
#4999=ORIENTED_EDGE('',*,*,#3822,.T.);
#5000=ORIENTED_EDGE('',*,*,#3823,.T.);
#5001=ORIENTED_EDGE('',*,*,#3824,.T.);
#5002=ORIENTED_EDGE('',*,*,#3825,.T.);
#5003=ORIENTED_EDGE('',*,*,#3826,.T.);
#5004=ORIENTED_EDGE('',*,*,#3827,.T.);
#5005=ORIENTED_EDGE('',*,*,#3828,.T.);
#5006=ORIENTED_EDGE('',*,*,#3829,.T.);
#5007=ORIENTED_EDGE('',*,*,#3830,.T.);
#5008=ORIENTED_EDGE('',*,*,#3831,.T.);
#5009=ORIENTED_EDGE('',*,*,#3832,.T.);
#5010=ORIENTED_EDGE('',*,*,#3833,.T.);
#5011=ORIENTED_EDGE('',*,*,#3834,.T.);
#5012=ORIENTED_EDGE('',*,*,#3835,.T.);
#5013=ORIENTED_EDGE('',*,*,#3836,.T.);
#5014=ORIENTED_EDGE('',*,*,#3837,.T.);
#5015=ORIENTED_EDGE('',*,*,#3838,.T.);
#5016=ORIENTED_EDGE('',*,*,#3839,.T.);
#5017=ORIENTED_EDGE('',*,*,#3840,.T.);
#5018=ORIENTED_EDGE('',*,*,#3841,.T.);
#5019=ORIENTED_EDGE('',*,*,#3842,.T.);
#5020=ORIENTED_EDGE('',*,*,#3843,.T.);
#5021=ORIENTED_EDGE('',*,*,#3844,.T.);
#5022=ORIENTED_EDGE('',*,*,#3845,.T.);
#5023=ORIENTED_EDGE('',*,*,#3846,.T.);
#5024=ORIENTED_EDGE('',*,*,#3847,.T.);
#5025=ORIENTED_EDGE('',*,*,#3848,.T.);
#5026=ORIENTED_EDGE('',*,*,#3849,.T.);
#5027=ORIENTED_EDGE('',*,*,#3850,.T.);
#5028=ORIENTED_EDGE('',*,*,#3851,.T.);
#5029=ORIENTED_EDGE('',*,*,#3852,.T.);
#5030=ORIENTED_EDGE('',*,*,#3853,.T.);
#5031=ORIENTED_EDGE('',*,*,#3854,.T.);
#5032=ORIENTED_EDGE('',*,*,#3855,.T.);
#5033=ORIENTED_EDGE('',*,*,#3856,.T.);
#5034=ORIENTED_EDGE('',*,*,#3857,.T.);
#5035=ORIENTED_EDGE('',*,*,#3858,.T.);
#5036=ORIENTED_EDGE('',*,*,#3859,.T.);
#5037=ORIENTED_EDGE('',*,*,#3860,.T.);
#5038=ORIENTED_EDGE('',*,*,#3861,.T.);
#5039=ORIENTED_EDGE('',*,*,#3862,.T.);
#5040=ORIENTED_EDGE('',*,*,#3863,.T.);
#5041=ORIENTED_EDGE('',*,*,#3864,.T.);
#5042=ORIENTED_EDGE('',*,*,#3865,.T.);
#5043=ORIENTED_EDGE('',*,*,#3866,.T.);
#5044=ORIENTED_EDGE('',*,*,#3867,.T.);
#5045=ORIENTED_EDGE('',*,*,#3868,.T.);
#5046=ORIENTED_EDGE('',*,*,#3869,.T.);
#5047=ORIENTED_EDGE('',*,*,#3870,.T.);
#5048=ORIENTED_EDGE('',*,*,#3871,.T.);
#5049=ORIENTED_EDGE('',*,*,#3872,.T.);
#5050=ORIENTED_EDGE('',*,*,#3873,.T.);
#5051=ORIENTED_EDGE('',*,*,#3874,.T.);
#5052=ORIENTED_EDGE('',*,*,#3875,.T.);
#5053=ORIENTED_EDGE('',*,*,#3876,.T.);
#5054=ORIENTED_EDGE('',*,*,#3877,.T.);
#5055=ORIENTED_EDGE('',*,*,#3878,.T.);
#5056=ORIENTED_EDGE('',*,*,#3879,.T.);
#5057=ORIENTED_EDGE('',*,*,#3880,.T.);
#5058=ORIENTED_EDGE('',*,*,#3881,.T.);
#5059=ORIENTED_EDGE('',*,*,#3882,.T.);
#5060=ORIENTED_EDGE('',*,*,#3883,.T.);
#5061=ORIENTED_EDGE('',*,*,#3884,.T.);
#5062=ORIENTED_EDGE('',*,*,#3885,.T.);
#5063=ORIENTED_EDGE('',*,*,#3886,.T.);
#5064=ORIENTED_EDGE('',*,*,#3887,.T.);
#5065=ORIENTED_EDGE('',*,*,#3888,.T.);
#5066=ORIENTED_EDGE('',*,*,#3889,.T.);
#5067=ORIENTED_EDGE('',*,*,#3890,.T.);
#5068=ORIENTED_EDGE('',*,*,#3891,.T.);
#5069=ORIENTED_EDGE('',*,*,#3892,.T.);
#5070=ORIENTED_EDGE('',*,*,#3893,.T.);
#5071=ORIENTED_EDGE('',*,*,#3894,.T.);
#5072=ORIENTED_EDGE('',*,*,#3895,.T.);
#5073=ORIENTED_EDGE('',*,*,#3896,.T.);
#5074=ORIENTED_EDGE('',*,*,#3897,.T.);
#5075=ORIENTED_EDGE('',*,*,#3898,.T.);
#5076=ORIENTED_EDGE('',*,*,#3899,.T.);
#5077=ORIENTED_EDGE('',*,*,#3900,.T.);
#5078=ORIENTED_EDGE('',*,*,#3901,.T.);
#5079=ORIENTED_EDGE('',*,*,#3902,.T.);
#5080=ORIENTED_EDGE('',*,*,#3903,.T.);
#5081=ORIENTED_EDGE('',*,*,#3904,.T.);
#5082=ORIENTED_EDGE('',*,*,#3905,.T.);
#5083=ORIENTED_EDGE('',*,*,#3906,.T.);
#5084=ORIENTED_EDGE('',*,*,#3907,.T.);
#5085=ORIENTED_EDGE('',*,*,#3908,.T.);
#5086=ORIENTED_EDGE('',*,*,#3909,.T.);
#5087=ORIENTED_EDGE('',*,*,#3910,.T.);
#5088=ORIENTED_EDGE('',*,*,#3911,.T.);
#5089=ORIENTED_EDGE('',*,*,#3912,.T.);
#5090=ORIENTED_EDGE('',*,*,#3913,.T.);
#5091=ORIENTED_EDGE('',*,*,#3914,.T.);
#5092=ORIENTED_EDGE('',*,*,#3915,.T.);
#5093=ORIENTED_EDGE('',*,*,#3916,.T.);
#5094=ORIENTED_EDGE('',*,*,#3917,.T.);
#5095=ORIENTED_EDGE('',*,*,#3918,.T.);
#5096=ORIENTED_EDGE('',*,*,#3919,.T.);
#5097=ORIENTED_EDGE('',*,*,#3920,.T.);
#5098=ORIENTED_EDGE('',*,*,#3921,.T.);
#5099=ORIENTED_EDGE('',*,*,#3922,.T.);
#5100=ORIENTED_EDGE('',*,*,#3923,.T.);
#5101=ORIENTED_EDGE('',*,*,#3924,.T.);
#5102=ORIENTED_EDGE('',*,*,#3925,.T.);
#5103=ORIENTED_EDGE('',*,*,#3926,.T.);
#5104=ORIENTED_EDGE('',*,*,#3927,.T.);
#5105=ORIENTED_EDGE('',*,*,#3928,.T.);
#5106=ORIENTED_EDGE('',*,*,#3929,.T.);
#5107=ORIENTED_EDGE('',*,*,#3930,.T.);
#5108=ORIENTED_EDGE('',*,*,#3931,.T.);
#5109=ORIENTED_EDGE('',*,*,#3932,.T.);
#5110=ORIENTED_EDGE('',*,*,#3933,.T.);
#5111=ORIENTED_EDGE('',*,*,#3934,.T.);
#5112=ORIENTED_EDGE('',*,*,#3935,.T.);
#5113=ORIENTED_EDGE('',*,*,#3936,.T.);
#5114=ORIENTED_EDGE('',*,*,#3937,.T.);
#5115=ORIENTED_EDGE('',*,*,#3938,.T.);
#5116=ORIENTED_EDGE('',*,*,#3939,.T.);
#5117=ORIENTED_EDGE('',*,*,#3940,.T.);
#5118=ORIENTED_EDGE('',*,*,#3941,.T.);
#5119=ORIENTED_EDGE('',*,*,#3942,.T.);
#5120=ORIENTED_EDGE('',*,*,#3943,.T.);
#5121=ORIENTED_EDGE('',*,*,#3944,.T.);
#5122=ORIENTED_EDGE('',*,*,#3945,.T.);
#5123=ORIENTED_EDGE('',*,*,#3946,.T.);
#5124=ORIENTED_EDGE('',*,*,#3947,.T.);
#5125=ORIENTED_EDGE('',*,*,#3948,.T.);
#5126=ORIENTED_EDGE('',*,*,#3949,.T.);
#5127=ORIENTED_EDGE('',*,*,#3950,.T.);
#5128=ORIENTED_EDGE('',*,*,#3951,.T.);
#5129=ORIENTED_EDGE('',*,*,#3952,.T.);
#5130=ORIENTED_EDGE('',*,*,#3953,.T.);
#5131=ORIENTED_EDGE('',*,*,#3954,.T.);
#5132=ORIENTED_EDGE('',*,*,#3955,.T.);
#5133=ORIENTED_EDGE('',*,*,#3956,.F.);
#5134=ORIENTED_EDGE('',*,*,#3957,.F.);
#5135=ORIENTED_EDGE('',*,*,#3958,.F.);
#5136=ORIENTED_EDGE('',*,*,#3959,.F.);
#5137=ORIENTED_EDGE('',*,*,#3960,.F.);
#5138=ORIENTED_EDGE('',*,*,#3961,.F.);
#5139=ORIENTED_EDGE('',*,*,#3962,.F.);
#5140=ORIENTED_EDGE('',*,*,#3963,.F.);
#5141=ORIENTED_EDGE('',*,*,#3702,.T.);
#5142=ORIENTED_EDGE('',*,*,#3964,.T.);
#5143=ORIENTED_EDGE('',*,*,#3965,.T.);
#5144=ORIENTED_EDGE('',*,*,#3966,.F.);
#5145=ORIENTED_EDGE('',*,*,#3705,.T.);
#5146=ORIENTED_EDGE('',*,*,#3967,.T.);
#5147=ORIENTED_EDGE('',*,*,#3968,.T.);
#5148=ORIENTED_EDGE('',*,*,#3964,.F.);
#5149=ORIENTED_EDGE('',*,*,#3704,.T.);
#5150=ORIENTED_EDGE('',*,*,#3969,.T.);
#5151=ORIENTED_EDGE('',*,*,#3970,.T.);
#5152=ORIENTED_EDGE('',*,*,#3967,.F.);
#5153=ORIENTED_EDGE('',*,*,#3971,.T.);
#5154=ORIENTED_EDGE('',*,*,#3969,.F.);
#5155=ORIENTED_EDGE('',*,*,#3703,.T.);
#5156=ORIENTED_EDGE('',*,*,#3966,.T.);
#5157=ORIENTED_EDGE('',*,*,#3971,.F.);
#5158=ORIENTED_EDGE('',*,*,#3972,.T.);
#5159=ORIENTED_EDGE('',*,*,#3813,.F.);
#5160=ORIENTED_EDGE('',*,*,#3973,.F.);
#5161=ORIENTED_EDGE('',*,*,#3974,.T.);
#5162=ORIENTED_EDGE('',*,*,#3975,.T.);
#5163=ORIENTED_EDGE('',*,*,#3953,.F.);
#5164=ORIENTED_EDGE('',*,*,#3976,.F.);
#5165=ORIENTED_EDGE('',*,*,#3965,.F.);
#5166=ORIENTED_EDGE('',*,*,#3977,.T.);
#5167=ORIENTED_EDGE('',*,*,#3942,.F.);
#5168=ORIENTED_EDGE('',*,*,#3978,.F.);
#5169=ORIENTED_EDGE('',*,*,#3979,.T.);
#5170=ORIENTED_EDGE('',*,*,#3980,.T.);
#5171=ORIENTED_EDGE('',*,*,#3819,.F.);
#5172=ORIENTED_EDGE('',*,*,#3981,.F.);
#5173=ORIENTED_EDGE('',*,*,#3982,.T.);
#5174=ORIENTED_EDGE('',*,*,#3983,.T.);
#5175=ORIENTED_EDGE('',*,*,#3884,.F.);
#5176=ORIENTED_EDGE('',*,*,#3984,.F.);
#5177=ORIENTED_EDGE('',*,*,#3985,.T.);
#5178=ORIENTED_EDGE('',*,*,#3986,.T.);
#5179=ORIENTED_EDGE('',*,*,#3814,.F.);
#5180=ORIENTED_EDGE('',*,*,#3972,.F.);
#5181=ORIENTED_EDGE('',*,*,#3987,.T.);
#5182=ORIENTED_EDGE('',*,*,#3988,.T.);
#5183=ORIENTED_EDGE('',*,*,#3709,.T.);
#5184=ORIENTED_EDGE('',*,*,#3989,.T.);
#5185=ORIENTED_EDGE('',*,*,#3708,.T.);
#5186=ORIENTED_EDGE('',*,*,#3990,.T.);
#5187=ORIENTED_EDGE('',*,*,#3991,.T.);
#5188=ORIENTED_EDGE('',*,*,#3989,.F.);
#5189=ORIENTED_EDGE('',*,*,#3707,.T.);
#5190=ORIENTED_EDGE('',*,*,#3992,.T.);
#5191=ORIENTED_EDGE('',*,*,#3993,.T.);
#5192=ORIENTED_EDGE('',*,*,#3990,.F.);
#5193=ORIENTED_EDGE('',*,*,#3987,.F.);
#5194=ORIENTED_EDGE('',*,*,#3994,.T.);
#5195=ORIENTED_EDGE('',*,*,#3834,.F.);
#5196=ORIENTED_EDGE('',*,*,#3995,.F.);
#5197=ORIENTED_EDGE('',*,*,#3996,.T.);
#5198=ORIENTED_EDGE('',*,*,#3997,.T.);
#5199=ORIENTED_EDGE('',*,*,#3908,.F.);
#5200=ORIENTED_EDGE('',*,*,#3998,.F.);
#5201=ORIENTED_EDGE('',*,*,#3999,.T.);
#5202=ORIENTED_EDGE('',*,*,#4000,.T.);
#5203=ORIENTED_EDGE('',*,*,#3851,.F.);
#5204=ORIENTED_EDGE('',*,*,#4001,.F.);
#5205=ORIENTED_EDGE('',*,*,#4002,.T.);
#5206=ORIENTED_EDGE('',*,*,#4003,.T.);
#5207=ORIENTED_EDGE('',*,*,#3919,.F.);
#5208=ORIENTED_EDGE('',*,*,#4004,.F.);
#5209=ORIENTED_EDGE('',*,*,#3991,.F.);
#5210=ORIENTED_EDGE('',*,*,#4005,.T.);
#5211=ORIENTED_EDGE('',*,*,#3854,.F.);
#5212=ORIENTED_EDGE('',*,*,#4006,.F.);
#5213=ORIENTED_EDGE('',*,*,#4007,.T.);
#5214=ORIENTED_EDGE('',*,*,#4008,.T.);
#5215=ORIENTED_EDGE('',*,*,#3835,.F.);
#5216=ORIENTED_EDGE('',*,*,#3994,.F.);
#5217=ORIENTED_EDGE('',*,*,#3993,.F.);
#5218=ORIENTED_EDGE('',*,*,#4009,.T.);
#5219=ORIENTED_EDGE('',*,*,#3845,.F.);
#5220=ORIENTED_EDGE('',*,*,#4010,.F.);
#5221=ORIENTED_EDGE('',*,*,#4011,.T.);
#5222=ORIENTED_EDGE('',*,*,#4012,.T.);
#5223=ORIENTED_EDGE('',*,*,#3923,.F.);
#5224=ORIENTED_EDGE('',*,*,#4013,.F.);
#5225=ORIENTED_EDGE('',*,*,#4014,.T.);
#5226=ORIENTED_EDGE('',*,*,#4015,.T.);
#5227=ORIENTED_EDGE('',*,*,#3924,.F.);
#5228=ORIENTED_EDGE('',*,*,#4016,.F.);
#5229=ORIENTED_EDGE('',*,*,#4017,.T.);
#5230=ORIENTED_EDGE('',*,*,#4018,.T.);
#5231=ORIENTED_EDGE('',*,*,#3855,.F.);
#5232=ORIENTED_EDGE('',*,*,#4005,.F.);
#5233=ORIENTED_EDGE('',*,*,#3770,.T.);
#5234=ORIENTED_EDGE('',*,*,#4019,.T.);
#5235=ORIENTED_EDGE('',*,*,#4020,.T.);
#5236=ORIENTED_EDGE('',*,*,#4021,.F.);
#5237=ORIENTED_EDGE('',*,*,#3773,.T.);
#5238=ORIENTED_EDGE('',*,*,#4022,.T.);
#5239=ORIENTED_EDGE('',*,*,#4023,.T.);
#5240=ORIENTED_EDGE('',*,*,#4019,.F.);
#5241=ORIENTED_EDGE('',*,*,#3772,.T.);
#5242=ORIENTED_EDGE('',*,*,#4024,.T.);
#5243=ORIENTED_EDGE('',*,*,#4025,.T.);
#5244=ORIENTED_EDGE('',*,*,#4022,.F.);
#5245=ORIENTED_EDGE('',*,*,#4026,.T.);
#5246=ORIENTED_EDGE('',*,*,#4024,.F.);
#5247=ORIENTED_EDGE('',*,*,#3771,.T.);
#5248=ORIENTED_EDGE('',*,*,#4021,.T.);
#5249=ORIENTED_EDGE('',*,*,#4026,.F.);
#5250=ORIENTED_EDGE('',*,*,#4027,.T.);
#5251=ORIENTED_EDGE('',*,*,#3868,.F.);
#5252=ORIENTED_EDGE('',*,*,#4028,.F.);
#5253=ORIENTED_EDGE('',*,*,#4029,.T.);
#5254=ORIENTED_EDGE('',*,*,#4030,.T.);
#5255=ORIENTED_EDGE('',*,*,#3940,.F.);
#5256=ORIENTED_EDGE('',*,*,#4031,.F.);
#5257=ORIENTED_EDGE('',*,*,#4020,.F.);
#5258=ORIENTED_EDGE('',*,*,#4032,.T.);
#5259=ORIENTED_EDGE('',*,*,#3830,.F.);
#5260=ORIENTED_EDGE('',*,*,#4033,.F.);
#5261=ORIENTED_EDGE('',*,*,#4034,.T.);
#5262=ORIENTED_EDGE('',*,*,#4035,.T.);
#5263=ORIENTED_EDGE('',*,*,#3936,.F.);
#5264=ORIENTED_EDGE('',*,*,#4036,.F.);
#5265=ORIENTED_EDGE('',*,*,#4037,.T.);
#5266=ORIENTED_EDGE('',*,*,#4038,.T.);
#5267=ORIENTED_EDGE('',*,*,#3823,.F.);
#5268=ORIENTED_EDGE('',*,*,#4039,.F.);
#5269=ORIENTED_EDGE('',*,*,#4040,.T.);
#5270=ORIENTED_EDGE('',*,*,#4041,.T.);
#5271=ORIENTED_EDGE('',*,*,#3869,.F.);
#5272=ORIENTED_EDGE('',*,*,#4027,.F.);
#5273=ORIENTED_EDGE('',*,*,#4042,.T.);
#5274=ORIENTED_EDGE('',*,*,#3786,.T.);
#5275=ORIENTED_EDGE('',*,*,#4043,.T.);
#5276=ORIENTED_EDGE('',*,*,#4044,.T.);
#5277=ORIENTED_EDGE('',*,*,#4045,.T.);
#5278=ORIENTED_EDGE('',*,*,#4046,.T.);
#5279=ORIENTED_EDGE('',*,*,#4043,.F.);
#5280=ORIENTED_EDGE('',*,*,#3793,.T.);
#5281=ORIENTED_EDGE('',*,*,#4047,.T.);
#5282=ORIENTED_EDGE('',*,*,#4048,.T.);
#5283=ORIENTED_EDGE('',*,*,#4045,.F.);
#5284=ORIENTED_EDGE('',*,*,#3792,.T.);
#5285=ORIENTED_EDGE('',*,*,#4049,.T.);
#5286=ORIENTED_EDGE('',*,*,#4050,.T.);
#5287=ORIENTED_EDGE('',*,*,#4047,.F.);
#5288=ORIENTED_EDGE('',*,*,#3791,.T.);
#5289=ORIENTED_EDGE('',*,*,#4051,.T.);
#5290=ORIENTED_EDGE('',*,*,#4052,.T.);
#5291=ORIENTED_EDGE('',*,*,#4049,.F.);
#5292=ORIENTED_EDGE('',*,*,#3790,.T.);
#5293=ORIENTED_EDGE('',*,*,#4053,.T.);
#5294=ORIENTED_EDGE('',*,*,#4054,.T.);
#5295=ORIENTED_EDGE('',*,*,#4051,.F.);
#5296=ORIENTED_EDGE('',*,*,#3789,.T.);
#5297=ORIENTED_EDGE('',*,*,#4055,.T.);
#5298=ORIENTED_EDGE('',*,*,#4056,.T.);
#5299=ORIENTED_EDGE('',*,*,#4053,.F.);
#5300=ORIENTED_EDGE('',*,*,#3788,.T.);
#5301=ORIENTED_EDGE('',*,*,#4055,.F.);
#5302=ORIENTED_EDGE('',*,*,#3787,.T.);
#5303=ORIENTED_EDGE('',*,*,#4042,.F.);
#5304=ORIENTED_EDGE('',*,*,#4057,.T.);
#5305=ORIENTED_EDGE('',*,*,#4054,.F.);
#5306=ORIENTED_EDGE('',*,*,#4058,.F.);
#5307=ORIENTED_EDGE('',*,*,#4059,.F.);
#5308=ORIENTED_EDGE('',*,*,#4060,.F.);
#5309=ORIENTED_EDGE('',*,*,#4056,.F.);
#5310=ORIENTED_EDGE('',*,*,#4061,.T.);
#5311=ORIENTED_EDGE('',*,*,#4062,.F.);
#5312=ORIENTED_EDGE('',*,*,#4058,.T.);
#5313=ORIENTED_EDGE('',*,*,#4057,.F.);
#5314=ORIENTED_EDGE('',*,*,#4063,.F.);
#5315=ORIENTED_EDGE('',*,*,#4064,.F.);
#5316=ORIENTED_EDGE('',*,*,#4061,.F.);
#5317=ORIENTED_EDGE('',*,*,#4044,.F.);
#5318=ORIENTED_EDGE('',*,*,#4065,.T.);
#5319=ORIENTED_EDGE('',*,*,#4066,.F.);
#5320=ORIENTED_EDGE('',*,*,#4063,.T.);
#5321=ORIENTED_EDGE('',*,*,#4067,.T.);
#5322=ORIENTED_EDGE('',*,*,#3710,.T.);
#5323=ORIENTED_EDGE('',*,*,#4068,.T.);
#5324=ORIENTED_EDGE('',*,*,#4069,.T.);
#5325=ORIENTED_EDGE('',*,*,#4070,.T.);
#5326=ORIENTED_EDGE('',*,*,#4071,.T.);
#5327=ORIENTED_EDGE('',*,*,#4068,.F.);
#5328=ORIENTED_EDGE('',*,*,#3717,.T.);
#5329=ORIENTED_EDGE('',*,*,#4072,.T.);
#5330=ORIENTED_EDGE('',*,*,#4066,.T.);
#5331=ORIENTED_EDGE('',*,*,#4070,.F.);
#5332=ORIENTED_EDGE('',*,*,#3716,.T.);
#5333=ORIENTED_EDGE('',*,*,#4073,.T.);
#5334=ORIENTED_EDGE('',*,*,#4064,.T.);
#5335=ORIENTED_EDGE('',*,*,#4072,.F.);
#5336=ORIENTED_EDGE('',*,*,#3715,.T.);
#5337=ORIENTED_EDGE('',*,*,#4074,.T.);
#5338=ORIENTED_EDGE('',*,*,#4062,.T.);
#5339=ORIENTED_EDGE('',*,*,#4073,.F.);
#5340=ORIENTED_EDGE('',*,*,#3714,.T.);
#5341=ORIENTED_EDGE('',*,*,#4075,.T.);
#5342=ORIENTED_EDGE('',*,*,#4059,.T.);
#5343=ORIENTED_EDGE('',*,*,#4074,.F.);
#5344=ORIENTED_EDGE('',*,*,#3713,.T.);
#5345=ORIENTED_EDGE('',*,*,#4076,.T.);
#5346=ORIENTED_EDGE('',*,*,#4077,.T.);
#5347=ORIENTED_EDGE('',*,*,#4075,.F.);
#5348=ORIENTED_EDGE('',*,*,#3712,.T.);
#5349=ORIENTED_EDGE('',*,*,#4076,.F.);
#5350=ORIENTED_EDGE('',*,*,#3711,.T.);
#5351=ORIENTED_EDGE('',*,*,#4067,.F.);
#5352=ORIENTED_EDGE('',*,*,#4078,.T.);
#5353=ORIENTED_EDGE('',*,*,#4052,.F.);
#5354=ORIENTED_EDGE('',*,*,#4060,.T.);
#5355=ORIENTED_EDGE('',*,*,#4077,.F.);
#5356=ORIENTED_EDGE('',*,*,#4079,.T.);
#5357=ORIENTED_EDGE('',*,*,#4050,.F.);
#5358=ORIENTED_EDGE('',*,*,#4079,.F.);
#5359=ORIENTED_EDGE('',*,*,#4078,.F.);
#5360=ORIENTED_EDGE('',*,*,#4080,.F.);
#5361=ORIENTED_EDGE('',*,*,#4048,.F.);
#5362=ORIENTED_EDGE('',*,*,#4080,.T.);
#5363=ORIENTED_EDGE('',*,*,#4069,.F.);
#5364=ORIENTED_EDGE('',*,*,#4081,.T.);
#5365=ORIENTED_EDGE('',*,*,#4082,.T.);
#5366=ORIENTED_EDGE('',*,*,#3956,.T.);
#5367=ORIENTED_EDGE('',*,*,#4083,.T.);
#5368=ORIENTED_EDGE('',*,*,#4084,.T.);
#5369=ORIENTED_EDGE('',*,*,#4085,.T.);
#5370=ORIENTED_EDGE('',*,*,#4086,.T.);
#5371=ORIENTED_EDGE('',*,*,#4083,.F.);
#5372=ORIENTED_EDGE('',*,*,#3963,.T.);
#5373=ORIENTED_EDGE('',*,*,#4087,.T.);
#5374=ORIENTED_EDGE('',*,*,#4088,.T.);
#5375=ORIENTED_EDGE('',*,*,#4085,.F.);
#5376=ORIENTED_EDGE('',*,*,#3962,.T.);
#5377=ORIENTED_EDGE('',*,*,#4089,.T.);
#5378=ORIENTED_EDGE('',*,*,#4090,.T.);
#5379=ORIENTED_EDGE('',*,*,#4087,.F.);
#5380=ORIENTED_EDGE('',*,*,#3961,.T.);
#5381=ORIENTED_EDGE('',*,*,#4091,.T.);
#5382=ORIENTED_EDGE('',*,*,#4092,.T.);
#5383=ORIENTED_EDGE('',*,*,#4089,.F.);
#5384=ORIENTED_EDGE('',*,*,#3960,.T.);
#5385=ORIENTED_EDGE('',*,*,#4093,.T.);
#5386=ORIENTED_EDGE('',*,*,#4094,.T.);
#5387=ORIENTED_EDGE('',*,*,#4091,.F.);
#5388=ORIENTED_EDGE('',*,*,#3959,.T.);
#5389=ORIENTED_EDGE('',*,*,#4095,.T.);
#5390=ORIENTED_EDGE('',*,*,#4096,.T.);
#5391=ORIENTED_EDGE('',*,*,#4093,.F.);
#5392=ORIENTED_EDGE('',*,*,#3958,.T.);
#5393=ORIENTED_EDGE('',*,*,#4095,.F.);
#5394=ORIENTED_EDGE('',*,*,#3957,.T.);
#5395=ORIENTED_EDGE('',*,*,#4082,.F.);
#5396=ORIENTED_EDGE('',*,*,#4097,.T.);
#5397=ORIENTED_EDGE('',*,*,#4094,.F.);
#5398=ORIENTED_EDGE('',*,*,#4098,.F.);
#5399=ORIENTED_EDGE('',*,*,#4099,.F.);
#5400=ORIENTED_EDGE('',*,*,#4100,.F.);
#5401=ORIENTED_EDGE('',*,*,#4096,.F.);
#5402=ORIENTED_EDGE('',*,*,#4101,.T.);
#5403=ORIENTED_EDGE('',*,*,#4102,.F.);
#5404=ORIENTED_EDGE('',*,*,#4098,.T.);
#5405=ORIENTED_EDGE('',*,*,#4097,.F.);
#5406=ORIENTED_EDGE('',*,*,#4103,.F.);
#5407=ORIENTED_EDGE('',*,*,#4104,.F.);
#5408=ORIENTED_EDGE('',*,*,#4101,.F.);
#5409=ORIENTED_EDGE('',*,*,#4084,.F.);
#5410=ORIENTED_EDGE('',*,*,#4105,.T.);
#5411=ORIENTED_EDGE('',*,*,#4106,.F.);
#5412=ORIENTED_EDGE('',*,*,#4103,.T.);
#5413=ORIENTED_EDGE('',*,*,#4107,.T.);
#5414=ORIENTED_EDGE('',*,*,#3762,.T.);
#5415=ORIENTED_EDGE('',*,*,#4108,.T.);
#5416=ORIENTED_EDGE('',*,*,#4102,.T.);
#5417=ORIENTED_EDGE('',*,*,#4109,.T.);
#5418=ORIENTED_EDGE('',*,*,#4099,.T.);
#5419=ORIENTED_EDGE('',*,*,#4108,.F.);
#5420=ORIENTED_EDGE('',*,*,#3769,.T.);
#5421=ORIENTED_EDGE('',*,*,#4110,.T.);
#5422=ORIENTED_EDGE('',*,*,#4111,.T.);
#5423=ORIENTED_EDGE('',*,*,#4109,.F.);
#5424=ORIENTED_EDGE('',*,*,#3768,.T.);
#5425=ORIENTED_EDGE('',*,*,#4112,.T.);
#5426=ORIENTED_EDGE('',*,*,#4113,.T.);
#5427=ORIENTED_EDGE('',*,*,#4110,.F.);
#5428=ORIENTED_EDGE('',*,*,#3767,.T.);
#5429=ORIENTED_EDGE('',*,*,#4114,.T.);
#5430=ORIENTED_EDGE('',*,*,#4115,.T.);
#5431=ORIENTED_EDGE('',*,*,#4112,.F.);
#5432=ORIENTED_EDGE('',*,*,#3766,.T.);
#5433=ORIENTED_EDGE('',*,*,#4116,.T.);
#5434=ORIENTED_EDGE('',*,*,#4117,.T.);
#5435=ORIENTED_EDGE('',*,*,#4114,.F.);
#5436=ORIENTED_EDGE('',*,*,#3765,.T.);
#5437=ORIENTED_EDGE('',*,*,#4118,.T.);
#5438=ORIENTED_EDGE('',*,*,#4106,.T.);
#5439=ORIENTED_EDGE('',*,*,#4116,.F.);
#5440=ORIENTED_EDGE('',*,*,#3764,.T.);
#5441=ORIENTED_EDGE('',*,*,#4118,.F.);
#5442=ORIENTED_EDGE('',*,*,#3763,.T.);
#5443=ORIENTED_EDGE('',*,*,#4107,.F.);
#5444=ORIENTED_EDGE('',*,*,#4104,.T.);
#5445=ORIENTED_EDGE('',*,*,#4086,.F.);
#5446=ORIENTED_EDGE('',*,*,#4119,.F.);
#5447=ORIENTED_EDGE('',*,*,#4117,.F.);
#5448=ORIENTED_EDGE('',*,*,#4105,.F.);
#5449=ORIENTED_EDGE('',*,*,#4120,.T.);
#5450=ORIENTED_EDGE('',*,*,#3794,.T.);
#5451=ORIENTED_EDGE('',*,*,#4121,.T.);
#5452=ORIENTED_EDGE('',*,*,#4122,.T.);
#5453=ORIENTED_EDGE('',*,*,#4123,.T.);
#5454=ORIENTED_EDGE('',*,*,#4124,.T.);
#5455=ORIENTED_EDGE('',*,*,#4121,.F.);
#5456=ORIENTED_EDGE('',*,*,#3801,.T.);
#5457=ORIENTED_EDGE('',*,*,#4125,.T.);
#5458=ORIENTED_EDGE('',*,*,#4126,.T.);
#5459=ORIENTED_EDGE('',*,*,#4123,.F.);
#5460=ORIENTED_EDGE('',*,*,#3800,.T.);
#5461=ORIENTED_EDGE('',*,*,#4127,.T.);
#5462=ORIENTED_EDGE('',*,*,#4128,.T.);
#5463=ORIENTED_EDGE('',*,*,#4125,.F.);
#5464=ORIENTED_EDGE('',*,*,#3799,.T.);
#5465=ORIENTED_EDGE('',*,*,#4129,.T.);
#5466=ORIENTED_EDGE('',*,*,#4130,.T.);
#5467=ORIENTED_EDGE('',*,*,#4127,.F.);
#5468=ORIENTED_EDGE('',*,*,#3798,.T.);
#5469=ORIENTED_EDGE('',*,*,#4131,.T.);
#5470=ORIENTED_EDGE('',*,*,#4132,.T.);
#5471=ORIENTED_EDGE('',*,*,#4129,.F.);
#5472=ORIENTED_EDGE('',*,*,#3797,.T.);
#5473=ORIENTED_EDGE('',*,*,#4133,.T.);
#5474=ORIENTED_EDGE('',*,*,#4134,.T.);
#5475=ORIENTED_EDGE('',*,*,#4131,.F.);
#5476=ORIENTED_EDGE('',*,*,#3796,.T.);
#5477=ORIENTED_EDGE('',*,*,#4133,.F.);
#5478=ORIENTED_EDGE('',*,*,#3795,.T.);
#5479=ORIENTED_EDGE('',*,*,#4120,.F.);
#5480=ORIENTED_EDGE('',*,*,#4135,.T.);
#5481=ORIENTED_EDGE('',*,*,#4132,.F.);
#5482=ORIENTED_EDGE('',*,*,#4136,.F.);
#5483=ORIENTED_EDGE('',*,*,#4137,.F.);
#5484=ORIENTED_EDGE('',*,*,#4138,.F.);
#5485=ORIENTED_EDGE('',*,*,#4134,.F.);
#5486=ORIENTED_EDGE('',*,*,#4139,.T.);
#5487=ORIENTED_EDGE('',*,*,#4140,.F.);
#5488=ORIENTED_EDGE('',*,*,#4136,.T.);
#5489=ORIENTED_EDGE('',*,*,#4135,.F.);
#5490=ORIENTED_EDGE('',*,*,#4141,.F.);
#5491=ORIENTED_EDGE('',*,*,#4142,.F.);
#5492=ORIENTED_EDGE('',*,*,#4139,.F.);
#5493=ORIENTED_EDGE('',*,*,#4122,.F.);
#5494=ORIENTED_EDGE('',*,*,#4143,.T.);
#5495=ORIENTED_EDGE('',*,*,#4144,.F.);
#5496=ORIENTED_EDGE('',*,*,#4141,.T.);
#5497=ORIENTED_EDGE('',*,*,#4145,.T.);
#5498=ORIENTED_EDGE('',*,*,#3718,.T.);
#5499=ORIENTED_EDGE('',*,*,#4146,.T.);
#5500=ORIENTED_EDGE('',*,*,#4147,.T.);
#5501=ORIENTED_EDGE('',*,*,#4148,.T.);
#5502=ORIENTED_EDGE('',*,*,#4149,.T.);
#5503=ORIENTED_EDGE('',*,*,#4146,.F.);
#5504=ORIENTED_EDGE('',*,*,#3725,.T.);
#5505=ORIENTED_EDGE('',*,*,#4150,.T.);
#5506=ORIENTED_EDGE('',*,*,#4144,.T.);
#5507=ORIENTED_EDGE('',*,*,#4148,.F.);
#5508=ORIENTED_EDGE('',*,*,#3724,.T.);
#5509=ORIENTED_EDGE('',*,*,#4151,.T.);
#5510=ORIENTED_EDGE('',*,*,#4142,.T.);
#5511=ORIENTED_EDGE('',*,*,#4150,.F.);
#5512=ORIENTED_EDGE('',*,*,#3723,.T.);
#5513=ORIENTED_EDGE('',*,*,#4152,.T.);
#5514=ORIENTED_EDGE('',*,*,#4140,.T.);
#5515=ORIENTED_EDGE('',*,*,#4151,.F.);
#5516=ORIENTED_EDGE('',*,*,#3722,.T.);
#5517=ORIENTED_EDGE('',*,*,#4153,.T.);
#5518=ORIENTED_EDGE('',*,*,#4137,.T.);
#5519=ORIENTED_EDGE('',*,*,#4152,.F.);
#5520=ORIENTED_EDGE('',*,*,#3721,.T.);
#5521=ORIENTED_EDGE('',*,*,#4154,.T.);
#5522=ORIENTED_EDGE('',*,*,#4155,.T.);
#5523=ORIENTED_EDGE('',*,*,#4153,.F.);
#5524=ORIENTED_EDGE('',*,*,#3720,.T.);
#5525=ORIENTED_EDGE('',*,*,#4154,.F.);
#5526=ORIENTED_EDGE('',*,*,#3719,.T.);
#5527=ORIENTED_EDGE('',*,*,#4145,.F.);
#5528=ORIENTED_EDGE('',*,*,#4156,.T.);
#5529=ORIENTED_EDGE('',*,*,#4130,.F.);
#5530=ORIENTED_EDGE('',*,*,#4138,.T.);
#5531=ORIENTED_EDGE('',*,*,#4155,.F.);
#5532=ORIENTED_EDGE('',*,*,#4157,.T.);
#5533=ORIENTED_EDGE('',*,*,#4128,.F.);
#5534=ORIENTED_EDGE('',*,*,#4157,.F.);
#5535=ORIENTED_EDGE('',*,*,#4156,.F.);
#5536=ORIENTED_EDGE('',*,*,#4158,.F.);
#5537=ORIENTED_EDGE('',*,*,#4126,.F.);
#5538=ORIENTED_EDGE('',*,*,#4158,.T.);
#5539=ORIENTED_EDGE('',*,*,#4147,.F.);
#5540=ORIENTED_EDGE('',*,*,#4159,.T.);
#5541=ORIENTED_EDGE('',*,*,#4088,.F.);
#5542=ORIENTED_EDGE('',*,*,#4160,.T.);
#5543=ORIENTED_EDGE('',*,*,#4115,.F.);
#5544=ORIENTED_EDGE('',*,*,#4119,.T.);
#5545=ORIENTED_EDGE('',*,*,#4092,.F.);
#5546=ORIENTED_EDGE('',*,*,#4100,.T.);
#5547=ORIENTED_EDGE('',*,*,#4111,.F.);
#5548=ORIENTED_EDGE('',*,*,#4161,.T.);
#5549=ORIENTED_EDGE('',*,*,#4090,.F.);
#5550=ORIENTED_EDGE('',*,*,#4161,.F.);
#5551=ORIENTED_EDGE('',*,*,#4113,.F.);
#5552=ORIENTED_EDGE('',*,*,#4160,.F.);
#5553=ORIENTED_EDGE('',*,*,#4124,.F.);
#5554=ORIENTED_EDGE('',*,*,#4159,.F.);
#5555=ORIENTED_EDGE('',*,*,#4149,.F.);
#5556=ORIENTED_EDGE('',*,*,#4143,.F.);
#5557=ORIENTED_EDGE('',*,*,#4046,.F.);
#5558=ORIENTED_EDGE('',*,*,#4081,.F.);
#5559=ORIENTED_EDGE('',*,*,#4071,.F.);
#5560=ORIENTED_EDGE('',*,*,#4065,.F.);
#5561=ORIENTED_EDGE('',*,*,#4162,.F.);
#5562=ORIENTED_EDGE('',*,*,#4163,.F.);
#5563=ORIENTED_EDGE('',*,*,#4164,.F.);
#5564=ORIENTED_EDGE('',*,*,#4165,.F.);
#5565=ORIENTED_EDGE('',*,*,#4166,.F.);
#5566=ORIENTED_EDGE('',*,*,#4167,.F.);
#5567=ORIENTED_EDGE('',*,*,#4168,.F.);
#5568=ORIENTED_EDGE('',*,*,#4029,.F.);
#5569=ORIENTED_EDGE('',*,*,#4169,.F.);
#5570=ORIENTED_EDGE('',*,*,#4170,.F.);
#5571=ORIENTED_EDGE('',*,*,#4040,.F.);
#5572=ORIENTED_EDGE('',*,*,#4171,.F.);
#5573=ORIENTED_EDGE('',*,*,#4172,.F.);
#5574=ORIENTED_EDGE('',*,*,#4173,.F.);
#5575=ORIENTED_EDGE('',*,*,#4037,.F.);
#5576=ORIENTED_EDGE('',*,*,#4174,.F.);
#5577=ORIENTED_EDGE('',*,*,#4175,.F.);
#5578=ORIENTED_EDGE('',*,*,#4176,.F.);
#5579=ORIENTED_EDGE('',*,*,#4034,.F.);
#5580=ORIENTED_EDGE('',*,*,#4177,.F.);
#5581=ORIENTED_EDGE('',*,*,#4178,.F.);
#5582=ORIENTED_EDGE('',*,*,#4179,.F.);
#5583=ORIENTED_EDGE('',*,*,#4180,.F.);
#5584=ORIENTED_EDGE('',*,*,#4181,.F.);
#5585=ORIENTED_EDGE('',*,*,#4182,.F.);
#5586=ORIENTED_EDGE('',*,*,#4183,.F.);
#5587=ORIENTED_EDGE('',*,*,#4184,.F.);
#5588=ORIENTED_EDGE('',*,*,#4185,.F.);
#5589=ORIENTED_EDGE('',*,*,#4186,.F.);
#5590=ORIENTED_EDGE('',*,*,#4187,.F.);
#5591=ORIENTED_EDGE('',*,*,#4188,.F.);
#5592=ORIENTED_EDGE('',*,*,#4189,.F.);
#5593=ORIENTED_EDGE('',*,*,#4190,.F.);
#5594=ORIENTED_EDGE('',*,*,#4191,.F.);
#5595=ORIENTED_EDGE('',*,*,#4192,.F.);
#5596=ORIENTED_EDGE('',*,*,#4193,.F.);
#5597=ORIENTED_EDGE('',*,*,#4194,.F.);
#5598=ORIENTED_EDGE('',*,*,#4195,.F.);
#5599=ORIENTED_EDGE('',*,*,#4196,.F.);
#5600=ORIENTED_EDGE('',*,*,#4197,.F.);
#5601=ORIENTED_EDGE('',*,*,#4198,.F.);
#5602=ORIENTED_EDGE('',*,*,#4199,.F.);
#5603=ORIENTED_EDGE('',*,*,#4200,.F.);
#5604=ORIENTED_EDGE('',*,*,#4201,.F.);
#5605=ORIENTED_EDGE('',*,*,#4202,.F.);
#5606=ORIENTED_EDGE('',*,*,#4203,.F.);
#5607=ORIENTED_EDGE('',*,*,#4014,.F.);
#5608=ORIENTED_EDGE('',*,*,#4204,.F.);
#5609=ORIENTED_EDGE('',*,*,#4205,.F.);
#5610=ORIENTED_EDGE('',*,*,#4206,.F.);
#5611=ORIENTED_EDGE('',*,*,#4011,.F.);
#5612=ORIENTED_EDGE('',*,*,#4207,.F.);
#5613=ORIENTED_EDGE('',*,*,#4208,.F.);
#5614=ORIENTED_EDGE('',*,*,#4209,.F.);
#5615=ORIENTED_EDGE('',*,*,#4210,.F.);
#5616=ORIENTED_EDGE('',*,*,#4211,.F.);
#5617=ORIENTED_EDGE('',*,*,#4002,.F.);
#5618=ORIENTED_EDGE('',*,*,#4212,.F.);
#5619=ORIENTED_EDGE('',*,*,#4213,.F.);
#5620=ORIENTED_EDGE('',*,*,#4214,.F.);
#5621=ORIENTED_EDGE('',*,*,#3999,.F.);
#5622=ORIENTED_EDGE('',*,*,#4215,.F.);
#5623=ORIENTED_EDGE('',*,*,#4216,.F.);
#5624=ORIENTED_EDGE('',*,*,#4217,.F.);
#5625=ORIENTED_EDGE('',*,*,#3996,.F.);
#5626=ORIENTED_EDGE('',*,*,#4218,.F.);
#5627=ORIENTED_EDGE('',*,*,#4219,.F.);
#5628=ORIENTED_EDGE('',*,*,#4007,.F.);
#5629=ORIENTED_EDGE('',*,*,#4220,.F.);
#5630=ORIENTED_EDGE('',*,*,#4221,.F.);
#5631=ORIENTED_EDGE('',*,*,#4017,.F.);
#5632=ORIENTED_EDGE('',*,*,#4222,.F.);
#5633=ORIENTED_EDGE('',*,*,#4223,.F.);
#5634=ORIENTED_EDGE('',*,*,#4224,.F.);
#5635=ORIENTED_EDGE('',*,*,#4225,.F.);
#5636=ORIENTED_EDGE('',*,*,#4226,.F.);
#5637=ORIENTED_EDGE('',*,*,#4227,.F.);
#5638=ORIENTED_EDGE('',*,*,#4228,.F.);
#5639=ORIENTED_EDGE('',*,*,#4229,.F.);
#5640=ORIENTED_EDGE('',*,*,#4230,.F.);
#5641=ORIENTED_EDGE('',*,*,#4231,.F.);
#5642=ORIENTED_EDGE('',*,*,#4232,.F.);
#5643=ORIENTED_EDGE('',*,*,#4233,.F.);
#5644=ORIENTED_EDGE('',*,*,#4234,.F.);
#5645=ORIENTED_EDGE('',*,*,#4235,.F.);
#5646=ORIENTED_EDGE('',*,*,#4236,.F.);
#5647=ORIENTED_EDGE('',*,*,#4237,.F.);
#5648=ORIENTED_EDGE('',*,*,#4238,.F.);
#5649=ORIENTED_EDGE('',*,*,#4239,.F.);
#5650=ORIENTED_EDGE('',*,*,#4240,.F.);
#5651=ORIENTED_EDGE('',*,*,#4241,.F.);
#5652=ORIENTED_EDGE('',*,*,#4242,.F.);
#5653=ORIENTED_EDGE('',*,*,#3982,.F.);
#5654=ORIENTED_EDGE('',*,*,#4243,.F.);
#5655=ORIENTED_EDGE('',*,*,#4244,.F.);
#5656=ORIENTED_EDGE('',*,*,#4245,.F.);
#5657=ORIENTED_EDGE('',*,*,#3979,.F.);
#5658=ORIENTED_EDGE('',*,*,#4246,.F.);
#5659=ORIENTED_EDGE('',*,*,#4247,.F.);
#5660=ORIENTED_EDGE('',*,*,#4248,.F.);
#5661=ORIENTED_EDGE('',*,*,#4249,.F.);
#5662=ORIENTED_EDGE('',*,*,#4250,.F.);
#5663=ORIENTED_EDGE('',*,*,#4251,.F.);
#5664=ORIENTED_EDGE('',*,*,#4252,.F.);
#5665=ORIENTED_EDGE('',*,*,#4253,.F.);
#5666=ORIENTED_EDGE('',*,*,#4254,.F.);
#5667=ORIENTED_EDGE('',*,*,#4255,.F.);
#5668=ORIENTED_EDGE('',*,*,#4256,.F.);
#5669=ORIENTED_EDGE('',*,*,#4257,.F.);
#5670=ORIENTED_EDGE('',*,*,#4258,.F.);
#5671=ORIENTED_EDGE('',*,*,#4259,.F.);
#5672=ORIENTED_EDGE('',*,*,#4260,.F.);
#5673=ORIENTED_EDGE('',*,*,#4261,.F.);
#5674=ORIENTED_EDGE('',*,*,#3974,.F.);
#5675=ORIENTED_EDGE('',*,*,#4262,.F.);
#5676=ORIENTED_EDGE('',*,*,#4263,.F.);
#5677=ORIENTED_EDGE('',*,*,#3985,.F.);
#5678=ORIENTED_EDGE('',*,*,#4264,.F.);
#5679=ORIENTED_EDGE('',*,*,#4265,.F.);
#5680=ORIENTED_EDGE('',*,*,#4266,.F.);
#5681=ORIENTED_EDGE('',*,*,#4267,.F.);
#5682=ORIENTED_EDGE('',*,*,#4268,.F.);
#5683=ORIENTED_EDGE('',*,*,#4269,.F.);
#5684=ORIENTED_EDGE('',*,*,#4270,.F.);
#5685=ORIENTED_EDGE('',*,*,#4271,.F.);
#5686=ORIENTED_EDGE('',*,*,#4272,.F.);
#5687=ORIENTED_EDGE('',*,*,#4273,.F.);
#5688=ORIENTED_EDGE('',*,*,#4274,.F.);
#5689=ORIENTED_EDGE('',*,*,#4275,.F.);
#5690=ORIENTED_EDGE('',*,*,#4276,.F.);
#5691=ORIENTED_EDGE('',*,*,#4277,.F.);
#5692=ORIENTED_EDGE('',*,*,#4278,.F.);
#5693=ORIENTED_EDGE('',*,*,#4279,.F.);
#5694=ORIENTED_EDGE('',*,*,#4280,.F.);
#5695=ORIENTED_EDGE('',*,*,#4281,.F.);
#5696=ORIENTED_EDGE('',*,*,#4282,.F.);
#5697=ORIENTED_EDGE('',*,*,#4283,.F.);
#5698=ORIENTED_EDGE('',*,*,#4284,.F.);
#5699=ORIENTED_EDGE('',*,*,#4200,.T.);
#5700=ORIENTED_EDGE('',*,*,#4285,.T.);
#5701=ORIENTED_EDGE('',*,*,#3895,.F.);
#5702=ORIENTED_EDGE('',*,*,#4286,.F.);
#5703=ORIENTED_EDGE('',*,*,#4199,.T.);
#5704=ORIENTED_EDGE('',*,*,#4287,.T.);
#5705=ORIENTED_EDGE('',*,*,#3896,.F.);
#5706=ORIENTED_EDGE('',*,*,#4285,.F.);
#5707=ORIENTED_EDGE('',*,*,#4198,.T.);
#5708=ORIENTED_EDGE('',*,*,#4288,.T.);
#5709=ORIENTED_EDGE('',*,*,#3897,.F.);
#5710=ORIENTED_EDGE('',*,*,#4287,.F.);
#5711=ORIENTED_EDGE('',*,*,#4194,.T.);
#5712=ORIENTED_EDGE('',*,*,#4289,.T.);
#5713=ORIENTED_EDGE('',*,*,#3859,.F.);
#5714=ORIENTED_EDGE('',*,*,#4290,.F.);
#5715=ORIENTED_EDGE('',*,*,#4193,.T.);
#5716=ORIENTED_EDGE('',*,*,#4291,.T.);
#5717=ORIENTED_EDGE('',*,*,#3860,.F.);
#5718=ORIENTED_EDGE('',*,*,#4289,.F.);
#5719=ORIENTED_EDGE('',*,*,#4192,.T.);
#5720=ORIENTED_EDGE('',*,*,#4292,.T.);
#5721=ORIENTED_EDGE('',*,*,#3861,.F.);
#5722=ORIENTED_EDGE('',*,*,#4291,.F.);
#5723=ORIENTED_EDGE('',*,*,#4188,.T.);
#5724=ORIENTED_EDGE('',*,*,#4293,.T.);
#5725=ORIENTED_EDGE('',*,*,#3827,.F.);
#5726=ORIENTED_EDGE('',*,*,#4294,.F.);
#5727=ORIENTED_EDGE('',*,*,#4187,.T.);
#5728=ORIENTED_EDGE('',*,*,#4295,.T.);
#5729=ORIENTED_EDGE('',*,*,#3828,.F.);
#5730=ORIENTED_EDGE('',*,*,#4293,.F.);
#5731=ORIENTED_EDGE('',*,*,#4186,.T.);
#5732=ORIENTED_EDGE('',*,*,#4296,.T.);
#5733=ORIENTED_EDGE('',*,*,#3829,.F.);
#5734=ORIENTED_EDGE('',*,*,#4295,.F.);
#5735=ORIENTED_EDGE('',*,*,#4173,.T.);
#5736=ORIENTED_EDGE('',*,*,#4297,.T.);
#5737=ORIENTED_EDGE('',*,*,#3820,.F.);
#5738=ORIENTED_EDGE('',*,*,#4038,.F.);
#5739=ORIENTED_EDGE('',*,*,#4172,.T.);
#5740=ORIENTED_EDGE('',*,*,#4298,.T.);
#5741=ORIENTED_EDGE('',*,*,#3821,.F.);
#5742=ORIENTED_EDGE('',*,*,#4297,.F.);
#5743=ORIENTED_EDGE('',*,*,#4171,.T.);
#5744=ORIENTED_EDGE('',*,*,#4039,.T.);
#5745=ORIENTED_EDGE('',*,*,#3822,.F.);
#5746=ORIENTED_EDGE('',*,*,#4298,.F.);
#5747=ORIENTED_EDGE('',*,*,#4170,.T.);
#5748=ORIENTED_EDGE('',*,*,#4299,.T.);
#5749=ORIENTED_EDGE('',*,*,#3866,.F.);
#5750=ORIENTED_EDGE('',*,*,#4041,.F.);
#5751=ORIENTED_EDGE('',*,*,#4169,.T.);
#5752=ORIENTED_EDGE('',*,*,#4028,.T.);
#5753=ORIENTED_EDGE('',*,*,#3867,.F.);
#5754=ORIENTED_EDGE('',*,*,#4299,.F.);
#5755=ORIENTED_EDGE('',*,*,#4168,.T.);
#5756=ORIENTED_EDGE('',*,*,#4300,.T.);
#5757=ORIENTED_EDGE('',*,*,#3941,.F.);
#5758=ORIENTED_EDGE('',*,*,#4030,.F.);
#5759=ORIENTED_EDGE('',*,*,#4167,.T.);
#5760=ORIENTED_EDGE('',*,*,#4301,.T.);
#5761=ORIENTED_EDGE('',*,*,#3938,.F.);
#5762=ORIENTED_EDGE('',*,*,#4300,.F.);
#5763=ORIENTED_EDGE('',*,*,#4165,.T.);
#5764=ORIENTED_EDGE('',*,*,#4302,.T.);
#5765=ORIENTED_EDGE('',*,*,#3898,.F.);
#5766=ORIENTED_EDGE('',*,*,#4303,.F.);
#5767=ORIENTED_EDGE('',*,*,#4164,.T.);
#5768=ORIENTED_EDGE('',*,*,#4304,.T.);
#5769=ORIENTED_EDGE('',*,*,#3899,.F.);
#5770=ORIENTED_EDGE('',*,*,#4302,.F.);
#5771=ORIENTED_EDGE('',*,*,#4163,.T.);
#5772=ORIENTED_EDGE('',*,*,#4305,.T.);
#5773=ORIENTED_EDGE('',*,*,#3900,.F.);
#5774=ORIENTED_EDGE('',*,*,#4304,.F.);
#5775=ORIENTED_EDGE('',*,*,#4239,.T.);
#5776=ORIENTED_EDGE('',*,*,#4306,.T.);
#5777=ORIENTED_EDGE('',*,*,#3913,.F.);
#5778=ORIENTED_EDGE('',*,*,#4307,.F.);
#5779=ORIENTED_EDGE('',*,*,#4238,.T.);
#5780=ORIENTED_EDGE('',*,*,#4308,.T.);
#5781=ORIENTED_EDGE('',*,*,#3914,.F.);
#5782=ORIENTED_EDGE('',*,*,#4306,.F.);
#5783=ORIENTED_EDGE('',*,*,#4237,.T.);
#5784=ORIENTED_EDGE('',*,*,#4309,.T.);
#5785=ORIENTED_EDGE('',*,*,#3915,.F.);
#5786=ORIENTED_EDGE('',*,*,#4308,.F.);
#5787=ORIENTED_EDGE('',*,*,#4233,.T.);
#5788=ORIENTED_EDGE('',*,*,#4310,.T.);
#5789=ORIENTED_EDGE('',*,*,#3841,.F.);
#5790=ORIENTED_EDGE('',*,*,#4311,.F.);
#5791=ORIENTED_EDGE('',*,*,#4232,.T.);
#5792=ORIENTED_EDGE('',*,*,#4312,.T.);
#5793=ORIENTED_EDGE('',*,*,#3842,.F.);
#5794=ORIENTED_EDGE('',*,*,#4310,.F.);
#5795=ORIENTED_EDGE('',*,*,#4231,.T.);
#5796=ORIENTED_EDGE('',*,*,#4313,.T.);
#5797=ORIENTED_EDGE('',*,*,#3843,.F.);
#5798=ORIENTED_EDGE('',*,*,#4312,.F.);
#5799=ORIENTED_EDGE('',*,*,#4227,.T.);
#5800=ORIENTED_EDGE('',*,*,#4314,.T.);
#5801=ORIENTED_EDGE('',*,*,#3931,.F.);
#5802=ORIENTED_EDGE('',*,*,#4315,.F.);
#5803=ORIENTED_EDGE('',*,*,#4226,.T.);
#5804=ORIENTED_EDGE('',*,*,#4316,.T.);
#5805=ORIENTED_EDGE('',*,*,#3932,.F.);
#5806=ORIENTED_EDGE('',*,*,#4314,.F.);
#5807=ORIENTED_EDGE('',*,*,#4225,.T.);
#5808=ORIENTED_EDGE('',*,*,#4317,.T.);
#5809=ORIENTED_EDGE('',*,*,#3933,.F.);
#5810=ORIENTED_EDGE('',*,*,#4316,.F.);
#5811=ORIENTED_EDGE('',*,*,#4214,.T.);
#5812=ORIENTED_EDGE('',*,*,#4318,.T.);
#5813=ORIENTED_EDGE('',*,*,#3848,.F.);
#5814=ORIENTED_EDGE('',*,*,#4000,.F.);
#5815=ORIENTED_EDGE('',*,*,#4213,.T.);
#5816=ORIENTED_EDGE('',*,*,#4319,.T.);
#5817=ORIENTED_EDGE('',*,*,#3849,.F.);
#5818=ORIENTED_EDGE('',*,*,#4318,.F.);
#5819=ORIENTED_EDGE('',*,*,#4212,.T.);
#5820=ORIENTED_EDGE('',*,*,#4001,.T.);
#5821=ORIENTED_EDGE('',*,*,#3850,.F.);
#5822=ORIENTED_EDGE('',*,*,#4319,.F.);
#5823=ORIENTED_EDGE('',*,*,#4211,.T.);
#5824=ORIENTED_EDGE('',*,*,#4320,.T.);
#5825=ORIENTED_EDGE('',*,*,#3916,.F.);
#5826=ORIENTED_EDGE('',*,*,#4003,.F.);
#5827=ORIENTED_EDGE('',*,*,#4210,.T.);
#5828=ORIENTED_EDGE('',*,*,#4321,.T.);
#5829=ORIENTED_EDGE('',*,*,#3917,.F.);
#5830=ORIENTED_EDGE('',*,*,#4320,.F.);
#5831=ORIENTED_EDGE('',*,*,#4208,.T.);
#5832=ORIENTED_EDGE('',*,*,#4322,.T.);
#5833=ORIENTED_EDGE('',*,*,#3847,.F.);
#5834=ORIENTED_EDGE('',*,*,#4323,.F.);
#5835=ORIENTED_EDGE('',*,*,#4207,.T.);
#5836=ORIENTED_EDGE('',*,*,#4010,.T.);
#5837=ORIENTED_EDGE('',*,*,#3844,.F.);
#5838=ORIENTED_EDGE('',*,*,#4322,.F.);
#5839=ORIENTED_EDGE('',*,*,#4206,.T.);
#5840=ORIENTED_EDGE('',*,*,#4324,.T.);
#5841=ORIENTED_EDGE('',*,*,#3920,.F.);
#5842=ORIENTED_EDGE('',*,*,#4012,.F.);
#5843=ORIENTED_EDGE('',*,*,#4205,.T.);
#5844=ORIENTED_EDGE('',*,*,#4325,.T.);
#5845=ORIENTED_EDGE('',*,*,#3921,.F.);
#5846=ORIENTED_EDGE('',*,*,#4324,.F.);
#5847=ORIENTED_EDGE('',*,*,#4204,.T.);
#5848=ORIENTED_EDGE('',*,*,#4013,.T.);
#5849=ORIENTED_EDGE('',*,*,#3922,.F.);
#5850=ORIENTED_EDGE('',*,*,#4325,.F.);
#5851=ORIENTED_EDGE('',*,*,#4281,.T.);
#5852=ORIENTED_EDGE('',*,*,#4326,.T.);
#5853=ORIENTED_EDGE('',*,*,#3949,.F.);
#5854=ORIENTED_EDGE('',*,*,#4327,.F.);
#5855=ORIENTED_EDGE('',*,*,#4280,.T.);
#5856=ORIENTED_EDGE('',*,*,#4328,.T.);
#5857=ORIENTED_EDGE('',*,*,#3950,.F.);
#5858=ORIENTED_EDGE('',*,*,#4326,.F.);
#5859=ORIENTED_EDGE('',*,*,#4279,.T.);
#5860=ORIENTED_EDGE('',*,*,#4329,.T.);
#5861=ORIENTED_EDGE('',*,*,#3951,.F.);
#5862=ORIENTED_EDGE('',*,*,#4328,.F.);
#5863=ORIENTED_EDGE('',*,*,#4275,.T.);
#5864=ORIENTED_EDGE('',*,*,#4330,.T.);
#5865=ORIENTED_EDGE('',*,*,#3877,.F.);
#5866=ORIENTED_EDGE('',*,*,#4331,.F.);
#5867=ORIENTED_EDGE('',*,*,#4274,.T.);
#5868=ORIENTED_EDGE('',*,*,#4332,.T.);
#5869=ORIENTED_EDGE('',*,*,#3878,.F.);
#5870=ORIENTED_EDGE('',*,*,#4330,.F.);
#5871=ORIENTED_EDGE('',*,*,#4273,.T.);
#5872=ORIENTED_EDGE('',*,*,#4333,.T.);
#5873=ORIENTED_EDGE('',*,*,#3879,.F.);
#5874=ORIENTED_EDGE('',*,*,#4332,.F.);
#5875=ORIENTED_EDGE('',*,*,#4269,.T.);
#5876=ORIENTED_EDGE('',*,*,#4334,.T.);
#5877=ORIENTED_EDGE('',*,*,#3809,.F.);
#5878=ORIENTED_EDGE('',*,*,#4335,.F.);
#5879=ORIENTED_EDGE('',*,*,#4268,.T.);
#5880=ORIENTED_EDGE('',*,*,#4336,.T.);
#5881=ORIENTED_EDGE('',*,*,#3810,.F.);
#5882=ORIENTED_EDGE('',*,*,#4334,.F.);
#5883=ORIENTED_EDGE('',*,*,#4267,.T.);
#5884=ORIENTED_EDGE('',*,*,#4337,.T.);
#5885=ORIENTED_EDGE('',*,*,#3811,.F.);
#5886=ORIENTED_EDGE('',*,*,#4336,.F.);
#5887=ORIENTED_EDGE('',*,*,#4254,.T.);
#5888=ORIENTED_EDGE('',*,*,#4338,.T.);
#5889=ORIENTED_EDGE('',*,*,#3889,.F.);
#5890=ORIENTED_EDGE('',*,*,#4339,.F.);
#5891=ORIENTED_EDGE('',*,*,#4253,.T.);
#5892=ORIENTED_EDGE('',*,*,#4340,.T.);
#5893=ORIENTED_EDGE('',*,*,#3890,.F.);
#5894=ORIENTED_EDGE('',*,*,#4338,.F.);
#5895=ORIENTED_EDGE('',*,*,#4252,.T.);
#5896=ORIENTED_EDGE('',*,*,#4341,.T.);
#5897=ORIENTED_EDGE('',*,*,#3891,.F.);
#5898=ORIENTED_EDGE('',*,*,#4340,.F.);
#5899=ORIENTED_EDGE('',*,*,#4250,.T.);
#5900=ORIENTED_EDGE('',*,*,#4342,.T.);
#5901=ORIENTED_EDGE('',*,*,#3870,.F.);
#5902=ORIENTED_EDGE('',*,*,#4343,.F.);
#5903=ORIENTED_EDGE('',*,*,#4249,.T.);
#5904=ORIENTED_EDGE('',*,*,#4344,.T.);
#5905=ORIENTED_EDGE('',*,*,#3871,.F.);
#5906=ORIENTED_EDGE('',*,*,#4342,.F.);
#5907=ORIENTED_EDGE('',*,*,#4247,.T.);
#5908=ORIENTED_EDGE('',*,*,#4345,.T.);
#5909=ORIENTED_EDGE('',*,*,#3944,.F.);
#5910=ORIENTED_EDGE('',*,*,#4346,.F.);
#5911=ORIENTED_EDGE('',*,*,#4246,.T.);
#5912=ORIENTED_EDGE('',*,*,#3978,.T.);
#5913=ORIENTED_EDGE('',*,*,#3945,.F.);
#5914=ORIENTED_EDGE('',*,*,#4345,.F.);
#5915=ORIENTED_EDGE('',*,*,#4245,.T.);
#5916=ORIENTED_EDGE('',*,*,#4347,.T.);
#5917=ORIENTED_EDGE('',*,*,#3816,.F.);
#5918=ORIENTED_EDGE('',*,*,#3980,.F.);
#5919=ORIENTED_EDGE('',*,*,#4244,.T.);
#5920=ORIENTED_EDGE('',*,*,#4348,.T.);
#5921=ORIENTED_EDGE('',*,*,#3817,.F.);
#5922=ORIENTED_EDGE('',*,*,#4347,.F.);
#5923=ORIENTED_EDGE('',*,*,#4243,.T.);
#5924=ORIENTED_EDGE('',*,*,#3981,.T.);
#5925=ORIENTED_EDGE('',*,*,#3818,.F.);
#5926=ORIENTED_EDGE('',*,*,#4348,.F.);
#5927=ORIENTED_EDGE('',*,*,#4349,.F.);
#5928=ORIENTED_EDGE('',*,*,#4350,.T.);
#5929=ORIENTED_EDGE('',*,*,#3726,.F.);
#5930=ORIENTED_EDGE('',*,*,#4350,.F.);
#5931=ORIENTED_EDGE('',*,*,#4349,.T.);
#5932=ORIENTED_EDGE('',*,*,#4351,.T.);
#5933=ORIENTED_EDGE('',*,*,#4352,.T.);
#5934=ORIENTED_EDGE('',*,*,#4353,.T.);
#5935=ORIENTED_EDGE('',*,*,#4354,.T.);
#5936=ORIENTED_EDGE('',*,*,#4355,.T.);
#5937=ORIENTED_EDGE('',*,*,#4356,.T.);
#5938=ORIENTED_EDGE('',*,*,#4357,.F.);
#5939=ORIENTED_EDGE('',*,*,#4358,.T.);
#5940=ORIENTED_EDGE('',*,*,#4359,.F.);
#5941=ORIENTED_EDGE('',*,*,#4358,.F.);
#5942=ORIENTED_EDGE('',*,*,#3758,.F.);
#5943=ORIENTED_EDGE('',*,*,#4360,.T.);
#5944=ORIENTED_EDGE('',*,*,#4361,.F.);
#5945=ORIENTED_EDGE('',*,*,#4362,.F.);
#5946=ORIENTED_EDGE('',*,*,#3759,.F.);
#5947=ORIENTED_EDGE('',*,*,#4362,.T.);
#5948=ORIENTED_EDGE('',*,*,#4363,.F.);
#5949=ORIENTED_EDGE('',*,*,#4364,.F.);
#5950=ORIENTED_EDGE('',*,*,#3760,.F.);
#5951=ORIENTED_EDGE('',*,*,#4364,.T.);
#5952=ORIENTED_EDGE('',*,*,#4365,.F.);
#5953=ORIENTED_EDGE('',*,*,#4366,.F.);
#5954=ORIENTED_EDGE('',*,*,#3761,.F.);
#5955=ORIENTED_EDGE('',*,*,#4366,.T.);
#5956=ORIENTED_EDGE('',*,*,#4367,.F.);
#5957=ORIENTED_EDGE('',*,*,#4360,.F.);
#5958=ORIENTED_EDGE('',*,*,#4367,.T.);
#5959=ORIENTED_EDGE('',*,*,#4365,.T.);
#5960=ORIENTED_EDGE('',*,*,#4363,.T.);
#5961=ORIENTED_EDGE('',*,*,#4361,.T.);
#5962=ORIENTED_EDGE('',*,*,#4357,.T.);
#5963=ORIENTED_EDGE('',*,*,#4359,.T.);
#5964=ORIENTED_EDGE('',*,*,#4368,.F.);
#5965=ORIENTED_EDGE('',*,*,#4369,.T.);
#5966=ORIENTED_EDGE('',*,*,#4370,.F.);
#5967=ORIENTED_EDGE('',*,*,#4369,.F.);
#5968=ORIENTED_EDGE('',*,*,#3727,.F.);
#5969=ORIENTED_EDGE('',*,*,#4371,.T.);
#5970=ORIENTED_EDGE('',*,*,#4372,.F.);
#5971=ORIENTED_EDGE('',*,*,#4373,.F.);
#5972=ORIENTED_EDGE('',*,*,#3728,.F.);
#5973=ORIENTED_EDGE('',*,*,#4373,.T.);
#5974=ORIENTED_EDGE('',*,*,#4374,.F.);
#5975=ORIENTED_EDGE('',*,*,#4375,.F.);
#5976=ORIENTED_EDGE('',*,*,#3729,.F.);
#5977=ORIENTED_EDGE('',*,*,#4375,.T.);
#5978=ORIENTED_EDGE('',*,*,#4376,.F.);
#5979=ORIENTED_EDGE('',*,*,#4377,.F.);
#5980=ORIENTED_EDGE('',*,*,#3730,.F.);
#5981=ORIENTED_EDGE('',*,*,#4377,.T.);
#5982=ORIENTED_EDGE('',*,*,#4378,.F.);
#5983=ORIENTED_EDGE('',*,*,#4371,.F.);
#5984=ORIENTED_EDGE('',*,*,#4378,.T.);
#5985=ORIENTED_EDGE('',*,*,#4376,.T.);
#5986=ORIENTED_EDGE('',*,*,#4374,.T.);
#5987=ORIENTED_EDGE('',*,*,#4372,.T.);
#5988=ORIENTED_EDGE('',*,*,#4368,.T.);
#5989=ORIENTED_EDGE('',*,*,#4370,.T.);
#5990=ORIENTED_EDGE('',*,*,#4379,.F.);
#5991=ORIENTED_EDGE('',*,*,#4380,.T.);
#5992=ORIENTED_EDGE('',*,*,#4381,.F.);
#5993=ORIENTED_EDGE('',*,*,#4380,.F.);
#5994=ORIENTED_EDGE('',*,*,#3754,.F.);
#5995=ORIENTED_EDGE('',*,*,#4382,.T.);
#5996=ORIENTED_EDGE('',*,*,#4383,.F.);
#5997=ORIENTED_EDGE('',*,*,#4384,.F.);
#5998=ORIENTED_EDGE('',*,*,#3755,.F.);
#5999=ORIENTED_EDGE('',*,*,#4384,.T.);
#6000=ORIENTED_EDGE('',*,*,#4385,.F.);
#6001=ORIENTED_EDGE('',*,*,#4386,.F.);
#6002=ORIENTED_EDGE('',*,*,#3756,.F.);
#6003=ORIENTED_EDGE('',*,*,#4386,.T.);
#6004=ORIENTED_EDGE('',*,*,#4387,.F.);
#6005=ORIENTED_EDGE('',*,*,#4388,.F.);
#6006=ORIENTED_EDGE('',*,*,#3757,.F.);
#6007=ORIENTED_EDGE('',*,*,#4388,.T.);
#6008=ORIENTED_EDGE('',*,*,#4389,.F.);
#6009=ORIENTED_EDGE('',*,*,#4382,.F.);
#6010=ORIENTED_EDGE('',*,*,#4389,.T.);
#6011=ORIENTED_EDGE('',*,*,#4387,.T.);
#6012=ORIENTED_EDGE('',*,*,#4385,.T.);
#6013=ORIENTED_EDGE('',*,*,#4383,.T.);
#6014=ORIENTED_EDGE('',*,*,#4379,.T.);
#6015=ORIENTED_EDGE('',*,*,#4381,.T.);
#6016=ORIENTED_EDGE('',*,*,#4390,.F.);
#6017=ORIENTED_EDGE('',*,*,#4391,.T.);
#6018=ORIENTED_EDGE('',*,*,#4392,.F.);
#6019=ORIENTED_EDGE('',*,*,#4391,.F.);
#6020=ORIENTED_EDGE('',*,*,#3731,.F.);
#6021=ORIENTED_EDGE('',*,*,#4393,.T.);
#6022=ORIENTED_EDGE('',*,*,#4394,.F.);
#6023=ORIENTED_EDGE('',*,*,#4395,.F.);
#6024=ORIENTED_EDGE('',*,*,#3732,.F.);
#6025=ORIENTED_EDGE('',*,*,#4395,.T.);
#6026=ORIENTED_EDGE('',*,*,#4396,.F.);
#6027=ORIENTED_EDGE('',*,*,#4397,.F.);
#6028=ORIENTED_EDGE('',*,*,#3733,.F.);
#6029=ORIENTED_EDGE('',*,*,#4397,.T.);
#6030=ORIENTED_EDGE('',*,*,#4398,.F.);
#6031=ORIENTED_EDGE('',*,*,#4399,.F.);
#6032=ORIENTED_EDGE('',*,*,#3734,.F.);
#6033=ORIENTED_EDGE('',*,*,#4399,.T.);
#6034=ORIENTED_EDGE('',*,*,#4400,.F.);
#6035=ORIENTED_EDGE('',*,*,#4393,.F.);
#6036=ORIENTED_EDGE('',*,*,#4400,.T.);
#6037=ORIENTED_EDGE('',*,*,#4398,.T.);
#6038=ORIENTED_EDGE('',*,*,#4396,.T.);
#6039=ORIENTED_EDGE('',*,*,#4394,.T.);
#6040=ORIENTED_EDGE('',*,*,#4390,.T.);
#6041=ORIENTED_EDGE('',*,*,#4392,.T.);
#6042=ORIENTED_EDGE('',*,*,#4401,.F.);
#6043=ORIENTED_EDGE('',*,*,#4402,.T.);
#6044=ORIENTED_EDGE('',*,*,#4403,.F.);
#6045=ORIENTED_EDGE('',*,*,#4402,.F.);
#6046=ORIENTED_EDGE('',*,*,#3750,.F.);
#6047=ORIENTED_EDGE('',*,*,#4404,.T.);
#6048=ORIENTED_EDGE('',*,*,#4405,.F.);
#6049=ORIENTED_EDGE('',*,*,#4406,.F.);
#6050=ORIENTED_EDGE('',*,*,#3751,.F.);
#6051=ORIENTED_EDGE('',*,*,#4406,.T.);
#6052=ORIENTED_EDGE('',*,*,#4407,.F.);
#6053=ORIENTED_EDGE('',*,*,#4408,.F.);
#6054=ORIENTED_EDGE('',*,*,#3752,.F.);
#6055=ORIENTED_EDGE('',*,*,#4408,.T.);
#6056=ORIENTED_EDGE('',*,*,#4409,.F.);
#6057=ORIENTED_EDGE('',*,*,#4410,.F.);
#6058=ORIENTED_EDGE('',*,*,#3753,.F.);
#6059=ORIENTED_EDGE('',*,*,#4410,.T.);
#6060=ORIENTED_EDGE('',*,*,#4411,.F.);
#6061=ORIENTED_EDGE('',*,*,#4404,.F.);
#6062=ORIENTED_EDGE('',*,*,#4411,.T.);
#6063=ORIENTED_EDGE('',*,*,#4409,.T.);
#6064=ORIENTED_EDGE('',*,*,#4407,.T.);
#6065=ORIENTED_EDGE('',*,*,#4405,.T.);
#6066=ORIENTED_EDGE('',*,*,#4401,.T.);
#6067=ORIENTED_EDGE('',*,*,#4403,.T.);
#6068=ORIENTED_EDGE('',*,*,#4412,.F.);
#6069=ORIENTED_EDGE('',*,*,#4413,.T.);
#6070=ORIENTED_EDGE('',*,*,#4414,.F.);
#6071=ORIENTED_EDGE('',*,*,#4413,.F.);
#6072=ORIENTED_EDGE('',*,*,#4415,.F.);
#6073=ORIENTED_EDGE('',*,*,#4416,.T.);
#6074=ORIENTED_EDGE('',*,*,#3735,.F.);
#6075=ORIENTED_EDGE('',*,*,#4416,.F.);
#6076=ORIENTED_EDGE('',*,*,#4415,.T.);
#6077=ORIENTED_EDGE('',*,*,#4412,.T.);
#6078=ORIENTED_EDGE('',*,*,#4414,.T.);
#6079=ORIENTED_EDGE('',*,*,#4417,.F.);
#6080=ORIENTED_EDGE('',*,*,#4418,.T.);
#6081=ORIENTED_EDGE('',*,*,#4419,.F.);
#6082=ORIENTED_EDGE('',*,*,#4418,.F.);
#6083=ORIENTED_EDGE('',*,*,#3746,.F.);
#6084=ORIENTED_EDGE('',*,*,#4420,.T.);
#6085=ORIENTED_EDGE('',*,*,#4421,.F.);
#6086=ORIENTED_EDGE('',*,*,#4422,.F.);
#6087=ORIENTED_EDGE('',*,*,#3747,.F.);
#6088=ORIENTED_EDGE('',*,*,#4422,.T.);
#6089=ORIENTED_EDGE('',*,*,#4423,.F.);
#6090=ORIENTED_EDGE('',*,*,#4424,.F.);
#6091=ORIENTED_EDGE('',*,*,#3748,.F.);
#6092=ORIENTED_EDGE('',*,*,#4424,.T.);
#6093=ORIENTED_EDGE('',*,*,#4425,.F.);
#6094=ORIENTED_EDGE('',*,*,#4426,.F.);
#6095=ORIENTED_EDGE('',*,*,#3749,.F.);
#6096=ORIENTED_EDGE('',*,*,#4426,.T.);
#6097=ORIENTED_EDGE('',*,*,#4427,.F.);
#6098=ORIENTED_EDGE('',*,*,#4420,.F.);
#6099=ORIENTED_EDGE('',*,*,#4427,.T.);
#6100=ORIENTED_EDGE('',*,*,#4425,.T.);
#6101=ORIENTED_EDGE('',*,*,#4423,.T.);
#6102=ORIENTED_EDGE('',*,*,#4421,.T.);
#6103=ORIENTED_EDGE('',*,*,#4417,.T.);
#6104=ORIENTED_EDGE('',*,*,#4419,.T.);
#6105=ORIENTED_EDGE('',*,*,#4428,.F.);
#6106=ORIENTED_EDGE('',*,*,#4429,.T.);
#6107=ORIENTED_EDGE('',*,*,#4430,.F.);
#6108=ORIENTED_EDGE('',*,*,#4429,.F.);
#6109=ORIENTED_EDGE('',*,*,#4431,.F.);
#6110=ORIENTED_EDGE('',*,*,#4432,.T.);
#6111=ORIENTED_EDGE('',*,*,#3736,.F.);
#6112=ORIENTED_EDGE('',*,*,#4432,.F.);
#6113=ORIENTED_EDGE('',*,*,#4431,.T.);
#6114=ORIENTED_EDGE('',*,*,#4428,.T.);
#6115=ORIENTED_EDGE('',*,*,#4430,.T.);
#6116=ORIENTED_EDGE('',*,*,#4433,.F.);
#6117=ORIENTED_EDGE('',*,*,#4434,.T.);
#6118=ORIENTED_EDGE('',*,*,#4435,.F.);
#6119=ORIENTED_EDGE('',*,*,#4434,.F.);
#6120=ORIENTED_EDGE('',*,*,#4436,.F.);
#6121=ORIENTED_EDGE('',*,*,#4437,.T.);
#6122=ORIENTED_EDGE('',*,*,#3745,.F.);
#6123=ORIENTED_EDGE('',*,*,#4437,.F.);
#6124=ORIENTED_EDGE('',*,*,#4436,.T.);
#6125=ORIENTED_EDGE('',*,*,#4433,.T.);
#6126=ORIENTED_EDGE('',*,*,#4435,.T.);
#6127=ORIENTED_EDGE('',*,*,#4438,.F.);
#6128=ORIENTED_EDGE('',*,*,#4439,.T.);
#6129=ORIENTED_EDGE('',*,*,#4440,.F.);
#6130=ORIENTED_EDGE('',*,*,#4439,.F.);
#6131=ORIENTED_EDGE('',*,*,#3737,.F.);
#6132=ORIENTED_EDGE('',*,*,#4441,.T.);
#6133=ORIENTED_EDGE('',*,*,#4442,.F.);
#6134=ORIENTED_EDGE('',*,*,#4443,.F.);
#6135=ORIENTED_EDGE('',*,*,#3738,.F.);
#6136=ORIENTED_EDGE('',*,*,#4443,.T.);
#6137=ORIENTED_EDGE('',*,*,#4444,.F.);
#6138=ORIENTED_EDGE('',*,*,#4445,.F.);
#6139=ORIENTED_EDGE('',*,*,#3739,.F.);
#6140=ORIENTED_EDGE('',*,*,#4445,.T.);
#6141=ORIENTED_EDGE('',*,*,#4446,.F.);
#6142=ORIENTED_EDGE('',*,*,#4447,.F.);
#6143=ORIENTED_EDGE('',*,*,#3740,.F.);
#6144=ORIENTED_EDGE('',*,*,#4447,.T.);
#6145=ORIENTED_EDGE('',*,*,#4448,.F.);
#6146=ORIENTED_EDGE('',*,*,#4441,.F.);
#6147=ORIENTED_EDGE('',*,*,#4448,.T.);
#6148=ORIENTED_EDGE('',*,*,#4446,.T.);
#6149=ORIENTED_EDGE('',*,*,#4444,.T.);
#6150=ORIENTED_EDGE('',*,*,#4442,.T.);
#6151=ORIENTED_EDGE('',*,*,#4438,.T.);
#6152=ORIENTED_EDGE('',*,*,#4440,.T.);
#6153=ORIENTED_EDGE('',*,*,#4449,.F.);
#6154=ORIENTED_EDGE('',*,*,#4450,.T.);
#6155=ORIENTED_EDGE('',*,*,#4451,.F.);
#6156=ORIENTED_EDGE('',*,*,#4450,.F.);
#6157=ORIENTED_EDGE('',*,*,#3741,.F.);
#6158=ORIENTED_EDGE('',*,*,#4452,.T.);
#6159=ORIENTED_EDGE('',*,*,#4453,.F.);
#6160=ORIENTED_EDGE('',*,*,#4454,.F.);
#6161=ORIENTED_EDGE('',*,*,#3742,.F.);
#6162=ORIENTED_EDGE('',*,*,#4454,.T.);
#6163=ORIENTED_EDGE('',*,*,#4455,.F.);
#6164=ORIENTED_EDGE('',*,*,#4456,.F.);
#6165=ORIENTED_EDGE('',*,*,#3743,.F.);
#6166=ORIENTED_EDGE('',*,*,#4456,.T.);
#6167=ORIENTED_EDGE('',*,*,#4457,.F.);
#6168=ORIENTED_EDGE('',*,*,#4458,.F.);
#6169=ORIENTED_EDGE('',*,*,#3744,.F.);
#6170=ORIENTED_EDGE('',*,*,#4458,.T.);
#6171=ORIENTED_EDGE('',*,*,#4459,.F.);
#6172=ORIENTED_EDGE('',*,*,#4452,.F.);
#6173=ORIENTED_EDGE('',*,*,#4459,.T.);
#6174=ORIENTED_EDGE('',*,*,#4457,.T.);
#6175=ORIENTED_EDGE('',*,*,#4455,.T.);
#6176=ORIENTED_EDGE('',*,*,#4453,.T.);
#6177=ORIENTED_EDGE('',*,*,#4449,.T.);
#6178=ORIENTED_EDGE('',*,*,#4451,.T.);
#6179=ORIENTED_EDGE('',*,*,#4261,.T.);
#6180=ORIENTED_EDGE('',*,*,#4460,.T.);
#6181=ORIENTED_EDGE('',*,*,#3954,.F.);
#6182=ORIENTED_EDGE('',*,*,#3975,.F.);
#6183=ORIENTED_EDGE('',*,*,#4260,.T.);
#6184=ORIENTED_EDGE('',*,*,#4461,.T.);
#6185=ORIENTED_EDGE('',*,*,#3955,.F.);
#6186=ORIENTED_EDGE('',*,*,#4460,.F.);
#6187=ORIENTED_EDGE('',*,*,#4284,.T.);
#6188=ORIENTED_EDGE('',*,*,#4462,.T.);
#6189=ORIENTED_EDGE('',*,*,#3946,.F.);
#6190=ORIENTED_EDGE('',*,*,#4329,.F.);
#6191=ORIENTED_EDGE('',*,*,#4283,.T.);
#6192=ORIENTED_EDGE('',*,*,#4463,.T.);
#6193=ORIENTED_EDGE('',*,*,#3947,.F.);
#6194=ORIENTED_EDGE('',*,*,#4462,.F.);
#6195=ORIENTED_EDGE('',*,*,#4282,.T.);
#6196=ORIENTED_EDGE('',*,*,#4327,.T.);
#6197=ORIENTED_EDGE('',*,*,#3948,.F.);
#6198=ORIENTED_EDGE('',*,*,#4463,.F.);
#6199=ORIENTED_EDGE('',*,*,#4025,.F.);
#6200=ORIENTED_EDGE('',*,*,#4031,.T.);
#6201=ORIENTED_EDGE('',*,*,#3939,.F.);
#6202=ORIENTED_EDGE('',*,*,#4301,.F.);
#6203=ORIENTED_EDGE('',*,*,#4166,.T.);
#6204=ORIENTED_EDGE('',*,*,#4303,.T.);
#6205=ORIENTED_EDGE('',*,*,#3901,.F.);
#6206=ORIENTED_EDGE('',*,*,#4305,.F.);
#6207=ORIENTED_EDGE('',*,*,#4162,.T.);
#6208=ORIENTED_EDGE('',*,*,#4464,.T.);
#6209=ORIENTED_EDGE('',*,*,#3862,.F.);
#6210=ORIENTED_EDGE('',*,*,#4465,.F.);
#6211=ORIENTED_EDGE('',*,*,#4182,.T.);
#6212=ORIENTED_EDGE('',*,*,#4466,.T.);
#6213=ORIENTED_EDGE('',*,*,#3905,.F.);
#6214=ORIENTED_EDGE('',*,*,#4467,.F.);
#6215=ORIENTED_EDGE('',*,*,#4175,.T.);
#6216=ORIENTED_EDGE('',*,*,#4468,.T.);
#6217=ORIENTED_EDGE('',*,*,#3934,.F.);
#6218=ORIENTED_EDGE('',*,*,#4469,.F.);
#6219=ORIENTED_EDGE('',*,*,#4174,.T.);
#6220=ORIENTED_EDGE('',*,*,#4036,.T.);
#6221=ORIENTED_EDGE('',*,*,#3935,.F.);
#6222=ORIENTED_EDGE('',*,*,#4468,.F.);
#6223=ORIENTED_EDGE('',*,*,#4176,.T.);
#6224=ORIENTED_EDGE('',*,*,#4469,.T.);
#6225=ORIENTED_EDGE('',*,*,#3937,.F.);
#6226=ORIENTED_EDGE('',*,*,#4035,.F.);
#6227=ORIENTED_EDGE('',*,*,#4230,.T.);
#6228=ORIENTED_EDGE('',*,*,#4470,.T.);
#6229=ORIENTED_EDGE('',*,*,#3928,.F.);
#6230=ORIENTED_EDGE('',*,*,#4317,.F.);
#6231=ORIENTED_EDGE('',*,*,#4229,.T.);
#6232=ORIENTED_EDGE('',*,*,#4471,.T.);
#6233=ORIENTED_EDGE('',*,*,#3929,.F.);
#6234=ORIENTED_EDGE('',*,*,#4470,.F.);
#6235=ORIENTED_EDGE('',*,*,#4228,.T.);
#6236=ORIENTED_EDGE('',*,*,#4315,.T.);
#6237=ORIENTED_EDGE('',*,*,#3930,.F.);
#6238=ORIENTED_EDGE('',*,*,#4471,.F.);
#6239=ORIENTED_EDGE('',*,*,#4224,.T.);
#6240=ORIENTED_EDGE('',*,*,#4472,.T.);
#6241=ORIENTED_EDGE('',*,*,#3925,.F.);
#6242=ORIENTED_EDGE('',*,*,#4015,.F.);
#6243=ORIENTED_EDGE('',*,*,#4223,.T.);
#6244=ORIENTED_EDGE('',*,*,#4473,.T.);
#6245=ORIENTED_EDGE('',*,*,#3926,.F.);
#6246=ORIENTED_EDGE('',*,*,#4472,.F.);
#6247=ORIENTED_EDGE('',*,*,#4222,.T.);
#6248=ORIENTED_EDGE('',*,*,#4016,.T.);
#6249=ORIENTED_EDGE('',*,*,#3927,.F.);
#6250=ORIENTED_EDGE('',*,*,#4473,.F.);
#6251=ORIENTED_EDGE('',*,*,#3706,.F.);
#6252=ORIENTED_EDGE('',*,*,#3988,.F.);
#6253=ORIENTED_EDGE('',*,*,#4004,.T.);
#6254=ORIENTED_EDGE('',*,*,#3918,.F.);
#6255=ORIENTED_EDGE('',*,*,#4321,.F.);
#6256=ORIENTED_EDGE('',*,*,#4209,.T.);
#6257=ORIENTED_EDGE('',*,*,#4323,.T.);
#6258=ORIENTED_EDGE('',*,*,#3846,.F.);
#6259=ORIENTED_EDGE('',*,*,#4009,.F.);
#6260=ORIENTED_EDGE('',*,*,#3992,.F.);
#6261=ORIENTED_EDGE('',*,*,#4242,.T.);
#6262=ORIENTED_EDGE('',*,*,#4474,.T.);
#6263=ORIENTED_EDGE('',*,*,#3910,.F.);
#6264=ORIENTED_EDGE('',*,*,#4309,.F.);
#6265=ORIENTED_EDGE('',*,*,#4241,.T.);
#6266=ORIENTED_EDGE('',*,*,#4475,.T.);
#6267=ORIENTED_EDGE('',*,*,#3911,.F.);
#6268=ORIENTED_EDGE('',*,*,#4474,.F.);
#6269=ORIENTED_EDGE('',*,*,#4240,.T.);
#6270=ORIENTED_EDGE('',*,*,#4307,.T.);
#6271=ORIENTED_EDGE('',*,*,#3912,.F.);
#6272=ORIENTED_EDGE('',*,*,#4475,.F.);
#6273=ORIENTED_EDGE('',*,*,#4216,.T.);
#6274=ORIENTED_EDGE('',*,*,#4476,.T.);
#6275=ORIENTED_EDGE('',*,*,#3906,.F.);
#6276=ORIENTED_EDGE('',*,*,#4477,.F.);
#6277=ORIENTED_EDGE('',*,*,#4215,.T.);
#6278=ORIENTED_EDGE('',*,*,#3998,.T.);
#6279=ORIENTED_EDGE('',*,*,#3907,.F.);
#6280=ORIENTED_EDGE('',*,*,#4476,.F.);
#6281=ORIENTED_EDGE('',*,*,#4217,.T.);
#6282=ORIENTED_EDGE('',*,*,#4477,.T.);
#6283=ORIENTED_EDGE('',*,*,#3909,.F.);
#6284=ORIENTED_EDGE('',*,*,#3997,.F.);
#6285=ORIENTED_EDGE('',*,*,#4181,.T.);
#6286=ORIENTED_EDGE('',*,*,#4478,.T.);
#6287=ORIENTED_EDGE('',*,*,#3902,.F.);
#6288=ORIENTED_EDGE('',*,*,#4466,.F.);
#6289=ORIENTED_EDGE('',*,*,#4180,.T.);
#6290=ORIENTED_EDGE('',*,*,#4479,.T.);
#6291=ORIENTED_EDGE('',*,*,#3903,.F.);
#6292=ORIENTED_EDGE('',*,*,#4478,.F.);
#6293=ORIENTED_EDGE('',*,*,#4203,.T.);
#6294=ORIENTED_EDGE('',*,*,#4480,.T.);
#6295=ORIENTED_EDGE('',*,*,#3892,.F.);
#6296=ORIENTED_EDGE('',*,*,#4288,.F.);
#6297=ORIENTED_EDGE('',*,*,#4202,.T.);
#6298=ORIENTED_EDGE('',*,*,#4481,.T.);
#6299=ORIENTED_EDGE('',*,*,#3893,.F.);
#6300=ORIENTED_EDGE('',*,*,#4480,.F.);
#6301=ORIENTED_EDGE('',*,*,#4201,.T.);
#6302=ORIENTED_EDGE('',*,*,#4286,.T.);
#6303=ORIENTED_EDGE('',*,*,#3894,.F.);
#6304=ORIENTED_EDGE('',*,*,#4481,.F.);
#6305=ORIENTED_EDGE('',*,*,#3970,.F.);
#6306=ORIENTED_EDGE('',*,*,#3976,.T.);
#6307=ORIENTED_EDGE('',*,*,#3952,.F.);
#6308=ORIENTED_EDGE('',*,*,#4461,.F.);
#6309=ORIENTED_EDGE('',*,*,#4259,.T.);
#6310=ORIENTED_EDGE('',*,*,#4482,.T.);
#6311=ORIENTED_EDGE('',*,*,#3882,.F.);
#6312=ORIENTED_EDGE('',*,*,#4483,.F.);
#6313=ORIENTED_EDGE('',*,*,#4255,.T.);
#6314=ORIENTED_EDGE('',*,*,#4339,.T.);
#6315=ORIENTED_EDGE('',*,*,#3888,.F.);
#6316=ORIENTED_EDGE('',*,*,#4341,.F.);
#6317=ORIENTED_EDGE('',*,*,#4251,.T.);
#6318=ORIENTED_EDGE('',*,*,#4343,.T.);
#6319=ORIENTED_EDGE('',*,*,#3873,.F.);
#6320=ORIENTED_EDGE('',*,*,#4484,.F.);
#6321=ORIENTED_EDGE('',*,*,#4266,.T.);
#6322=ORIENTED_EDGE('',*,*,#4485,.T.);
#6323=ORIENTED_EDGE('',*,*,#3885,.F.);
#6324=ORIENTED_EDGE('',*,*,#3983,.F.);
#6325=ORIENTED_EDGE('',*,*,#4265,.T.);
#6326=ORIENTED_EDGE('',*,*,#4486,.T.);
#6327=ORIENTED_EDGE('',*,*,#3886,.F.);
#6328=ORIENTED_EDGE('',*,*,#4485,.F.);
#6329=ORIENTED_EDGE('',*,*,#4264,.T.);
#6330=ORIENTED_EDGE('',*,*,#3984,.T.);
#6331=ORIENTED_EDGE('',*,*,#3887,.F.);
#6332=ORIENTED_EDGE('',*,*,#4486,.F.);
#6333=ORIENTED_EDGE('',*,*,#4257,.T.);
#6334=ORIENTED_EDGE('',*,*,#4487,.T.);
#6335=ORIENTED_EDGE('',*,*,#3880,.F.);
#6336=ORIENTED_EDGE('',*,*,#4488,.F.);
#6337=ORIENTED_EDGE('',*,*,#4256,.T.);
#6338=ORIENTED_EDGE('',*,*,#4483,.T.);
#6339=ORIENTED_EDGE('',*,*,#3881,.F.);
#6340=ORIENTED_EDGE('',*,*,#4487,.F.);
#6341=ORIENTED_EDGE('',*,*,#4258,.T.);
#6342=ORIENTED_EDGE('',*,*,#4488,.T.);
#6343=ORIENTED_EDGE('',*,*,#3883,.F.);
#6344=ORIENTED_EDGE('',*,*,#4482,.F.);
#6345=ORIENTED_EDGE('',*,*,#4278,.T.);
#6346=ORIENTED_EDGE('',*,*,#4489,.T.);
#6347=ORIENTED_EDGE('',*,*,#3874,.F.);
#6348=ORIENTED_EDGE('',*,*,#4333,.F.);
#6349=ORIENTED_EDGE('',*,*,#4277,.T.);
#6350=ORIENTED_EDGE('',*,*,#4490,.T.);
#6351=ORIENTED_EDGE('',*,*,#3875,.F.);
#6352=ORIENTED_EDGE('',*,*,#4489,.F.);
#6353=ORIENTED_EDGE('',*,*,#4276,.T.);
#6354=ORIENTED_EDGE('',*,*,#4331,.T.);
#6355=ORIENTED_EDGE('',*,*,#3876,.F.);
#6356=ORIENTED_EDGE('',*,*,#4490,.F.);
#6357=ORIENTED_EDGE('',*,*,#3968,.F.);
#6358=ORIENTED_EDGE('',*,*,#4484,.T.);
#6359=ORIENTED_EDGE('',*,*,#3872,.F.);
#6360=ORIENTED_EDGE('',*,*,#4344,.F.);
#6361=ORIENTED_EDGE('',*,*,#4248,.T.);
#6362=ORIENTED_EDGE('',*,*,#4346,.T.);
#6363=ORIENTED_EDGE('',*,*,#3943,.F.);
#6364=ORIENTED_EDGE('',*,*,#3977,.F.);
#6365=ORIENTED_EDGE('',*,*,#4185,.T.);
#6366=ORIENTED_EDGE('',*,*,#4491,.T.);
#6367=ORIENTED_EDGE('',*,*,#3863,.F.);
#6368=ORIENTED_EDGE('',*,*,#4464,.F.);
#6369=ORIENTED_EDGE('',*,*,#4184,.T.);
#6370=ORIENTED_EDGE('',*,*,#4492,.T.);
#6371=ORIENTED_EDGE('',*,*,#3864,.F.);
#6372=ORIENTED_EDGE('',*,*,#4491,.F.);
#6373=ORIENTED_EDGE('',*,*,#4183,.T.);
#6374=ORIENTED_EDGE('',*,*,#4465,.T.);
#6375=ORIENTED_EDGE('',*,*,#3865,.F.);
#6376=ORIENTED_EDGE('',*,*,#4492,.F.);
#6377=ORIENTED_EDGE('',*,*,#4197,.T.);
#6378=ORIENTED_EDGE('',*,*,#4493,.T.);
#6379=ORIENTED_EDGE('',*,*,#3856,.F.);
#6380=ORIENTED_EDGE('',*,*,#4292,.F.);
#6381=ORIENTED_EDGE('',*,*,#4196,.T.);
#6382=ORIENTED_EDGE('',*,*,#4494,.T.);
#6383=ORIENTED_EDGE('',*,*,#3857,.F.);
#6384=ORIENTED_EDGE('',*,*,#4493,.F.);
#6385=ORIENTED_EDGE('',*,*,#4195,.T.);
#6386=ORIENTED_EDGE('',*,*,#4290,.T.);
#6387=ORIENTED_EDGE('',*,*,#3858,.F.);
#6388=ORIENTED_EDGE('',*,*,#4494,.F.);
#6389=ORIENTED_EDGE('',*,*,#4221,.T.);
#6390=ORIENTED_EDGE('',*,*,#4495,.T.);
#6391=ORIENTED_EDGE('',*,*,#3852,.F.);
#6392=ORIENTED_EDGE('',*,*,#4018,.F.);
#6393=ORIENTED_EDGE('',*,*,#4220,.T.);
#6394=ORIENTED_EDGE('',*,*,#4006,.T.);
#6395=ORIENTED_EDGE('',*,*,#3853,.F.);
#6396=ORIENTED_EDGE('',*,*,#4495,.F.);
#6397=ORIENTED_EDGE('',*,*,#4236,.T.);
#6398=ORIENTED_EDGE('',*,*,#4496,.T.);
#6399=ORIENTED_EDGE('',*,*,#3838,.F.);
#6400=ORIENTED_EDGE('',*,*,#4313,.F.);
#6401=ORIENTED_EDGE('',*,*,#4235,.T.);
#6402=ORIENTED_EDGE('',*,*,#4497,.T.);
#6403=ORIENTED_EDGE('',*,*,#3839,.F.);
#6404=ORIENTED_EDGE('',*,*,#4496,.F.);
#6405=ORIENTED_EDGE('',*,*,#4234,.T.);
#6406=ORIENTED_EDGE('',*,*,#4311,.T.);
#6407=ORIENTED_EDGE('',*,*,#3840,.F.);
#6408=ORIENTED_EDGE('',*,*,#4497,.F.);
#6409=ORIENTED_EDGE('',*,*,#4219,.T.);
#6410=ORIENTED_EDGE('',*,*,#4498,.T.);
#6411=ORIENTED_EDGE('',*,*,#3836,.F.);
#6412=ORIENTED_EDGE('',*,*,#4008,.F.);
#6413=ORIENTED_EDGE('',*,*,#4218,.T.);
#6414=ORIENTED_EDGE('',*,*,#3995,.T.);
#6415=ORIENTED_EDGE('',*,*,#3837,.F.);
#6416=ORIENTED_EDGE('',*,*,#4498,.F.);
#6417=ORIENTED_EDGE('',*,*,#4023,.F.);
#6418=ORIENTED_EDGE('',*,*,#4467,.T.);
#6419=ORIENTED_EDGE('',*,*,#3904,.F.);
#6420=ORIENTED_EDGE('',*,*,#4479,.F.);
#6421=ORIENTED_EDGE('',*,*,#4179,.T.);
#6422=ORIENTED_EDGE('',*,*,#4499,.T.);
#6423=ORIENTED_EDGE('',*,*,#3831,.F.);
#6424=ORIENTED_EDGE('',*,*,#4032,.F.);
#6425=ORIENTED_EDGE('',*,*,#4178,.T.);
#6426=ORIENTED_EDGE('',*,*,#4500,.T.);
#6427=ORIENTED_EDGE('',*,*,#3832,.F.);
#6428=ORIENTED_EDGE('',*,*,#4499,.F.);
#6429=ORIENTED_EDGE('',*,*,#4177,.T.);
#6430=ORIENTED_EDGE('',*,*,#4033,.T.);
#6431=ORIENTED_EDGE('',*,*,#3833,.F.);
#6432=ORIENTED_EDGE('',*,*,#4500,.F.);
#6433=ORIENTED_EDGE('',*,*,#4191,.T.);
#6434=ORIENTED_EDGE('',*,*,#4501,.T.);
#6435=ORIENTED_EDGE('',*,*,#3824,.F.);
#6436=ORIENTED_EDGE('',*,*,#4296,.F.);
#6437=ORIENTED_EDGE('',*,*,#4190,.T.);
#6438=ORIENTED_EDGE('',*,*,#4502,.T.);
#6439=ORIENTED_EDGE('',*,*,#3825,.F.);
#6440=ORIENTED_EDGE('',*,*,#4501,.F.);
#6441=ORIENTED_EDGE('',*,*,#4189,.T.);
#6442=ORIENTED_EDGE('',*,*,#4294,.T.);
#6443=ORIENTED_EDGE('',*,*,#3826,.F.);
#6444=ORIENTED_EDGE('',*,*,#4502,.F.);
#6445=ORIENTED_EDGE('',*,*,#4262,.T.);
#6446=ORIENTED_EDGE('',*,*,#3973,.T.);
#6447=ORIENTED_EDGE('',*,*,#3812,.F.);
#6448=ORIENTED_EDGE('',*,*,#4503,.F.);
#6449=ORIENTED_EDGE('',*,*,#4263,.T.);
#6450=ORIENTED_EDGE('',*,*,#4503,.T.);
#6451=ORIENTED_EDGE('',*,*,#3815,.F.);
#6452=ORIENTED_EDGE('',*,*,#3986,.F.);
#6453=ORIENTED_EDGE('',*,*,#4272,.T.);
#6454=ORIENTED_EDGE('',*,*,#4504,.T.);
#6455=ORIENTED_EDGE('',*,*,#3806,.F.);
#6456=ORIENTED_EDGE('',*,*,#4337,.F.);
#6457=ORIENTED_EDGE('',*,*,#4271,.T.);
#6458=ORIENTED_EDGE('',*,*,#4505,.T.);
#6459=ORIENTED_EDGE('',*,*,#3807,.F.);
#6460=ORIENTED_EDGE('',*,*,#4504,.F.);
#6461=ORIENTED_EDGE('',*,*,#4270,.T.);
#6462=ORIENTED_EDGE('',*,*,#4335,.T.);
#6463=ORIENTED_EDGE('',*,*,#3808,.F.);
#6464=ORIENTED_EDGE('',*,*,#4505,.F.);
#6465=ORIENTED_EDGE('',*,*,#4351,.F.);
#6466=ORIENTED_EDGE('',*,*,#4506,.T.);
#6467=ORIENTED_EDGE('',*,*,#4352,.F.);
#6468=ORIENTED_EDGE('',*,*,#4507,.T.);
#6469=ORIENTED_EDGE('',*,*,#3802,.F.);
#6470=ORIENTED_EDGE('',*,*,#4508,.F.);
#6471=ORIENTED_EDGE('',*,*,#4353,.F.);
#6472=ORIENTED_EDGE('',*,*,#4506,.F.);
#6473=ORIENTED_EDGE('',*,*,#4356,.F.);
#6474=ORIENTED_EDGE('',*,*,#4509,.T.);
#6475=ORIENTED_EDGE('',*,*,#3803,.F.);
#6476=ORIENTED_EDGE('',*,*,#4507,.F.);
#6477=ORIENTED_EDGE('',*,*,#4355,.F.);
#6478=ORIENTED_EDGE('',*,*,#4510,.T.);
#6479=ORIENTED_EDGE('',*,*,#3804,.F.);
#6480=ORIENTED_EDGE('',*,*,#4509,.F.);
#6481=ORIENTED_EDGE('',*,*,#4354,.F.);
#6482=ORIENTED_EDGE('',*,*,#4508,.T.);
#6483=ORIENTED_EDGE('',*,*,#3805,.F.);
#6484=ORIENTED_EDGE('',*,*,#4510,.F.);
#6485=ORIENTED_EDGE('',*,*,#3782,.F.);
#6486=ORIENTED_EDGE('',*,*,#3785,.T.);
#6487=ORIENTED_EDGE('',*,*,#3783,.F.);
#6488=ORIENTED_EDGE('',*,*,#3697,.T.);
#6489=CYLINDRICAL_SURFACE('',#6952,2.);
#6490=CYLINDRICAL_SURFACE('',#6958,2.);
#6491=CYLINDRICAL_SURFACE('',#6967,2.);
#6492=CYLINDRICAL_SURFACE('',#6973,2.);
#6493=CYLINDRICAL_SURFACE('',#6985,2.);
#6494=CYLINDRICAL_SURFACE('',#6996,2.);
#6495=CYLINDRICAL_SURFACE('',#7002,1.);
#6496=CYLINDRICAL_SURFACE('',#7004,1.);
#6497=CYLINDRICAL_SURFACE('',#7006,1.);
#6498=CYLINDRICAL_SURFACE('',#7013,1.);
#6499=CYLINDRICAL_SURFACE('',#7016,1.);
#6500=CYLINDRICAL_SURFACE('',#7019,1.);
#6501=CYLINDRICAL_SURFACE('',#7021,1.);
#6502=CYLINDRICAL_SURFACE('',#7022,1.);
#6503=CYLINDRICAL_SURFACE('',#7024,1.);
#6504=CYLINDRICAL_SURFACE('',#7026,1.);
#6505=CYLINDRICAL_SURFACE('',#7027,1.);
#6506=CYLINDRICAL_SURFACE('',#7028,1.);
#6507=CYLINDRICAL_SURFACE('',#7079,3.);
#6508=CYLINDRICAL_SURFACE('',#7080,3.);
#6509=CYLINDRICAL_SURFACE('',#7082,2.);
#6510=CYLINDRICAL_SURFACE('',#7084,2.);
#6511=CYLINDRICAL_SURFACE('',#7101,0.5);
#6512=CYLINDRICAL_SURFACE('',#7104,0.5);
#6513=CYLINDRICAL_SURFACE('',#7106,0.5);
#6514=CYLINDRICAL_SURFACE('',#7108,0.5);
#6515=CYLINDRICAL_SURFACE('',#7111,0.5);
#6516=CYLINDRICAL_SURFACE('',#7114,0.5);
#6517=CYLINDRICAL_SURFACE('',#7116,0.5);
#6518=CYLINDRICAL_SURFACE('',#7121,0.5);
#6519=CYLINDRICAL_SURFACE('',#7124,0.5);
#6520=CYLINDRICAL_SURFACE('',#7126,0.5);
#6521=CYLINDRICAL_SURFACE('',#7128,0.5);
#6522=CYLINDRICAL_SURFACE('',#7135,0.5);
#6523=CYLINDRICAL_SURFACE('',#7140,0.5);
#6524=CYLINDRICAL_SURFACE('',#7145,0.5);
#6525=CYLINDRICAL_SURFACE('',#7150,0.5);
#6526=CYLINDRICAL_SURFACE('',#7152,2.5);
#6527=CYLINDRICAL_SURFACE('',#7155,2.5);
#6528=CYLINDRICAL_SURFACE('',#7161,0.5);
#6529=CYLINDRICAL_SURFACE('',#7165,0.5);
#6530=CYLINDRICAL_SURFACE('',#7169,0.5);
#6531=CYLINDRICAL_SURFACE('',#7174,0.5);
#6532=CYLINDRICAL_SURFACE('',#7175,2.5);
#6533=CYLINDRICAL_SURFACE('',#7177,2.5);
#6534=CYLINDRICAL_SURFACE('',#7182,0.5);
#6535=CYLINDRICAL_SURFACE('',#7187,0.5);
#6536=CYLINDRICAL_SURFACE('',#7192,0.5);
#6537=CYLINDRICAL_SURFACE('',#7197,0.5);
#6538=CYLINDRICAL_SURFACE('',#7199,2.5);
#6539=CYLINDRICAL_SURFACE('',#7202,2.5);
#6540=CYLINDRICAL_SURFACE('',#7207,0.5);
#6541=CYLINDRICAL_SURFACE('',#7212,0.5);
#6542=CYLINDRICAL_SURFACE('',#7217,0.5);
#6543=CYLINDRICAL_SURFACE('',#7221,0.5);
#6544=CYLINDRICAL_SURFACE('',#7227,0.5);
#6545=CYLINDRICAL_SURFACE('',#7232,0.5);
#6546=CYLINDRICAL_SURFACE('',#7237,0.5);
#6547=CYLINDRICAL_SURFACE('',#7242,0.5);
#6548=CYLINDRICAL_SURFACE('',#7244,2.5);
#6549=CYLINDRICAL_SURFACE('',#7247,2.5);
#6550=CYLINDRICAL_SURFACE('',#7253,0.5);
#6551=CYLINDRICAL_SURFACE('',#7257,0.5);
#6552=CYLINDRICAL_SURFACE('',#7261,0.5);
#6553=CYLINDRICAL_SURFACE('',#7266,0.5);
#6554=CYLINDRICAL_SURFACE('',#7267,2.5);
#6555=CYLINDRICAL_SURFACE('',#7269,2.5);
#6556=CYLINDRICAL_SURFACE('',#7270,2.5);
#6557=CYLINDRICAL_SURFACE('',#7271,2.5);
#6558=CYLINDRICAL_SURFACE('',#7335,2.5);
#6559=CYLINDRICAL_SURFACE('',#7343,1.5);
#6560=CYLINDRICAL_SURFACE('',#7346,2.5);
#6561=CYLINDRICAL_SURFACE('',#7349,2.5);
#6562=CYLINDRICAL_SURFACE('',#7354,1.5);
#6563=CYLINDRICAL_SURFACE('',#7358,2.5);
#6564=CYLINDRICAL_SURFACE('',#7361,2.5);
#6565=CYLINDRICAL_SURFACE('',#7365,1.5);
#6566=CYLINDRICAL_SURFACE('',#7368,2.5);
#6567=CYLINDRICAL_SURFACE('',#7371,2.5);
#6568=CYLINDRICAL_SURFACE('',#7376,1.5);
#6569=CYLINDRICAL_SURFACE('',#7380,2.5);
#6570=CYLINDRICAL_SURFACE('',#7383,2.5);
#6571=CYLINDRICAL_SURFACE('',#7387,1.5);
#6572=CYLINDRICAL_SURFACE('',#7391,2.5);
#6573=CYLINDRICAL_SURFACE('',#7394,2.5);
#6574=CYLINDRICAL_SURFACE('',#7398,1.50000000000001);
#6575=CYLINDRICAL_SURFACE('',#7401,2.5);
#6576=CYLINDRICAL_SURFACE('',#7405,1.5);
#6577=CYLINDRICAL_SURFACE('',#7408,2.5);
#6578=CYLINDRICAL_SURFACE('',#7411,2.5);
#6579=CYLINDRICAL_SURFACE('',#7416,1.5);
#6580=CYLINDRICAL_SURFACE('',#7419,2.5);
#6581=CYLINDRICAL_SURFACE('',#7423,1.5);
#6582=CYLINDRICAL_SURFACE('',#7426,2.5);
#6583=CYLINDRICAL_SURFACE('',#7430,1.5);
#6584=CYLINDRICAL_SURFACE('',#7434,2.5);
#6585=CYLINDRICAL_SURFACE('',#7437,2.5);
#6586=CYLINDRICAL_SURFACE('',#7441,1.5);
#6587=CYLINDRICAL_SURFACE('',#7445,2.5);
#6588=CYLINDRICAL_SURFACE('',#7448,2.5);
#6589=CYLINDRICAL_SURFACE('',#7514,1.49999999999999);
#6590=CYLINDRICAL_SURFACE('',#7516,1.27);
#6591=ADVANCED_FACE('',(#356),#6489,.T.);
#6592=ADVANCED_FACE('',(#357),#135,.T.);
#6593=ADVANCED_FACE('',(#358),#136,.T.);
#6594=ADVANCED_FACE('',(#359),#6490,.T.);
#6595=ADVANCED_FACE('',(#360),#137,.T.);
#6596=ADVANCED_FACE('',(#361),#138,.T.);
#6597=ADVANCED_FACE('',(#362),#139,.T.);
#6598=ADVANCED_FACE('',(#363),#6491,.T.);
#6599=ADVANCED_FACE('',(#364),#140,.T.);
#6600=ADVANCED_FACE('',(#365),#141,.T.);
#6601=ADVANCED_FACE('',(#366),#6492,.T.);
#6602=ADVANCED_FACE('',(#367),#142,.T.);
#6603=ADVANCED_FACE('',(#368),#143,.T.);
#6604=ADVANCED_FACE('',(#369),#144,.T.);
#6605=ADVANCED_FACE('',(#370),#6493,.T.);
#6606=ADVANCED_FACE('',(#371),#145,.T.);
#6607=ADVANCED_FACE('',(#372),#146,.T.);
#6608=ADVANCED_FACE('',(#373),#147,.T.);
#6609=ADVANCED_FACE('',(#374),#6494,.T.);
#6610=ADVANCED_FACE('',(#375),#148,.T.);
#6611=ADVANCED_FACE('',(#376),#6495,.T.);
#6612=ADVANCED_FACE('',(#377),#6496,.T.);
#6613=ADVANCED_FACE('',(#378,#49),#149,.T.);
#6614=ADVANCED_FACE('',(#379),#6497,.T.);
#6615=ADVANCED_FACE('',(#380,#50,#51,#52),#150,.T.);
#6616=ADVANCED_FACE('',(#381),#6498,.T.);
#6617=ADVANCED_FACE('',(#382),#151,.T.);
#6618=ADVANCED_FACE('',(#383),#6499,.T.);
#6619=ADVANCED_FACE('',(#384,#53),#152,.T.);
#6620=ADVANCED_FACE('',(#385),#6500,.T.);
#6621=ADVANCED_FACE('',(#386,#54),#153,.T.);
#6622=ADVANCED_FACE('',(#387),#6501,.T.);
#6623=ADVANCED_FACE('',(#388),#6502,.T.);
#6624=ADVANCED_FACE('',(#389),#154,.T.);
#6625=ADVANCED_FACE('',(#390),#6503,.T.);
#6626=ADVANCED_FACE('',(#391),#155,.T.);
#6627=ADVANCED_FACE('',(#392),#6504,.T.);
#6628=ADVANCED_FACE('',(#393),#6505,.T.);
#6629=ADVANCED_FACE('',(#394),#6506,.T.);
#6630=ADVANCED_FACE('',(#395),#156,.T.);
#6631=ADVANCED_FACE('',(#396),#157,.T.);
#6632=ADVANCED_FACE('',(#397),#158,.T.);
#6633=ADVANCED_FACE('',(#398),#159,.T.);
#6634=ADVANCED_FACE('',(#399),#160,.T.);
#6635=ADVANCED_FACE('',(#400),#161,.T.);
#6636=ADVANCED_FACE('',(#401),#162,.F.);
#6637=ADVANCED_FACE('',(#402),#163,.T.);
#6638=ADVANCED_FACE('',(#403),#164,.F.);
#6639=ADVANCED_FACE('',(#404),#165,.T.);
#6640=ADVANCED_FACE('',(#405),#166,.T.);
#6641=ADVANCED_FACE('',(#406,#55),#167,.T.);
#6642=ADVANCED_FACE('',(#407,#56,#57,#58,#59,#60,#61,#62,#63,#64,#65,#66,
#67,#68,#69,#70,#71,#72,#73),#168,.T.);
#6643=ADVANCED_FACE('',(#408,#74,#75,#76),#169,.T.);
#6644=ADVANCED_FACE('',(#409),#6507,.F.);
#6645=ADVANCED_FACE('',(#410),#6508,.F.);
#6646=ADVANCED_FACE('',(#411),#170,.T.);
#6647=ADVANCED_FACE('',(#412),#6509,.T.);
#6648=ADVANCED_FACE('',(#413),#6510,.T.);
#6649=ADVANCED_FACE('',(#414,#77,#78,#79,#80,#81,#82,#83,#84,#85,#86,#87,
#88,#89,#90,#91,#92,#93,#94,#95,#96,#97,#98,#99,#100,#101,#102,#103,#104,
#105,#106,#107,#108,#109,#110,#111,#112,#113),#171,.T.);
#6650=ADVANCED_FACE('',(#415),#6511,.T.);
#6651=ADVANCED_FACE('',(#416),#6512,.T.);
#6652=ADVANCED_FACE('',(#417),#6513,.T.);
#6653=ADVANCED_FACE('',(#418),#6514,.T.);
#6654=ADVANCED_FACE('',(#419),#172,.F.);
#6655=ADVANCED_FACE('',(#420),#173,.F.);
#6656=ADVANCED_FACE('',(#421),#6515,.T.);
#6657=ADVANCED_FACE('',(#422),#6516,.T.);
#6658=ADVANCED_FACE('',(#423),#6517,.T.);
#6659=ADVANCED_FACE('',(#424),#174,.F.);
#6660=ADVANCED_FACE('',(#425),#175,.F.);
#6661=ADVANCED_FACE('',(#426),#176,.F.);
#6662=ADVANCED_FACE('',(#427),#6518,.T.);
#6663=ADVANCED_FACE('',(#428),#6519,.T.);
#6664=ADVANCED_FACE('',(#429),#6520,.T.);
#6665=ADVANCED_FACE('',(#430),#6521,.T.);
#6666=ADVANCED_FACE('',(#431),#177,.F.);
#6667=ADVANCED_FACE('',(#432),#178,.F.);
#6668=ADVANCED_FACE('',(#433),#15,.T.);
#6669=ADVANCED_FACE('',(#434),#6522,.T.);
#6670=ADVANCED_FACE('',(#435),#16,.T.);
#6671=ADVANCED_FACE('',(#436),#6523,.T.);
#6672=ADVANCED_FACE('',(#437),#17,.T.);
#6673=ADVANCED_FACE('',(#438),#6524,.T.);
#6674=ADVANCED_FACE('',(#439),#18,.T.);
#6675=ADVANCED_FACE('',(#440),#6525,.T.);
#6676=ADVANCED_FACE('',(#441),#179,.F.);
#6677=ADVANCED_FACE('',(#442),#6526,.F.);
#6678=ADVANCED_FACE('',(#443),#180,.F.);
#6679=ADVANCED_FACE('',(#444),#6527,.F.);
#6680=ADVANCED_FACE('',(#445),#19,.T.);
#6681=ADVANCED_FACE('',(#446),#6528,.T.);
#6682=ADVANCED_FACE('',(#447),#20,.T.);
#6683=ADVANCED_FACE('',(#448),#6529,.T.);
#6684=ADVANCED_FACE('',(#449),#21,.T.);
#6685=ADVANCED_FACE('',(#450),#6530,.T.);
#6686=ADVANCED_FACE('',(#451),#22,.T.);
#6687=ADVANCED_FACE('',(#452),#6531,.T.);
#6688=ADVANCED_FACE('',(#453),#6532,.F.);
#6689=ADVANCED_FACE('',(#454),#181,.F.);
#6690=ADVANCED_FACE('',(#455),#6533,.F.);
#6691=ADVANCED_FACE('',(#456),#23,.T.);
#6692=ADVANCED_FACE('',(#457),#6534,.T.);
#6693=ADVANCED_FACE('',(#458),#24,.T.);
#6694=ADVANCED_FACE('',(#459),#6535,.T.);
#6695=ADVANCED_FACE('',(#460),#25,.T.);
#6696=ADVANCED_FACE('',(#461),#6536,.T.);
#6697=ADVANCED_FACE('',(#462),#26,.T.);
#6698=ADVANCED_FACE('',(#463),#6537,.T.);
#6699=ADVANCED_FACE('',(#464),#182,.F.);
#6700=ADVANCED_FACE('',(#465),#6538,.F.);
#6701=ADVANCED_FACE('',(#466),#183,.F.);
#6702=ADVANCED_FACE('',(#467),#6539,.F.);
#6703=ADVANCED_FACE('',(#468),#27,.T.);
#6704=ADVANCED_FACE('',(#469),#6540,.T.);
#6705=ADVANCED_FACE('',(#470),#28,.T.);
#6706=ADVANCED_FACE('',(#471),#6541,.T.);
#6707=ADVANCED_FACE('',(#472),#29,.T.);
#6708=ADVANCED_FACE('',(#473),#6542,.T.);
#6709=ADVANCED_FACE('',(#474),#30,.T.);
#6710=ADVANCED_FACE('',(#475),#6543,.T.);
#6711=ADVANCED_FACE('',(#476),#184,.F.);
#6712=ADVANCED_FACE('',(#477),#31,.T.);
#6713=ADVANCED_FACE('',(#478),#6544,.T.);
#6714=ADVANCED_FACE('',(#479),#32,.T.);
#6715=ADVANCED_FACE('',(#480),#6545,.T.);
#6716=ADVANCED_FACE('',(#481),#33,.T.);
#6717=ADVANCED_FACE('',(#482),#6546,.T.);
#6718=ADVANCED_FACE('',(#483),#34,.T.);
#6719=ADVANCED_FACE('',(#484),#6547,.T.);
#6720=ADVANCED_FACE('',(#485),#185,.F.);
#6721=ADVANCED_FACE('',(#486),#6548,.F.);
#6722=ADVANCED_FACE('',(#487),#186,.F.);
#6723=ADVANCED_FACE('',(#488),#6549,.F.);
#6724=ADVANCED_FACE('',(#489),#35,.T.);
#6725=ADVANCED_FACE('',(#490),#6550,.T.);
#6726=ADVANCED_FACE('',(#491),#36,.T.);
#6727=ADVANCED_FACE('',(#492),#6551,.T.);
#6728=ADVANCED_FACE('',(#493),#37,.T.);
#6729=ADVANCED_FACE('',(#494),#6552,.T.);
#6730=ADVANCED_FACE('',(#495),#38,.T.);
#6731=ADVANCED_FACE('',(#496),#6553,.T.);
#6732=ADVANCED_FACE('',(#497),#6554,.F.);
#6733=ADVANCED_FACE('',(#498),#187,.F.);
#6734=ADVANCED_FACE('',(#499),#6555,.F.);
#6735=ADVANCED_FACE('',(#500),#6556,.F.);
#6736=ADVANCED_FACE('',(#501),#6557,.F.);
#6737=ADVANCED_FACE('',(#502),#188,.F.);
#6738=ADVANCED_FACE('',(#503),#189,.F.);
#6739=ADVANCED_FACE('',(#504),#190,.F.);
#6740=ADVANCED_FACE('',(#505,#114,#115,#116),#191,.F.);
#6741=ADVANCED_FACE('',(#506,#117,#118,#119),#192,.F.);
#6742=ADVANCED_FACE('',(#507,#120,#121,#122),#193,.F.);
#6743=ADVANCED_FACE('',(#508),#194,.F.);
#6744=ADVANCED_FACE('',(#509),#195,.F.);
#6745=ADVANCED_FACE('',(#510),#196,.F.);
#6746=ADVANCED_FACE('',(#511),#197,.F.);
#6747=ADVANCED_FACE('',(#512),#198,.F.);
#6748=ADVANCED_FACE('',(#513),#199,.F.);
#6749=ADVANCED_FACE('',(#514),#200,.F.);
#6750=ADVANCED_FACE('',(#515),#201,.F.);
#6751=ADVANCED_FACE('',(#516),#202,.F.);
#6752=ADVANCED_FACE('',(#517),#203,.F.);
#6753=ADVANCED_FACE('',(#518),#204,.F.);
#6754=ADVANCED_FACE('',(#519),#205,.F.);
#6755=ADVANCED_FACE('',(#520),#206,.F.);
#6756=ADVANCED_FACE('',(#521),#207,.F.);
#6757=ADVANCED_FACE('',(#522),#208,.F.);
#6758=ADVANCED_FACE('',(#523),#209,.F.);
#6759=ADVANCED_FACE('',(#524),#210,.F.);
#6760=ADVANCED_FACE('',(#525),#211,.F.);
#6761=ADVANCED_FACE('',(#526),#212,.F.);
#6762=ADVANCED_FACE('',(#527),#213,.F.);
#6763=ADVANCED_FACE('',(#528),#214,.F.);
#6764=ADVANCED_FACE('',(#529),#215,.F.);
#6765=ADVANCED_FACE('',(#530),#216,.F.);
#6766=ADVANCED_FACE('',(#531),#217,.F.);
#6767=ADVANCED_FACE('',(#532),#218,.F.);
#6768=ADVANCED_FACE('',(#533),#219,.F.);
#6769=ADVANCED_FACE('',(#534),#220,.F.);
#6770=ADVANCED_FACE('',(#535),#221,.F.);
#6771=ADVANCED_FACE('',(#536),#222,.F.);
#6772=ADVANCED_FACE('',(#537),#223,.F.);
#6773=ADVANCED_FACE('',(#538),#224,.F.);
#6774=ADVANCED_FACE('',(#539),#225,.F.);
#6775=ADVANCED_FACE('',(#540),#226,.F.);
#6776=ADVANCED_FACE('',(#541),#227,.F.);
#6777=ADVANCED_FACE('',(#542),#228,.F.);
#6778=ADVANCED_FACE('',(#543),#229,.F.);
#6779=ADVANCED_FACE('',(#544),#230,.F.);
#6780=ADVANCED_FACE('',(#545),#231,.F.);
#6781=ADVANCED_FACE('',(#546),#232,.F.);
#6782=ADVANCED_FACE('',(#547),#233,.F.);
#6783=ADVANCED_FACE('',(#548),#234,.F.);
#6784=ADVANCED_FACE('',(#549),#235,.F.);
#6785=ADVANCED_FACE('',(#550),#236,.F.);
#6786=ADVANCED_FACE('',(#551),#237,.F.);
#6787=ADVANCED_FACE('',(#552),#238,.F.);
#6788=ADVANCED_FACE('',(#553),#239,.F.);
#6789=ADVANCED_FACE('',(#554),#240,.F.);
#6790=ADVANCED_FACE('',(#555),#241,.F.);
#6791=ADVANCED_FACE('',(#556),#242,.F.);
#6792=ADVANCED_FACE('',(#557),#243,.F.);
#6793=ADVANCED_FACE('',(#558),#244,.F.);
#6794=ADVANCED_FACE('',(#559),#245,.F.);
#6795=ADVANCED_FACE('',(#560),#246,.F.);
#6796=ADVANCED_FACE('',(#561),#247,.F.);
#6797=ADVANCED_FACE('',(#562),#248,.F.);
#6798=ADVANCED_FACE('',(#563),#249,.F.);
#6799=ADVANCED_FACE('',(#564),#250,.F.);
#6800=ADVANCED_FACE('',(#565),#6558,.T.);
#6801=ADVANCED_FACE('',(#566,#123),#251,.T.);
#6802=ADVANCED_FACE('',(#567),#252,.T.);
#6803=ADVANCED_FACE('',(#568),#6559,.F.);
#6804=ADVANCED_FACE('',(#569),#6560,.T.);
#6805=ADVANCED_FACE('',(#570),#253,.T.);
#6806=ADVANCED_FACE('',(#571),#6561,.T.);
#6807=ADVANCED_FACE('',(#572),#254,.T.);
#6808=ADVANCED_FACE('',(#573,#124),#255,.T.);
#6809=ADVANCED_FACE('',(#574),#256,.T.);
#6810=ADVANCED_FACE('',(#575),#6562,.F.);
#6811=ADVANCED_FACE('',(#576),#257,.T.);
#6812=ADVANCED_FACE('',(#577),#6563,.T.);
#6813=ADVANCED_FACE('',(#578),#258,.T.);
#6814=ADVANCED_FACE('',(#579),#6564,.T.);
#6815=ADVANCED_FACE('',(#580,#125),#259,.T.);
#6816=ADVANCED_FACE('',(#581),#260,.T.);
#6817=ADVANCED_FACE('',(#582),#6565,.F.);
#6818=ADVANCED_FACE('',(#583),#6566,.T.);
#6819=ADVANCED_FACE('',(#584),#261,.T.);
#6820=ADVANCED_FACE('',(#585),#6567,.T.);
#6821=ADVANCED_FACE('',(#586),#262,.T.);
#6822=ADVANCED_FACE('',(#587,#126),#263,.T.);
#6823=ADVANCED_FACE('',(#588),#264,.T.);
#6824=ADVANCED_FACE('',(#589),#6568,.F.);
#6825=ADVANCED_FACE('',(#590),#265,.T.);
#6826=ADVANCED_FACE('',(#591),#6569,.T.);
#6827=ADVANCED_FACE('',(#592),#266,.T.);
#6828=ADVANCED_FACE('',(#593),#6570,.T.);
#6829=ADVANCED_FACE('',(#594,#127),#267,.T.);
#6830=ADVANCED_FACE('',(#595),#268,.T.);
#6831=ADVANCED_FACE('',(#596),#6571,.F.);
#6832=ADVANCED_FACE('',(#597),#269,.T.);
#6833=ADVANCED_FACE('',(#598),#6572,.T.);
#6834=ADVANCED_FACE('',(#599),#270,.T.);
#6835=ADVANCED_FACE('',(#600),#6573,.T.);
#6836=ADVANCED_FACE('',(#601,#128),#271,.T.);
#6837=ADVANCED_FACE('',(#602),#272,.T.);
#6838=ADVANCED_FACE('',(#603),#6574,.F.);
#6839=ADVANCED_FACE('',(#604),#6575,.T.);
#6840=ADVANCED_FACE('',(#605,#129),#273,.T.);
#6841=ADVANCED_FACE('',(#606),#274,.T.);
#6842=ADVANCED_FACE('',(#607),#6576,.F.);
#6843=ADVANCED_FACE('',(#608),#6577,.T.);
#6844=ADVANCED_FACE('',(#609),#275,.T.);
#6845=ADVANCED_FACE('',(#610),#6578,.T.);
#6846=ADVANCED_FACE('',(#611),#276,.T.);
#6847=ADVANCED_FACE('',(#612,#130),#277,.T.);
#6848=ADVANCED_FACE('',(#613),#278,.T.);
#6849=ADVANCED_FACE('',(#614),#6579,.F.);
#6850=ADVANCED_FACE('',(#615),#6580,.T.);
#6851=ADVANCED_FACE('',(#616,#131),#279,.T.);
#6852=ADVANCED_FACE('',(#617),#280,.T.);
#6853=ADVANCED_FACE('',(#618),#6581,.F.);
#6854=ADVANCED_FACE('',(#619),#6582,.T.);
#6855=ADVANCED_FACE('',(#620,#132),#281,.T.);
#6856=ADVANCED_FACE('',(#621),#282,.T.);
#6857=ADVANCED_FACE('',(#622),#6583,.F.);
#6858=ADVANCED_FACE('',(#623),#283,.T.);
#6859=ADVANCED_FACE('',(#624),#6584,.T.);
#6860=ADVANCED_FACE('',(#625),#284,.T.);
#6861=ADVANCED_FACE('',(#626),#6585,.T.);
#6862=ADVANCED_FACE('',(#627,#133),#285,.T.);
#6863=ADVANCED_FACE('',(#628),#286,.T.);
#6864=ADVANCED_FACE('',(#629),#6586,.F.);
#6865=ADVANCED_FACE('',(#630),#287,.T.);
#6866=ADVANCED_FACE('',(#631),#6587,.T.);
#6867=ADVANCED_FACE('',(#632),#288,.T.);
#6868=ADVANCED_FACE('',(#633),#6588,.T.);
#6869=ADVANCED_FACE('',(#634,#134),#289,.T.);
#6870=ADVANCED_FACE('',(#635),#290,.T.);
#6871=ADVANCED_FACE('',(#636),#291,.F.);
#6872=ADVANCED_FACE('',(#637),#292,.F.);
#6873=ADVANCED_FACE('',(#638),#293,.F.);
#6874=ADVANCED_FACE('',(#639),#294,.F.);
#6875=ADVANCED_FACE('',(#640),#295,.F.);
#6876=ADVANCED_FACE('',(#641),#296,.F.);
#6877=ADVANCED_FACE('',(#642),#297,.F.);
#6878=ADVANCED_FACE('',(#643),#298,.F.);
#6879=ADVANCED_FACE('',(#644),#299,.F.);
#6880=ADVANCED_FACE('',(#645),#300,.F.);
#6881=ADVANCED_FACE('',(#646),#301,.F.);
#6882=ADVANCED_FACE('',(#647),#302,.F.);
#6883=ADVANCED_FACE('',(#648),#303,.F.);
#6884=ADVANCED_FACE('',(#649),#304,.F.);
#6885=ADVANCED_FACE('',(#650),#305,.F.);
#6886=ADVANCED_FACE('',(#651),#306,.F.);
#6887=ADVANCED_FACE('',(#652),#307,.F.);
#6888=ADVANCED_FACE('',(#653),#308,.F.);
#6889=ADVANCED_FACE('',(#654),#309,.F.);
#6890=ADVANCED_FACE('',(#655),#310,.F.);
#6891=ADVANCED_FACE('',(#656),#311,.F.);
#6892=ADVANCED_FACE('',(#657),#312,.F.);
#6893=ADVANCED_FACE('',(#658),#313,.F.);
#6894=ADVANCED_FACE('',(#659),#314,.F.);
#6895=ADVANCED_FACE('',(#660),#315,.F.);
#6896=ADVANCED_FACE('',(#661),#316,.F.);
#6897=ADVANCED_FACE('',(#662),#317,.F.);
#6898=ADVANCED_FACE('',(#663),#318,.F.);
#6899=ADVANCED_FACE('',(#664),#319,.F.);
#6900=ADVANCED_FACE('',(#665),#320,.F.);
#6901=ADVANCED_FACE('',(#666),#321,.F.);
#6902=ADVANCED_FACE('',(#667),#322,.F.);
#6903=ADVANCED_FACE('',(#668),#323,.F.);
#6904=ADVANCED_FACE('',(#669),#324,.F.);
#6905=ADVANCED_FACE('',(#670),#325,.F.);
#6906=ADVANCED_FACE('',(#671),#326,.F.);
#6907=ADVANCED_FACE('',(#672),#327,.F.);
#6908=ADVANCED_FACE('',(#673),#328,.F.);
#6909=ADVANCED_FACE('',(#674),#329,.F.);
#6910=ADVANCED_FACE('',(#675),#330,.F.);
#6911=ADVANCED_FACE('',(#676),#331,.F.);
#6912=ADVANCED_FACE('',(#677),#332,.F.);
#6913=ADVANCED_FACE('',(#678),#333,.F.);
#6914=ADVANCED_FACE('',(#679),#334,.F.);
#6915=ADVANCED_FACE('',(#680),#335,.F.);
#6916=ADVANCED_FACE('',(#681),#336,.F.);
#6917=ADVANCED_FACE('',(#682),#337,.F.);
#6918=ADVANCED_FACE('',(#683),#338,.F.);
#6919=ADVANCED_FACE('',(#684),#339,.F.);
#6920=ADVANCED_FACE('',(#685),#340,.F.);
#6921=ADVANCED_FACE('',(#686),#341,.F.);
#6922=ADVANCED_FACE('',(#687),#342,.F.);
#6923=ADVANCED_FACE('',(#688),#343,.F.);
#6924=ADVANCED_FACE('',(#689),#344,.F.);
#6925=ADVANCED_FACE('',(#690),#345,.F.);
#6926=ADVANCED_FACE('',(#691),#346,.F.);
#6927=ADVANCED_FACE('',(#692),#347,.F.);
#6928=ADVANCED_FACE('',(#693),#348,.F.);
#6929=ADVANCED_FACE('',(#694),#349,.F.);
#6930=ADVANCED_FACE('',(#695),#350,.F.);
#6931=ADVANCED_FACE('',(#696),#351,.F.);
#6932=ADVANCED_FACE('',(#697),#352,.F.);
#6933=ADVANCED_FACE('',(#698),#6589,.F.);
#6934=ADVANCED_FACE('',(#699),#353,.F.);
#6935=ADVANCED_FACE('',(#700),#6590,.T.);
#6936=ADVANCED_FACE('',(#701),#354,.F.);
#6937=ADVANCED_FACE('',(#702),#355,.T.);
#6938=CLOSED_SHELL('',(#6591,#6592,#6593,#6594,#6595,#6596,#6597,#6598,
#6599,#6600,#6601,#6602,#6603,#6604,#6605,#6606,#6607,#6608,#6609,#6610,
#6611,#6612,#6613,#6614,#6615,#6616,#6617,#6618,#6619,#6620,#6621,#6622,
#6623,#6624,#6625,#6626,#6627,#6628,#6629,#6630,#6631,#6632,#6633,#6634,
#6635,#6636,#6637,#6638,#6639,#6640,#6641,#6642,#6643,#6644,#6645,#6646,
#6647,#6648,#6649,#6650,#6651,#6652,#6653,#6654,#6655,#6656,#6657,#6658,
#6659,#6660,#6661,#6662,#6663,#6664,#6665,#6666,#6667,#6668,#6669,#6670,
#6671,#6672,#6673,#6674,#6675,#6676,#6677,#6678,#6679,#6680,#6681,#6682,
#6683,#6684,#6685,#6686,#6687,#6688,#6689,#6690,#6691,#6692,#6693,#6694,
#6695,#6696,#6697,#6698,#6699,#6700,#6701,#6702,#6703,#6704,#6705,#6706,
#6707,#6708,#6709,#6710,#6711,#6712,#6713,#6714,#6715,#6716,#6717,#6718,
#6719,#6720,#6721,#6722,#6723,#6724,#6725,#6726,#6727,#6728,#6729,#6730,
#6731,#6732,#6733,#6734,#6735,#6736,#6737,#6738,#6739,#6740,#6741,#6742,
#6743,#6744,#6745,#6746,#6747,#6748,#6749,#6750,#6751,#6752,#6753,#6754,
#6755,#6756,#6757,#6758,#6759,#6760,#6761,#6762,#6763,#6764,#6765,#6766,
#6767,#6768,#6769,#6770,#6771,#6772,#6773,#6774,#6775,#6776,#6777,#6778,
#6779,#6780,#6781,#6782,#6783,#6784,#6785,#6786,#6787,#6788,#6789,#6790,
#6791,#6792,#6793,#6794,#6795,#6796,#6797,#6798,#6799,#6800,#6801,#6802,
#6803,#6804,#6805,#6806,#6807,#6808,#6809,#6810,#6811,#6812,#6813,#6814,
#6815,#6816,#6817,#6818,#6819,#6820,#6821,#6822,#6823,#6824,#6825,#6826,
#6827,#6828,#6829,#6830,#6831,#6832,#6833,#6834,#6835,#6836,#6837,#6838,
#6839,#6840,#6841,#6842,#6843,#6844,#6845,#6846,#6847,#6848,#6849,#6850,
#6851,#6852,#6853,#6854,#6855,#6856,#6857,#6858,#6859,#6860,#6861,#6862,
#6863,#6864,#6865,#6866,#6867,#6868,#6869,#6870,#6871,#6872,#6873,#6874,
#6875,#6876,#6877,#6878,#6879,#6880,#6881,#6882,#6883,#6884,#6885,#6886,
#6887,#6888,#6889,#6890,#6891,#6892,#6893,#6894,#6895,#6896,#6897,#6898,
#6899,#6900,#6901,#6902,#6903,#6904,#6905,#6906,#6907,#6908,#6909,#6910,
#6911,#6912,#6913,#6914,#6915,#6916,#6917,#6918,#6919,#6920,#6921,#6922,
#6923,#6924,#6925,#6926,#6927,#6928,#6929,#6930,#6931,#6932,#6933,#6934,
#6935,#6936,#6937));
#6939=DERIVED_UNIT_ELEMENT(#6941,1.);
#6940=DERIVED_UNIT_ELEMENT(#11404,-3.);
#6941=(
MASS_UNIT()
NAMED_UNIT(*)
SI_UNIT(.KILO.,.GRAM.)
);
#6942=DERIVED_UNIT((#6939,#6940));
#6943=MEASURE_REPRESENTATION_ITEM('density measure',
POSITIVE_RATIO_MEASURE(7850.),#6942);
#6944=PROPERTY_DEFINITION_REPRESENTATION(#6949,#6946);
#6945=PROPERTY_DEFINITION_REPRESENTATION(#6950,#6947);
#6946=REPRESENTATION('material name',(#6948),#11401);
#6947=REPRESENTATION('density',(#6943),#11401);
#6948=DESCRIPTIVE_REPRESENTATION_ITEM('Stal','Stal');
#6949=PROPERTY_DEFINITION('material property','material name',#11411);
#6950=PROPERTY_DEFINITION('material property','density of part',#11411);
#6951=AXIS2_PLACEMENT_3D('',#9424,#7519,#7520);
#6952=AXIS2_PLACEMENT_3D('',#9425,#7521,#7522);
#6953=AXIS2_PLACEMENT_3D('',#9428,#7523,#7524);
#6954=AXIS2_PLACEMENT_3D('',#9432,#7526,#7527);
#6955=AXIS2_PLACEMENT_3D('',#9434,#7529,#7530);
#6956=AXIS2_PLACEMENT_3D('',#9440,#7534,#7535);
#6957=AXIS2_PLACEMENT_3D('',#9442,#7536,#7537);
#6958=AXIS2_PLACEMENT_3D('',#9446,#7540,#7541);
#6959=AXIS2_PLACEMENT_3D('',#9449,#7542,#7543);
#6960=AXIS2_PLACEMENT_3D('',#9453,#7545,#7546);
#6961=AXIS2_PLACEMENT_3D('',#9455,#7548,#7549);
#6962=AXIS2_PLACEMENT_3D('',#9461,#7553,#7554);
#6963=AXIS2_PLACEMENT_3D('',#9466,#7557,#7558);
#6964=AXIS2_PLACEMENT_3D('',#9467,#7559,#7560);
#6965=AXIS2_PLACEMENT_3D('',#9472,#7562,#7563);
#6966=AXIS2_PLACEMENT_3D('',#9476,#7565,#7566);
#6967=AXIS2_PLACEMENT_3D('',#9480,#7569,#7570);
#6968=AXIS2_PLACEMENT_3D('',#9483,#7571,#7572);
#6969=AXIS2_PLACEMENT_3D('',#9487,#7574,#7575);
#6970=AXIS2_PLACEMENT_3D('',#9489,#7577,#7578);
#6971=AXIS2_PLACEMENT_3D('',#9495,#7582,#7583);
#6972=AXIS2_PLACEMENT_3D('',#9497,#7584,#7585);
#6973=AXIS2_PLACEMENT_3D('',#9501,#7588,#7589);
#6974=AXIS2_PLACEMENT_3D('',#9504,#7590,#7591);
#6975=AXIS2_PLACEMENT_3D('',#9508,#7593,#7594);
#6976=AXIS2_PLACEMENT_3D('',#9510,#7596,#7597);
#6977=AXIS2_PLACEMENT_3D('',#9516,#7601,#7602);
#6978=AXIS2_PLACEMENT_3D('',#9528,#7608,#7609);
#6979=AXIS2_PLACEMENT_3D('',#9531,#7611,#7612);
#6980=AXIS2_PLACEMENT_3D('',#9532,#7613,#7614);
#6981=AXIS2_PLACEMENT_3D('',#9537,#7616,#7617);
#6982=AXIS2_PLACEMENT_3D('',#9541,#7619,#7620);
#6983=AXIS2_PLACEMENT_3D('',#9545,#7622,#7623);
#6984=AXIS2_PLACEMENT_3D('',#9548,#7625,#7626);
#6985=AXIS2_PLACEMENT_3D('',#9549,#7627,#7628);
#6986=AXIS2_PLACEMENT_3D('',#9552,#7629,#7630);
#6987=AXIS2_PLACEMENT_3D('',#9556,#7632,#7633);
#6988=AXIS2_PLACEMENT_3D('',#9558,#7635,#7636);
#6989=AXIS2_PLACEMENT_3D('',#9564,#7640,#7641);
#6990=AXIS2_PLACEMENT_3D('',#9569,#7644,#7645);
#6991=AXIS2_PLACEMENT_3D('',#9570,#7646,#7647);
#6992=AXIS2_PLACEMENT_3D('',#9575,#7649,#7650);
#6993=AXIS2_PLACEMENT_3D('',#9579,#7652,#7653);
#6994=AXIS2_PLACEMENT_3D('',#9583,#7655,#7656);
#6995=AXIS2_PLACEMENT_3D('',#9586,#7658,#7659);
#6996=AXIS2_PLACEMENT_3D('',#9587,#7660,#7661);
#6997=AXIS2_PLACEMENT_3D('',#9590,#7662,#7663);
#6998=AXIS2_PLACEMENT_3D('',#9594,#7665,#7666);
#6999=AXIS2_PLACEMENT_3D('',#9596,#7668,#7669);
#7000=AXIS2_PLACEMENT_3D('',#9598,#7670,#7671);
#7001=AXIS2_PLACEMENT_3D('',#9602,#7673,#7674);
#7002=AXIS2_PLACEMENT_3D('',#9612,#7680,#7681);
#7003=AXIS2_PLACEMENT_3D('',#9615,#7682,#7683);
#7004=AXIS2_PLACEMENT_3D('',#9618,#7686,#7687);
#7005=AXIS2_PLACEMENT_3D('',#9621,#7690,#7691);
#7006=AXIS2_PLACEMENT_3D('',#9631,#7697,#7698);
#7007=AXIS2_PLACEMENT_3D('',#9633,#7699,#7700);
#7008=AXIS2_PLACEMENT_3D('',#9636,#7702,#7703);
#7009=AXIS2_PLACEMENT_3D('',#9637,#7704,#7705);
#7010=AXIS2_PLACEMENT_3D('',#9649,#7711,#7712);
#7011=AXIS2_PLACEMENT_3D('',#9666,#7721,#7722);
#7012=AXIS2_PLACEMENT_3D('',#9671,#7725,#7726);
#7013=AXIS2_PLACEMENT_3D('',#9675,#7729,#7730);
#7014=AXIS2_PLACEMENT_3D('',#9679,#7732,#7733);
#7015=AXIS2_PLACEMENT_3D('',#9681,#7735,#7736);
#7016=AXIS2_PLACEMENT_3D('',#9683,#7738,#7739);
#7017=AXIS2_PLACEMENT_3D('',#9686,#7740,#7741);
#7018=AXIS2_PLACEMENT_3D('',#9689,#7744,#7745);
#7019=AXIS2_PLACEMENT_3D('',#9695,#7750,#7751);
#7020=AXIS2_PLACEMENT_3D('',#9698,#7754,#7755);
#7021=AXIS2_PLACEMENT_3D('',#9705,#7761,#7762);
#7022=AXIS2_PLACEMENT_3D('',#9707,#7764,#7765);
#7023=AXIS2_PLACEMENT_3D('',#9710,#7768,#7769);
#7024=AXIS2_PLACEMENT_3D('',#9711,#7770,#7771);
#7025=AXIS2_PLACEMENT_3D('',#9714,#7774,#7775);
#7026=AXIS2_PLACEMENT_3D('',#9716,#7777,#7778);
#7027=AXIS2_PLACEMENT_3D('',#9719,#7781,#7782);
#7028=AXIS2_PLACEMENT_3D('',#9720,#7783,#7784);
#7029=AXIS2_PLACEMENT_3D('',#9722,#7786,#7787);
#7030=AXIS2_PLACEMENT_3D('',#9723,#7788,#7789);
#7031=AXIS2_PLACEMENT_3D('',#9730,#7794,#7795);
#7032=AXIS2_PLACEMENT_3D('',#9734,#7798,#7799);
#7033=AXIS2_PLACEMENT_3D('',#9737,#7802,#7803);
#7034=AXIS2_PLACEMENT_3D('',#9740,#7806,#7807);
#7035=AXIS2_PLACEMENT_3D('',#9742,#7809,#7810);
#7036=AXIS2_PLACEMENT_3D('',#9749,#7815,#7816);
#7037=AXIS2_PLACEMENT_3D('',#9754,#7820,#7821);
#7038=AXIS2_PLACEMENT_3D('',#9758,#7824,#7825);
#7039=AXIS2_PLACEMENT_3D('',#9764,#7829,#7830);
#7040=AXIS2_PLACEMENT_3D('',#9766,#7832,#7833);
#7041=AXIS2_PLACEMENT_3D('',#9768,#7835,#7836);
#7042=AXIS2_PLACEMENT_3D('',#9770,#7837,#7838);
#7043=AXIS2_PLACEMENT_3D('',#9774,#7840,#7841);
#7044=AXIS2_PLACEMENT_3D('',#9797,#7853,#7854);
#7045=AXIS2_PLACEMENT_3D('',#9801,#7856,#7857);
#7046=AXIS2_PLACEMENT_3D('',#9805,#7859,#7860);
#7047=AXIS2_PLACEMENT_3D('',#9809,#7862,#7863);
#7048=AXIS2_PLACEMENT_3D('',#9813,#7865,#7866);
#7049=AXIS2_PLACEMENT_3D('',#9817,#7868,#7869);
#7050=AXIS2_PLACEMENT_3D('',#9821,#7871,#7872);
#7051=AXIS2_PLACEMENT_3D('',#9825,#7874,#7875);
#7052=AXIS2_PLACEMENT_3D('',#9828,#7877,#7878);
#7053=AXIS2_PLACEMENT_3D('',#9833,#7880,#7881);
#7054=AXIS2_PLACEMENT_3D('',#9836,#7883,#7884);
#7055=AXIS2_PLACEMENT_3D('',#9841,#7886,#7887);
#7056=AXIS2_PLACEMENT_3D('',#9844,#7889,#7890);
#7057=AXIS2_PLACEMENT_3D('',#9846,#7891,#7892);
#7058=AXIS2_PLACEMENT_3D('',#9848,#7893,#7894);
#7059=AXIS2_PLACEMENT_3D('',#9853,#7896,#7897);
#7060=AXIS2_PLACEMENT_3D('',#9856,#7899,#7900);
#7061=AXIS2_PLACEMENT_3D('',#9861,#7902,#7903);
#7062=AXIS2_PLACEMENT_3D('',#9864,#7905,#7906);
#7063=AXIS2_PLACEMENT_3D('',#9866,#7907,#7908);
#7064=AXIS2_PLACEMENT_3D('',#9869,#7909,#7910);
#7065=AXIS2_PLACEMENT_3D('',#9873,#7912,#7913);
#7066=AXIS2_PLACEMENT_3D('',#9879,#7916,#7917);
#7067=AXIS2_PLACEMENT_3D('',#9882,#7919,#7920);
#7068=AXIS2_PLACEMENT_3D('',#9885,#7921,#7922);
#7069=AXIS2_PLACEMENT_3D('',#9889,#7924,#7925);
#7070=AXIS2_PLACEMENT_3D('',#9893,#7927,#7928);
#7071=AXIS2_PLACEMENT_3D('',#9897,#7930,#7931);
#7072=AXIS2_PLACEMENT_3D('',#9901,#7933,#7934);
#7073=AXIS2_PLACEMENT_3D('',#9905,#7936,#7937);
#7074=AXIS2_PLACEMENT_3D('',#9909,#7939,#7940);
#7075=AXIS2_PLACEMENT_3D('',#9913,#7942,#7943);
#7076=AXIS2_PLACEMENT_3D('',#9923,#7949,#7950);
#7077=AXIS2_PLACEMENT_3D('',#9928,#7954,#7955);
#7078=AXIS2_PLACEMENT_3D('',#9931,#7957,#7958);
#7079=AXIS2_PLACEMENT_3D('',#9932,#7959,#7960);
#7080=AXIS2_PLACEMENT_3D('',#9934,#7962,#7963);
#7081=AXIS2_PLACEMENT_3D('',#9935,#7964,#7965);
#7082=AXIS2_PLACEMENT_3D('',#9936,#7966,#7967);
#7083=AXIS2_PLACEMENT_3D('',#9938,#7968,#7969);
#7084=AXIS2_PLACEMENT_3D('',#9940,#7971,#7972);
#7085=AXIS2_PLACEMENT_3D('',#9943,#7974,#7975);
#7086=AXIS2_PLACEMENT_3D('',#9944,#7976,#7977);
#7087=AXIS2_PLACEMENT_3D('',#9948,#7979,#7980);
#7088=AXIS2_PLACEMENT_3D('',#9952,#7982,#7983);
#7089=AXIS2_PLACEMENT_3D('',#9956,#7985,#7986);
#7090=AXIS2_PLACEMENT_3D('',#9960,#7988,#7989);
#7091=AXIS2_PLACEMENT_3D('',#9964,#7991,#7992);
#7092=AXIS2_PLACEMENT_3D('',#9968,#7994,#7995);
#7093=AXIS2_PLACEMENT_3D('',#9972,#7997,#7998);
#7094=AXIS2_PLACEMENT_3D('',#9976,#8000,#8001);
#7095=AXIS2_PLACEMENT_3D('',#9980,#8003,#8004);
#7096=AXIS2_PLACEMENT_3D('',#9984,#8006,#8007);
#7097=AXIS2_PLACEMENT_3D('',#10288,#8159,#8160);
#7098=AXIS2_PLACEMENT_3D('',#10292,#8162,#8163);
#7099=AXIS2_PLACEMENT_3D('',#10296,#8165,#8166);
#7100=AXIS2_PLACEMENT_3D('',#10300,#8168,#8169);
#7101=AXIS2_PLACEMENT_3D('',#10302,#8171,#8172);
#7102=AXIS2_PLACEMENT_3D('',#10304,#8173,#8174);
#7103=AXIS2_PLACEMENT_3D('',#10307,#8176,#8177);
#7104=AXIS2_PLACEMENT_3D('',#10308,#8178,#8179);
#7105=AXIS2_PLACEMENT_3D('',#10310,#8180,#8181);
#7106=AXIS2_PLACEMENT_3D('',#10312,#8183,#8184);
#7107=AXIS2_PLACEMENT_3D('',#10314,#8185,#8186);
#7108=AXIS2_PLACEMENT_3D('',#10316,#8188,#8189);
#7109=AXIS2_PLACEMENT_3D('',#10318,#8191,#8192);
#7110=AXIS2_PLACEMENT_3D('',#10326,#8198,#8199);
#7111=AXIS2_PLACEMENT_3D('',#10343,#8210,#8211);
#7112=AXIS2_PLACEMENT_3D('',#10347,#8213,#8214);
#7113=AXIS2_PLACEMENT_3D('',#10348,#8215,#8216);
#7114=AXIS2_PLACEMENT_3D('',#10349,#8217,#8218);
#7115=AXIS2_PLACEMENT_3D('',#10351,#8219,#8220);
#7116=AXIS2_PLACEMENT_3D('',#10353,#8222,#8223);
#7117=AXIS2_PLACEMENT_3D('',#10355,#8224,#8225);
#7118=AXIS2_PLACEMENT_3D('',#10357,#8227,#8228);
#7119=AXIS2_PLACEMENT_3D('',#10375,#8240,#8241);
#7120=AXIS2_PLACEMENT_3D('',#10382,#8246,#8247);
#7121=AXIS2_PLACEMENT_3D('',#10399,#8258,#8259);
#7122=AXIS2_PLACEMENT_3D('',#10401,#8260,#8261);
#7123=AXIS2_PLACEMENT_3D('',#10404,#8263,#8264);
#7124=AXIS2_PLACEMENT_3D('',#10405,#8265,#8266);
#7125=AXIS2_PLACEMENT_3D('',#10407,#8267,#8268);
#7126=AXIS2_PLACEMENT_3D('',#10409,#8270,#8271);
#7127=AXIS2_PLACEMENT_3D('',#10411,#8272,#8273);
#7128=AXIS2_PLACEMENT_3D('',#10413,#8275,#8276);
#7129=AXIS2_PLACEMENT_3D('',#10415,#8278,#8279);
#7130=AXIS2_PLACEMENT_3D('',#10423,#8285,#8286);
#7131=AXIS2_PLACEMENT_3D('',#10440,#8297,#8298);
#7132=AXIS2_PLACEMENT_3D('',#10442,#8299,#8300);
#7133=AXIS2_PLACEMENT_3D('',#10444,#8301,#8302);
#7134=AXIS2_PLACEMENT_3D('',#10445,#8303,#8304);
#7135=AXIS2_PLACEMENT_3D('',#10446,#8305,#8306);
#7136=AXIS2_PLACEMENT_3D('',#10448,#8307,#8308);
#7137=AXIS2_PLACEMENT_3D('',#10450,#8310,#8311);
#7138=AXIS2_PLACEMENT_3D('',#10452,#8312,#8313);
#7139=AXIS2_PLACEMENT_3D('',#10453,#8314,#8315);
#7140=AXIS2_PLACEMENT_3D('',#10454,#8316,#8317);
#7141=AXIS2_PLACEMENT_3D('',#10456,#8318,#8319);
#7142=AXIS2_PLACEMENT_3D('',#10458,#8321,#8322);
#7143=AXIS2_PLACEMENT_3D('',#10460,#8323,#8324);
#7144=AXIS2_PLACEMENT_3D('',#10461,#8325,#8326);
#7145=AXIS2_PLACEMENT_3D('',#10462,#8327,#8328);
#7146=AXIS2_PLACEMENT_3D('',#10464,#8329,#8330);
#7147=AXIS2_PLACEMENT_3D('',#10466,#8332,#8333);
#7148=AXIS2_PLACEMENT_3D('',#10468,#8334,#8335);
#7149=AXIS2_PLACEMENT_3D('',#10469,#8336,#8337);
#7150=AXIS2_PLACEMENT_3D('',#10470,#8338,#8339);
#7151=AXIS2_PLACEMENT_3D('',#10472,#8341,#8342);
#7152=AXIS2_PLACEMENT_3D('',#10478,#8346,#8347);
#7153=AXIS2_PLACEMENT_3D('',#10481,#8349,#8350);
#7154=AXIS2_PLACEMENT_3D('',#10482,#8351,#8352);
#7155=AXIS2_PLACEMENT_3D('',#10486,#8355,#8356);
#7156=AXIS2_PLACEMENT_3D('',#10489,#8358,#8359);
#7157=AXIS2_PLACEMENT_3D('',#10490,#8360,#8361);
#7158=AXIS2_PLACEMENT_3D('',#10492,#8362,#8363);
#7159=AXIS2_PLACEMENT_3D('',#10494,#8364,#8365);
#7160=AXIS2_PLACEMENT_3D('',#10495,#8366,#8367);
#7161=AXIS2_PLACEMENT_3D('',#10496,#8368,#8369);
#7162=AXIS2_PLACEMENT_3D('',#10497,#8370,#8371);
#7163=AXIS2_PLACEMENT_3D('',#10499,#8373,#8374);
#7164=AXIS2_PLACEMENT_3D('',#10500,#8375,#8376);
#7165=AXIS2_PLACEMENT_3D('',#10501,#8377,#8378);
#7166=AXIS2_PLACEMENT_3D('',#10502,#8379,#8380);
#7167=AXIS2_PLACEMENT_3D('',#10503,#8381,#8382);
#7168=AXIS2_PLACEMENT_3D('',#10504,#8383,#8384);
#7169=AXIS2_PLACEMENT_3D('',#10505,#8385,#8386);
#7170=AXIS2_PLACEMENT_3D('',#10506,#8387,#8388);
#7171=AXIS2_PLACEMENT_3D('',#10507,#8389,#8390);
#7172=AXIS2_PLACEMENT_3D('',#10509,#8391,#8392);
#7173=AXIS2_PLACEMENT_3D('',#10510,#8393,#8394);
#7174=AXIS2_PLACEMENT_3D('',#10511,#8395,#8396);
#7175=AXIS2_PLACEMENT_3D('',#10513,#8398,#8399);
#7176=AXIS2_PLACEMENT_3D('',#10515,#8401,#8402);
#7177=AXIS2_PLACEMENT_3D('',#10517,#8404,#8405);
#7178=AXIS2_PLACEMENT_3D('',#10519,#8407,#8408);
#7179=AXIS2_PLACEMENT_3D('',#10521,#8409,#8410);
#7180=AXIS2_PLACEMENT_3D('',#10523,#8411,#8412);
#7181=AXIS2_PLACEMENT_3D('',#10524,#8413,#8414);
#7182=AXIS2_PLACEMENT_3D('',#10525,#8415,#8416);
#7183=AXIS2_PLACEMENT_3D('',#10527,#8417,#8418);
#7184=AXIS2_PLACEMENT_3D('',#10529,#8420,#8421);
#7185=AXIS2_PLACEMENT_3D('',#10531,#8422,#8423);
#7186=AXIS2_PLACEMENT_3D('',#10532,#8424,#8425);
#7187=AXIS2_PLACEMENT_3D('',#10533,#8426,#8427);
#7188=AXIS2_PLACEMENT_3D('',#10535,#8428,#8429);
#7189=AXIS2_PLACEMENT_3D('',#10537,#8431,#8432);
#7190=AXIS2_PLACEMENT_3D('',#10539,#8433,#8434);
#7191=AXIS2_PLACEMENT_3D('',#10540,#8435,#8436);
#7192=AXIS2_PLACEMENT_3D('',#10541,#8437,#8438);
#7193=AXIS2_PLACEMENT_3D('',#10543,#8439,#8440);
#7194=AXIS2_PLACEMENT_3D('',#10545,#8442,#8443);
#7195=AXIS2_PLACEMENT_3D('',#10547,#8444,#8445);
#7196=AXIS2_PLACEMENT_3D('',#10548,#8446,#8447);
#7197=AXIS2_PLACEMENT_3D('',#10549,#8448,#8449);
#7198=AXIS2_PLACEMENT_3D('',#10551,#8451,#8452);
#7199=AXIS2_PLACEMENT_3D('',#10557,#8456,#8457);
#7200=AXIS2_PLACEMENT_3D('',#10560,#8459,#8460);
#7201=AXIS2_PLACEMENT_3D('',#10561,#8461,#8462);
#7202=AXIS2_PLACEMENT_3D('',#10565,#8465,#8466);
#7203=AXIS2_PLACEMENT_3D('',#10568,#8468,#8469);
#7204=AXIS2_PLACEMENT_3D('',#10569,#8470,#8471);
#7205=AXIS2_PLACEMENT_3D('',#10570,#8472,#8473);
#7206=AXIS2_PLACEMENT_3D('',#10571,#8474,#8475);
#7207=AXIS2_PLACEMENT_3D('',#10572,#8476,#8477);
#7208=AXIS2_PLACEMENT_3D('',#10573,#8478,#8479);
#7209=AXIS2_PLACEMENT_3D('',#10574,#8480,#8481);
#7210=AXIS2_PLACEMENT_3D('',#10576,#8482,#8483);
#7211=AXIS2_PLACEMENT_3D('',#10577,#8484,#8485);
#7212=AXIS2_PLACEMENT_3D('',#10578,#8486,#8487);
#7213=AXIS2_PLACEMENT_3D('',#10580,#8488,#8489);
#7214=AXIS2_PLACEMENT_3D('',#10582,#8491,#8492);
#7215=AXIS2_PLACEMENT_3D('',#10584,#8493,#8494);
#7216=AXIS2_PLACEMENT_3D('',#10585,#8495,#8496);
#7217=AXIS2_PLACEMENT_3D('',#10586,#8497,#8498);
#7218=AXIS2_PLACEMENT_3D('',#10587,#8499,#8500);
#7219=AXIS2_PLACEMENT_3D('',#10589,#8502,#8503);
#7220=AXIS2_PLACEMENT_3D('',#10590,#8504,#8505);
#7221=AXIS2_PLACEMENT_3D('',#10591,#8506,#8507);
#7222=AXIS2_PLACEMENT_3D('',#10592,#8508,#8509);
#7223=AXIS2_PLACEMENT_3D('',#10594,#8511,#8512);
#7224=AXIS2_PLACEMENT_3D('',#10596,#8513,#8514);
#7225=AXIS2_PLACEMENT_3D('',#10598,#8515,#8516);
#7226=AXIS2_PLACEMENT_3D('',#10599,#8517,#8518);
#7227=AXIS2_PLACEMENT_3D('',#10600,#8519,#8520);
#7228=AXIS2_PLACEMENT_3D('',#10602,#8521,#8522);
#7229=AXIS2_PLACEMENT_3D('',#10604,#8524,#8525);
#7230=AXIS2_PLACEMENT_3D('',#10606,#8526,#8527);
#7231=AXIS2_PLACEMENT_3D('',#10607,#8528,#8529);
#7232=AXIS2_PLACEMENT_3D('',#10608,#8530,#8531);
#7233=AXIS2_PLACEMENT_3D('',#10610,#8532,#8533);
#7234=AXIS2_PLACEMENT_3D('',#10612,#8535,#8536);
#7235=AXIS2_PLACEMENT_3D('',#10614,#8537,#8538);
#7236=AXIS2_PLACEMENT_3D('',#10615,#8539,#8540);
#7237=AXIS2_PLACEMENT_3D('',#10616,#8541,#8542);
#7238=AXIS2_PLACEMENT_3D('',#10618,#8543,#8544);
#7239=AXIS2_PLACEMENT_3D('',#10620,#8546,#8547);
#7240=AXIS2_PLACEMENT_3D('',#10622,#8548,#8549);
#7241=AXIS2_PLACEMENT_3D('',#10623,#8550,#8551);
#7242=AXIS2_PLACEMENT_3D('',#10624,#8552,#8553);
#7243=AXIS2_PLACEMENT_3D('',#10626,#8555,#8556);
#7244=AXIS2_PLACEMENT_3D('',#10632,#8560,#8561);
#7245=AXIS2_PLACEMENT_3D('',#10635,#8563,#8564);
#7246=AXIS2_PLACEMENT_3D('',#10636,#8565,#8566);
#7247=AXIS2_PLACEMENT_3D('',#10640,#8569,#8570);
#7248=AXIS2_PLACEMENT_3D('',#10643,#8572,#8573);
#7249=AXIS2_PLACEMENT_3D('',#10644,#8574,#8575);
#7250=AXIS2_PLACEMENT_3D('',#10646,#8576,#8577);
#7251=AXIS2_PLACEMENT_3D('',#10648,#8578,#8579);
#7252=AXIS2_PLACEMENT_3D('',#10649,#8580,#8581);
#7253=AXIS2_PLACEMENT_3D('',#10650,#8582,#8583);
#7254=AXIS2_PLACEMENT_3D('',#10651,#8584,#8585);
#7255=AXIS2_PLACEMENT_3D('',#10653,#8587,#8588);
#7256=AXIS2_PLACEMENT_3D('',#10654,#8589,#8590);
#7257=AXIS2_PLACEMENT_3D('',#10655,#8591,#8592);
#7258=AXIS2_PLACEMENT_3D('',#10656,#8593,#8594);
#7259=AXIS2_PLACEMENT_3D('',#10657,#8595,#8596);
#7260=AXIS2_PLACEMENT_3D('',#10658,#8597,#8598);
#7261=AXIS2_PLACEMENT_3D('',#10659,#8599,#8600);
#7262=AXIS2_PLACEMENT_3D('',#10660,#8601,#8602);
#7263=AXIS2_PLACEMENT_3D('',#10661,#8603,#8604);
#7264=AXIS2_PLACEMENT_3D('',#10663,#8605,#8606);
#7265=AXIS2_PLACEMENT_3D('',#10664,#8607,#8608);
#7266=AXIS2_PLACEMENT_3D('',#10665,#8609,#8610);
#7267=AXIS2_PLACEMENT_3D('',#10667,#8612,#8613);
#7268=AXIS2_PLACEMENT_3D('',#10669,#8615,#8616);
#7269=AXIS2_PLACEMENT_3D('',#10671,#8618,#8619);
#7270=AXIS2_PLACEMENT_3D('',#10673,#8621,#8622);
#7271=AXIS2_PLACEMENT_3D('',#10675,#8624,#8625);
#7272=AXIS2_PLACEMENT_3D('',#10677,#8627,#8628);
#7273=AXIS2_PLACEMENT_3D('',#10678,#8629,#8630);
#7274=AXIS2_PLACEMENT_3D('',#10679,#8631,#8632);
#7275=AXIS2_PLACEMENT_3D('',#10680,#8633,#8634);
#7276=AXIS2_PLACEMENT_3D('',#10761,#8677,#8678);
#7277=AXIS2_PLACEMENT_3D('',#10833,#8718,#8719);
#7278=AXIS2_PLACEMENT_3D('',#10914,#8762,#8763);
#7279=AXIS2_PLACEMENT_3D('',#10917,#8766,#8767);
#7280=AXIS2_PLACEMENT_3D('',#10919,#8769,#8770);
#7281=AXIS2_PLACEMENT_3D('',#10921,#8772,#8773);
#7282=AXIS2_PLACEMENT_3D('',#10924,#8776,#8777);
#7283=AXIS2_PLACEMENT_3D('',#10926,#8779,#8780);
#7284=AXIS2_PLACEMENT_3D('',#10928,#8782,#8783);
#7285=AXIS2_PLACEMENT_3D('',#10931,#8786,#8787);
#7286=AXIS2_PLACEMENT_3D('',#10933,#8789,#8790);
#7287=AXIS2_PLACEMENT_3D('',#10935,#8792,#8793);
#7288=AXIS2_PLACEMENT_3D('',#10937,#8795,#8796);
#7289=AXIS2_PLACEMENT_3D('',#10939,#8798,#8799);
#7290=AXIS2_PLACEMENT_3D('',#10940,#8800,#8801);
#7291=AXIS2_PLACEMENT_3D('',#10942,#8803,#8804);
#7292=AXIS2_PLACEMENT_3D('',#10943,#8805,#8806);
#7293=AXIS2_PLACEMENT_3D('',#10945,#8808,#8809);
#7294=AXIS2_PLACEMENT_3D('',#10947,#8811,#8812);
#7295=AXIS2_PLACEMENT_3D('',#10950,#8815,#8816);
#7296=AXIS2_PLACEMENT_3D('',#10952,#8818,#8819);
#7297=AXIS2_PLACEMENT_3D('',#10954,#8821,#8822);
#7298=AXIS2_PLACEMENT_3D('',#10957,#8825,#8826);
#7299=AXIS2_PLACEMENT_3D('',#10959,#8828,#8829);
#7300=AXIS2_PLACEMENT_3D('',#10961,#8831,#8832);
#7301=AXIS2_PLACEMENT_3D('',#10964,#8835,#8836);
#7302=AXIS2_PLACEMENT_3D('',#10966,#8838,#8839);
#7303=AXIS2_PLACEMENT_3D('',#10968,#8841,#8842);
#7304=AXIS2_PLACEMENT_3D('',#10971,#8845,#8846);
#7305=AXIS2_PLACEMENT_3D('',#10973,#8848,#8849);
#7306=AXIS2_PLACEMENT_3D('',#10975,#8851,#8852);
#7307=AXIS2_PLACEMENT_3D('',#10977,#8854,#8855);
#7308=AXIS2_PLACEMENT_3D('',#10979,#8857,#8858);
#7309=AXIS2_PLACEMENT_3D('',#10980,#8859,#8860);
#7310=AXIS2_PLACEMENT_3D('',#10982,#8862,#8863);
#7311=AXIS2_PLACEMENT_3D('',#10984,#8865,#8866);
#7312=AXIS2_PLACEMENT_3D('',#10987,#8869,#8870);
#7313=AXIS2_PLACEMENT_3D('',#10988,#8871,#8872);
#7314=AXIS2_PLACEMENT_3D('',#10990,#8874,#8875);
#7315=AXIS2_PLACEMENT_3D('',#10992,#8877,#8878);
#7316=AXIS2_PLACEMENT_3D('',#10993,#8879,#8880);
#7317=AXIS2_PLACEMENT_3D('',#10996,#8883,#8884);
#7318=AXIS2_PLACEMENT_3D('',#10998,#8886,#8887);
#7319=AXIS2_PLACEMENT_3D('',#11000,#8889,#8890);
#7320=AXIS2_PLACEMENT_3D('',#11003,#8893,#8894);
#7321=AXIS2_PLACEMENT_3D('',#11005,#8896,#8897);
#7322=AXIS2_PLACEMENT_3D('',#11007,#8899,#8900);
#7323=AXIS2_PLACEMENT_3D('',#11010,#8903,#8904);
#7324=AXIS2_PLACEMENT_3D('',#11012,#8906,#8907);
#7325=AXIS2_PLACEMENT_3D('',#11014,#8909,#8910);
#7326=AXIS2_PLACEMENT_3D('',#11017,#8913,#8914);
#7327=AXIS2_PLACEMENT_3D('',#11019,#8916,#8917);
#7328=AXIS2_PLACEMENT_3D('',#11021,#8919,#8920);
#7329=AXIS2_PLACEMENT_3D('',#11024,#8923,#8924);
#7330=AXIS2_PLACEMENT_3D('',#11026,#8926,#8927);
#7331=AXIS2_PLACEMENT_3D('',#11029,#8930,#8931);
#7332=AXIS2_PLACEMENT_3D('',#11030,#8932,#8933);
#7333=AXIS2_PLACEMENT_3D('',#11032,#8935,#8936);
#7334=AXIS2_PLACEMENT_3D('',#11034,#8938,#8939);
#7335=AXIS2_PLACEMENT_3D('',#11035,#8940,#8941);
#7336=AXIS2_PLACEMENT_3D('',#11037,#8942,#8943);
#7337=AXIS2_PLACEMENT_3D('',#11039,#8945,#8946);
#7338=AXIS2_PLACEMENT_3D('',#11041,#8947,#8948);
#7339=AXIS2_PLACEMENT_3D('',#11042,#8949,#8950);
#7340=AXIS2_PLACEMENT_3D('',#11045,#8951,#8952);
#7341=AXIS2_PLACEMENT_3D('',#11047,#8953,#8954);
#7342=AXIS2_PLACEMENT_3D('',#11051,#8956,#8957);
#7343=AXIS2_PLACEMENT_3D('',#11053,#8959,#8960);
#7344=AXIS2_PLACEMENT_3D('',#11055,#8961,#8962);
#7345=AXIS2_PLACEMENT_3D('',#11058,#8964,#8965);
#7346=AXIS2_PLACEMENT_3D('',#11059,#8966,#8967);
#7347=AXIS2_PLACEMENT_3D('',#11063,#8969,#8970);
#7348=AXIS2_PLACEMENT_3D('',#11065,#8972,#8973);
#7349=AXIS2_PLACEMENT_3D('',#11069,#8976,#8977);
#7350=AXIS2_PLACEMENT_3D('',#11071,#8978,#8979);
#7351=AXIS2_PLACEMENT_3D('',#11073,#8981,#8982);
#7352=AXIS2_PLACEMENT_3D('',#11075,#8984,#8985);
#7353=AXIS2_PLACEMENT_3D('',#11076,#8986,#8987);
#7354=AXIS2_PLACEMENT_3D('',#11077,#8988,#8989);
#7355=AXIS2_PLACEMENT_3D('',#11079,#8990,#8991);
#7356=AXIS2_PLACEMENT_3D('',#11082,#8993,#8994);
#7357=AXIS2_PLACEMENT_3D('',#11083,#8995,#8996);
#7358=AXIS2_PLACEMENT_3D('',#11089,#9000,#9001);
#7359=AXIS2_PLACEMENT_3D('',#11091,#9002,#9003);
#7360=AXIS2_PLACEMENT_3D('',#11093,#9005,#9006);
#7361=AXIS2_PLACEMENT_3D('',#11097,#9009,#9010);
#7362=AXIS2_PLACEMENT_3D('',#11098,#9011,#9012);
#7363=AXIS2_PLACEMENT_3D('',#11099,#9013,#9014);
#7364=AXIS2_PLACEMENT_3D('',#11100,#9015,#9016);
#7365=AXIS2_PLACEMENT_3D('',#11101,#9017,#9018);
#7366=AXIS2_PLACEMENT_3D('',#11103,#9019,#9020);
#7367=AXIS2_PLACEMENT_3D('',#11106,#9022,#9023);
#7368=AXIS2_PLACEMENT_3D('',#11107,#9024,#9025);
#7369=AXIS2_PLACEMENT_3D('',#11111,#9027,#9028);
#7370=AXIS2_PLACEMENT_3D('',#11113,#9030,#9031);
#7371=AXIS2_PLACEMENT_3D('',#11117,#9034,#9035);
#7372=AXIS2_PLACEMENT_3D('',#11119,#9036,#9037);
#7373=AXIS2_PLACEMENT_3D('',#11121,#9039,#9040);
#7374=AXIS2_PLACEMENT_3D('',#11123,#9042,#9043);
#7375=AXIS2_PLACEMENT_3D('',#11124,#9044,#9045);
#7376=AXIS2_PLACEMENT_3D('',#11125,#9046,#9047);
#7377=AXIS2_PLACEMENT_3D('',#11127,#9048,#9049);
#7378=AXIS2_PLACEMENT_3D('',#11130,#9051,#9052);
#7379=AXIS2_PLACEMENT_3D('',#11131,#9053,#9054);
#7380=AXIS2_PLACEMENT_3D('',#11137,#9058,#9059);
#7381=AXIS2_PLACEMENT_3D('',#11139,#9060,#9061);
#7382=AXIS2_PLACEMENT_3D('',#11141,#9063,#9064);
#7383=AXIS2_PLACEMENT_3D('',#11145,#9067,#9068);
#7384=AXIS2_PLACEMENT_3D('',#11146,#9069,#9070);
#7385=AXIS2_PLACEMENT_3D('',#11147,#9071,#9072);
#7386=AXIS2_PLACEMENT_3D('',#11148,#9073,#9074);
#7387=AXIS2_PLACEMENT_3D('',#11149,#9075,#9076);
#7388=AXIS2_PLACEMENT_3D('',#11151,#9077,#9078);
#7389=AXIS2_PLACEMENT_3D('',#11154,#9080,#9081);
#7390=AXIS2_PLACEMENT_3D('',#11155,#9082,#9083);
#7391=AXIS2_PLACEMENT_3D('',#11161,#9087,#9088);
#7392=AXIS2_PLACEMENT_3D('',#11163,#9089,#9090);
#7393=AXIS2_PLACEMENT_3D('',#11165,#9092,#9093);
#7394=AXIS2_PLACEMENT_3D('',#11169,#9096,#9097);
#7395=AXIS2_PLACEMENT_3D('',#11170,#9098,#9099);
#7396=AXIS2_PLACEMENT_3D('',#11171,#9100,#9101);
#7397=AXIS2_PLACEMENT_3D('',#11172,#9102,#9103);
#7398=AXIS2_PLACEMENT_3D('',#11173,#9104,#9105);
#7399=AXIS2_PLACEMENT_3D('',#11175,#9106,#9107);
#7400=AXIS2_PLACEMENT_3D('',#11178,#9109,#9110);
#7401=AXIS2_PLACEMENT_3D('',#11179,#9111,#9112);
#7402=AXIS2_PLACEMENT_3D('',#11181,#9113,#9114);
#7403=AXIS2_PLACEMENT_3D('',#11183,#9116,#9117);
#7404=AXIS2_PLACEMENT_3D('',#11184,#9118,#9119);
#7405=AXIS2_PLACEMENT_3D('',#11185,#9120,#9121);
#7406=AXIS2_PLACEMENT_3D('',#11187,#9122,#9123);
#7407=AXIS2_PLACEMENT_3D('',#11190,#9125,#9126);
#7408=AXIS2_PLACEMENT_3D('',#11191,#9127,#9128);
#7409=AXIS2_PLACEMENT_3D('',#11195,#9130,#9131);
#7410=AXIS2_PLACEMENT_3D('',#11197,#9133,#9134);
#7411=AXIS2_PLACEMENT_3D('',#11201,#9137,#9138);
#7412=AXIS2_PLACEMENT_3D('',#11203,#9139,#9140);
#7413=AXIS2_PLACEMENT_3D('',#11205,#9142,#9143);
#7414=AXIS2_PLACEMENT_3D('',#11207,#9145,#9146);
#7415=AXIS2_PLACEMENT_3D('',#11208,#9147,#9148);
#7416=AXIS2_PLACEMENT_3D('',#11209,#9149,#9150);
#7417=AXIS2_PLACEMENT_3D('',#11211,#9151,#9152);
#7418=AXIS2_PLACEMENT_3D('',#11214,#9154,#9155);
#7419=AXIS2_PLACEMENT_3D('',#11215,#9156,#9157);
#7420=AXIS2_PLACEMENT_3D('',#11217,#9158,#9159);
#7421=AXIS2_PLACEMENT_3D('',#11219,#9161,#9162);
#7422=AXIS2_PLACEMENT_3D('',#11220,#9163,#9164);
#7423=AXIS2_PLACEMENT_3D('',#11221,#9165,#9166);
#7424=AXIS2_PLACEMENT_3D('',#11223,#9167,#9168);
#7425=AXIS2_PLACEMENT_3D('',#11226,#9170,#9171);
#7426=AXIS2_PLACEMENT_3D('',#11227,#9172,#9173);
#7427=AXIS2_PLACEMENT_3D('',#11229,#9174,#9175);
#7428=AXIS2_PLACEMENT_3D('',#11231,#9177,#9178);
#7429=AXIS2_PLACEMENT_3D('',#11232,#9179,#9180);
#7430=AXIS2_PLACEMENT_3D('',#11233,#9181,#9182);
#7431=AXIS2_PLACEMENT_3D('',#11235,#9183,#9184);
#7432=AXIS2_PLACEMENT_3D('',#11238,#9186,#9187);
#7433=AXIS2_PLACEMENT_3D('',#11239,#9188,#9189);
#7434=AXIS2_PLACEMENT_3D('',#11245,#9193,#9194);
#7435=AXIS2_PLACEMENT_3D('',#11247,#9195,#9196);
#7436=AXIS2_PLACEMENT_3D('',#11249,#9198,#9199);
#7437=AXIS2_PLACEMENT_3D('',#11253,#9202,#9203);
#7438=AXIS2_PLACEMENT_3D('',#11254,#9204,#9205);
#7439=AXIS2_PLACEMENT_3D('',#11255,#9206,#9207);
#7440=AXIS2_PLACEMENT_3D('',#11256,#9208,#9209);
#7441=AXIS2_PLACEMENT_3D('',#11257,#9210,#9211);
#7442=AXIS2_PLACEMENT_3D('',#11259,#9212,#9213);
#7443=AXIS2_PLACEMENT_3D('',#11262,#9215,#9216);
#7444=AXIS2_PLACEMENT_3D('',#11263,#9217,#9218);
#7445=AXIS2_PLACEMENT_3D('',#11269,#9222,#9223);
#7446=AXIS2_PLACEMENT_3D('',#11271,#9224,#9225);
#7447=AXIS2_PLACEMENT_3D('',#11273,#9227,#9228);
#7448=AXIS2_PLACEMENT_3D('',#11277,#9231,#9232);
#7449=AXIS2_PLACEMENT_3D('',#11278,#9233,#9234);
#7450=AXIS2_PLACEMENT_3D('',#11279,#9235,#9236);
#7451=AXIS2_PLACEMENT_3D('',#11280,#9237,#9238);
#7452=AXIS2_PLACEMENT_3D('',#11281,#9239,#9240);
#7453=AXIS2_PLACEMENT_3D('',#11283,#9242,#9243);
#7454=AXIS2_PLACEMENT_3D('',#11285,#9245,#9246);
#7455=AXIS2_PLACEMENT_3D('',#11287,#9248,#9249);
#7456=AXIS2_PLACEMENT_3D('',#11289,#9251,#9252);
#7457=AXIS2_PLACEMENT_3D('',#11290,#9253,#9254);
#7458=AXIS2_PLACEMENT_3D('',#11295,#9259,#9260);
#7459=AXIS2_PLACEMENT_3D('',#11298,#9263,#9264);
#7460=AXIS2_PLACEMENT_3D('',#11299,#9265,#9266);
#7461=AXIS2_PLACEMENT_3D('',#11300,#9267,#9268);
#7462=AXIS2_PLACEMENT_3D('',#11302,#9270,#9271);
#7463=AXIS2_PLACEMENT_3D('',#11304,#9273,#9274);
#7464=AXIS2_PLACEMENT_3D('',#11305,#9275,#9276);
#7465=AXIS2_PLACEMENT_3D('',#11307,#9278,#9279);
#7466=AXIS2_PLACEMENT_3D('',#11309,#9281,#9282);
#7467=AXIS2_PLACEMENT_3D('',#11310,#9283,#9284);
#7468=AXIS2_PLACEMENT_3D('',#11311,#9285,#9286);
#7469=AXIS2_PLACEMENT_3D('',#11313,#9288,#9289);
#7470=AXIS2_PLACEMENT_3D('',#11315,#9291,#9292);
#7471=AXIS2_PLACEMENT_3D('',#11316,#9293,#9294);
#7472=AXIS2_PLACEMENT_3D('',#11319,#9297,#9298);
#7473=AXIS2_PLACEMENT_3D('',#11320,#9299,#9300);
#7474=AXIS2_PLACEMENT_3D('',#11321,#9301,#9302);
#7475=AXIS2_PLACEMENT_3D('',#11323,#9304,#9305);
#7476=AXIS2_PLACEMENT_3D('',#11325,#9307,#9308);
#7477=AXIS2_PLACEMENT_3D('',#11327,#9310,#9311);
#7478=AXIS2_PLACEMENT_3D('',#11329,#9313,#9314);
#7479=AXIS2_PLACEMENT_3D('',#11330,#9315,#9316);
#7480=AXIS2_PLACEMENT_3D('',#11334,#9320,#9321);
#7481=AXIS2_PLACEMENT_3D('',#11336,#9323,#9324);
#7482=AXIS2_PLACEMENT_3D('',#11338,#9326,#9327);
#7483=AXIS2_PLACEMENT_3D('',#11339,#9328,#9329);
#7484=AXIS2_PLACEMENT_3D('',#11342,#9332,#9333);
#7485=AXIS2_PLACEMENT_3D('',#11343,#9334,#9335);
#7486=AXIS2_PLACEMENT_3D('',#11344,#9336,#9337);
#7487=AXIS2_PLACEMENT_3D('',#11346,#9339,#9340);
#7488=AXIS2_PLACEMENT_3D('',#11348,#9342,#9343);
#7489=AXIS2_PLACEMENT_3D('',#11349,#9344,#9345);
#7490=AXIS2_PLACEMENT_3D('',#11350,#9346,#9347);
#7491=AXIS2_PLACEMENT_3D('',#11352,#9349,#9350);
#7492=AXIS2_PLACEMENT_3D('',#11354,#9352,#9353);
#7493=AXIS2_PLACEMENT_3D('',#11355,#9354,#9355);
#7494=AXIS2_PLACEMENT_3D('',#11357,#9357,#9358);
#7495=AXIS2_PLACEMENT_3D('',#11359,#9360,#9361);
#7496=AXIS2_PLACEMENT_3D('',#11360,#9362,#9363);
#7497=AXIS2_PLACEMENT_3D('',#11362,#9365,#9366);
#7498=AXIS2_PLACEMENT_3D('',#11363,#9367,#9368);
#7499=AXIS2_PLACEMENT_3D('',#11365,#9370,#9371);
#7500=AXIS2_PLACEMENT_3D('',#11367,#9373,#9374);
#7501=AXIS2_PLACEMENT_3D('',#11368,#9375,#9376);
#7502=AXIS2_PLACEMENT_3D('',#11370,#9378,#9379);
#7503=AXIS2_PLACEMENT_3D('',#11371,#9380,#9381);
#7504=AXIS2_PLACEMENT_3D('',#11373,#9383,#9384);
#7505=AXIS2_PLACEMENT_3D('',#11375,#9386,#9387);
#7506=AXIS2_PLACEMENT_3D('',#11376,#9388,#9389);
#7507=AXIS2_PLACEMENT_3D('',#11378,#9391,#9392);
#7508=AXIS2_PLACEMENT_3D('',#11380,#9394,#9395);
#7509=AXIS2_PLACEMENT_3D('',#11381,#9396,#9397);
#7510=AXIS2_PLACEMENT_3D('',#11383,#9399,#9400);
#7511=AXIS2_PLACEMENT_3D('',#11384,#9401,#9402);
#7512=AXIS2_PLACEMENT_3D('',#11386,#9404,#9405);
#7513=AXIS2_PLACEMENT_3D('',#11388,#9407,#9408);
#7514=AXIS2_PLACEMENT_3D('',#11389,#9409,#9410);
#7515=AXIS2_PLACEMENT_3D('',#11393,#9414,#9415);
#7516=AXIS2_PLACEMENT_3D('',#11395,#9417,#9418);
#7517=AXIS2_PLACEMENT_3D('',#11397,#9420,#9421);
#7518=AXIS2_PLACEMENT_3D('',#11398,#9422,#9423);
#7519=DIRECTION('axis',(0.,0.,1.));
#7520=DIRECTION('refdir',(1.,0.,0.));
#7521=DIRECTION('center_axis',(0.,0.,1.));
#7522=DIRECTION('ref_axis',(0.707106781186548,-0.707106781186547,0.));
#7523=DIRECTION('center_axis',(0.,0.,1.));
#7524=DIRECTION('ref_axis',(0.707106781186548,-0.707106781186547,0.));
#7525=DIRECTION('',(0.,0.,-1.));
#7526=DIRECTION('center_axis',(0.,0.,-1.));
#7527=DIRECTION('ref_axis',(0.707106781186548,-0.707106781186547,0.));
#7528=DIRECTION('',(0.,0.,1.));
#7529=DIRECTION('center_axis',(1.,0.,0.));
#7530=DIRECTION('ref_axis',(0.,0.,1.));
#7531=DIRECTION('',(0.,-1.,0.));
#7532=DIRECTION('',(0.,0.,1.));
#7533=DIRECTION('',(0.,-1.,0.));
#7534=DIRECTION('center_axis',(0.,-1.,0.));
#7535=DIRECTION('ref_axis',(0.,0.,-1.));
#7536=DIRECTION('center_axis',(0.,1.,0.));
#7537=DIRECTION('ref_axis',(-0.707106781186548,0.,-0.707106781186548));
#7538=DIRECTION('',(0.,0.,-1.));
#7539=DIRECTION('',(-1.,0.,0.));
#7540=DIRECTION('center_axis',(0.,0.,-1.));
#7541=DIRECTION('ref_axis',(0.707106781186548,0.707106781186547,0.));
#7542=DIRECTION('center_axis',(0.,0.,1.));
#7543=DIRECTION('ref_axis',(0.707106781186548,0.707106781186547,0.));
#7544=DIRECTION('',(0.,0.,-1.));
#7545=DIRECTION('center_axis',(0.,0.,-1.));
#7546=DIRECTION('ref_axis',(0.707106781186548,0.707106781186547,0.));
#7547=DIRECTION('',(0.,0.,1.));
#7548=DIRECTION('center_axis',(1.,0.,0.));
#7549=DIRECTION('ref_axis',(0.,0.,-1.));
#7550=DIRECTION('',(0.,1.,0.));
#7551=DIRECTION('',(0.,0.,1.));
#7552=DIRECTION('',(0.,-1.,0.));
#7553=DIRECTION('center_axis',(0.,1.,0.));
#7554=DIRECTION('ref_axis',(0.,0.,1.));
#7555=DIRECTION('',(1.,0.,0.));
#7556=DIRECTION('',(0.,0.,1.));
#7557=DIRECTION('center_axis',(0.,-1.,0.));
#7558=DIRECTION('ref_axis',(-0.707106781186548,0.,-0.707106781186548));
#7559=DIRECTION('center_axis',(0.,1.,0.));
#7560=DIRECTION('ref_axis',(0.,0.,1.));
#7561=DIRECTION('',(-1.,0.,0.));
#7562=DIRECTION('center_axis',(0.,-1.,0.));
#7563=DIRECTION('ref_axis',(0.707106781186546,0.,-0.707106781186549));
#7564=DIRECTION('',(0.,0.,1.));
#7565=DIRECTION('center_axis',(0.,-1.,0.));
#7566=DIRECTION('ref_axis',(0.707106781186548,0.,0.707106781186548));
#7567=DIRECTION('',(1.,0.,0.));
#7568=DIRECTION('',(0.,0.,1.));
#7569=DIRECTION('center_axis',(0.,0.,1.));
#7570=DIRECTION('ref_axis',(-0.707106781186548,0.707106781186547,0.));
#7571=DIRECTION('center_axis',(0.,0.,1.));
#7572=DIRECTION('ref_axis',(-0.707106781186548,0.707106781186547,0.));
#7573=DIRECTION('',(0.,0.,-1.));
#7574=DIRECTION('center_axis',(0.,0.,-1.));
#7575=DIRECTION('ref_axis',(-0.707106781186548,0.707106781186547,0.));
#7576=DIRECTION('',(0.,0.,1.));
#7577=DIRECTION('center_axis',(-1.,0.,0.));
#7578=DIRECTION('ref_axis',(0.,0.,1.));
#7579=DIRECTION('',(0.,1.,0.));
#7580=DIRECTION('',(0.,0.,-1.));
#7581=DIRECTION('',(0.,1.,0.));
#7582=DIRECTION('center_axis',(0.,1.,0.));
#7583=DIRECTION('ref_axis',(0.,0.,1.));
#7584=DIRECTION('center_axis',(0.,-1.,0.));
#7585=DIRECTION('ref_axis',(0.707106781186549,0.,-0.707106781186546));
#7586=DIRECTION('',(0.,0.,-1.));
#7587=DIRECTION('',(1.,0.,0.));
#7588=DIRECTION('center_axis',(0.,0.,-1.));
#7589=DIRECTION('ref_axis',(0.707106781186547,0.707106781186548,0.));
#7590=DIRECTION('center_axis',(0.,0.,1.));
#7591=DIRECTION('ref_axis',(0.707106781186547,0.707106781186548,0.));
#7592=DIRECTION('',(0.,0.,-1.));
#7593=DIRECTION('center_axis',(0.,0.,-1.));
#7594=DIRECTION('ref_axis',(0.707106781186547,0.707106781186548,0.));
#7595=DIRECTION('',(0.,0.,1.));
#7596=DIRECTION('center_axis',(1.,0.,0.));
#7597=DIRECTION('ref_axis',(0.,0.,-1.));
#7598=DIRECTION('',(0.,1.,0.));
#7599=DIRECTION('',(0.,0.,-1.));
#7600=DIRECTION('',(0.,-1.,0.));
#7601=DIRECTION('center_axis',(0.,1.,0.));
#7602=DIRECTION('ref_axis',(0.,0.,1.));
#7603=DIRECTION('',(1.,0.,0.));
#7604=DIRECTION('',(0.,0.,1.));
#7605=DIRECTION('',(-1.,0.,0.));
#7606=DIRECTION('',(0.,0.,-1.));
#7607=DIRECTION('',(1.,0.,0.));
#7608=DIRECTION('center_axis',(0.,-1.,0.));
#7609=DIRECTION('ref_axis',(-0.707106781186548,0.,0.707106781186548));
#7610=DIRECTION('',(0.,0.,-1.));
#7611=DIRECTION('center_axis',(0.,-1.,0.));
#7612=DIRECTION('ref_axis',(-0.707106781186548,0.,-0.707106781186548));
#7613=DIRECTION('center_axis',(0.,1.,0.));
#7614=DIRECTION('ref_axis',(0.,0.,1.));
#7615=DIRECTION('',(1.,0.,0.));
#7616=DIRECTION('center_axis',(0.,-1.,0.));
#7617=DIRECTION('ref_axis',(0.707106781186546,0.,-0.707106781186549));
#7618=DIRECTION('',(0.,0.,1.));
#7619=DIRECTION('center_axis',(0.,-1.,0.));
#7620=DIRECTION('ref_axis',(0.707106781186549,0.,0.707106781186546));
#7621=DIRECTION('',(1.,0.,0.));
#7622=DIRECTION('center_axis',(0.,-1.,0.));
#7623=DIRECTION('ref_axis',(-0.707106781186549,0.,0.707106781186546));
#7624=DIRECTION('',(0.,0.,-1.));
#7625=DIRECTION('center_axis',(0.,-1.,0.));
#7626=DIRECTION('ref_axis',(-0.707106781186549,0.,-0.707106781186546));
#7627=DIRECTION('center_axis',(0.,0.,-1.));
#7628=DIRECTION('ref_axis',(-0.707106781186549,-0.707106781186546,0.));
#7629=DIRECTION('center_axis',(0.,0.,1.));
#7630=DIRECTION('ref_axis',(-0.707106781186549,-0.707106781186546,0.));
#7631=DIRECTION('',(0.,0.,-1.));
#7632=DIRECTION('center_axis',(0.,0.,-1.));
#7633=DIRECTION('ref_axis',(-0.707106781186549,-0.707106781186546,0.));
#7634=DIRECTION('',(0.,0.,1.));
#7635=DIRECTION('center_axis',(-1.,0.,0.));
#7636=DIRECTION('ref_axis',(0.,0.,-1.));
#7637=DIRECTION('',(0.,-1.,0.));
#7638=DIRECTION('',(0.,0.,-1.));
#7639=DIRECTION('',(0.,1.,0.));
#7640=DIRECTION('center_axis',(0.,-1.,0.));
#7641=DIRECTION('ref_axis',(0.,0.,-1.));
#7642=DIRECTION('',(-1.,0.,0.));
#7643=DIRECTION('',(0.,0.,1.));
#7644=DIRECTION('center_axis',(0.,1.,0.));
#7645=DIRECTION('ref_axis',(0.707106781186549,0.,-0.707106781186546));
#7646=DIRECTION('center_axis',(0.,-1.,0.));
#7647=DIRECTION('ref_axis',(0.,0.,-1.));
#7648=DIRECTION('',(-1.,0.,0.));
#7649=DIRECTION('center_axis',(0.,1.,0.));
#7650=DIRECTION('ref_axis',(-0.707106781186549,0.,-0.707106781186546));
#7651=DIRECTION('',(0.,0.,1.));
#7652=DIRECTION('center_axis',(0.,1.,0.));
#7653=DIRECTION('ref_axis',(-0.707106781186549,0.,0.707106781186546));
#7654=DIRECTION('',(-1.,0.,0.));
#7655=DIRECTION('center_axis',(0.,1.,0.));
#7656=DIRECTION('ref_axis',(0.707106781186549,0.,0.707106781186546));
#7657=DIRECTION('',(0.,0.,-1.));
#7658=DIRECTION('center_axis',(0.,1.,0.));
#7659=DIRECTION('ref_axis',(0.707106781186546,0.,-0.707106781186549));
#7660=DIRECTION('center_axis',(0.,0.,1.));
#7661=DIRECTION('ref_axis',(0.707106781186548,-0.707106781186547,0.));
#7662=DIRECTION('center_axis',(0.,0.,1.));
#7663=DIRECTION('ref_axis',(0.707106781186548,-0.707106781186547,0.));
#7664=DIRECTION('',(0.,0.,-1.));
#7665=DIRECTION('center_axis',(0.,0.,-1.));
#7666=DIRECTION('ref_axis',(0.707106781186548,-0.707106781186547,0.));
#7667=DIRECTION('',(0.,0.,1.));
#7668=DIRECTION('center_axis',(0.,-1.,0.));
#7669=DIRECTION('ref_axis',(0.,0.,-1.));
#7670=DIRECTION('center_axis',(0.,1.,0.));
#7671=DIRECTION('ref_axis',(-0.707106781186548,0.,-0.707106781186548));
#7672=DIRECTION('',(0.,0.,1.));
#7673=DIRECTION('center_axis',(0.,1.,0.));
#7674=DIRECTION('ref_axis',(-0.707106781186548,0.,0.707106781186548));
#7675=DIRECTION('',(-1.,0.,0.));
#7676=DIRECTION('',(0.,0.,1.));
#7677=DIRECTION('',(1.,0.,0.));
#7678=DIRECTION('',(0.,0.,-1.));
#7679=DIRECTION('',(-1.,0.,0.));
#7680=DIRECTION('center_axis',(0.,1.,0.));
#7681=DIRECTION('ref_axis',(0.707106781186546,0.,-0.707106781186549));
#7682=DIRECTION('center_axis',(0.,1.,0.));
#7683=DIRECTION('ref_axis',(0.707106781186546,0.,-0.707106781186549));
#7684=DIRECTION('',(0.,-1.,0.));
#7685=DIRECTION('',(0.,1.,0.));
#7686=DIRECTION('center_axis',(0.,1.,0.));
#7687=DIRECTION('ref_axis',(-0.707106781186548,0.,-0.707106781186548));
#7688=DIRECTION('',(0.,1.,0.));
#7689=DIRECTION('',(0.,-1.,0.));
#7690=DIRECTION('center_axis',(-1.,0.,0.));
#7691=DIRECTION('ref_axis',(0.,1.,0.));
#7692=DIRECTION('',(0.,-1.,0.));
#7693=DIRECTION('',(0.,0.,-1.));
#7694=DIRECTION('',(0.,1.,0.));
#7695=DIRECTION('',(0.,0.,-1.));
#7696=DIRECTION('',(0.,-1.,0.));
#7697=DIRECTION('center_axis',(0.,-1.,0.));
#7698=DIRECTION('ref_axis',(-0.707106781186548,0.,0.707106781186548));
#7699=DIRECTION('center_axis',(0.,1.,0.));
#7700=DIRECTION('ref_axis',(-0.707106781186548,0.,0.707106781186548));
#7701=DIRECTION('',(0.,1.,0.));
#7702=DIRECTION('center_axis',(0.,-1.,0.));
#7703=DIRECTION('ref_axis',(-0.707106781186548,0.,0.707106781186548));
#7704=DIRECTION('center_axis',(0.,1.,0.));
#7705=DIRECTION('ref_axis',(-1.,0.,0.));
#7706=DIRECTION('',(1.,0.,0.));
#7707=DIRECTION('',(0.,0.,1.));
#7708=DIRECTION('',(-1.,0.,0.));
#7709=DIRECTION('',(0.,0.,1.));
#7710=DIRECTION('',(-1.,0.,0.));
#7711=DIRECTION('center_axis',(0.,-1.,0.));
#7712=DIRECTION('ref_axis',(0.707106781186549,0.,0.707106781186546));
#7713=DIRECTION('',(0.,0.,-1.));
#7714=DIRECTION('',(1.,0.,0.));
#7715=DIRECTION('',(1.,0.,0.));
#7716=DIRECTION('',(-1.,0.,0.));
#7717=DIRECTION('',(0.,0.,-1.));
#7718=DIRECTION('',(0.,0.,1.));
#7719=DIRECTION('',(-1.,0.,0.));
#7720=DIRECTION('',(0.,0.,1.));
#7721=DIRECTION('center_axis',(0.,1.,0.));
#7722=DIRECTION('ref_axis',(-0.707106781186548,0.,-0.707106781186548));
#7723=DIRECTION('',(1.,0.,0.));
#7724=DIRECTION('',(1.,0.,0.));
#7725=DIRECTION('center_axis',(0.,1.,0.));
#7726=DIRECTION('ref_axis',(0.707106781186548,0.,-0.707106781186548));
#7727=DIRECTION('',(0.,0.,1.));
#7728=DIRECTION('',(-1.,0.,0.));
#7729=DIRECTION('center_axis',(0.,1.,0.));
#7730=DIRECTION('ref_axis',(0.707106781186548,0.,0.707106781186548));
#7731=DIRECTION('',(0.,1.,0.));
#7732=DIRECTION('center_axis',(0.,1.,0.));
#7733=DIRECTION('ref_axis',(0.707106781186548,0.,0.707106781186548));
#7734=DIRECTION('',(0.,-1.,0.));
#7735=DIRECTION('center_axis',(1.,0.,0.));
#7736=DIRECTION('ref_axis',(0.,0.,-1.));
#7737=DIRECTION('',(0.,0.,-1.));
#7738=DIRECTION('center_axis',(0.,-1.,0.));
#7739=DIRECTION('ref_axis',(0.707106781186549,0.,0.707106781186546));
#7740=DIRECTION('center_axis',(0.,1.,0.));
#7741=DIRECTION('ref_axis',(0.707106781186549,0.,0.707106781186546));
#7742=DIRECTION('',(0.,1.,0.));
#7743=DIRECTION('',(0.,-1.,0.));
#7744=DIRECTION('center_axis',(1.,0.,0.));
#7745=DIRECTION('ref_axis',(0.,-1.,0.));
#7746=DIRECTION('',(0.,0.,-1.));
#7747=DIRECTION('',(0.,-1.,0.));
#7748=DIRECTION('',(0.,1.,0.));
#7749=DIRECTION('',(0.,-1.,0.));
#7750=DIRECTION('center_axis',(0.,1.,0.));
#7751=DIRECTION('ref_axis',(-0.707106781186549,0.,0.707106781186546));
#7752=DIRECTION('',(0.,1.,0.));
#7753=DIRECTION('',(0.,-1.,0.));
#7754=DIRECTION('center_axis',(0.,0.,1.));
#7755=DIRECTION('ref_axis',(-1.,0.,0.));
#7756=DIRECTION('',(0.,1.,0.));
#7757=DIRECTION('',(0.,1.,0.));
#7758=DIRECTION('',(0.,1.,0.));
#7759=DIRECTION('',(-1.,0.,0.));
#7760=DIRECTION('',(0.,-1.,0.));
#7761=DIRECTION('center_axis',(0.,1.,0.));
#7762=DIRECTION('ref_axis',(0.707106781186549,0.,-0.707106781186546));
#7763=DIRECTION('',(0.,1.,0.));
#7764=DIRECTION('center_axis',(0.,1.,0.));
#7765=DIRECTION('ref_axis',(-0.707106781186549,0.,-0.707106781186546));
#7766=DIRECTION('',(0.,-1.,0.));
#7767=DIRECTION('',(0.,1.,0.));
#7768=DIRECTION('center_axis',(-1.,0.,0.));
#7769=DIRECTION('ref_axis',(0.,0.,1.));
#7770=DIRECTION('center_axis',(0.,1.,0.));
#7771=DIRECTION('ref_axis',(-0.707106781186548,0.,-0.707106781186548));
#7772=DIRECTION('',(0.,-1.,0.));
#7773=DIRECTION('',(0.,1.,0.));
#7774=DIRECTION('center_axis',(-1.,0.,0.));
#7775=DIRECTION('ref_axis',(0.,0.,1.));
#7776=DIRECTION('',(0.,-1.,0.));
#7777=DIRECTION('center_axis',(0.,1.,0.));
#7778=DIRECTION('ref_axis',(0.707106781186546,0.,-0.707106781186549));
#7779=DIRECTION('',(0.,-1.,0.));
#7780=DIRECTION('',(0.,1.,0.));
#7781=DIRECTION('center_axis',(0.,1.,0.));
#7782=DIRECTION('ref_axis',(-0.707106781186548,0.,0.707106781186548));
#7783=DIRECTION('center_axis',(0.,1.,0.));
#7784=DIRECTION('ref_axis',(0.707106781186549,0.,0.707106781186546));
#7785=DIRECTION('',(0.,1.,0.));
#7786=DIRECTION('center_axis',(1.,0.,0.));
#7787=DIRECTION('ref_axis',(0.,0.,-1.));
#7788=DIRECTION('center_axis',(0.,0.,1.));
#7789=DIRECTION('ref_axis',(-1.,0.,0.));
#7790=DIRECTION('',(-1.,0.,0.));
#7791=DIRECTION('',(-4.03651366297001E-33,-1.,0.));
#7792=DIRECTION('',(-1.,0.,0.));
#7793=DIRECTION('',(-4.03651366297001E-33,-1.,0.));
#7794=DIRECTION('center_axis',(0.,-1.,0.));
#7795=DIRECTION('ref_axis',(0.,0.,-1.));
#7796=DIRECTION('',(-1.,0.,0.));
#7797=DIRECTION('',(0.,0.,-1.));
#7798=DIRECTION('center_axis',(-1.,0.,0.));
#7799=DIRECTION('ref_axis',(0.,0.,-1.));
#7800=DIRECTION('',(0.,1.,0.));
#7801=DIRECTION('',(0.,-1.,0.));
#7802=DIRECTION('center_axis',(1.,0.,0.));
#7803=DIRECTION('ref_axis',(0.,0.,1.));
#7804=DIRECTION('',(0.,-1.,0.));
#7805=DIRECTION('',(0.,-1.,0.));
#7806=DIRECTION('center_axis',(0.,0.,-1.));
#7807=DIRECTION('ref_axis',(1.,0.,0.));
#7808=DIRECTION('',(0.,-1.,0.));
#7809=DIRECTION('center_axis',(0.,0.,-1.));
#7810=DIRECTION('ref_axis',(1.,0.,0.));
#7811=DIRECTION('',(0.,1.,0.));
#7812=DIRECTION('',(1.,3.28692043842088E-33,0.));
#7813=DIRECTION('',(0.,1.,0.));
#7814=DIRECTION('',(1.,3.28692043842088E-33,0.));
#7815=DIRECTION('center_axis',(0.,0.,-1.));
#7816=DIRECTION('ref_axis',(1.,0.,0.));
#7817=DIRECTION('',(4.03651366297001E-33,1.,0.));
#7818=DIRECTION('',(4.03651366297001E-33,1.,0.));
#7819=DIRECTION('',(-1.,0.,0.));
#7820=DIRECTION('center_axis',(0.,0.,-1.));
#7821=DIRECTION('ref_axis',(1.,0.,0.));
#7822=DIRECTION('',(1.,3.28692043842088E-33,0.));
#7823=DIRECTION('',(-4.03651366297001E-33,-1.,0.));
#7824=DIRECTION('center_axis',(0.,0.,-1.));
#7825=DIRECTION('ref_axis',(-1.,0.,0.));
#7826=DIRECTION('',(0.,-1.,0.));
#7827=DIRECTION('',(0.,1.,0.));
#7828=DIRECTION('',(-1.,0.,0.));
#7829=DIRECTION('center_axis',(-1.,0.,0.));
#7830=DIRECTION('ref_axis',(0.,0.,1.));
#7831=DIRECTION('',(0.,0.,1.));
#7832=DIRECTION('center_axis',(0.,0.,-1.));
#7833=DIRECTION('ref_axis',(-1.,0.,0.));
#7834=DIRECTION('',(-1.,0.,0.));
#7835=DIRECTION('center_axis',(1.,0.,0.));
#7836=DIRECTION('ref_axis',(0.,1.,0.));
#7837=DIRECTION('center_axis',(-1.,0.,0.));
#7838=DIRECTION('ref_axis',(0.,0.707106781186548,0.707106781186548));
#7839=DIRECTION('',(0.,1.,0.));
#7840=DIRECTION('center_axis',(-1.,0.,0.));
#7841=DIRECTION('ref_axis',(0.,-0.707106781186549,0.707106781186546));
#7842=DIRECTION('',(0.,0.,1.));
#7843=DIRECTION('',(0.,0.,1.));
#7844=DIRECTION('',(0.,-1.,0.));
#7845=DIRECTION('',(0.,-1.,0.));
#7846=DIRECTION('',(0.,0.,1.));
#7847=DIRECTION('',(0.,1.,0.));
#7848=DIRECTION('',(0.,0.,-1.));
#7849=DIRECTION('',(0.,0.,1.));
#7850=DIRECTION('',(0.,-1.,0.));
#7851=DIRECTION('',(0.,0.,1.));
#7852=DIRECTION('',(0.,1.,0.));
#7853=DIRECTION('center_axis',(1.,0.,0.));
#7854=DIRECTION('ref_axis',(0.,0.707106781186548,0.707106781186548));
#7855=DIRECTION('',(0.,0.,1.));
#7856=DIRECTION('center_axis',(1.,0.,0.));
#7857=DIRECTION('ref_axis',(0.,0.707106781186548,-0.707106781186547));
#7858=DIRECTION('',(0.,1.,0.));
#7859=DIRECTION('center_axis',(1.,0.,0.));
#7860=DIRECTION('ref_axis',(0.,-0.707106781186548,-0.707106781186548));
#7861=DIRECTION('',(0.,0.,-1.));
#7862=DIRECTION('center_axis',(1.,0.,0.));
#7863=DIRECTION('ref_axis',(0.,-0.707106781186547,0.707106781186548));
#7864=DIRECTION('',(0.,-1.,0.));
#7865=DIRECTION('center_axis',(1.,0.,0.));
#7866=DIRECTION('ref_axis',(0.,0.707106781186548,0.707106781186547));
#7867=DIRECTION('',(0.,0.,1.));
#7868=DIRECTION('center_axis',(1.,0.,0.));
#7869=DIRECTION('ref_axis',(0.,0.707106781186548,-0.707106781186548));
#7870=DIRECTION('',(0.,1.,0.));
#7871=DIRECTION('center_axis',(1.,0.,0.));
#7872=DIRECTION('ref_axis',(0.,-0.707106781186547,-0.707106781186548));
#7873=DIRECTION('',(0.,0.,-1.));
#7874=DIRECTION('center_axis',(1.,0.,0.));
#7875=DIRECTION('ref_axis',(0.,-0.707106781186548,0.707106781186547));
#7876=DIRECTION('',(0.,-1.,0.));
#7877=DIRECTION('center_axis',(-1.,0.,0.));
#7878=DIRECTION('ref_axis',(0.,1.,0.));
#7879=DIRECTION('',(0.,-1.,0.));
#7880=DIRECTION('center_axis',(-1.,0.,0.));
#7881=DIRECTION('ref_axis',(0.,1.,0.));
#7882=DIRECTION('',(0.,0.,1.));
#7883=DIRECTION('center_axis',(-1.,0.,0.));
#7884=DIRECTION('ref_axis',(0.,1.,0.));
#7885=DIRECTION('',(0.,0.,1.));
#7886=DIRECTION('center_axis',(-1.,0.,0.));
#7887=DIRECTION('ref_axis',(0.,1.,0.));
#7888=DIRECTION('',(0.,1.,0.));
#7889=DIRECTION('center_axis',(-1.,0.,0.));
#7890=DIRECTION('ref_axis',(0.,1.,0.));
#7891=DIRECTION('center_axis',(-1.,0.,0.));
#7892=DIRECTION('ref_axis',(0.,1.,0.));
#7893=DIRECTION('center_axis',(-1.,0.,0.));
#7894=DIRECTION('ref_axis',(0.,1.,0.));
#7895=DIRECTION('',(0.,-1.,0.));
#7896=DIRECTION('center_axis',(-1.,0.,0.));
#7897=DIRECTION('ref_axis',(0.,1.,0.));
#7898=DIRECTION('',(0.,0.,1.));
#7899=DIRECTION('center_axis',(-1.,0.,0.));
#7900=DIRECTION('ref_axis',(0.,1.,0.));
#7901=DIRECTION('',(0.,1.,0.));
#7902=DIRECTION('center_axis',(-1.,0.,0.));
#7903=DIRECTION('ref_axis',(0.,1.,0.));
#7904=DIRECTION('',(0.,0.,-1.));
#7905=DIRECTION('center_axis',(-1.,0.,0.));
#7906=DIRECTION('ref_axis',(0.,1.,0.));
#7907=DIRECTION('center_axis',(-1.,0.,0.));
#7908=DIRECTION('ref_axis',(0.,1.,0.));
#7909=DIRECTION('center_axis',(-1.,0.,0.));
#7910=DIRECTION('ref_axis',(0.,1.,0.));
#7911=DIRECTION('',(0.,-1.,0.));
#7912=DIRECTION('center_axis',(-1.,0.,0.));
#7913=DIRECTION('ref_axis',(0.,1.,0.));
#7914=DIRECTION('',(0.,0.,-1.));
#7915=DIRECTION('',(0.,1.,0.));
#7916=DIRECTION('center_axis',(-1.,0.,0.));
#7917=DIRECTION('ref_axis',(0.,1.,0.));
#7918=DIRECTION('',(0.,0.,1.));
#7919=DIRECTION('center_axis',(-1.,0.,0.));
#7920=DIRECTION('ref_axis',(0.,1.,0.));
#7921=DIRECTION('center_axis',(-1.,0.,0.));
#7922=DIRECTION('ref_axis',(0.,1.,0.));
#7923=DIRECTION('',(0.,-1.,0.));
#7924=DIRECTION('center_axis',(-1.,0.,0.));
#7925=DIRECTION('ref_axis',(0.,1.,0.));
#7926=DIRECTION('',(0.,0.,-1.));
#7927=DIRECTION('center_axis',(-1.,0.,0.));
#7928=DIRECTION('ref_axis',(0.,1.,0.));
#7929=DIRECTION('',(0.,1.,0.));
#7930=DIRECTION('center_axis',(-1.,0.,0.));
#7931=DIRECTION('ref_axis',(0.,1.,0.));
#7932=DIRECTION('',(0.,0.,-1.));
#7933=DIRECTION('center_axis',(1.,0.,0.));
#7934=DIRECTION('ref_axis',(0.,-0.707106781186548,-0.707106781186547));
#7935=DIRECTION('',(0.,0.,-1.));
#7936=DIRECTION('center_axis',(1.,0.,0.));
#7937=DIRECTION('ref_axis',(0.,-0.707106781186548,0.707106781186547));
#7938=DIRECTION('',(0.,-1.,0.));
#7939=DIRECTION('center_axis',(1.,0.,0.));
#7940=DIRECTION('ref_axis',(0.,0.707106781186548,0.707106781186547));
#7941=DIRECTION('',(0.,0.,1.));
#7942=DIRECTION('center_axis',(1.,0.,0.));
#7943=DIRECTION('ref_axis',(0.,0.707106781186547,-0.707106781186548));
#7944=DIRECTION('',(0.,1.,0.));
#7945=DIRECTION('',(0.,1.,0.));
#7946=DIRECTION('',(0.,0.,-1.));
#7947=DIRECTION('',(0.,-1.,0.));
#7948=DIRECTION('',(0.,0.,1.));
#7949=DIRECTION('center_axis',(0.,-1.,0.));
#7950=DIRECTION('ref_axis',(1.,0.,0.));
#7951=DIRECTION('',(-1.,-3.28692043842088E-33,0.));
#7952=DIRECTION('',(1.,0.,0.));
#7953=DIRECTION('',(0.,0.,1.));
#7954=DIRECTION('center_axis',(0.,-1.,0.));
#7955=DIRECTION('ref_axis',(-0.707106781186548,0.,-0.707106781186548));
#7956=DIRECTION('',(0.,0.,1.));
#7957=DIRECTION('center_axis',(0.,-1.,0.));
#7958=DIRECTION('ref_axis',(0.707106781186548,0.,-0.707106781186548));
#7959=DIRECTION('center_axis',(-4.03651366297001E-33,-1.,0.));
#7960=DIRECTION('ref_axis',(0.707106781186548,0.,-0.707106781186548));
#7961=DIRECTION('',(4.03651366297001E-33,1.,0.));
#7962=DIRECTION('center_axis',(0.,1.,0.));
#7963=DIRECTION('ref_axis',(-0.707106781186548,0.,-0.707106781186548));
#7964=DIRECTION('center_axis',(0.,0.,-1.));
#7965=DIRECTION('ref_axis',(-1.,0.,0.));
#7966=DIRECTION('center_axis',(-1.,0.,0.));
#7967=DIRECTION('ref_axis',(0.,0.707106781186548,0.707106781186548));
#7968=DIRECTION('center_axis',(1.,-4.03651366297001E-33,0.));
#7969=DIRECTION('ref_axis',(0.,0.707106781186548,0.707106781186548));
#7970=DIRECTION('',(1.,0.,0.));
#7971=DIRECTION('center_axis',(1.,0.,0.));
#7972=DIRECTION('ref_axis',(0.,-0.707106781186549,0.707106781186546));
#7973=DIRECTION('',(-1.,0.,0.));
#7974=DIRECTION('center_axis',(1.,-4.03651366297001E-33,0.));
#7975=DIRECTION('ref_axis',(0.,-0.707106781186549,0.707106781186546));
#7976=DIRECTION('center_axis',(-1.,4.03651366297001E-33,0.));
#7977=DIRECTION('ref_axis',(-4.03651366297001E-33,-1.,0.));
#7978=DIRECTION('',(-4.03651366297001E-33,-1.,0.));
#7979=DIRECTION('center_axis',(-1.,4.03651366297001E-33,0.));
#7980=DIRECTION('ref_axis',(-2.85424618343824E-33,-0.707106781186547,0.707106781186548));
#7981=DIRECTION('',(0.,0.,1.));
#7982=DIRECTION('center_axis',(-1.,4.03651366297001E-33,0.));
#7983=DIRECTION('ref_axis',(-2.85424618343824E-33,-0.707106781186548,-0.707106781186548));
#7984=DIRECTION('',(-4.03651366297001E-33,-1.,0.));
#7985=DIRECTION('center_axis',(-1.,4.03651366297001E-33,0.));
#7986=DIRECTION('ref_axis',(2.85424618343824E-33,0.707106781186548,-0.707106781186547));
#7987=DIRECTION('',(0.,0.,-1.));
#7988=DIRECTION('center_axis',(-1.,4.03651366297001E-33,0.));
#7989=DIRECTION('ref_axis',(2.85424618343824E-33,0.707106781186548,0.707106781186548));
#7990=DIRECTION('',(4.03651366297001E-33,1.,0.));
#7991=DIRECTION('center_axis',(-1.,4.03651366297001E-33,0.));
#7992=DIRECTION('ref_axis',(-2.85424618343824E-33,-0.707106781186548,0.707106781186547));
#7993=DIRECTION('',(0.,0.,1.));
#7994=DIRECTION('center_axis',(-1.,4.03651366297001E-33,0.));
#7995=DIRECTION('ref_axis',(-2.85424618343824E-33,-0.707106781186547,-0.707106781186548));
#7996=DIRECTION('',(-4.03651366297001E-33,-1.,0.));
#7997=DIRECTION('center_axis',(-1.,4.03651366297001E-33,0.));
#7998=DIRECTION('ref_axis',(2.85424618343824E-33,0.707106781186548,-0.707106781186548));
#7999=DIRECTION('',(0.,0.,-1.));
#8000=DIRECTION('center_axis',(-1.,4.03651366297001E-33,0.));
#8001=DIRECTION('ref_axis',(2.85424618343824E-33,0.707106781186548,0.707106781186547));
#8002=DIRECTION('',(4.03651366297001E-33,1.,0.));
#8003=DIRECTION('center_axis',(1.,-4.03651366297001E-33,0.));
#8004=DIRECTION('ref_axis',(0.,1.,0.));
#8005=DIRECTION('',(4.03651366297001E-33,1.,0.));
#8006=DIRECTION('center_axis',(-1.,4.03651366297001E-33,0.));
#8007=DIRECTION('ref_axis',(0.,1.,0.));
#8008=DIRECTION('',(2.018256831485E-33,0.499999999999999,-0.866025403784439));
#8009=DIRECTION('',(-2.01825683148501E-33,-0.500000000000001,-0.866025403784438));
#8010=DIRECTION('',(2.018256831485E-33,0.5,-0.866025403784439));
#8011=DIRECTION('',(4.03651366297001E-33,1.,0.));
#8012=DIRECTION('',(2.018256831485E-33,0.5,0.866025403784439));
#8013=DIRECTION('',(-2.018256831485E-33,-0.5,0.866025403784439));
#8014=DIRECTION('',(-4.03651366297001E-33,-1.,0.));
#8015=DIRECTION('',(4.03651366297001E-33,1.,0.));
#8016=DIRECTION('',(0.,0.,1.));
#8017=DIRECTION('',(-4.03651366297001E-33,-1.,0.));
#8018=DIRECTION('',(2.018256831485E-33,0.5,-0.866025403784439));
#8019=DIRECTION('',(2.018256831485E-33,0.5,-0.866025403784439));
#8020=DIRECTION('',(4.03651366297001E-33,1.,0.));
#8021=DIRECTION('',(2.018256831485E-33,0.5,0.866025403784439));
#8022=DIRECTION('',(-4.03651366297001E-33,-1.,0.));
#8023=DIRECTION('',(-2.018256831485E-33,-0.499999999999999,0.866025403784439));
#8024=DIRECTION('',(-4.03651366297001E-33,-1.,0.));
#8025=DIRECTION('',(-2.018256831485E-33,-0.5,-0.866025403784439));
#8026=DIRECTION('',(4.03651366297001E-33,1.,0.));
#8027=DIRECTION('',(-2.018256831485E-33,-0.5,0.866025403784439));
#8028=DIRECTION('',(-4.03651366297001E-33,-1.,0.));
#8029=DIRECTION('',(-2.018256831485E-33,-0.5,-0.866025403784438));
#8030=DIRECTION('',(2.018256831485E-33,0.5,-0.866025403784439));
#8031=DIRECTION('',(4.03651366297001E-33,1.,0.));
#8032=DIRECTION('',(2.018256831485E-33,0.5,0.866025403784439));
#8033=DIRECTION('',(4.03651366297001E-33,1.,0.));
#8034=DIRECTION('',(0.,0.,1.));
#8035=DIRECTION('',(-4.03638901017561E-33,-0.999969118698758,-0.00785885798499015));
#8036=DIRECTION('',(-1.99072211153001E-33,-0.493178588689643,-0.869928088785557));
#8037=DIRECTION('',(4.03651366297001E-33,1.,0.));
#8038=DIRECTION('',(0.,0.,1.));
#8039=DIRECTION('',(-4.03638901017561E-33,-0.999969118698758,-0.00785885798499015));
#8040=DIRECTION('',(-1.99072211153001E-33,-0.493178588689643,-0.869928088785557));
#8041=DIRECTION('',(-2.01825683148501E-33,-0.500000000000001,0.866025403784438));
#8042=DIRECTION('',(-4.03651366297001E-33,-1.,0.));
#8043=DIRECTION('',(-2.018256831485E-33,-0.5,-0.866025403784439));
#8044=DIRECTION('',(2.018256831485E-33,0.5,-0.866025403784439));
#8045=DIRECTION('',(4.03651366297001E-33,1.,0.));
#8046=DIRECTION('',(2.018256831485E-33,0.5,0.866025403784439));
#8047=DIRECTION('',(2.018256831485E-33,0.5,0.866025403784439));
#8048=DIRECTION('',(-4.03651366297001E-33,-1.,0.));
#8049=DIRECTION('',(0.,0.,-1.));
#8050=DIRECTION('',(4.03651366297001E-33,1.,0.));
#8051=DIRECTION('',(-2.018256831485E-33,-0.499999999999999,0.866025403784439));
#8052=DIRECTION('',(-4.03651366297001E-33,-1.,0.));
#8053=DIRECTION('',(-2.018256831485E-33,-0.5,-0.866025403784439));
#8054=DIRECTION('',(4.03651366297001E-33,1.,0.));
#8055=DIRECTION('',(2.018256831485E-33,0.5,-0.866025403784439));
#8056=DIRECTION('',(4.03651366297001E-33,1.,0.));
#8057=DIRECTION('',(0.,0.,1.));
#8058=DIRECTION('',(-4.03651366297001E-33,-1.,0.));
#8059=DIRECTION('',(4.03651366297001E-33,1.,0.));
#8060=DIRECTION('',(2.018256831485E-33,0.5,0.866025403784439));
#8061=DIRECTION('',(-2.018256831485E-33,-0.5,0.866025403784439));
#8062=DIRECTION('',(-4.03651366297001E-33,-1.,0.));
#8063=DIRECTION('',(-2.01825683148501E-33,-0.500000000000001,-0.866025403784438));
#8064=DIRECTION('',(2.018256831485E-33,0.5,-0.866025403784439));
#8065=DIRECTION('',(-4.03651366297001E-33,-1.,0.));
#8066=DIRECTION('',(2.018256831485E-33,0.5,-0.866025403784439));
#8067=DIRECTION('',(4.03651366297001E-33,1.,0.));
#8068=DIRECTION('',(2.018256831485E-33,0.5,0.866025403784439));
#8069=DIRECTION('',(-1.99072211153001E-33,-0.493178588689643,0.869928088785557));
#8070=DIRECTION('',(-4.03638901017561E-33,-0.999969118698758,0.00785885798499015));
#8071=DIRECTION('',(0.,0.,-1.));
#8072=DIRECTION('',(4.03651366297001E-33,1.,0.));
#8073=DIRECTION('',(-1.99072211153001E-33,-0.493178588689643,0.869928088785557));
#8074=DIRECTION('',(-4.03638901017561E-33,-0.999969118698758,0.00785885798499015));
#8075=DIRECTION('',(0.,0.,-1.));
#8076=DIRECTION('',(4.03651366297001E-33,1.,0.));
#8077=DIRECTION('',(-2.018256831485E-33,-0.5,0.866025403784439));
#8078=DIRECTION('',(-4.03651366297001E-33,-1.,0.));
#8079=DIRECTION('',(-2.018256831485E-33,-0.5,-0.866025403784439));
#8080=DIRECTION('',(2.018256831485E-33,0.5,-0.866025403784439));
#8081=DIRECTION('',(4.03651366297001E-33,1.,0.));
#8082=DIRECTION('',(2.018256831485E-33,0.5,0.866025403784439));
#8083=DIRECTION('',(-4.03651366297001E-33,-1.,0.));
#8084=DIRECTION('',(-2.018256831485E-33,-0.499999999999999,-0.866025403784439));
#8085=DIRECTION('',(4.03651366297001E-33,1.,0.));
#8086=DIRECTION('',(-2.018256831485E-33,-0.5,0.866025403784439));
#8087=DIRECTION('',(-4.03651366297001E-33,-1.,0.));
#8088=DIRECTION('',(2.018256831485E-33,0.5,-0.866025403784439));
#8089=DIRECTION('',(4.03651366297001E-33,1.,0.));
#8090=DIRECTION('',(2.018256831485E-33,0.5,0.866025403784439));
#8091=DIRECTION('',(4.03651366297001E-33,1.,0.));
#8092=DIRECTION('',(-2.018256831485E-33,-0.499999999999999,0.866025403784439));
#8093=DIRECTION('',(-4.03651366297001E-33,-1.,0.));
#8094=DIRECTION('',(-2.018256831485E-33,-0.5,-0.866025403784439));
#8095=DIRECTION('',(-2.01825683148501E-33,-0.500000000000001,0.866025403784438));
#8096=DIRECTION('',(-4.03651366297001E-33,-1.,0.));
#8097=DIRECTION('',(-2.018256831485E-33,-0.5,-0.866025403784439));
#8098=DIRECTION('',(2.018256831485E-33,0.5,-0.866025403784439));
#8099=DIRECTION('',(4.03651366297001E-33,1.,0.));
#8100=DIRECTION('',(2.018256831485E-33,0.5,0.866025403784439));
#8101=DIRECTION('',(2.018256831485E-33,0.5,-0.866025403784439));
#8102=DIRECTION('',(4.03651366297001E-33,1.,0.));
#8103=DIRECTION('',(2.018256831485E-33,0.5,0.866025403784439));
#8104=DIRECTION('',(-4.03651366297001E-33,-1.,0.));
#8105=DIRECTION('',(2.018256831485E-33,0.5,-0.866025403784439));
#8106=DIRECTION('',(4.03651366297001E-33,1.,0.));
#8107=DIRECTION('',(0.,0.,1.));
#8108=DIRECTION('',(-4.03651366297001E-33,-1.,0.));
#8109=DIRECTION('',(-4.03651366297001E-33,-1.,0.));
#8110=DIRECTION('',(-2.018256831485E-33,-0.499999999999999,-0.866025403784439));
#8111=DIRECTION('',(4.03651366297001E-33,1.,0.));
#8112=DIRECTION('',(-2.018256831485E-33,-0.5,0.866025403784439));
#8113=DIRECTION('',(-2.018256831485E-33,-0.5,0.866025403784439));
#8114=DIRECTION('',(-4.03651366297001E-33,-1.,0.));
#8115=DIRECTION('',(-2.018256831485E-33,-0.5,-0.866025403784438));
#8116=DIRECTION('',(2.018256831485E-33,0.5,-0.866025403784439));
#8117=DIRECTION('',(4.03651366297001E-33,1.,0.));
#8118=DIRECTION('',(2.018256831485E-33,0.5,0.866025403784439));
#8119=DIRECTION('',(-1.99072211153001E-33,-0.493178588689643,0.869928088785557));
#8120=DIRECTION('',(-4.03638901017561E-33,-0.999969118698758,0.00785885798499015));
#8121=DIRECTION('',(0.,0.,-1.));
#8122=DIRECTION('',(4.03651366297001E-33,1.,0.));
#8123=DIRECTION('',(2.018256831485E-33,0.5,-0.866025403784439));
#8124=DIRECTION('',(4.03651366297001E-33,1.,0.));
#8125=DIRECTION('',(2.018256831485E-33,0.5,0.866025403784439));
#8126=DIRECTION('',(-4.03651366297001E-33,-1.,0.));
#8127=DIRECTION('',(-4.03651366297001E-33,-1.,0.));
#8128=DIRECTION('',(2.018256831485E-33,0.5,-0.866025403784439));
#8129=DIRECTION('',(4.03651366297001E-33,1.,0.));
#8130=DIRECTION('',(2.018256831485E-33,0.5,0.866025403784439));
#8131=DIRECTION('',(4.03651366297001E-33,1.,0.));
#8132=DIRECTION('',(2.018256831485E-33,0.5,0.866025403784439));
#8133=DIRECTION('',(-2.018256831485E-33,-0.5,0.866025403784439));
#8134=DIRECTION('',(-4.03651366297001E-33,-1.,0.));
#8135=DIRECTION('',(-2.01825683148501E-33,-0.500000000000001,-0.866025403784438));
#8136=DIRECTION('',(2.018256831485E-33,0.5,-0.866025403784439));
#8137=DIRECTION('',(-4.03651366297001E-33,-1.,0.));
#8138=DIRECTION('',(-2.018256831485E-33,-0.499999999999999,-0.866025403784439));
#8139=DIRECTION('',(4.03651366297001E-33,1.,0.));
#8140=DIRECTION('',(-2.018256831485E-33,-0.5,0.866025403784439));
#8141=DIRECTION('',(2.018256831485E-33,0.5,0.866025403784439));
#8142=DIRECTION('',(-4.03651366297001E-33,-1.,0.));
#8143=DIRECTION('',(0.,0.,-1.));
#8144=DIRECTION('',(4.03651366297001E-33,1.,0.));
#8145=DIRECTION('',(-4.03651366297001E-33,-1.,0.));
#8146=DIRECTION('',(0.,0.,-1.));
#8147=DIRECTION('',(4.03651366297001E-33,1.,0.));
#8148=DIRECTION('',(2.018256831485E-33,0.5,0.866025403784439));
#8149=DIRECTION('',(-2.018256831485E-33,-0.5,-0.866025403784439));
#8150=DIRECTION('',(2.018256831485E-33,0.5,-0.866025403784439));
#8151=DIRECTION('',(4.03651366297001E-33,1.,0.));
#8152=DIRECTION('',(2.018256831485E-33,0.5,0.866025403784439));
#8153=DIRECTION('',(-2.01825683148501E-33,-0.500000000000001,0.866025403784438));
#8154=DIRECTION('',(-4.03651366297001E-33,-1.,0.));
#8155=DIRECTION('',(4.03651366297001E-33,1.,0.));
#8156=DIRECTION('',(0.,0.,1.));
#8157=DIRECTION('',(-4.03638901017561E-33,-0.999969118698758,-0.00785885798499015));
#8158=DIRECTION('',(-1.99072211153001E-33,-0.493178588689643,-0.869928088785557));
#8159=DIRECTION('center_axis',(-1.,4.03651366297001E-33,0.));
#8160=DIRECTION('ref_axis',(-2.85424618343824E-33,-0.707106781186548,0.707106781186547));
#8161=DIRECTION('',(0.,0.,1.));
#8162=DIRECTION('center_axis',(-1.,4.03651366297001E-33,0.));
#8163=DIRECTION('ref_axis',(-2.85424618343824E-33,-0.707106781186548,-0.707106781186547));
#8164=DIRECTION('',(-4.03651366297001E-33,-1.,0.));
#8165=DIRECTION('center_axis',(-1.,4.03651366297001E-33,0.));
#8166=DIRECTION('ref_axis',(2.85424618343824E-33,0.707106781186547,-0.707106781186548));
#8167=DIRECTION('',(0.,0.,-1.));
#8168=DIRECTION('center_axis',(-1.,4.03651366297001E-33,0.));
#8169=DIRECTION('ref_axis',(2.85424618343824E-33,0.707106781186548,0.707106781186547));
#8170=DIRECTION('',(4.03651366297001E-33,1.,0.));
#8171=DIRECTION('center_axis',(0.,1.,0.));
#8172=DIRECTION('ref_axis',(0.707106781186543,0.,-0.707106781186552));
#8173=DIRECTION('center_axis',(0.,0.707106781186553,0.707106781186542));
#8174=DIRECTION('ref_axis',(0.,-0.707106781186542,0.707106781186553));
#8175=DIRECTION('',(0.,1.,0.));
#8176=DIRECTION('center_axis',(0.,0.707106781186554,-0.707106781186541));
#8177=DIRECTION('ref_axis',(0.,0.707106781186541,0.707106781186554));
#8178=DIRECTION('center_axis',(0.,0.,1.));
#8179=DIRECTION('ref_axis',(0.707106781186548,0.707106781186547,0.));
#8180=DIRECTION('center_axis',(0.,-0.707106781186553,0.707106781186542));
#8181=DIRECTION('ref_axis',(0.,-0.707106781186542,-0.707106781186553));
#8182=DIRECTION('',(0.,0.,1.));
#8183=DIRECTION('center_axis',(0.,-1.,0.));
#8184=DIRECTION('ref_axis',(0.707106781186543,0.,0.707106781186552));
#8185=DIRECTION('center_axis',(0.,-0.707106781186554,-0.707106781186541));
#8186=DIRECTION('ref_axis',(0.,0.707106781186541,-0.707106781186554));
#8187=DIRECTION('',(0.,-1.,0.));
#8188=DIRECTION('center_axis',(0.,0.,-1.));
#8189=DIRECTION('ref_axis',(0.707106781186549,-0.707106781186546,0.));
#8190=DIRECTION('',(0.,0.,-1.));
#8191=DIRECTION('center_axis',(0.,1.,0.));
#8192=DIRECTION('ref_axis',(0.,0.,-1.));
#8193=DIRECTION('',(-1.,0.,0.));
#8194=DIRECTION('',(-1.,0.,0.));
#8195=DIRECTION('',(0.,0.,-1.));
#8196=DIRECTION('',(-1.,0.,0.));
#8197=DIRECTION('',(-1.,0.,0.));
#8198=DIRECTION('center_axis',(0.,0.,1.));
#8199=DIRECTION('ref_axis',(0.,1.,0.));
#8200=DIRECTION('',(-1.,0.,0.));
#8201=DIRECTION('',(-1.,0.,0.));
#8202=DIRECTION('',(0.,1.,0.));
#8203=DIRECTION('',(-1.,0.,0.));
#8204=DIRECTION('',(-1.,0.,0.));
#8205=DIRECTION('',(0.,1.,0.));
#8206=DIRECTION('',(-1.,0.,0.));
#8207=DIRECTION('',(-1.,0.,0.));
#8208=DIRECTION('',(0.,1.,0.));
#8209=DIRECTION('',(-1.,0.,0.));
#8210=DIRECTION('center_axis',(0.,-1.,0.));
#8211=DIRECTION('ref_axis',(0.707106781186555,0.,0.70710678118654));
#8212=DIRECTION('',(0.,-1.,0.));
#8213=DIRECTION('center_axis',(0.,-1.,0.));
#8214=DIRECTION('ref_axis',(0.707106781186555,0.,0.70710678118654));
#8215=DIRECTION('center_axis',(0.,-0.707106781186548,-0.707106781186548));
#8216=DIRECTION('ref_axis',(0.,0.707106781186548,-0.707106781186548));
#8217=DIRECTION('center_axis',(0.,0.,-1.));
#8218=DIRECTION('ref_axis',(0.707106781186549,-0.707106781186546,0.));
#8219=DIRECTION('center_axis',(0.,0.707106781186548,-0.707106781186548));
#8220=DIRECTION('ref_axis',(0.,0.707106781186548,0.707106781186548));
#8221=DIRECTION('',(0.,0.,-1.));
#8222=DIRECTION('center_axis',(0.,1.,0.));
#8223=DIRECTION('ref_axis',(0.707106781186555,0.,-0.70710678118654));
#8224=DIRECTION('center_axis',(0.,-1.,0.));
#8225=DIRECTION('ref_axis',(0.707106781186555,0.,-0.70710678118654));
#8226=DIRECTION('',(0.,1.,0.));
#8227=DIRECTION('center_axis',(0.,0.,-1.));
#8228=DIRECTION('ref_axis',(0.,-1.,0.));
#8229=DIRECTION('',(-1.,0.,0.));
#8230=DIRECTION('',(-1.,0.,0.));
#8231=DIRECTION('',(0.,-1.,0.));
#8232=DIRECTION('',(-1.,0.,0.));
#8233=DIRECTION('',(-1.,0.,0.));
#8234=DIRECTION('',(0.,-1.,0.));
#8235=DIRECTION('',(-1.,0.,0.));
#8236=DIRECTION('',(-1.,0.,0.));
#8237=DIRECTION('',(0.,-1.,0.));
#8238=DIRECTION('',(-1.,0.,0.));
#8239=DIRECTION('',(-1.,0.,0.));
#8240=DIRECTION('center_axis',(0.,1.,0.));
#8241=DIRECTION('ref_axis',(0.,0.,-1.));
#8242=DIRECTION('',(-1.,0.,0.));
#8243=DIRECTION('',(-1.,0.,0.));
#8244=DIRECTION('',(0.,0.,-1.));
#8245=DIRECTION('',(-1.,0.,0.));
#8246=DIRECTION('center_axis',(0.,0.,1.));
#8247=DIRECTION('ref_axis',(0.,1.,0.));
#8248=DIRECTION('',(-1.,0.,0.));
#8249=DIRECTION('',(-1.,0.,0.));
#8250=DIRECTION('',(0.,1.,0.));
#8251=DIRECTION('',(-1.,0.,0.));
#8252=DIRECTION('',(-1.,0.,0.));
#8253=DIRECTION('',(0.,1.,0.));
#8254=DIRECTION('',(-1.,0.,0.));
#8255=DIRECTION('',(-1.,0.,0.));
#8256=DIRECTION('',(0.,1.,0.));
#8257=DIRECTION('',(-1.,0.,0.));
#8258=DIRECTION('center_axis',(0.,-1.,0.));
#8259=DIRECTION('ref_axis',(0.707106781186549,0.,0.707106781186546));
#8260=DIRECTION('center_axis',(0.,-0.707106781186548,-0.707106781186548));
#8261=DIRECTION('ref_axis',(0.,0.707106781186548,-0.707106781186548));
#8262=DIRECTION('',(0.,-1.,0.));
#8263=DIRECTION('center_axis',(0.,-0.707106781186546,0.707106781186549));
#8264=DIRECTION('ref_axis',(0.,-0.707106781186549,-0.707106781186546));
#8265=DIRECTION('center_axis',(0.,0.,-1.));
#8266=DIRECTION('ref_axis',(0.707106781186549,-0.707106781186546,0.));
#8267=DIRECTION('center_axis',(0.,0.707106781186548,-0.707106781186548));
#8268=DIRECTION('ref_axis',(0.,0.707106781186548,0.707106781186548));
#8269=DIRECTION('',(0.,0.,-1.));
#8270=DIRECTION('center_axis',(0.,1.,0.));
#8271=DIRECTION('ref_axis',(0.707106781186549,0.,-0.707106781186546));
#8272=DIRECTION('center_axis',(0.,0.707106781186546,0.707106781186549));
#8273=DIRECTION('ref_axis',(0.,-0.707106781186549,0.707106781186546));
#8274=DIRECTION('',(0.,1.,0.));
#8275=DIRECTION('center_axis',(0.,0.,1.));
#8276=DIRECTION('ref_axis',(0.707106781186548,0.707106781186547,0.));
#8277=DIRECTION('',(0.,0.,1.));
#8278=DIRECTION('center_axis',(0.,-1.,0.));
#8279=DIRECTION('ref_axis',(0.,0.,1.));
#8280=DIRECTION('',(-1.,0.,0.));
#8281=DIRECTION('',(-1.,0.,0.));
#8282=DIRECTION('',(0.,0.,1.));
#8283=DIRECTION('',(-1.,0.,0.));
#8284=DIRECTION('',(-1.,0.,0.));
#8285=DIRECTION('center_axis',(0.,0.,-1.));
#8286=DIRECTION('ref_axis',(0.,-1.,0.));
#8287=DIRECTION('',(-1.,0.,0.));
#8288=DIRECTION('',(-1.,0.,0.));
#8289=DIRECTION('',(0.,-1.,0.));
#8290=DIRECTION('',(-1.,0.,0.));
#8291=DIRECTION('',(-1.,0.,0.));
#8292=DIRECTION('',(0.,-1.,0.));
#8293=DIRECTION('',(-1.,0.,0.));
#8294=DIRECTION('',(-1.,0.,0.));
#8295=DIRECTION('',(0.,-1.,0.));
#8296=DIRECTION('',(-1.,0.,0.));
#8297=DIRECTION('center_axis',(-1.,4.03651366297001E-33,0.));
#8298=DIRECTION('ref_axis',(0.,0.,1.));
#8299=DIRECTION('center_axis',(0.,0.,1.));
#8300=DIRECTION('ref_axis',(0.,1.,0.));
#8301=DIRECTION('center_axis',(0.,-1.,0.));
#8302=DIRECTION('ref_axis',(-1.,0.,0.));
#8303=DIRECTION('center_axis',(1.,-4.03651366297001E-33,0.));
#8304=DIRECTION('ref_axis',(0.,-0.707106781186547,0.707106781186548));
#8305=DIRECTION('center_axis',(-4.03651366297001E-33,-1.,0.));
#8306=DIRECTION('ref_axis',(-0.707106781186549,0.,-0.707106781186546));
#8307=DIRECTION('center_axis',(0.,-1.,0.));
#8308=DIRECTION('ref_axis',(-1.,0.,0.));
#8309=DIRECTION('',(-4.03651366297001E-33,-1.,0.));
#8310=DIRECTION('center_axis',(-1.,4.03651366297001E-33,0.));
#8311=DIRECTION('ref_axis',(0.,0.,1.));
#8312=DIRECTION('center_axis',(0.,0.,1.));
#8313=DIRECTION('ref_axis',(-1.,0.,0.));
#8314=DIRECTION('center_axis',(1.,-4.03651366297001E-33,0.));
#8315=DIRECTION('ref_axis',(0.,0.707106781186547,0.707106781186547));
#8316=DIRECTION('center_axis',(0.,0.,1.));
#8317=DIRECTION('ref_axis',(-0.707106781186549,-0.707106781186546,0.));
#8318=DIRECTION('center_axis',(0.,0.,1.));
#8319=DIRECTION('ref_axis',(-1.,0.,0.));
#8320=DIRECTION('',(0.,0.,1.));
#8321=DIRECTION('center_axis',(-1.,4.03651366297001E-33,0.));
#8322=DIRECTION('ref_axis',(0.,0.,1.));
#8323=DIRECTION('center_axis',(0.,1.,0.));
#8324=DIRECTION('ref_axis',(-1.,0.,0.));
#8325=DIRECTION('center_axis',(1.,-4.03651366297001E-33,0.));
#8326=DIRECTION('ref_axis',(0.,0.707106781186548,-0.707106781186547));
#8327=DIRECTION('center_axis',(4.03651366297001E-33,1.,0.));
#8328=DIRECTION('ref_axis',(-0.707106781186548,0.,0.707106781186547));
#8329=DIRECTION('center_axis',(0.,1.,0.));
#8330=DIRECTION('ref_axis',(-1.,0.,0.));
#8331=DIRECTION('',(4.03651366297001E-33,1.,0.));
#8332=DIRECTION('center_axis',(-1.,4.03651366297001E-33,0.));
#8333=DIRECTION('ref_axis',(0.,0.,1.));
#8334=DIRECTION('center_axis',(0.,0.,-1.));
#8335=DIRECTION('ref_axis',(-1.,0.,0.));
#8336=DIRECTION('center_axis',(1.,-4.03651366297001E-33,0.));
#8337=DIRECTION('ref_axis',(0.,-0.707106781186547,-0.707106781186547));
#8338=DIRECTION('center_axis',(0.,0.,-1.));
#8339=DIRECTION('ref_axis',(-0.707106781186547,0.707106781186548,0.));
#8340=DIRECTION('',(0.,0.,-1.));
#8341=DIRECTION('center_axis',(0.,0.,-1.));
#8342=DIRECTION('ref_axis',(0.,-1.,0.));
#8343=DIRECTION('',(-1.,0.,0.));
#8344=DIRECTION('',(0.,-1.,0.));
#8345=DIRECTION('',(1.,0.,0.));
#8346=DIRECTION('center_axis',(-1.,0.,0.));
#8347=DIRECTION('ref_axis',(0.,-0.707106781186547,-0.707106781186547));
#8348=DIRECTION('',(1.,0.,0.));
#8349=DIRECTION('center_axis',(-1.,0.,0.));
#8350=DIRECTION('ref_axis',(0.,-0.707106781186547,-0.707106781186547));
#8351=DIRECTION('center_axis',(0.,-1.,0.));
#8352=DIRECTION('ref_axis',(0.,0.,1.));
#8353=DIRECTION('',(-1.,0.,0.));
#8354=DIRECTION('',(0.,0.,1.));
#8355=DIRECTION('center_axis',(-1.,0.,0.));
#8356=DIRECTION('ref_axis',(0.,-0.707106781186547,0.707106781186547));
#8357=DIRECTION('',(1.,0.,0.));
#8358=DIRECTION('center_axis',(-1.,0.,0.));
#8359=DIRECTION('ref_axis',(0.,-0.707106781186547,0.707106781186548));
#8360=DIRECTION('center_axis',(1.,0.,0.));
#8361=DIRECTION('ref_axis',(0.,0.,-1.));
#8362=DIRECTION('center_axis',(0.,0.,1.));
#8363=DIRECTION('ref_axis',(0.,-1.,0.));
#8364=DIRECTION('center_axis',(0.,1.,0.));
#8365=DIRECTION('ref_axis',(1.,0.,0.));
#8366=DIRECTION('center_axis',(-1.,0.,0.));
#8367=DIRECTION('ref_axis',(0.,0.707106781186547,0.707106781186547));
#8368=DIRECTION('center_axis',(0.,1.,0.));
#8369=DIRECTION('ref_axis',(0.707106781186549,0.,-0.707106781186546));
#8370=DIRECTION('center_axis',(0.,1.,0.));
#8371=DIRECTION('ref_axis',(1.,0.,0.));
#8372=DIRECTION('',(0.,1.,0.));
#8373=DIRECTION('center_axis',(1.,0.,0.));
#8374=DIRECTION('ref_axis',(0.,0.,-1.));
#8375=DIRECTION('center_axis',(0.,0.,1.));
#8376=DIRECTION('ref_axis',(1.,0.,0.));
#8377=DIRECTION('center_axis',(0.,0.,1.));
#8378=DIRECTION('ref_axis',(0.707106781186548,0.707106781186547,0.));
#8379=DIRECTION('center_axis',(0.,0.,1.));
#8380=DIRECTION('ref_axis',(1.,0.,0.));
#8381=DIRECTION('center_axis',(1.,0.,0.));
#8382=DIRECTION('ref_axis',(0.,0.,-1.));
#8383=DIRECTION('center_axis',(0.,-1.,0.));
#8384=DIRECTION('ref_axis',(1.,0.,0.));
#8385=DIRECTION('center_axis',(0.,-1.,0.));
#8386=DIRECTION('ref_axis',(0.707106781186548,0.,0.707106781186547));
#8387=DIRECTION('center_axis',(0.,-1.,0.));
#8388=DIRECTION('ref_axis',(1.,0.,0.));
#8389=DIRECTION('center_axis',(1.,0.,0.));
#8390=DIRECTION('ref_axis',(0.,0.,-1.));
#8391=DIRECTION('center_axis',(0.,0.,-1.));
#8392=DIRECTION('ref_axis',(1.,0.,0.));
#8393=DIRECTION('center_axis',(-1.,0.,0.));
#8394=DIRECTION('ref_axis',(0.,0.707106781186548,-0.707106781186547));
#8395=DIRECTION('center_axis',(0.,0.,-1.));
#8396=DIRECTION('ref_axis',(0.707106781186549,-0.707106781186546,0.));
#8397=DIRECTION('',(0.,0.,-1.));
#8398=DIRECTION('center_axis',(-1.,0.,0.));
#8399=DIRECTION('ref_axis',(0.,0.707106781186547,-0.707106781186547));
#8400=DIRECTION('',(-1.,0.,0.));
#8401=DIRECTION('center_axis',(0.,1.,0.));
#8402=DIRECTION('ref_axis',(0.,0.,-1.));
#8403=DIRECTION('',(1.,0.,0.));
#8404=DIRECTION('center_axis',(-1.,0.,0.));
#8405=DIRECTION('ref_axis',(0.,0.707106781186547,0.707106781186547));
#8406=DIRECTION('',(-1.,0.,0.));
#8407=DIRECTION('center_axis',(-1.,4.03651366297001E-33,0.));
#8408=DIRECTION('ref_axis',(0.,0.,1.));
#8409=DIRECTION('center_axis',(0.,0.,1.));
#8410=DIRECTION('ref_axis',(0.,1.,0.));
#8411=DIRECTION('center_axis',(0.,-1.,0.));
#8412=DIRECTION('ref_axis',(-1.,0.,0.));
#8413=DIRECTION('center_axis',(1.,-4.03651366297001E-33,0.));
#8414=DIRECTION('ref_axis',(0.,-0.707106781186548,0.707106781186547));
#8415=DIRECTION('center_axis',(-4.03651366297001E-33,-1.,0.));
#8416=DIRECTION('ref_axis',(-0.707106781186542,0.,-0.707106781186553));
#8417=DIRECTION('center_axis',(0.,-1.,0.));
#8418=DIRECTION('ref_axis',(-1.,0.,0.));
#8419=DIRECTION('',(-4.03651366297001E-33,-1.,0.));
#8420=DIRECTION('center_axis',(-1.,4.03651366297001E-33,0.));
#8421=DIRECTION('ref_axis',(0.,0.,1.));
#8422=DIRECTION('center_axis',(0.,0.,1.));
#8423=DIRECTION('ref_axis',(-1.,0.,0.));
#8424=DIRECTION('center_axis',(1.,-4.03651366297001E-33,0.));
#8425=DIRECTION('ref_axis',(0.,0.707106781186548,0.707106781186547));
#8426=DIRECTION('center_axis',(0.,0.,1.));
#8427=DIRECTION('ref_axis',(-0.707106781186549,-0.707106781186546,0.));
#8428=DIRECTION('center_axis',(0.,0.,1.));
#8429=DIRECTION('ref_axis',(-1.,0.,0.));
#8430=DIRECTION('',(0.,0.,1.));
#8431=DIRECTION('center_axis',(-1.,4.03651366297001E-33,0.));
#8432=DIRECTION('ref_axis',(0.,0.,1.));
#8433=DIRECTION('center_axis',(0.,1.,0.));
#8434=DIRECTION('ref_axis',(-1.,0.,0.));
#8435=DIRECTION('center_axis',(1.,-4.03651366297001E-33,0.));
#8436=DIRECTION('ref_axis',(0.,0.707106781186547,-0.707106781186548));
#8437=DIRECTION('center_axis',(4.03651366297001E-33,1.,0.));
#8438=DIRECTION('ref_axis',(-0.707106781186555,0.,0.70710678118654));
#8439=DIRECTION('center_axis',(0.,1.,0.));
#8440=DIRECTION('ref_axis',(-1.,0.,0.));
#8441=DIRECTION('',(4.03651366297001E-33,1.,0.));
#8442=DIRECTION('center_axis',(-1.,4.03651366297001E-33,0.));
#8443=DIRECTION('ref_axis',(0.,0.,1.));
#8444=DIRECTION('center_axis',(0.,0.,-1.));
#8445=DIRECTION('ref_axis',(-1.,0.,0.));
#8446=DIRECTION('center_axis',(1.,-4.03651366297001E-33,0.));
#8447=DIRECTION('ref_axis',(0.,-0.707106781186548,-0.707106781186547));
#8448=DIRECTION('center_axis',(0.,0.,-1.));
#8449=DIRECTION('ref_axis',(-0.707106781186547,0.707106781186548,0.));
#8450=DIRECTION('',(0.,0.,-1.));
#8451=DIRECTION('center_axis',(0.,0.,-1.));
#8452=DIRECTION('ref_axis',(0.,-1.,0.));
#8453=DIRECTION('',(-1.,0.,0.));
#8454=DIRECTION('',(0.,-1.,0.));
#8455=DIRECTION('',(1.,0.,0.));
#8456=DIRECTION('center_axis',(-1.,0.,0.));
#8457=DIRECTION('ref_axis',(0.,-0.707106781186547,-0.707106781186547));
#8458=DIRECTION('',(1.,0.,0.));
#8459=DIRECTION('center_axis',(-1.,0.,0.));
#8460=DIRECTION('ref_axis',(0.,-0.707106781186548,-0.707106781186547));
#8461=DIRECTION('center_axis',(0.,-1.,0.));
#8462=DIRECTION('ref_axis',(0.,0.,1.));
#8463=DIRECTION('',(-1.,0.,0.));
#8464=DIRECTION('',(0.,0.,1.));
#8465=DIRECTION('center_axis',(-1.,0.,0.));
#8466=DIRECTION('ref_axis',(0.,-0.707106781186547,0.707106781186547));
#8467=DIRECTION('',(1.,0.,0.));
#8468=DIRECTION('center_axis',(-1.,0.,0.));
#8469=DIRECTION('ref_axis',(0.,-0.707106781186548,0.707106781186547));
#8470=DIRECTION('center_axis',(1.,0.,0.));
#8471=DIRECTION('ref_axis',(0.,0.,-1.));
#8472=DIRECTION('center_axis',(0.,0.,-1.));
#8473=DIRECTION('ref_axis',(0.,1.,0.));
#8474=DIRECTION('center_axis',(0.,-1.,0.));
#8475=DIRECTION('ref_axis',(1.,0.,0.));
#8476=DIRECTION('center_axis',(0.,-1.,0.));
#8477=DIRECTION('ref_axis',(0.707106781186555,0.,0.70710678118654));
#8478=DIRECTION('center_axis',(0.,-1.,0.));
#8479=DIRECTION('ref_axis',(1.,0.,0.));
#8480=DIRECTION('center_axis',(1.,0.,0.));
#8481=DIRECTION('ref_axis',(0.,0.,-1.));
#8482=DIRECTION('center_axis',(0.,0.,-1.));
#8483=DIRECTION('ref_axis',(1.,0.,0.));
#8484=DIRECTION('center_axis',(-1.,0.,0.));
#8485=DIRECTION('ref_axis',(0.,0.707106781186547,-0.707106781186548));
#8486=DIRECTION('center_axis',(0.,0.,-1.));
#8487=DIRECTION('ref_axis',(0.707106781186549,-0.707106781186546,0.));
#8488=DIRECTION('center_axis',(0.,0.,-1.));
#8489=DIRECTION('ref_axis',(1.,0.,0.));
#8490=DIRECTION('',(0.,0.,-1.));
#8491=DIRECTION('center_axis',(1.,0.,0.));
#8492=DIRECTION('ref_axis',(0.,0.,-1.));
#8493=DIRECTION('center_axis',(0.,1.,0.));
#8494=DIRECTION('ref_axis',(1.,0.,0.));
#8495=DIRECTION('center_axis',(-1.,0.,0.));
#8496=DIRECTION('ref_axis',(0.,0.707106781186548,0.707106781186547));
#8497=DIRECTION('center_axis',(0.,1.,0.));
#8498=DIRECTION('ref_axis',(0.707106781186543,0.,-0.707106781186552));
#8499=DIRECTION('center_axis',(0.,1.,0.));
#8500=DIRECTION('ref_axis',(1.,0.,0.));
#8501=DIRECTION('',(0.,1.,0.));
#8502=DIRECTION('center_axis',(1.,0.,0.));
#8503=DIRECTION('ref_axis',(0.,0.,-1.));
#8504=DIRECTION('center_axis',(0.,0.,1.));
#8505=DIRECTION('ref_axis',(1.,0.,0.));
#8506=DIRECTION('center_axis',(0.,0.,1.));
#8507=DIRECTION('ref_axis',(0.707106781186548,0.707106781186547,0.));
#8508=DIRECTION('center_axis',(0.,0.,1.));
#8509=DIRECTION('ref_axis',(0.,1.,0.));
#8510=DIRECTION('',(-1.,0.,0.));
#8511=DIRECTION('center_axis',(-1.,4.03651366297001E-33,0.));
#8512=DIRECTION('ref_axis',(0.,0.,1.));
#8513=DIRECTION('center_axis',(0.,0.,1.));
#8514=DIRECTION('ref_axis',(0.,1.,0.));
#8515=DIRECTION('center_axis',(0.,-1.,0.));
#8516=DIRECTION('ref_axis',(-1.,0.,0.));
#8517=DIRECTION('center_axis',(1.,-4.03651366297001E-33,0.));
#8518=DIRECTION('ref_axis',(0.,-0.707106781186548,0.707106781186547));
#8519=DIRECTION('center_axis',(-4.03651366297001E-33,-1.,0.));
#8520=DIRECTION('ref_axis',(-0.707106781186555,0.,-0.70710678118654));
#8521=DIRECTION('center_axis',(0.,-1.,0.));
#8522=DIRECTION('ref_axis',(-1.,0.,0.));
#8523=DIRECTION('',(-4.03651366297001E-33,-1.,0.));
#8524=DIRECTION('center_axis',(-1.,4.03651366297001E-33,0.));
#8525=DIRECTION('ref_axis',(0.,0.,1.));
#8526=DIRECTION('center_axis',(0.,0.,1.));
#8527=DIRECTION('ref_axis',(-1.,0.,0.));
#8528=DIRECTION('center_axis',(1.,-4.03651366297001E-33,0.));
#8529=DIRECTION('ref_axis',(0.,0.707106781186548,0.707106781186547));
#8530=DIRECTION('center_axis',(0.,0.,1.));
#8531=DIRECTION('ref_axis',(-0.707106781186549,-0.707106781186546,0.));
#8532=DIRECTION('center_axis',(0.,0.,1.));
#8533=DIRECTION('ref_axis',(-1.,0.,0.));
#8534=DIRECTION('',(0.,0.,1.));
#8535=DIRECTION('center_axis',(-1.,4.03651366297001E-33,0.));
#8536=DIRECTION('ref_axis',(0.,0.,1.));
#8537=DIRECTION('center_axis',(0.,1.,0.));
#8538=DIRECTION('ref_axis',(-1.,0.,0.));
#8539=DIRECTION('center_axis',(1.,-4.03651366297001E-33,0.));
#8540=DIRECTION('ref_axis',(0.,0.707106781186547,-0.707106781186547));
#8541=DIRECTION('center_axis',(4.03651366297001E-33,1.,0.));
#8542=DIRECTION('ref_axis',(-0.707106781186549,0.,0.707106781186546));
#8543=DIRECTION('center_axis',(0.,1.,0.));
#8544=DIRECTION('ref_axis',(-1.,0.,0.));
#8545=DIRECTION('',(4.03651366297001E-33,1.,0.));
#8546=DIRECTION('center_axis',(-1.,4.03651366297001E-33,0.));
#8547=DIRECTION('ref_axis',(0.,0.,1.));
#8548=DIRECTION('center_axis',(0.,0.,-1.));
#8549=DIRECTION('ref_axis',(-1.,0.,0.));
#8550=DIRECTION('center_axis',(1.,-4.03651366297001E-33,0.));
#8551=DIRECTION('ref_axis',(0.,-0.707106781186547,-0.707106781186548));
#8552=DIRECTION('center_axis',(0.,0.,-1.));
#8553=DIRECTION('ref_axis',(-0.707106781186547,0.707106781186548,0.));
#8554=DIRECTION('',(0.,0.,-1.));
#8555=DIRECTION('center_axis',(0.,0.,-1.));
#8556=DIRECTION('ref_axis',(0.,-1.,0.));
#8557=DIRECTION('',(-1.,0.,0.));
#8558=DIRECTION('',(0.,-1.,0.));
#8559=DIRECTION('',(1.,0.,0.));
#8560=DIRECTION('center_axis',(-1.,0.,0.));
#8561=DIRECTION('ref_axis',(0.,-0.707106781186547,-0.707106781186547));
#8562=DIRECTION('',(1.,0.,0.));
#8563=DIRECTION('center_axis',(-1.,0.,0.));
#8564=DIRECTION('ref_axis',(0.,-0.707106781186547,-0.707106781186548));
#8565=DIRECTION('center_axis',(0.,-1.,0.));
#8566=DIRECTION('ref_axis',(0.,0.,1.));
#8567=DIRECTION('',(-1.,0.,0.));
#8568=DIRECTION('',(0.,0.,1.));
#8569=DIRECTION('center_axis',(-1.,0.,0.));
#8570=DIRECTION('ref_axis',(0.,-0.707106781186547,0.707106781186547));
#8571=DIRECTION('',(1.,0.,0.));
#8572=DIRECTION('center_axis',(-1.,0.,0.));
#8573=DIRECTION('ref_axis',(0.,-0.707106781186548,0.707106781186547));
#8574=DIRECTION('center_axis',(1.,0.,0.));
#8575=DIRECTION('ref_axis',(0.,0.,-1.));
#8576=DIRECTION('center_axis',(0.,0.,1.));
#8577=DIRECTION('ref_axis',(0.,-1.,0.));
#8578=DIRECTION('center_axis',(0.,1.,0.));
#8579=DIRECTION('ref_axis',(1.,0.,0.));
#8580=DIRECTION('center_axis',(-1.,0.,0.));
#8581=DIRECTION('ref_axis',(0.,0.707106781186548,0.707106781186547));
#8582=DIRECTION('center_axis',(0.,1.,0.));
#8583=DIRECTION('ref_axis',(0.707106781186555,0.,-0.70710678118654));
#8584=DIRECTION('center_axis',(0.,1.,0.));
#8585=DIRECTION('ref_axis',(1.,0.,0.));
#8586=DIRECTION('',(0.,1.,0.));
#8587=DIRECTION('center_axis',(1.,0.,0.));
#8588=DIRECTION('ref_axis',(0.,0.,-1.));
#8589=DIRECTION('center_axis',(0.,0.,1.));
#8590=DIRECTION('ref_axis',(1.,0.,0.));
#8591=DIRECTION('center_axis',(0.,0.,1.));
#8592=DIRECTION('ref_axis',(0.707106781186548,0.707106781186547,0.));
#8593=DIRECTION('center_axis',(0.,0.,1.));
#8594=DIRECTION('ref_axis',(1.,0.,0.));
#8595=DIRECTION('center_axis',(1.,0.,0.));
#8596=DIRECTION('ref_axis',(0.,0.,-1.));
#8597=DIRECTION('center_axis',(0.,-1.,0.));
#8598=DIRECTION('ref_axis',(1.,0.,0.));
#8599=DIRECTION('center_axis',(0.,-1.,0.));
#8600=DIRECTION('ref_axis',(0.707106781186549,0.,0.707106781186546));
#8601=DIRECTION('center_axis',(0.,-1.,0.));
#8602=DIRECTION('ref_axis',(1.,0.,0.));
#8603=DIRECTION('center_axis',(1.,0.,0.));
#8604=DIRECTION('ref_axis',(0.,0.,-1.));
#8605=DIRECTION('center_axis',(0.,0.,-1.));
#8606=DIRECTION('ref_axis',(1.,0.,0.));
#8607=DIRECTION('center_axis',(-1.,0.,0.));
#8608=DIRECTION('ref_axis',(0.,0.707106781186547,-0.707106781186547));
#8609=DIRECTION('center_axis',(0.,0.,-1.));
#8610=DIRECTION('ref_axis',(0.707106781186549,-0.707106781186546,0.));
#8611=DIRECTION('',(0.,0.,-1.));
#8612=DIRECTION('center_axis',(-1.,0.,0.));
#8613=DIRECTION('ref_axis',(0.,0.707106781186547,-0.707106781186547));
#8614=DIRECTION('',(-1.,0.,0.));
#8615=DIRECTION('center_axis',(0.,1.,0.));
#8616=DIRECTION('ref_axis',(0.,0.,-1.));
#8617=DIRECTION('',(1.,0.,0.));
#8618=DIRECTION('center_axis',(-1.,0.,0.));
#8619=DIRECTION('ref_axis',(0.,0.707106781186547,0.707106781186547));
#8620=DIRECTION('',(-1.,0.,0.));
#8621=DIRECTION('center_axis',(-1.,0.,0.));
#8622=DIRECTION('ref_axis',(0.,0.707106781186547,0.707106781186547));
#8623=DIRECTION('',(1.,0.,0.));
#8624=DIRECTION('center_axis',(-1.,0.,0.));
#8625=DIRECTION('ref_axis',(0.,0.70710678118655,-0.707106781186545));
#8626=DIRECTION('',(-1.,0.,0.));
#8627=DIRECTION('center_axis',(0.,1.,0.));
#8628=DIRECTION('ref_axis',(0.,0.,-1.));
#8629=DIRECTION('center_axis',(0.,0.,1.));
#8630=DIRECTION('ref_axis',(0.,1.,0.));
#8631=DIRECTION('center_axis',(0.,0.,1.));
#8632=DIRECTION('ref_axis',(0.,1.,0.));
#8633=DIRECTION('center_axis',(-1.,0.,0.));
#8634=DIRECTION('ref_axis',(0.,0.,1.));
#8635=DIRECTION('',(0.,1.,0.));
#8636=DIRECTION('',(0.,0.5,0.866025403784439));
#8637=DIRECTION('',(0.,1.,0.));
#8638=DIRECTION('',(0.,0.5,-0.866025403784439));
#8639=DIRECTION('',(0.,1.,0.));
#8640=DIRECTION('',(0.,0.5,0.866025403784439));
#8641=DIRECTION('',(0.,1.,0.));
#8642=DIRECTION('',(0.,-0.999969118698758,0.00785885798499015));
#8643=DIRECTION('',(0.,-0.493178588689643,0.869928088785557));
#8644=DIRECTION('',(0.,-0.5,-0.866025403784439));
#8645=DIRECTION('',(0.,-1.,0.));
#8646=DIRECTION('',(0.,-0.499999999999999,0.866025403784439));
#8647=DIRECTION('',(0.,-0.499999999999999,-0.866025403784439));
#8648=DIRECTION('',(0.,-1.,0.));
#8649=DIRECTION('',(0.,-0.5,0.866025403784439));
#8650=DIRECTION('',(0.,-0.493178588689643,-0.869928088785557));
#8651=DIRECTION('',(0.,-0.999969118698758,-0.00785885798499015));
#8652=DIRECTION('',(0.,0.,-1.));
#8653=DIRECTION('',(0.,1.,0.));
#8654=DIRECTION('',(0.,0.5,-0.866025403784439));
#8655=DIRECTION('',(0.,1.,0.));
#8656=DIRECTION('',(0.,0.5,0.866025403784439));
#8657=DIRECTION('',(0.,1.,0.));
#8658=DIRECTION('',(0.,0.5,-0.866025403784439));
#8659=DIRECTION('',(0.,0.5,0.866025403784439));
#8660=DIRECTION('',(0.,1.,0.));
#8661=DIRECTION('',(0.,0.5,-0.866025403784439));
#8662=DIRECTION('',(0.,-0.5,-0.866025403784438));
#8663=DIRECTION('',(0.,-1.,0.));
#8664=DIRECTION('',(0.,-0.5,0.866025403784439));
#8665=DIRECTION('',(0.,0.5,-0.866025403784439));
#8666=DIRECTION('',(0.,-0.500000000000001,-0.866025403784438));
#8667=DIRECTION('',(0.,-1.,0.));
#8668=DIRECTION('',(0.,-0.5,0.866025403784439));
#8669=DIRECTION('',(0.,0.5,0.866025403784439));
#8670=DIRECTION('',(0.,1.,0.));
#8671=DIRECTION('',(0.,0.5,0.866025403784439));
#8672=DIRECTION('',(0.,1.,0.));
#8673=DIRECTION('',(0.,0.5,-0.866025403784439));
#8674=DIRECTION('',(0.,-0.5,-0.866025403784439));
#8675=DIRECTION('',(0.,-1.,0.));
#8676=DIRECTION('',(0.,-0.500000000000001,0.866025403784438));
#8677=DIRECTION('center_axis',(-1.,0.,0.));
#8678=DIRECTION('ref_axis',(0.,0.,1.));
#8679=DIRECTION('',(0.,0.5,0.866025403784439));
#8680=DIRECTION('',(0.,1.,0.));
#8681=DIRECTION('',(0.,0.5,-0.866025403784439));
#8682=DIRECTION('',(0.,0.5,0.866025403784439));
#8683=DIRECTION('',(0.,1.,0.));
#8684=DIRECTION('',(0.,0.,1.));
#8685=DIRECTION('',(0.,-0.999969118698758,0.00785885798499015));
#8686=DIRECTION('',(0.,-0.493178588689643,0.869928088785557));
#8687=DIRECTION('',(0.,-0.5,-0.866025403784439));
#8688=DIRECTION('',(0.,-1.,0.));
#8689=DIRECTION('',(0.,-0.499999999999999,0.866025403784439));
#8690=DIRECTION('',(0.,-0.499999999999999,-0.866025403784439));
#8691=DIRECTION('',(0.,-1.,0.));
#8692=DIRECTION('',(0.,-0.5,0.866025403784439));
#8693=DIRECTION('',(0.,-0.493178588689643,-0.869928088785557));
#8694=DIRECTION('',(0.,-0.999969118698758,-0.00785885798499015));
#8695=DIRECTION('',(0.,1.,0.));
#8696=DIRECTION('',(0.,0.5,-0.866025403784439));
#8697=DIRECTION('',(0.,0.5,0.866025403784439));
#8698=DIRECTION('',(0.,1.,0.));
#8699=DIRECTION('',(0.,0.5,-0.866025403784439));
#8700=DIRECTION('',(0.,0.5,-0.866025403784439));
#8701=DIRECTION('',(0.,-0.500000000000001,-0.866025403784438));
#8702=DIRECTION('',(0.,-1.,0.));
#8703=DIRECTION('',(0.,-0.5,0.866025403784439));
#8704=DIRECTION('',(0.,0.5,0.866025403784439));
#8705=DIRECTION('',(0.,1.,0.));
#8706=DIRECTION('',(0.,0.5,0.866025403784439));
#8707=DIRECTION('',(0.,1.,0.));
#8708=DIRECTION('',(0.,0.5,-0.866025403784439));
#8709=DIRECTION('',(0.,-0.5,-0.866025403784439));
#8710=DIRECTION('',(0.,-1.,0.));
#8711=DIRECTION('',(0.,-0.500000000000001,0.866025403784438));
#8712=DIRECTION('',(0.,0.5,0.866025403784439));
#8713=DIRECTION('',(0.,1.,0.));
#8714=DIRECTION('',(0.,0.5,-0.866025403784439));
#8715=DIRECTION('',(0.,-0.5,-0.866025403784438));
#8716=DIRECTION('',(0.,-1.,0.));
#8717=DIRECTION('',(0.,-0.5,0.866025403784439));
#8718=DIRECTION('center_axis',(-1.,0.,0.));
#8719=DIRECTION('ref_axis',(0.,0.,1.));
#8720=DIRECTION('',(0.,0.5,0.866025403784439));
#8721=DIRECTION('',(0.,1.,0.));
#8722=DIRECTION('',(0.,0.5,-0.866025403784439));
#8723=DIRECTION('',(0.,0.5,0.866025403784439));
#8724=DIRECTION('',(0.,1.,0.));
#8725=DIRECTION('',(0.,0.,1.));
#8726=DIRECTION('',(0.,-0.999969118698758,0.00785885798499015));
#8727=DIRECTION('',(0.,-0.493178588689643,0.869928088785557));
#8728=DIRECTION('',(0.,-1.,0.));
#8729=DIRECTION('',(0.,-0.5,-0.866025403784439));
#8730=DIRECTION('',(0.,-1.,0.));
#8731=DIRECTION('',(0.,-0.499999999999999,0.866025403784439));
#8732=DIRECTION('',(0.,-1.,0.));
#8733=DIRECTION('',(0.,-0.499999999999999,-0.866025403784439));
#8734=DIRECTION('',(0.,-1.,0.));
#8735=DIRECTION('',(0.,-0.5,0.866025403784439));
#8736=DIRECTION('',(0.,-1.,0.));
#8737=DIRECTION('',(0.,-0.493178588689643,-0.869928088785557));
#8738=DIRECTION('',(0.,-0.999969118698758,-0.00785885798499015));
#8739=DIRECTION('',(0.,1.,0.));
#8740=DIRECTION('',(0.,0.5,-0.866025403784439));
#8741=DIRECTION('',(0.,0.5,0.866025403784439));
#8742=DIRECTION('',(0.,1.,0.));
#8743=DIRECTION('',(0.,0.5,-0.866025403784439));
#8744=DIRECTION('',(0.,-1.,0.));
#8745=DIRECTION('',(0.,-0.5,0.866025403784439));
#8746=DIRECTION('',(0.,0.5,0.866025403784439));
#8747=DIRECTION('',(0.,1.,0.));
#8748=DIRECTION('',(0.,0.5,-0.866025403784439));
#8749=DIRECTION('',(0.,-0.500000000000001,-0.866025403784438));
#8750=DIRECTION('',(0.,0.5,0.866025403784439));
#8751=DIRECTION('',(0.,1.,0.));
#8752=DIRECTION('',(0.,0.5,-0.866025403784439));
#8753=DIRECTION('',(0.,-0.5,-0.866025403784439));
#8754=DIRECTION('',(0.,-1.,0.));
#8755=DIRECTION('',(0.,-0.5,0.866025403784439));
#8756=DIRECTION('',(0.,-1.,0.));
#8757=DIRECTION('',(0.,-0.500000000000001,0.866025403784438));
#8758=DIRECTION('',(0.,0.5,0.866025403784439));
#8759=DIRECTION('',(0.,1.,0.));
#8760=DIRECTION('',(0.,0.5,-0.866025403784439));
#8761=DIRECTION('',(0.,-0.5,-0.866025403784439));
#8762=DIRECTION('center_axis',(0.,-0.866025403784439,-0.5));
#8763=DIRECTION('ref_axis',(0.,-0.5,0.866025403784439));
#8764=DIRECTION('',(-1.,0.,0.));
#8765=DIRECTION('',(-1.,0.,0.));
#8766=DIRECTION('center_axis',(0.,0.,-1.));
#8767=DIRECTION('ref_axis',(0.,-1.,0.));
#8768=DIRECTION('',(-1.,0.,0.));
#8769=DIRECTION('center_axis',(0.,0.866025403784439,-0.5));
#8770=DIRECTION('ref_axis',(0.,-0.5,-0.866025403784439));
#8771=DIRECTION('',(-1.,0.,0.));
#8772=DIRECTION('center_axis',(0.,0.,1.));
#8773=DIRECTION('ref_axis',(0.,1.,0.));
#8774=DIRECTION('',(-1.,0.,0.));
#8775=DIRECTION('',(-1.,0.,0.));
#8776=DIRECTION('center_axis',(0.,-0.866025403784438,0.500000000000001));
#8777=DIRECTION('ref_axis',(0.,0.500000000000001,0.866025403784438));
#8778=DIRECTION('',(-1.,0.,0.));
#8779=DIRECTION('center_axis',(0.,-0.866025403784439,-0.5));
#8780=DIRECTION('ref_axis',(0.,-0.5,0.866025403784439));
#8781=DIRECTION('',(-1.,0.,0.));
#8782=DIRECTION('center_axis',(0.,-0.866025403784439,-0.5));
#8783=DIRECTION('ref_axis',(0.,-0.5,0.866025403784439));
#8784=DIRECTION('',(-1.,0.,0.));
#8785=DIRECTION('',(-1.,0.,0.));
#8786=DIRECTION('center_axis',(0.,0.,-1.));
#8787=DIRECTION('ref_axis',(0.,-1.,0.));
#8788=DIRECTION('',(-1.,0.,0.));
#8789=DIRECTION('center_axis',(0.,0.866025403784439,-0.5));
#8790=DIRECTION('ref_axis',(0.,-0.5,-0.866025403784439));
#8791=DIRECTION('',(-1.,0.,0.));
#8792=DIRECTION('center_axis',(0.,0.866025403784439,0.499999999999999));
#8793=DIRECTION('ref_axis',(0.,0.499999999999999,-0.866025403784439));
#8794=DIRECTION('',(-1.,0.,0.));
#8795=DIRECTION('center_axis',(0.,0.,1.));
#8796=DIRECTION('ref_axis',(0.,1.,0.));
#8797=DIRECTION('',(-1.,0.,0.));
#8798=DIRECTION('center_axis',(0.,-0.866025403784439,0.5));
#8799=DIRECTION('ref_axis',(0.,0.5,0.866025403784439));
#8800=DIRECTION('center_axis',(0.,0.869928088785557,0.493178588689643));
#8801=DIRECTION('ref_axis',(0.,0.493178588689643,-0.869928088785557));
#8802=DIRECTION('',(-1.,0.,0.));
#8803=DIRECTION('center_axis',(0.,0.00785885798499015,0.999969118698758));
#8804=DIRECTION('ref_axis',(0.,0.999969118698758,-0.00785885798499015));
#8805=DIRECTION('center_axis',(0.,0.,-1.));
#8806=DIRECTION('ref_axis',(0.,-1.,0.));
#8807=DIRECTION('',(-1.,0.,0.));
#8808=DIRECTION('center_axis',(0.,0.866025403784439,-0.5));
#8809=DIRECTION('ref_axis',(0.,-0.5,-0.866025403784439));
#8810=DIRECTION('',(-1.,0.,0.));
#8811=DIRECTION('center_axis',(0.,-0.866025403784439,-0.5));
#8812=DIRECTION('ref_axis',(0.,-0.5,0.866025403784439));
#8813=DIRECTION('',(-1.,0.,0.));
#8814=DIRECTION('',(-1.,0.,0.));
#8815=DIRECTION('center_axis',(0.,0.,-1.));
#8816=DIRECTION('ref_axis',(0.,-1.,0.));
#8817=DIRECTION('',(-1.,0.,0.));
#8818=DIRECTION('center_axis',(0.,0.866025403784439,-0.5));
#8819=DIRECTION('ref_axis',(0.,-0.5,-0.866025403784439));
#8820=DIRECTION('',(-1.,0.,0.));
#8821=DIRECTION('center_axis',(0.,-0.866025403784439,-0.5));
#8822=DIRECTION('ref_axis',(0.,-0.5,0.866025403784439));
#8823=DIRECTION('',(-1.,0.,0.));
#8824=DIRECTION('',(-1.,0.,0.));
#8825=DIRECTION('center_axis',(0.,0.,-1.));
#8826=DIRECTION('ref_axis',(0.,-1.,0.));
#8827=DIRECTION('',(-1.,0.,0.));
#8828=DIRECTION('center_axis',(0.,0.866025403784439,-0.5));
#8829=DIRECTION('ref_axis',(0.,-0.5,-0.866025403784439));
#8830=DIRECTION('',(-1.,0.,0.));
#8831=DIRECTION('center_axis',(0.,-0.866025403784439,-0.5));
#8832=DIRECTION('ref_axis',(0.,-0.5,0.866025403784439));
#8833=DIRECTION('',(-1.,0.,0.));
#8834=DIRECTION('',(-1.,0.,0.));
#8835=DIRECTION('center_axis',(0.,0.,-1.));
#8836=DIRECTION('ref_axis',(0.,-1.,0.));
#8837=DIRECTION('',(-1.,0.,0.));
#8838=DIRECTION('center_axis',(0.,0.866025403784439,-0.5));
#8839=DIRECTION('ref_axis',(0.,-0.5,-0.866025403784439));
#8840=DIRECTION('',(-1.,0.,0.));
#8841=DIRECTION('center_axis',(0.,0.,1.));
#8842=DIRECTION('ref_axis',(0.,1.,0.));
#8843=DIRECTION('',(-1.,0.,0.));
#8844=DIRECTION('',(-1.,0.,0.));
#8845=DIRECTION('center_axis',(0.,-0.866025403784438,0.500000000000001));
#8846=DIRECTION('ref_axis',(0.,0.500000000000001,0.866025403784438));
#8847=DIRECTION('',(-1.,0.,0.));
#8848=DIRECTION('center_axis',(0.,-0.866025403784439,-0.5));
#8849=DIRECTION('ref_axis',(0.,-0.5,0.866025403784439));
#8850=DIRECTION('',(-1.,0.,0.));
#8851=DIRECTION('center_axis',(0.,0.866025403784439,0.499999999999999));
#8852=DIRECTION('ref_axis',(0.,0.499999999999999,-0.866025403784439));
#8853=DIRECTION('',(-1.,0.,0.));
#8854=DIRECTION('center_axis',(0.,0.,1.));
#8855=DIRECTION('ref_axis',(0.,1.,0.));
#8856=DIRECTION('',(-1.,0.,0.));
#8857=DIRECTION('center_axis',(0.,-0.866025403784439,0.5));
#8858=DIRECTION('ref_axis',(0.,0.5,0.866025403784439));
#8859=DIRECTION('center_axis',(0.,0.869928088785557,0.493178588689643));
#8860=DIRECTION('ref_axis',(0.,0.493178588689643,-0.869928088785557));
#8861=DIRECTION('',(-1.,0.,0.));
#8862=DIRECTION('center_axis',(0.,0.00785885798499015,0.999969118698758));
#8863=DIRECTION('ref_axis',(0.,0.999969118698758,-0.00785885798499015));
#8864=DIRECTION('',(-1.,0.,0.));
#8865=DIRECTION('center_axis',(0.,0.,-1.));
#8866=DIRECTION('ref_axis',(0.,-1.,0.));
#8867=DIRECTION('',(-1.,0.,0.));
#8868=DIRECTION('',(-1.,0.,0.));
#8869=DIRECTION('center_axis',(0.,0.866025403784439,-0.5));
#8870=DIRECTION('ref_axis',(0.,-0.5,-0.866025403784439));
#8871=DIRECTION('center_axis',(0.,-0.866025403784439,-0.5));
#8872=DIRECTION('ref_axis',(0.,-0.5,0.866025403784439));
#8873=DIRECTION('',(-1.,0.,0.));
#8874=DIRECTION('center_axis',(0.,0.,-1.));
#8875=DIRECTION('ref_axis',(0.,-1.,0.));
#8876=DIRECTION('',(-1.,0.,0.));
#8877=DIRECTION('center_axis',(0.,0.866025403784439,-0.5));
#8878=DIRECTION('ref_axis',(0.,-0.5,-0.866025403784439));
#8879=DIRECTION('center_axis',(0.,0.866025403784439,-0.5));
#8880=DIRECTION('ref_axis',(0.,-0.5,-0.866025403784439));
#8881=DIRECTION('',(-1.,0.,0.));
#8882=DIRECTION('',(-1.,0.,0.));
#8883=DIRECTION('center_axis',(0.,0.866025403784438,0.500000000000001));
#8884=DIRECTION('ref_axis',(0.,0.500000000000001,-0.866025403784438));
#8885=DIRECTION('',(-1.,0.,0.));
#8886=DIRECTION('center_axis',(0.,0.,1.));
#8887=DIRECTION('ref_axis',(0.,1.,0.));
#8888=DIRECTION('',(-1.,0.,0.));
#8889=DIRECTION('center_axis',(0.,-0.866025403784439,-0.5));
#8890=DIRECTION('ref_axis',(0.,-0.5,0.866025403784439));
#8891=DIRECTION('',(-1.,0.,0.));
#8892=DIRECTION('',(-1.,0.,0.));
#8893=DIRECTION('center_axis',(0.,0.,-1.));
#8894=DIRECTION('ref_axis',(0.,-1.,0.));
#8895=DIRECTION('',(-1.,0.,0.));
#8896=DIRECTION('center_axis',(0.,0.866025403784439,-0.5));
#8897=DIRECTION('ref_axis',(0.,-0.5,-0.866025403784439));
#8898=DIRECTION('',(-1.,0.,0.));
#8899=DIRECTION('center_axis',(0.,0.866025403784439,-0.5));
#8900=DIRECTION('ref_axis',(0.,-0.5,-0.866025403784439));
#8901=DIRECTION('',(-1.,0.,0.));
#8902=DIRECTION('',(-1.,0.,0.));
#8903=DIRECTION('center_axis',(0.,0.866025403784439,0.5));
#8904=DIRECTION('ref_axis',(0.,0.5,-0.866025403784439));
#8905=DIRECTION('',(-1.,0.,0.));
#8906=DIRECTION('center_axis',(0.,0.,1.));
#8907=DIRECTION('ref_axis',(0.,1.,0.));
#8908=DIRECTION('',(-1.,0.,0.));
#8909=DIRECTION('center_axis',(0.,0.866025403784439,0.499999999999999));
#8910=DIRECTION('ref_axis',(0.,0.499999999999999,-0.866025403784439));
#8911=DIRECTION('',(-1.,0.,0.));
#8912=DIRECTION('',(-1.,0.,0.));
#8913=DIRECTION('center_axis',(0.,0.,1.));
#8914=DIRECTION('ref_axis',(0.,1.,0.));
#8915=DIRECTION('',(-1.,0.,0.));
#8916=DIRECTION('center_axis',(0.,-0.866025403784439,0.5));
#8917=DIRECTION('ref_axis',(0.,0.5,0.866025403784439));
#8918=DIRECTION('',(-1.,0.,0.));
#8919=DIRECTION('center_axis',(0.,0.869928088785557,0.493178588689643));
#8920=DIRECTION('ref_axis',(0.,0.493178588689643,-0.869928088785557));
#8921=DIRECTION('',(-1.,0.,0.));
#8922=DIRECTION('',(-1.,0.,0.));
#8923=DIRECTION('center_axis',(0.,0.00785885798499015,0.999969118698758));
#8924=DIRECTION('ref_axis',(0.,0.999969118698758,-0.00785885798499015));
#8925=DIRECTION('',(-1.,0.,0.));
#8926=DIRECTION('center_axis',(0.,0.,-1.));
#8927=DIRECTION('ref_axis',(0.,-1.,0.));
#8928=DIRECTION('',(-1.,0.,0.));
#8929=DIRECTION('',(-1.,0.,0.));
#8930=DIRECTION('center_axis',(0.,0.866025403784439,-0.5));
#8931=DIRECTION('ref_axis',(0.,-0.5,-0.866025403784439));
#8932=DIRECTION('center_axis',(0.,-0.866025403784439,-0.5));
#8933=DIRECTION('ref_axis',(0.,-0.5,0.866025403784439));
#8934=DIRECTION('',(-1.,0.,0.));
#8935=DIRECTION('center_axis',(0.,0.,-1.));
#8936=DIRECTION('ref_axis',(0.,-1.,0.));
#8937=DIRECTION('',(-1.,0.,0.));
#8938=DIRECTION('center_axis',(0.,0.866025403784439,-0.5));
#8939=DIRECTION('ref_axis',(0.,-0.5,-0.866025403784439));
#8940=DIRECTION('center_axis',(1.,0.,0.));
#8941=DIRECTION('ref_axis',(0.,1.,0.));
#8942=DIRECTION('center_axis',(1.,0.,0.));
#8943=DIRECTION('ref_axis',(0.,1.,0.));
#8944=DIRECTION('',(-1.,0.,0.));
#8945=DIRECTION('center_axis',(1.,0.,0.));
#8946=DIRECTION('ref_axis',(0.,1.,0.));
#8947=DIRECTION('center_axis',(-1.,0.,0.));
#8948=DIRECTION('ref_axis',(0.,1.,0.));
#8949=DIRECTION('center_axis',(1.,0.,0.));
#8950=DIRECTION('ref_axis',(0.,1.,0.));
#8951=DIRECTION('center_axis',(1.,0.,0.));
#8952=DIRECTION('ref_axis',(0.,1.,0.));
#8953=DIRECTION('center_axis',(1.,0.,0.));
#8954=DIRECTION('ref_axis',(0.,1.,0.));
#8955=DIRECTION('',(0.,-0.499999999999999,0.866025403784439));
#8956=DIRECTION('center_axis',(1.,0.,0.));
#8957=DIRECTION('ref_axis',(0.,1.,0.));
#8958=DIRECTION('',(0.,-1.,0.));
#8959=DIRECTION('center_axis',(1.,0.,0.));
#8960=DIRECTION('ref_axis',(0.,1.,0.));
#8961=DIRECTION('center_axis',(-1.,0.,0.));
#8962=DIRECTION('ref_axis',(0.,1.,0.));
#8963=DIRECTION('',(-1.,0.,0.));
#8964=DIRECTION('center_axis',(1.,0.,0.));
#8965=DIRECTION('ref_axis',(0.,1.,0.));
#8966=DIRECTION('center_axis',(1.,0.,0.));
#8967=DIRECTION('ref_axis',(0.,-0.707106781186537,-0.707106781186558));
#8968=DIRECTION('',(1.,0.,0.));
#8969=DIRECTION('center_axis',(1.,0.,0.));
#8970=DIRECTION('ref_axis',(0.,1.,0.));
#8971=DIRECTION('',(1.,0.,0.));
#8972=DIRECTION('center_axis',(0.,0.,1.));
#8973=DIRECTION('ref_axis',(0.,-1.,0.));
#8974=DIRECTION('',(0.,-1.,0.));
#8975=DIRECTION('',(1.,0.,0.));
#8976=DIRECTION('center_axis',(1.,0.,0.));
#8977=DIRECTION('ref_axis',(0.,1.,0.));
#8978=DIRECTION('center_axis',(1.,0.,0.));
#8979=DIRECTION('ref_axis',(0.,1.,0.));
#8980=DIRECTION('',(1.,0.,0.));
#8981=DIRECTION('center_axis',(0.,1.,0.));
#8982=DIRECTION('ref_axis',(0.,0.,1.));
#8983=DIRECTION('',(0.,0.,1.));
#8984=DIRECTION('center_axis',(1.,0.,0.));
#8985=DIRECTION('ref_axis',(0.,1.,0.));
#8986=DIRECTION('center_axis',(1.,0.,0.));
#8987=DIRECTION('ref_axis',(0.,1.,0.));
#8988=DIRECTION('center_axis',(1.,0.,0.));
#8989=DIRECTION('ref_axis',(0.,1.,0.));
#8990=DIRECTION('center_axis',(-1.,0.,0.));
#8991=DIRECTION('ref_axis',(0.,1.,0.));
#8992=DIRECTION('',(-1.,0.,0.));
#8993=DIRECTION('center_axis',(1.,0.,0.));
#8994=DIRECTION('ref_axis',(0.,1.,0.));
#8995=DIRECTION('center_axis',(0.,0.,-1.));
#8996=DIRECTION('ref_axis',(0.,1.,0.));
#8997=DIRECTION('',(1.,0.,0.));
#8998=DIRECTION('',(0.,1.,0.));
#8999=DIRECTION('',(1.,0.,0.));
#9000=DIRECTION('center_axis',(1.,0.,0.));
#9001=DIRECTION('ref_axis',(0.,1.,0.));
#9002=DIRECTION('center_axis',(1.,0.,0.));
#9003=DIRECTION('ref_axis',(0.,1.,0.));
#9004=DIRECTION('',(1.,0.,0.));
#9005=DIRECTION('center_axis',(0.,-1.,0.));
#9006=DIRECTION('ref_axis',(0.,0.,-1.));
#9007=DIRECTION('',(0.,0.,-1.));
#9008=DIRECTION('',(1.,0.,0.));
#9009=DIRECTION('center_axis',(1.,0.,0.));
#9010=DIRECTION('ref_axis',(0.,1.,0.));
#9011=DIRECTION('center_axis',(1.,0.,0.));
#9012=DIRECTION('ref_axis',(0.,1.,0.));
#9013=DIRECTION('center_axis',(1.,0.,0.));
#9014=DIRECTION('ref_axis',(0.,1.,0.));
#9015=DIRECTION('center_axis',(1.,0.,0.));
#9016=DIRECTION('ref_axis',(0.,1.,0.));
#9017=DIRECTION('center_axis',(1.,0.,0.));
#9018=DIRECTION('ref_axis',(0.,1.,0.));
#9019=DIRECTION('center_axis',(-1.,0.,0.));
#9020=DIRECTION('ref_axis',(0.,1.,0.));
#9021=DIRECTION('',(-1.,0.,0.));
#9022=DIRECTION('center_axis',(1.,0.,0.));
#9023=DIRECTION('ref_axis',(0.,1.,0.));
#9024=DIRECTION('center_axis',(1.,0.,0.));
#9025=DIRECTION('ref_axis',(0.,1.,0.));
#9026=DIRECTION('',(1.,0.,0.));
#9027=DIRECTION('center_axis',(1.,0.,0.));
#9028=DIRECTION('ref_axis',(0.,1.,0.));
#9029=DIRECTION('',(1.,0.,0.));
#9030=DIRECTION('center_axis',(0.,0.,-1.));
#9031=DIRECTION('ref_axis',(0.,1.,0.));
#9032=DIRECTION('',(0.,1.,0.));
#9033=DIRECTION('',(1.,0.,0.));
#9034=DIRECTION('center_axis',(1.,0.,0.));
#9035=DIRECTION('ref_axis',(0.,-0.70710678118655,0.707106781186545));
#9036=DIRECTION('center_axis',(1.,0.,0.));
#9037=DIRECTION('ref_axis',(0.,1.,0.));
#9038=DIRECTION('',(1.,0.,0.));
#9039=DIRECTION('center_axis',(0.,1.,0.));
#9040=DIRECTION('ref_axis',(0.,0.,1.));
#9041=DIRECTION('',(0.,0.,1.));
#9042=DIRECTION('center_axis',(1.,0.,0.));
#9043=DIRECTION('ref_axis',(0.,1.,0.));
#9044=DIRECTION('center_axis',(1.,0.,0.));
#9045=DIRECTION('ref_axis',(0.,1.,0.));
#9046=DIRECTION('center_axis',(1.,0.,0.));
#9047=DIRECTION('ref_axis',(0.,1.,0.));
#9048=DIRECTION('center_axis',(-1.,0.,0.));
#9049=DIRECTION('ref_axis',(0.,1.,0.));
#9050=DIRECTION('',(-1.,0.,0.));
#9051=DIRECTION('center_axis',(1.,0.,0.));
#9052=DIRECTION('ref_axis',(0.,1.,0.));
#9053=DIRECTION('center_axis',(0.,-1.,0.));
#9054=DIRECTION('ref_axis',(0.,0.,-1.));
#9055=DIRECTION('',(1.,0.,0.));
#9056=DIRECTION('',(0.,0.,-1.));
#9057=DIRECTION('',(1.,0.,0.));
#9058=DIRECTION('center_axis',(1.,0.,0.));
#9059=DIRECTION('ref_axis',(0.,1.,0.));
#9060=DIRECTION('center_axis',(1.,0.,0.));
#9061=DIRECTION('ref_axis',(0.,1.,0.));
#9062=DIRECTION('',(1.,0.,0.));
#9063=DIRECTION('center_axis',(0.,0.,1.));
#9064=DIRECTION('ref_axis',(0.,-1.,0.));
#9065=DIRECTION('',(0.,-1.,0.));
#9066=DIRECTION('',(1.,0.,0.));
#9067=DIRECTION('center_axis',(1.,0.,0.));
#9068=DIRECTION('ref_axis',(0.,1.,0.));
#9069=DIRECTION('center_axis',(1.,0.,0.));
#9070=DIRECTION('ref_axis',(0.,1.,0.));
#9071=DIRECTION('center_axis',(1.,0.,0.));
#9072=DIRECTION('ref_axis',(0.,1.,0.));
#9073=DIRECTION('center_axis',(1.,0.,0.));
#9074=DIRECTION('ref_axis',(0.,1.,0.));
#9075=DIRECTION('center_axis',(1.,0.,0.));
#9076=DIRECTION('ref_axis',(0.,1.,0.));
#9077=DIRECTION('center_axis',(-1.,0.,0.));
#9078=DIRECTION('ref_axis',(0.,1.,0.));
#9079=DIRECTION('',(-1.,0.,0.));
#9080=DIRECTION('center_axis',(1.,0.,0.));
#9081=DIRECTION('ref_axis',(0.,1.,0.));
#9082=DIRECTION('center_axis',(0.,0.,1.));
#9083=DIRECTION('ref_axis',(0.,-1.,0.));
#9084=DIRECTION('',(1.,0.,0.));
#9085=DIRECTION('',(0.,-1.,0.));
#9086=DIRECTION('',(1.,0.,0.));
#9087=DIRECTION('center_axis',(1.,0.,0.));
#9088=DIRECTION('ref_axis',(0.,1.,0.));
#9089=DIRECTION('center_axis',(1.,0.,0.));
#9090=DIRECTION('ref_axis',(0.,1.,0.));
#9091=DIRECTION('',(1.,0.,0.));
#9092=DIRECTION('center_axis',(0.,-1.,0.));
#9093=DIRECTION('ref_axis',(0.,0.,-1.));
#9094=DIRECTION('',(0.,0.,-1.));
#9095=DIRECTION('',(1.,0.,0.));
#9096=DIRECTION('center_axis',(1.,0.,0.));
#9097=DIRECTION('ref_axis',(0.,1.,0.));
#9098=DIRECTION('center_axis',(1.,0.,0.));
#9099=DIRECTION('ref_axis',(0.,1.,0.));
#9100=DIRECTION('center_axis',(1.,0.,0.));
#9101=DIRECTION('ref_axis',(0.,1.,0.));
#9102=DIRECTION('center_axis',(1.,0.,0.));
#9103=DIRECTION('ref_axis',(0.,1.,0.));
#9104=DIRECTION('center_axis',(1.,0.,0.));
#9105=DIRECTION('ref_axis',(0.,1.,0.));
#9106=DIRECTION('center_axis',(-1.,0.,0.));
#9107=DIRECTION('ref_axis',(0.,1.,0.));
#9108=DIRECTION('',(-1.,0.,0.));
#9109=DIRECTION('center_axis',(1.,0.,0.));
#9110=DIRECTION('ref_axis',(0.,1.,0.));
#9111=DIRECTION('center_axis',(1.,0.,0.));
#9112=DIRECTION('ref_axis',(0.,1.,0.));
#9113=DIRECTION('center_axis',(1.,0.,0.));
#9114=DIRECTION('ref_axis',(0.,1.,0.));
#9115=DIRECTION('',(-1.,0.,0.));
#9116=DIRECTION('center_axis',(1.,0.,0.));
#9117=DIRECTION('ref_axis',(0.,1.,0.));
#9118=DIRECTION('center_axis',(1.,0.,0.));
#9119=DIRECTION('ref_axis',(0.,1.,0.));
#9120=DIRECTION('center_axis',(1.,0.,0.));
#9121=DIRECTION('ref_axis',(0.,1.,0.));
#9122=DIRECTION('center_axis',(-1.,0.,0.));
#9123=DIRECTION('ref_axis',(0.,1.,0.));
#9124=DIRECTION('',(-1.,0.,0.));
#9125=DIRECTION('center_axis',(1.,0.,0.));
#9126=DIRECTION('ref_axis',(0.,1.,0.));
#9127=DIRECTION('center_axis',(1.,0.,0.));
#9128=DIRECTION('ref_axis',(0.,1.,0.));
#9129=DIRECTION('',(1.,0.,0.));
#9130=DIRECTION('center_axis',(1.,0.,0.));
#9131=DIRECTION('ref_axis',(0.,1.,0.));
#9132=DIRECTION('',(1.,0.,0.));
#9133=DIRECTION('center_axis',(0.,0.,-1.));
#9134=DIRECTION('ref_axis',(0.,1.,0.));
#9135=DIRECTION('',(0.,1.,0.));
#9136=DIRECTION('',(1.,0.,0.));
#9137=DIRECTION('center_axis',(1.,0.,0.));
#9138=DIRECTION('ref_axis',(0.,-0.707106781186548,0.707106781186547));
#9139=DIRECTION('center_axis',(1.,0.,0.));
#9140=DIRECTION('ref_axis',(0.,1.,0.));
#9141=DIRECTION('',(1.,0.,0.));
#9142=DIRECTION('center_axis',(0.,1.,0.));
#9143=DIRECTION('ref_axis',(0.,0.,1.));
#9144=DIRECTION('',(0.,0.,1.));
#9145=DIRECTION('center_axis',(1.,0.,0.));
#9146=DIRECTION('ref_axis',(0.,1.,0.));
#9147=DIRECTION('center_axis',(1.,0.,0.));
#9148=DIRECTION('ref_axis',(0.,1.,0.));
#9149=DIRECTION('center_axis',(1.,0.,0.));
#9150=DIRECTION('ref_axis',(0.,1.,0.));
#9151=DIRECTION('center_axis',(-1.,0.,0.));
#9152=DIRECTION('ref_axis',(0.,1.,0.));
#9153=DIRECTION('',(-1.,0.,0.));
#9154=DIRECTION('center_axis',(1.,0.,0.));
#9155=DIRECTION('ref_axis',(0.,1.,0.));
#9156=DIRECTION('center_axis',(1.,0.,0.));
#9157=DIRECTION('ref_axis',(0.,1.,0.));
#9158=DIRECTION('center_axis',(1.,0.,0.));
#9159=DIRECTION('ref_axis',(0.,1.,0.));
#9160=DIRECTION('',(-1.,0.,0.));
#9161=DIRECTION('center_axis',(1.,0.,0.));
#9162=DIRECTION('ref_axis',(0.,1.,0.));
#9163=DIRECTION('center_axis',(1.,0.,0.));
#9164=DIRECTION('ref_axis',(0.,1.,0.));
#9165=DIRECTION('center_axis',(1.,0.,0.));
#9166=DIRECTION('ref_axis',(0.,1.,0.));
#9167=DIRECTION('center_axis',(-1.,0.,0.));
#9168=DIRECTION('ref_axis',(0.,1.,0.));
#9169=DIRECTION('',(-1.,0.,0.));
#9170=DIRECTION('center_axis',(1.,0.,0.));
#9171=DIRECTION('ref_axis',(0.,1.,0.));
#9172=DIRECTION('center_axis',(1.,0.,0.));
#9173=DIRECTION('ref_axis',(0.,1.,0.));
#9174=DIRECTION('center_axis',(1.,0.,0.));
#9175=DIRECTION('ref_axis',(0.,1.,0.));
#9176=DIRECTION('',(-1.,0.,0.));
#9177=DIRECTION('center_axis',(1.,0.,0.));
#9178=DIRECTION('ref_axis',(0.,1.,0.));
#9179=DIRECTION('center_axis',(1.,0.,0.));
#9180=DIRECTION('ref_axis',(0.,1.,0.));
#9181=DIRECTION('center_axis',(1.,0.,0.));
#9182=DIRECTION('ref_axis',(0.,1.,0.));
#9183=DIRECTION('center_axis',(-1.,0.,0.));
#9184=DIRECTION('ref_axis',(0.,1.,0.));
#9185=DIRECTION('',(-1.,0.,0.));
#9186=DIRECTION('center_axis',(1.,0.,0.));
#9187=DIRECTION('ref_axis',(0.,1.,0.));
#9188=DIRECTION('center_axis',(0.,0.,-1.));
#9189=DIRECTION('ref_axis',(0.,1.,0.));
#9190=DIRECTION('',(1.,0.,0.));
#9191=DIRECTION('',(0.,1.,0.));
#9192=DIRECTION('',(1.,0.,0.));
#9193=DIRECTION('center_axis',(1.,0.,0.));
#9194=DIRECTION('ref_axis',(0.,1.,0.));
#9195=DIRECTION('center_axis',(1.,0.,0.));
#9196=DIRECTION('ref_axis',(0.,1.,0.));
#9197=DIRECTION('',(1.,0.,0.));
#9198=DIRECTION('center_axis',(0.,-1.,0.));
#9199=DIRECTION('ref_axis',(0.,0.,-1.));
#9200=DIRECTION('',(0.,0.,-1.));
#9201=DIRECTION('',(1.,0.,0.));
#9202=DIRECTION('center_axis',(1.,0.,0.));
#9203=DIRECTION('ref_axis',(0.,1.,0.));
#9204=DIRECTION('center_axis',(1.,0.,0.));
#9205=DIRECTION('ref_axis',(0.,1.,0.));
#9206=DIRECTION('center_axis',(1.,0.,0.));
#9207=DIRECTION('ref_axis',(0.,1.,0.));
#9208=DIRECTION('center_axis',(1.,0.,0.));
#9209=DIRECTION('ref_axis',(0.,1.,0.));
#9210=DIRECTION('center_axis',(1.,0.,0.));
#9211=DIRECTION('ref_axis',(0.,1.,0.));
#9212=DIRECTION('center_axis',(-1.,0.,0.));
#9213=DIRECTION('ref_axis',(0.,1.,0.));
#9214=DIRECTION('',(-1.,0.,0.));
#9215=DIRECTION('center_axis',(1.,0.,0.));
#9216=DIRECTION('ref_axis',(0.,1.,0.));
#9217=DIRECTION('center_axis',(0.,0.,1.));
#9218=DIRECTION('ref_axis',(0.,-1.,0.));
#9219=DIRECTION('',(1.,0.,0.));
#9220=DIRECTION('',(0.,-1.,0.));
#9221=DIRECTION('',(1.,0.,0.));
#9222=DIRECTION('center_axis',(1.,0.,0.));
#9223=DIRECTION('ref_axis',(0.,1.,0.));
#9224=DIRECTION('center_axis',(1.,0.,0.));
#9225=DIRECTION('ref_axis',(0.,1.,0.));
#9226=DIRECTION('',(1.,0.,0.));
#9227=DIRECTION('center_axis',(0.,1.,0.));
#9228=DIRECTION('ref_axis',(0.,0.,1.));
#9229=DIRECTION('',(0.,0.,1.));
#9230=DIRECTION('',(1.,0.,0.));
#9231=DIRECTION('center_axis',(1.,0.,0.));
#9232=DIRECTION('ref_axis',(0.,-0.707106781186537,-0.707106781186558));
#9233=DIRECTION('center_axis',(1.,0.,0.));
#9234=DIRECTION('ref_axis',(0.,1.,0.));
#9235=DIRECTION('center_axis',(1.,0.,0.));
#9236=DIRECTION('ref_axis',(0.,1.,0.));
#9237=DIRECTION('center_axis',(1.,0.,0.));
#9238=DIRECTION('ref_axis',(0.,1.,0.));
#9239=DIRECTION('center_axis',(0.,-0.00785885798499015,0.999969118698758));
#9240=DIRECTION('ref_axis',(0.,0.999969118698758,0.00785885798499015));
#9241=DIRECTION('',(-1.,0.,0.));
#9242=DIRECTION('center_axis',(0.,-0.869928088785557,0.493178588689643));
#9243=DIRECTION('ref_axis',(0.,0.493178588689643,0.869928088785557));
#9244=DIRECTION('',(-1.,0.,0.));
#9245=DIRECTION('center_axis',(0.,-0.866025403784439,0.5));
#9246=DIRECTION('ref_axis',(0.,0.5,0.866025403784439));
#9247=DIRECTION('',(-1.,0.,0.));
#9248=DIRECTION('center_axis',(0.,-0.866025403784439,-0.5));
#9249=DIRECTION('ref_axis',(0.,-0.5,0.866025403784439));
#9250=DIRECTION('',(-1.,0.,0.));
#9251=DIRECTION('center_axis',(0.,0.,-1.));
#9252=DIRECTION('ref_axis',(0.,-1.,0.));
#9253=DIRECTION('center_axis',(0.,0.,1.));
#9254=DIRECTION('ref_axis',(0.,1.,0.));
#9255=DIRECTION('',(-1.,0.,0.));
#9256=DIRECTION('',(-1.,0.,0.));
#9257=DIRECTION('',(-1.,0.,0.));
#9258=DIRECTION('',(-1.,0.,0.));
#9259=DIRECTION('center_axis',(0.,0.,1.));
#9260=DIRECTION('ref_axis',(0.,1.,0.));
#9261=DIRECTION('',(-1.,0.,0.));
#9262=DIRECTION('',(-1.,0.,0.));
#9263=DIRECTION('center_axis',(0.,-0.866025403784439,0.499999999999999));
#9264=DIRECTION('ref_axis',(0.,0.499999999999999,0.866025403784439));
#9265=DIRECTION('center_axis',(0.,0.866025403784439,0.5));
#9266=DIRECTION('ref_axis',(0.,0.5,-0.866025403784439));
#9267=DIRECTION('center_axis',(0.,0.,-1.));
#9268=DIRECTION('ref_axis',(0.,-1.,0.));
#9269=DIRECTION('',(-1.,0.,0.));
#9270=DIRECTION('center_axis',(0.,0.866025403784439,-0.5));
#9271=DIRECTION('ref_axis',(0.,-0.5,-0.866025403784439));
#9272=DIRECTION('',(-1.,0.,0.));
#9273=DIRECTION('center_axis',(0.,0.866025403784439,0.5));
#9274=DIRECTION('ref_axis',(0.,0.5,-0.866025403784439));
#9275=DIRECTION('center_axis',(0.,-0.866025403784439,-0.5));
#9276=DIRECTION('ref_axis',(0.,-0.5,0.866025403784439));
#9277=DIRECTION('',(-1.,0.,0.));
#9278=DIRECTION('center_axis',(0.,0.,-1.));
#9279=DIRECTION('ref_axis',(0.,-1.,0.));
#9280=DIRECTION('',(-1.,0.,0.));
#9281=DIRECTION('center_axis',(0.,0.866025403784439,-0.5));
#9282=DIRECTION('ref_axis',(0.,-0.5,-0.866025403784439));
#9283=DIRECTION('center_axis',(0.,-1.,0.));
#9284=DIRECTION('ref_axis',(0.,0.,1.));
#9285=DIRECTION('center_axis',(0.,0.866025403784439,0.5));
#9286=DIRECTION('ref_axis',(0.,0.5,-0.866025403784439));
#9287=DIRECTION('',(-1.,0.,0.));
#9288=DIRECTION('center_axis',(0.,0.,1.));
#9289=DIRECTION('ref_axis',(0.,1.,0.));
#9290=DIRECTION('',(-1.,0.,0.));
#9291=DIRECTION('center_axis',(0.,-0.866025403784438,0.5));
#9292=DIRECTION('ref_axis',(0.,0.5,0.866025403784438));
#9293=DIRECTION('center_axis',(0.,0.,1.));
#9294=DIRECTION('ref_axis',(0.,1.,0.));
#9295=DIRECTION('',(-1.,0.,0.));
#9296=DIRECTION('',(-1.,0.,0.));
#9297=DIRECTION('center_axis',(0.,-0.866025403784439,0.499999999999999));
#9298=DIRECTION('ref_axis',(0.,0.499999999999999,0.866025403784439));
#9299=DIRECTION('center_axis',(0.,0.866025403784439,0.5));
#9300=DIRECTION('ref_axis',(0.,0.5,-0.866025403784439));
#9301=DIRECTION('center_axis',(0.,-0.866025403784439,-0.5));
#9302=DIRECTION('ref_axis',(0.,-0.5,0.866025403784439));
#9303=DIRECTION('',(-1.,0.,0.));
#9304=DIRECTION('center_axis',(0.,0.,-1.));
#9305=DIRECTION('ref_axis',(0.,-1.,0.));
#9306=DIRECTION('',(-1.,0.,0.));
#9307=DIRECTION('center_axis',(0.,0.866025403784438,0.500000000000001));
#9308=DIRECTION('ref_axis',(0.,0.500000000000001,-0.866025403784438));
#9309=DIRECTION('',(-1.,0.,0.));
#9310=DIRECTION('center_axis',(0.,0.,1.));
#9311=DIRECTION('ref_axis',(0.,1.,0.));
#9312=DIRECTION('',(-1.,0.,0.));
#9313=DIRECTION('center_axis',(0.,-0.866025403784439,0.5));
#9314=DIRECTION('ref_axis',(0.,0.5,0.866025403784439));
#9315=DIRECTION('center_axis',(0.,0.,-1.));
#9316=DIRECTION('ref_axis',(0.,-1.,0.));
#9317=DIRECTION('',(-1.,0.,0.));
#9318=DIRECTION('',(-1.,0.,0.));
#9319=DIRECTION('',(-1.,0.,0.));
#9320=DIRECTION('center_axis',(0.,-0.866025403784439,-0.5));
#9321=DIRECTION('ref_axis',(0.,-0.5,0.866025403784439));
#9322=DIRECTION('',(-1.,0.,0.));
#9323=DIRECTION('center_axis',(0.,0.,-1.));
#9324=DIRECTION('ref_axis',(0.,-1.,0.));
#9325=DIRECTION('',(-1.,0.,0.));
#9326=DIRECTION('center_axis',(0.,0.866025403784439,-0.5));
#9327=DIRECTION('ref_axis',(0.,-0.5,-0.866025403784439));
#9328=DIRECTION('center_axis',(0.,0.,1.));
#9329=DIRECTION('ref_axis',(0.,1.,0.));
#9330=DIRECTION('',(-1.,0.,0.));
#9331=DIRECTION('',(-1.,0.,0.));
#9332=DIRECTION('center_axis',(0.,-0.866025403784439,0.499999999999999));
#9333=DIRECTION('ref_axis',(0.,0.499999999999999,0.866025403784439));
#9334=DIRECTION('center_axis',(0.,0.866025403784439,0.5));
#9335=DIRECTION('ref_axis',(0.,0.5,-0.866025403784439));
#9336=DIRECTION('center_axis',(0.,0.866025403784439,0.5));
#9337=DIRECTION('ref_axis',(0.,0.5,-0.866025403784439));
#9338=DIRECTION('',(-1.,0.,0.));
#9339=DIRECTION('center_axis',(0.,0.,1.));
#9340=DIRECTION('ref_axis',(0.,1.,0.));
#9341=DIRECTION('',(-1.,0.,0.));
#9342=DIRECTION('center_axis',(0.,-0.866025403784439,0.5));
#9343=DIRECTION('ref_axis',(0.,0.5,0.866025403784439));
#9344=DIRECTION('center_axis',(0.,-1.,0.));
#9345=DIRECTION('ref_axis',(0.,0.,1.));
#9346=DIRECTION('center_axis',(0.,-0.866025403784439,-0.5));
#9347=DIRECTION('ref_axis',(0.,-0.5,0.866025403784439));
#9348=DIRECTION('',(-1.,0.,0.));
#9349=DIRECTION('center_axis',(0.,0.,-1.));
#9350=DIRECTION('ref_axis',(0.,-1.,0.));
#9351=DIRECTION('',(-1.,0.,0.));
#9352=DIRECTION('center_axis',(0.,0.866025403784439,-0.5));
#9353=DIRECTION('ref_axis',(0.,-0.5,-0.866025403784439));
#9354=DIRECTION('center_axis',(0.,0.,-1.));
#9355=DIRECTION('ref_axis',(0.,-1.,0.));
#9356=DIRECTION('',(-1.,0.,0.));
#9357=DIRECTION('center_axis',(0.,0.866025403784439,-0.5));
#9358=DIRECTION('ref_axis',(0.,-0.5,-0.866025403784439));
#9359=DIRECTION('',(-1.,0.,0.));
#9360=DIRECTION('center_axis',(0.,0.866025403784439,0.5));
#9361=DIRECTION('ref_axis',(0.,0.5,-0.866025403784439));
#9362=DIRECTION('center_axis',(0.,-0.866025403784439,-0.5));
#9363=DIRECTION('ref_axis',(0.,-0.5,0.866025403784439));
#9364=DIRECTION('',(-1.,0.,0.));
#9365=DIRECTION('center_axis',(0.,0.,-1.));
#9366=DIRECTION('ref_axis',(0.,-1.,0.));
#9367=DIRECTION('center_axis',(0.,0.866025403784438,0.500000000000001));
#9368=DIRECTION('ref_axis',(0.,0.500000000000001,-0.866025403784438));
#9369=DIRECTION('',(-1.,0.,0.));
#9370=DIRECTION('center_axis',(0.,0.,1.));
#9371=DIRECTION('ref_axis',(0.,1.,0.));
#9372=DIRECTION('',(-1.,0.,0.));
#9373=DIRECTION('center_axis',(0.,-0.866025403784439,0.5));
#9374=DIRECTION('ref_axis',(0.,0.5,0.866025403784439));
#9375=DIRECTION('center_axis',(0.,-0.00785885798499015,0.999969118698758));
#9376=DIRECTION('ref_axis',(0.,0.999969118698758,0.00785885798499015));
#9377=DIRECTION('',(-1.,0.,0.));
#9378=DIRECTION('center_axis',(0.,-0.869928088785557,0.493178588689643));
#9379=DIRECTION('ref_axis',(0.,0.493178588689643,0.869928088785557));
#9380=DIRECTION('center_axis',(0.,1.,0.));
#9381=DIRECTION('ref_axis',(0.,0.,-1.));
#9382=DIRECTION('',(-1.,0.,0.));
#9383=DIRECTION('center_axis',(0.,-0.00785885798499015,0.999969118698758));
#9384=DIRECTION('ref_axis',(0.,0.999969118698758,0.00785885798499015));
#9385=DIRECTION('',(-1.,0.,0.));
#9386=DIRECTION('center_axis',(0.,-0.869928088785557,0.493178588689643));
#9387=DIRECTION('ref_axis',(0.,0.493178588689643,0.869928088785557));
#9388=DIRECTION('center_axis',(0.,0.866025403784439,0.5));
#9389=DIRECTION('ref_axis',(0.,0.5,-0.866025403784439));
#9390=DIRECTION('',(-1.,0.,0.));
#9391=DIRECTION('center_axis',(0.,0.,1.));
#9392=DIRECTION('ref_axis',(0.,1.,0.));
#9393=DIRECTION('',(-1.,0.,0.));
#9394=DIRECTION('center_axis',(0.,-0.866025403784438,0.5));
#9395=DIRECTION('ref_axis',(0.,0.5,0.866025403784438));
#9396=DIRECTION('center_axis',(0.,0.,-1.));
#9397=DIRECTION('ref_axis',(0.,-1.,0.));
#9398=DIRECTION('',(-1.,0.,0.));
#9399=DIRECTION('center_axis',(0.,-0.866025403784439,-0.5));
#9400=DIRECTION('ref_axis',(0.,-0.5,0.866025403784439));
#9401=DIRECTION('center_axis',(0.,-0.866025403784438,0.500000000000001));
#9402=DIRECTION('ref_axis',(0.,0.500000000000001,0.866025403784438));
#9403=DIRECTION('',(-1.,0.,0.));
#9404=DIRECTION('center_axis',(0.,-0.866025403784439,-0.5));
#9405=DIRECTION('ref_axis',(0.,-0.5,0.866025403784439));
#9406=DIRECTION('',(-1.,0.,0.));
#9407=DIRECTION('center_axis',(0.,0.,-1.));
#9408=DIRECTION('ref_axis',(0.,-1.,0.));
#9409=DIRECTION('center_axis',(-1.,0.,0.));
#9410=DIRECTION('ref_axis',(0.,1.,0.));
#9411=DIRECTION('',(-1.,0.,0.));
#9412=DIRECTION('',(-1.,0.,0.));
#9413=DIRECTION('',(-1.,0.,0.));
#9414=DIRECTION('center_axis',(0.,0.,-1.));
#9415=DIRECTION('ref_axis',(0.,-1.,0.));
#9416=DIRECTION('',(-1.,0.,0.));
#9417=DIRECTION('center_axis',(-1.,0.,0.));
#9418=DIRECTION('ref_axis',(0.,1.,0.));
#9419=DIRECTION('',(-1.,0.,0.));
#9420=DIRECTION('center_axis',(0.,-0.866025403784439,-0.499999999999999));
#9421=DIRECTION('ref_axis',(0.,-0.499999999999999,0.866025403784439));
#9422=DIRECTION('center_axis',(0.,0.,1.));
#9423=DIRECTION('ref_axis',(1.,0.,0.));
#9424=CARTESIAN_POINT('',(0.,0.,0.));
#9425=CARTESIAN_POINT('Origin',(-14.0000001788139,41.18,6.75));
#9426=CARTESIAN_POINT('',(-12.0000001788139,41.18,15.));
#9427=CARTESIAN_POINT('',(-14.,39.18,15.));
#9428=CARTESIAN_POINT('Origin',(-14.0000001788139,41.18,15.));
#9429=CARTESIAN_POINT('',(-14.0000001788139,39.18,3.));
#9430=CARTESIAN_POINT('',(-14.0000001788139,39.18,6.75));
#9431=CARTESIAN_POINT('',(-12.0000001788139,41.18,3.));
#9432=CARTESIAN_POINT('Origin',(-14.0000001788139,41.18,3.));
#9433=CARTESIAN_POINT('',(-12.0000001788139,41.18,6.75));
#9434=CARTESIAN_POINT('Origin',(-12.0000001788139,43.18,3.));
#9435=CARTESIAN_POINT('',(-12.0000001788139,43.18,3.));
#9436=CARTESIAN_POINT('',(-12.0000001788139,32.385,3.));
#9437=CARTESIAN_POINT('',(-12.0000001788139,43.18,15.));
#9438=CARTESIAN_POINT('',(-12.0000001788139,43.18,0.));
#9439=CARTESIAN_POINT('',(-12.0000001788139,43.18,15.));
#9440=CARTESIAN_POINT('Origin',(-7.5,39.18,10.5));
#9441=CARTESIAN_POINT('',(-15.,39.18,16.));
#9442=CARTESIAN_POINT('Origin',(-14.,39.18,16.));
#9443=CARTESIAN_POINT('',(-15.,39.18,3.));
#9444=CARTESIAN_POINT('',(-15.,39.18,15.));
#9445=CARTESIAN_POINT('',(2.625,39.18,3.));
#9446=CARTESIAN_POINT('Origin',(-14.0000001788139,2.,12.));
#9447=CARTESIAN_POINT('',(-14.,4.,15.));
#9448=CARTESIAN_POINT('',(-12.0000001788139,2.,15.));
#9449=CARTESIAN_POINT('Origin',(-14.0000001788139,2.,15.));
#9450=CARTESIAN_POINT('',(-12.0000001788139,2.,3.));
#9451=CARTESIAN_POINT('',(-12.0000001788139,2.,12.));
#9452=CARTESIAN_POINT('',(-14.0000001788139,4.,3.));
#9453=CARTESIAN_POINT('Origin',(-14.0000001788139,2.,3.));
#9454=CARTESIAN_POINT('',(-14.0000001788139,4.,12.));
#9455=CARTESIAN_POINT('Origin',(-12.0000001788139,0.,15.));
#9456=CARTESIAN_POINT('',(-12.0000001788139,0.,15.));
#9457=CARTESIAN_POINT('',(-12.0000001788139,0.,15.));
#9458=CARTESIAN_POINT('',(-12.0000001788139,0.,3.));
#9459=CARTESIAN_POINT('',(-12.0000001788139,0.,0.));
#9460=CARTESIAN_POINT('',(-12.0000001788139,10.795,3.));
#9461=CARTESIAN_POINT('Origin',(12.75,4.,9.));
#9462=CARTESIAN_POINT('',(-15.,4.,3.));
#9463=CARTESIAN_POINT('',(12.75,4.,3.));
#9464=CARTESIAN_POINT('',(-15.,4.,16.));
#9465=CARTESIAN_POINT('',(-15.,4.,15.));
#9466=CARTESIAN_POINT('Origin',(-14.,4.,16.));
#9467=CARTESIAN_POINT('Origin',(12.75,4.,9.));
#9468=CARTESIAN_POINT('',(0.,4.,15.));
#9469=CARTESIAN_POINT('',(-13.,4.,15.));
#9470=CARTESIAN_POINT('',(40.5,4.,15.));
#9471=CARTESIAN_POINT('',(-12.,4.,16.));
#9472=CARTESIAN_POINT('Origin',(-13.,4.,16.));
#9473=CARTESIAN_POINT('',(-12.,4.,17.));
#9474=CARTESIAN_POINT('',(-12.,4.,13.5));
#9475=CARTESIAN_POINT('',(-13.,4.,18.));
#9476=CARTESIAN_POINT('Origin',(-13.,4.,17.));
#9477=CARTESIAN_POINT('',(0.,4.,18.));
#9478=CARTESIAN_POINT('',(40.5,4.,18.));
#9479=CARTESIAN_POINT('',(0.,4.,6.));
#9480=CARTESIAN_POINT('Origin',(39.5,2.,4.5));
#9481=CARTESIAN_POINT('',(37.5,2.,15.));
#9482=CARTESIAN_POINT('',(39.5,4.,15.));
#9483=CARTESIAN_POINT('Origin',(39.5,2.,15.));
#9484=CARTESIAN_POINT('',(39.5,4.,3.));
#9485=CARTESIAN_POINT('',(39.5,4.,4.5));
#9486=CARTESIAN_POINT('',(37.5,2.,3.));
#9487=CARTESIAN_POINT('Origin',(39.5,2.,3.));
#9488=CARTESIAN_POINT('',(37.5,2.,4.5));
#9489=CARTESIAN_POINT('Origin',(37.5,0.,0.));
#9490=CARTESIAN_POINT('',(37.5,0.,3.));
#9491=CARTESIAN_POINT('',(37.5,10.795,3.));
#9492=CARTESIAN_POINT('',(37.5,0.,15.));
#9493=CARTESIAN_POINT('',(37.5,0.,18.));
#9494=CARTESIAN_POINT('',(37.5,0.,15.));
#9495=CARTESIAN_POINT('Origin',(12.75,4.,9.));
#9496=CARTESIAN_POINT('',(40.5,4.,16.));
#9497=CARTESIAN_POINT('Origin',(39.5,4.,16.));
#9498=CARTESIAN_POINT('',(40.5,4.,3.));
#9499=CARTESIAN_POINT('',(40.5,4.,0.));
#9500=CARTESIAN_POINT('',(12.75,4.,3.));
#9501=CARTESIAN_POINT('Origin',(19.75,2.,12.));
#9502=CARTESIAN_POINT('',(19.75,4.,15.));
#9503=CARTESIAN_POINT('',(21.75,2.,15.));
#9504=CARTESIAN_POINT('Origin',(19.75,2.,15.));
#9505=CARTESIAN_POINT('',(21.75,2.,3.));
#9506=CARTESIAN_POINT('',(21.75,2.,12.));
#9507=CARTESIAN_POINT('',(19.75,4.,3.));
#9508=CARTESIAN_POINT('Origin',(19.75,2.,3.));
#9509=CARTESIAN_POINT('',(19.75,4.,12.));
#9510=CARTESIAN_POINT('Origin',(21.75,0.,15.));
#9511=CARTESIAN_POINT('',(21.75,0.,15.));
#9512=CARTESIAN_POINT('',(21.75,0.,15.));
#9513=CARTESIAN_POINT('',(21.75,0.,3.));
#9514=CARTESIAN_POINT('',(21.75,0.,18.));
#9515=CARTESIAN_POINT('',(21.75,10.795,3.));
#9516=CARTESIAN_POINT('Origin',(12.75,4.,9.));
#9517=CARTESIAN_POINT('',(18.75,4.,3.));
#9518=CARTESIAN_POINT('',(12.75,4.,3.));
#9519=CARTESIAN_POINT('',(18.75,4.,15.));
#9520=CARTESIAN_POINT('',(18.75,4.,0.));
#9521=CARTESIAN_POINT('',(3.,4.,15.));
#9522=CARTESIAN_POINT('',(40.5,4.,15.));
#9523=CARTESIAN_POINT('',(3.,4.,18.));
#9524=CARTESIAN_POINT('',(3.,4.,6.));
#9525=CARTESIAN_POINT('',(19.75,4.,18.));
#9526=CARTESIAN_POINT('',(40.5,4.,18.));
#9527=CARTESIAN_POINT('',(18.75,4.,17.));
#9528=CARTESIAN_POINT('Origin',(19.75,4.,17.));
#9529=CARTESIAN_POINT('',(18.75,4.,16.));
#9530=CARTESIAN_POINT('',(18.75,4.,12.));
#9531=CARTESIAN_POINT('Origin',(19.75,4.,16.));
#9532=CARTESIAN_POINT('Origin',(12.75,4.,9.));
#9533=CARTESIAN_POINT('',(20.75,4.,15.));
#9534=CARTESIAN_POINT('',(38.5,4.,15.));
#9535=CARTESIAN_POINT('',(25.125,4.,15.));
#9536=CARTESIAN_POINT('',(21.75,4.,16.));
#9537=CARTESIAN_POINT('Origin',(20.75,4.,16.));
#9538=CARTESIAN_POINT('',(21.75,4.,17.));
#9539=CARTESIAN_POINT('',(21.75,4.,13.5));
#9540=CARTESIAN_POINT('',(20.75,4.,18.));
#9541=CARTESIAN_POINT('Origin',(20.75,4.,17.));
#9542=CARTESIAN_POINT('',(38.5,4.,18.));
#9543=CARTESIAN_POINT('',(40.5,4.,18.));
#9544=CARTESIAN_POINT('',(37.5,4.,17.));
#9545=CARTESIAN_POINT('Origin',(38.5,4.,17.));
#9546=CARTESIAN_POINT('',(37.5,4.,16.));
#9547=CARTESIAN_POINT('',(37.5,4.,12.));
#9548=CARTESIAN_POINT('Origin',(38.5,4.,16.));
#9549=CARTESIAN_POINT('Origin',(39.5,41.18,12.0000000670552));
#9550=CARTESIAN_POINT('',(39.5,39.18,15.));
#9551=CARTESIAN_POINT('',(37.5,41.18,15.));
#9552=CARTESIAN_POINT('Origin',(39.5,41.18,15.));
#9553=CARTESIAN_POINT('',(37.5,41.18,3.));
#9554=CARTESIAN_POINT('',(37.5,41.18,12.0000000670552));
#9555=CARTESIAN_POINT('',(39.5,39.18,3.));
#9556=CARTESIAN_POINT('Origin',(39.5,41.18,3.));
#9557=CARTESIAN_POINT('',(39.5,39.18,12.0000000670552));
#9558=CARTESIAN_POINT('Origin',(37.5,43.18,15.));
#9559=CARTESIAN_POINT('',(37.5,43.18,15.));
#9560=CARTESIAN_POINT('',(37.5,43.18,15.));
#9561=CARTESIAN_POINT('',(37.5,43.18,3.));
#9562=CARTESIAN_POINT('',(37.5,43.18,18.));
#9563=CARTESIAN_POINT('',(37.5,32.385,3.));
#9564=CARTESIAN_POINT('Origin',(21.75,39.18,9.00000013411045));
#9565=CARTESIAN_POINT('',(40.5,39.18,3.));
#9566=CARTESIAN_POINT('',(17.25,39.18,3.));
#9567=CARTESIAN_POINT('',(40.5,39.18,16.));
#9568=CARTESIAN_POINT('',(40.5,39.18,0.));
#9569=CARTESIAN_POINT('Origin',(39.5,39.18,16.));
#9570=CARTESIAN_POINT('Origin',(21.75,39.18,9.00000013411045));
#9571=CARTESIAN_POINT('',(38.5,39.18,15.));
#9572=CARTESIAN_POINT('',(20.75,39.18,15.));
#9573=CARTESIAN_POINT('',(21.75,39.18,15.));
#9574=CARTESIAN_POINT('',(37.5,39.18,16.));
#9575=CARTESIAN_POINT('Origin',(38.5,39.18,16.));
#9576=CARTESIAN_POINT('',(37.5,39.18,17.));
#9577=CARTESIAN_POINT('',(37.5,39.18,12.0000000670552));
#9578=CARTESIAN_POINT('',(38.5,39.18,18.));
#9579=CARTESIAN_POINT('Origin',(38.5,39.18,17.));
#9580=CARTESIAN_POINT('',(20.75,39.18,18.));
#9581=CARTESIAN_POINT('',(40.5,39.18,18.));
#9582=CARTESIAN_POINT('',(21.75,39.18,17.));
#9583=CARTESIAN_POINT('Origin',(20.75,39.18,17.));
#9584=CARTESIAN_POINT('',(21.75,39.18,16.));
#9585=CARTESIAN_POINT('',(21.75,39.18,13.5000000670552));
#9586=CARTESIAN_POINT('Origin',(20.75,39.18,16.));
#9587=CARTESIAN_POINT('Origin',(19.75,41.18,4.50000006705523));
#9588=CARTESIAN_POINT('',(21.75,41.18,15.));
#9589=CARTESIAN_POINT('',(19.75,39.18,15.));
#9590=CARTESIAN_POINT('Origin',(19.75,41.18,15.));
#9591=CARTESIAN_POINT('',(19.75,39.18,3.));
#9592=CARTESIAN_POINT('',(19.75,39.18,4.50000006705523));
#9593=CARTESIAN_POINT('',(21.75,41.18,3.));
#9594=CARTESIAN_POINT('Origin',(19.75,41.18,3.));
#9595=CARTESIAN_POINT('',(21.75,41.18,4.50000006705523));
#9596=CARTESIAN_POINT('Origin',(21.75,39.18,9.00000013411045));
#9597=CARTESIAN_POINT('',(18.75,39.18,16.));
#9598=CARTESIAN_POINT('Origin',(19.75,39.18,16.));
#9599=CARTESIAN_POINT('',(18.75,39.18,17.));
#9600=CARTESIAN_POINT('',(18.75,39.18,12.0000000670552));
#9601=CARTESIAN_POINT('',(19.75,39.18,18.));
#9602=CARTESIAN_POINT('Origin',(19.75,39.18,17.));
#9603=CARTESIAN_POINT('',(3.00000004470348,39.18,18.0000002682209));
#9604=CARTESIAN_POINT('',(40.5,39.18,18.));
#9605=CARTESIAN_POINT('',(3.00000004470348,39.18,15.));
#9606=CARTESIAN_POINT('',(3.,39.18,6.00000006705523));
#9607=CARTESIAN_POINT('',(18.75,39.18,15.));
#9608=CARTESIAN_POINT('',(40.5,39.18,15.));
#9609=CARTESIAN_POINT('',(18.75,39.18,3.));
#9610=CARTESIAN_POINT('',(18.75,39.18,0.));
#9611=CARTESIAN_POINT('',(17.25,39.18,3.));
#9612=CARTESIAN_POINT('Origin',(-13.,0.,16.));
#9613=CARTESIAN_POINT('',(-13.,39.18,15.));
#9614=CARTESIAN_POINT('',(-12.,39.18,16.));
#9615=CARTESIAN_POINT('Origin',(-13.,39.18,16.));
#9616=CARTESIAN_POINT('',(-12.,0.,16.));
#9617=CARTESIAN_POINT('',(-13.,0.,15.));
#9618=CARTESIAN_POINT('Origin',(-14.,0.,16.));
#9619=CARTESIAN_POINT('',(-15.,0.,16.));
#9620=CARTESIAN_POINT('',(-14.,0.,15.));
#9621=CARTESIAN_POINT('Origin',(-15.,0.,3.));
#9622=CARTESIAN_POINT('',(-15.,43.18,17.));
#9623=CARTESIAN_POINT('',(-15.,0.,17.));
#9624=CARTESIAN_POINT('',(-15.,21.59,17.));
#9625=CARTESIAN_POINT('',(-15.,43.18,0.));
#9626=CARTESIAN_POINT('',(-15.,43.18,3.));
#9627=CARTESIAN_POINT('',(-15.,0.,0.));
#9628=CARTESIAN_POINT('',(-15.,43.18,0.));
#9629=CARTESIAN_POINT('',(-15.,0.,3.));
#9630=CARTESIAN_POINT('',(-15.,43.18,3.));
#9631=CARTESIAN_POINT('Origin',(-14.,21.59,17.));
#9632=CARTESIAN_POINT('',(-14.,0.,18.));
#9633=CARTESIAN_POINT('Origin',(-14.,0.,17.));
#9634=CARTESIAN_POINT('',(-14.,43.18,18.));
#9635=CARTESIAN_POINT('',(-14.,21.59,18.));
#9636=CARTESIAN_POINT('Origin',(-14.,43.18,17.));
#9637=CARTESIAN_POINT('Origin',(3.,43.18,3.));
#9638=CARTESIAN_POINT('',(0.,43.18,18.));
#9639=CARTESIAN_POINT('',(-15.,43.18,18.));
#9640=CARTESIAN_POINT('',(1.74296659967045E-31,43.18,106.));
#9641=CARTESIAN_POINT('',(1.74296659967045E-31,43.18,3.));
#9642=CARTESIAN_POINT('',(3.,43.18,106.));
#9643=CARTESIAN_POINT('',(2.25,43.18,106.));
#9644=CARTESIAN_POINT('',(3.00000004470348,43.18,18.0000002682209));
#9645=CARTESIAN_POINT('',(3.,43.18,3.));
#9646=CARTESIAN_POINT('',(39.5,43.18,18.));
#9647=CARTESIAN_POINT('',(40.5,43.18,18.));
#9648=CARTESIAN_POINT('',(40.5,43.18,17.));
#9649=CARTESIAN_POINT('Origin',(39.5,43.18,17.));
#9650=CARTESIAN_POINT('',(40.5,43.18,0.));
#9651=CARTESIAN_POINT('',(40.5,43.18,3.));
#9652=CARTESIAN_POINT('',(1.74296659967045E-31,43.18,0.));
#9653=CARTESIAN_POINT('',(21.75,43.18,3.));
#9654=CARTESIAN_POINT('',(1.74296659967045E-31,43.18,3.));
#9655=CARTESIAN_POINT('',(21.75,43.18,15.));
#9656=CARTESIAN_POINT('',(40.5,43.18,15.));
#9657=CARTESIAN_POINT('',(21.75,43.18,18.));
#9658=CARTESIAN_POINT('',(18.75,43.18,3.));
#9659=CARTESIAN_POINT('',(18.75,43.18,15.));
#9660=CARTESIAN_POINT('',(18.75,43.18,0.));
#9661=CARTESIAN_POINT('',(3.00000004470348,43.18,15.));
#9662=CARTESIAN_POINT('',(40.5,43.18,15.));
#9663=CARTESIAN_POINT('',(3.,43.18,6.));
#9664=CARTESIAN_POINT('',(3.,43.18,3.));
#9665=CARTESIAN_POINT('',(6.,43.18,3.));
#9666=CARTESIAN_POINT('Origin',(6.,43.18,6.));
#9667=CARTESIAN_POINT('',(1.74296659967045E-31,43.18,3.));
#9668=CARTESIAN_POINT('',(-3.,43.18,3.));
#9669=CARTESIAN_POINT('',(1.74296659967045E-31,43.18,3.));
#9670=CARTESIAN_POINT('',(1.74296659967045E-31,43.18,6.));
#9671=CARTESIAN_POINT('Origin',(-3.,43.18,6.));
#9672=CARTESIAN_POINT('',(0.,43.18,15.));
#9673=CARTESIAN_POINT('',(1.74296659967045E-31,43.18,3.));
#9674=CARTESIAN_POINT('',(40.5,43.18,15.));
#9675=CARTESIAN_POINT('Origin',(-13.,21.59,17.));
#9676=CARTESIAN_POINT('',(-12.,39.18,17.));
#9677=CARTESIAN_POINT('',(-12.,21.59,17.));
#9678=CARTESIAN_POINT('',(-13.,39.18,18.));
#9679=CARTESIAN_POINT('Origin',(-13.,39.18,17.));
#9680=CARTESIAN_POINT('',(-13.,21.59,18.));
#9681=CARTESIAN_POINT('Origin',(-12.,0.,18.));
#9682=CARTESIAN_POINT('',(-12.,39.18,14.25));
#9683=CARTESIAN_POINT('Origin',(39.5,43.18,17.));
#9684=CARTESIAN_POINT('',(39.5,0.,18.));
#9685=CARTESIAN_POINT('',(40.5,1.23259516440783E-31,17.));
#9686=CARTESIAN_POINT('Origin',(39.5,0.,17.));
#9687=CARTESIAN_POINT('',(40.5,43.18,17.));
#9688=CARTESIAN_POINT('',(39.5,43.18,18.));
#9689=CARTESIAN_POINT('Origin',(40.5,43.18,3.));
#9690=CARTESIAN_POINT('',(40.5,0.,0.));
#9691=CARTESIAN_POINT('',(40.5,1.23259516440783E-31,3.));
#9692=CARTESIAN_POINT('',(40.5,1.23259516440783E-31,0.));
#9693=CARTESIAN_POINT('',(40.5,1.23259516440783E-31,3.));
#9694=CARTESIAN_POINT('',(40.5,21.59,16.));
#9695=CARTESIAN_POINT('Origin',(38.5,21.59,17.));
#9696=CARTESIAN_POINT('',(38.5,21.59,18.));
#9697=CARTESIAN_POINT('',(37.5,21.59,17.));
#9698=CARTESIAN_POINT('Origin',(40.5,43.18,18.));
#9699=CARTESIAN_POINT('',(3.,21.59,18.));
#9700=CARTESIAN_POINT('',(19.75,21.59,18.));
#9701=CARTESIAN_POINT('',(3.,0.,18.));
#9702=CARTESIAN_POINT('',(3.,0.,18.));
#9703=CARTESIAN_POINT('',(40.5,0.,18.));
#9704=CARTESIAN_POINT('',(20.75,21.59,18.));
#9705=CARTESIAN_POINT('Origin',(39.5,21.59,16.));
#9706=CARTESIAN_POINT('',(39.5,21.59,15.));
#9707=CARTESIAN_POINT('Origin',(38.5,0.,16.));
#9708=CARTESIAN_POINT('',(38.5,0.,15.));
#9709=CARTESIAN_POINT('',(37.5,0.,16.));
#9710=CARTESIAN_POINT('Origin',(37.5,0.,15.));
#9711=CARTESIAN_POINT('Origin',(19.75,0.,16.));
#9712=CARTESIAN_POINT('',(19.75,0.,15.));
#9713=CARTESIAN_POINT('',(18.75,0.,16.));
#9714=CARTESIAN_POINT('Origin',(18.75,0.,15.));
#9715=CARTESIAN_POINT('',(18.75,21.59,17.));
#9716=CARTESIAN_POINT('Origin',(20.75,0.,16.));
#9717=CARTESIAN_POINT('',(21.75,0.,16.));
#9718=CARTESIAN_POINT('',(20.75,0.,15.));
#9719=CARTESIAN_POINT('Origin',(19.75,21.59,17.));
#9720=CARTESIAN_POINT('Origin',(20.75,21.59,17.));
#9721=CARTESIAN_POINT('',(21.75,21.59,17.));
#9722=CARTESIAN_POINT('Origin',(21.75,0.,18.));
#9723=CARTESIAN_POINT('Origin',(0.,43.18,18.));
#9724=CARTESIAN_POINT('',(0.,0.,18.));
#9725=CARTESIAN_POINT('',(40.5,0.,18.));
#9726=CARTESIAN_POINT('',(0.,21.59,18.));
#9727=CARTESIAN_POINT('',(0.,39.18,18.));
#9728=CARTESIAN_POINT('',(-15.,39.18,18.));
#9729=CARTESIAN_POINT('',(1.74296659967045E-31,43.18,18.));
#9730=CARTESIAN_POINT('Origin',(-7.5,39.18,10.5));
#9731=CARTESIAN_POINT('',(0.,39.18,15.));
#9732=CARTESIAN_POINT('',(5.625,39.18,15.));
#9733=CARTESIAN_POINT('',(0.,39.18,6.75));
#9734=CARTESIAN_POINT('Origin',(18.75,43.18,15.));
#9735=CARTESIAN_POINT('',(18.75,32.385,3.));
#9736=CARTESIAN_POINT('',(18.75,43.18,15.));
#9737=CARTESIAN_POINT('Origin',(21.75,43.18,0.));
#9738=CARTESIAN_POINT('',(21.75,32.385,3.));
#9739=CARTESIAN_POINT('',(21.75,43.18,15.));
#9740=CARTESIAN_POINT('Origin',(3.00000004470348,43.18,15.));
#9741=CARTESIAN_POINT('',(3.,21.59,15.));
#9742=CARTESIAN_POINT('Origin',(12.75,21.59,3.));
#9743=CARTESIAN_POINT('',(6.,9.86076131526265E-33,3.));
#9744=CARTESIAN_POINT('',(6.,10.795,3.));
#9745=CARTESIAN_POINT('',(18.75,0.,3.));
#9746=CARTESIAN_POINT('',(3.,0.,3.));
#9747=CARTESIAN_POINT('',(18.75,10.795,3.));
#9748=CARTESIAN_POINT('',(3.,0.,3.));
#9749=CARTESIAN_POINT('Origin',(-12.0000001788139,43.18,15.));
#9750=CARTESIAN_POINT('',(0.,43.18,15.));
#9751=CARTESIAN_POINT('',(0.,0.,15.));
#9752=CARTESIAN_POINT('',(0.,21.59,15.));
#9753=CARTESIAN_POINT('',(40.5,0.,15.));
#9754=CARTESIAN_POINT('Origin',(12.75,21.59,3.));
#9755=CARTESIAN_POINT('',(-3.,-1.97215226305253E-32,3.));
#9756=CARTESIAN_POINT('',(3.,0.,3.));
#9757=CARTESIAN_POINT('',(-3.,32.385,3.));
#9758=CARTESIAN_POINT('Origin',(18.75,0.,15.));
#9759=CARTESIAN_POINT('',(3.,0.,15.));
#9760=CARTESIAN_POINT('',(3.,0.,15.));
#9761=CARTESIAN_POINT('',(18.75,0.,15.));
#9762=CARTESIAN_POINT('',(18.75,0.,15.));
#9763=CARTESIAN_POINT('',(40.5,0.,15.));
#9764=CARTESIAN_POINT('Origin',(18.75,0.,0.));
#9765=CARTESIAN_POINT('',(18.75,0.,0.));
#9766=CARTESIAN_POINT('Origin',(37.5,0.,15.));
#9767=CARTESIAN_POINT('',(40.5,0.,15.));
#9768=CARTESIAN_POINT('Origin',(3.,0.,3.));
#9769=CARTESIAN_POINT('',(3.,41.18,108.));
#9770=CARTESIAN_POINT('Origin',(3.,41.18,106.));
#9771=CARTESIAN_POINT('',(3.,2.,108.));
#9772=CARTESIAN_POINT('',(3.,0.,108.));
#9773=CARTESIAN_POINT('',(3.,0.,106.));
#9774=CARTESIAN_POINT('Origin',(3.,2.,106.));
#9775=CARTESIAN_POINT('',(3.,0.,3.));
#9776=CARTESIAN_POINT('',(3.,0.,6.));
#9777=CARTESIAN_POINT('',(3.,0.,3.));
#9778=CARTESIAN_POINT('',(3.,10.795,6.));
#9779=CARTESIAN_POINT('',(3.,38.68,103.11));
#9780=CARTESIAN_POINT('',(3.,4.5,103.11));
#9781=CARTESIAN_POINT('',(3.,2.5,103.11));
#9782=CARTESIAN_POINT('',(3.,38.68,95.1372238826389));
#9783=CARTESIAN_POINT('',(3.,38.68,50.7987726647019));
#9784=CARTESIAN_POINT('',(3.,4.5,95.1372238826389));
#9785=CARTESIAN_POINT('',(3.,9.48810303633835,95.1372238826389));
#9786=CARTESIAN_POINT('',(3.,4.5,49.3186119413195));
#9787=CARTESIAN_POINT('',(3.,5.,61.5272238826389));
#9788=CARTESIAN_POINT('',(3.,5.,69.5));
#9789=CARTESIAN_POINT('',(3.,5.,34.5));
#9790=CARTESIAN_POINT('',(3.,38.68,69.5));
#9791=CARTESIAN_POINT('',(3.,2.5,69.5));
#9792=CARTESIAN_POINT('',(3.,38.68,61.5272238826389));
#9793=CARTESIAN_POINT('',(3.,38.68,33.9937726647019));
#9794=CARTESIAN_POINT('',(3.,9.48810303633835,61.5272238826389));
#9795=CARTESIAN_POINT('',(3.,38.68,20.5));
#9796=CARTESIAN_POINT('',(3.,35.68,23.5));
#9797=CARTESIAN_POINT('Origin',(3.,35.68,20.5));
#9798=CARTESIAN_POINT('',(3.,38.68,10.5));
#9799=CARTESIAN_POINT('',(3.,38.68,13.));
#9800=CARTESIAN_POINT('',(3.,35.68,7.5));
#9801=CARTESIAN_POINT('Origin',(3.,35.68,10.5));
#9802=CARTESIAN_POINT('',(3.,7.5,7.5));
#9803=CARTESIAN_POINT('',(3.,19.09,7.5));
#9804=CARTESIAN_POINT('',(3.,4.5,10.5));
#9805=CARTESIAN_POINT('Origin',(3.,7.5,10.5));
#9806=CARTESIAN_POINT('',(3.,4.5,20.5));
#9807=CARTESIAN_POINT('',(3.,4.5,5.5));
#9808=CARTESIAN_POINT('',(3.,7.5,23.5));
#9809=CARTESIAN_POINT('Origin',(3.,7.5,20.5));
#9810=CARTESIAN_POINT('',(3.,2.5,23.5));
#9811=CARTESIAN_POINT('',(3.,38.68,54.11));
#9812=CARTESIAN_POINT('',(3.,35.68,57.11));
#9813=CARTESIAN_POINT('Origin',(3.,35.68,54.11));
#9814=CARTESIAN_POINT('',(3.,38.68,43.28));
#9815=CARTESIAN_POINT('',(3.,38.68,29.805));
#9816=CARTESIAN_POINT('',(3.,35.68,40.28));
#9817=CARTESIAN_POINT('Origin',(3.,35.68,43.28));
#9818=CARTESIAN_POINT('',(3.,7.5,40.28));
#9819=CARTESIAN_POINT('',(3.,19.09,40.28));
#9820=CARTESIAN_POINT('',(3.,4.5,43.28));
#9821=CARTESIAN_POINT('Origin',(3.,7.5,43.28));
#9822=CARTESIAN_POINT('',(3.,4.5,54.11));
#9823=CARTESIAN_POINT('',(3.,4.5,21.89));
#9824=CARTESIAN_POINT('',(3.,7.5,57.11));
#9825=CARTESIAN_POINT('Origin',(3.,7.5,54.11));
#9826=CARTESIAN_POINT('',(3.,2.5,57.11));
#9827=CARTESIAN_POINT('',(3.,38.14,105.46));
#9828=CARTESIAN_POINT('Origin',(3.,40.64,105.46));
#9829=CARTESIAN_POINT('',(3.,41.0854211490264,35.78));
#9830=CARTESIAN_POINT('',(3.,40.1945788509736,35.78));
#9831=CARTESIAN_POINT('',(3.,20.0972894254868,35.78));
#9832=CARTESIAN_POINT('',(3.,38.18,37.7945788509736));
#9833=CARTESIAN_POINT('Origin',(3.,40.64,38.24));
#9834=CARTESIAN_POINT('',(3.,38.18,38.6854211490264));
#9835=CARTESIAN_POINT('',(3.,38.18,20.8427105745132));
#9836=CARTESIAN_POINT('Origin',(3.,40.64,38.24));
#9837=CARTESIAN_POINT('',(3.,38.18,58.7045788509736));
#9838=CARTESIAN_POINT('',(3.,38.18,59.5954211490264));
#9839=CARTESIAN_POINT('',(3.,38.18,31.2977105745132));
#9840=CARTESIAN_POINT('',(3.,40.1945788509735,61.61));
#9841=CARTESIAN_POINT('Origin',(3.,40.64,59.15));
#9842=CARTESIAN_POINT('',(3.,41.0854211490265,61.61));
#9843=CARTESIAN_POINT('',(3.,20.5427105745133,61.61));
#9844=CARTESIAN_POINT('Origin',(3.,40.64,59.15));
#9845=CARTESIAN_POINT('',(3.,0.04,105.46));
#9846=CARTESIAN_POINT('Origin',(3.,2.54,105.46));
#9847=CARTESIAN_POINT('',(3.,38.14,25.54));
#9848=CARTESIAN_POINT('Origin',(3.,40.64,25.54));
#9849=CARTESIAN_POINT('',(3.,41.0854211490264,69.39));
#9850=CARTESIAN_POINT('',(3.,40.1945788509736,69.39));
#9851=CARTESIAN_POINT('',(3.,20.0972894254868,69.39));
#9852=CARTESIAN_POINT('',(3.,38.18,71.4045788509736));
#9853=CARTESIAN_POINT('Origin',(3.,40.64,71.85));
#9854=CARTESIAN_POINT('',(3.,38.18,72.2954211490264));
#9855=CARTESIAN_POINT('',(3.,38.18,37.6477105745132));
#9856=CARTESIAN_POINT('Origin',(3.,40.64,71.85));
#9857=CARTESIAN_POINT('',(3.,2.09457885097353,95.22));
#9858=CARTESIAN_POINT('',(3.,2.98542114902647,95.22));
#9859=CARTESIAN_POINT('',(3.,1.49271057451324,95.22));
#9860=CARTESIAN_POINT('',(3.,5.,93.2054211490264));
#9861=CARTESIAN_POINT('Origin',(3.,2.54,92.76));
#9862=CARTESIAN_POINT('',(3.,5.,92.3145788509736));
#9863=CARTESIAN_POINT('',(3.,5.,47.6572894254868));
#9864=CARTESIAN_POINT('Origin',(3.,2.54,92.76));
#9865=CARTESIAN_POINT('',(3.,0.0399999999999989,25.54));
#9866=CARTESIAN_POINT('Origin',(3.,2.54,25.54));
#9867=CARTESIAN_POINT('',(3.,5.,71.4045788509736));
#9868=CARTESIAN_POINT('',(3.,2.9854211490264,69.39));
#9869=CARTESIAN_POINT('Origin',(3.,2.54,71.85));
#9870=CARTESIAN_POINT('',(3.,2.0945788509736,69.39));
#9871=CARTESIAN_POINT('',(3.,1.0472894254868,69.39));
#9872=CARTESIAN_POINT('',(3.,5.,72.2954211490264));
#9873=CARTESIAN_POINT('Origin',(3.,2.54,71.85));
#9874=CARTESIAN_POINT('',(3.,5.,37.2022894254868));
#9875=CARTESIAN_POINT('',(3.,40.1945788509735,95.22));
#9876=CARTESIAN_POINT('',(3.,41.0854211490265,95.22));
#9877=CARTESIAN_POINT('',(3.,20.5427105745132,95.22));
#9878=CARTESIAN_POINT('',(3.,38.18,92.3145788509736));
#9879=CARTESIAN_POINT('Origin',(3.,40.64,92.76));
#9880=CARTESIAN_POINT('',(3.,38.18,93.2054211490264));
#9881=CARTESIAN_POINT('',(3.,38.18,48.1027105745132));
#9882=CARTESIAN_POINT('Origin',(3.,40.64,92.76));
#9883=CARTESIAN_POINT('',(3.,5.,37.7945788509736));
#9884=CARTESIAN_POINT('',(3.,2.98542114902638,35.78));
#9885=CARTESIAN_POINT('Origin',(3.,2.54,38.24));
#9886=CARTESIAN_POINT('',(3.,2.09457885097362,35.78));
#9887=CARTESIAN_POINT('',(3.,1.04728942548681,35.78));
#9888=CARTESIAN_POINT('',(3.,5.,38.6854211490264));
#9889=CARTESIAN_POINT('Origin',(3.,2.54,38.24));
#9890=CARTESIAN_POINT('',(3.,5.,20.3972894254868));
#9891=CARTESIAN_POINT('',(3.,5.,58.7045788509736));
#9892=CARTESIAN_POINT('',(3.,2.09457885097352,61.61));
#9893=CARTESIAN_POINT('Origin',(3.,2.54,59.15));
#9894=CARTESIAN_POINT('',(3.,2.98542114902658,61.61));
#9895=CARTESIAN_POINT('',(3.,1.49271057451329,61.61));
#9896=CARTESIAN_POINT('',(3.,5.,59.5954211490264));
#9897=CARTESIAN_POINT('Origin',(3.,2.54,59.15));
#9898=CARTESIAN_POINT('',(3.,5.,30.8522894254868));
#9899=CARTESIAN_POINT('',(3.,4.5,76.89));
#9900=CARTESIAN_POINT('',(3.,7.5,73.89));
#9901=CARTESIAN_POINT('Origin',(3.,7.5,76.89));
#9902=CARTESIAN_POINT('',(3.,4.5,87.72));
#9903=CARTESIAN_POINT('',(3.,4.5,38.695));
#9904=CARTESIAN_POINT('',(3.,7.5,90.72));
#9905=CARTESIAN_POINT('Origin',(3.,7.5,87.72));
#9906=CARTESIAN_POINT('',(3.,35.68,90.72));
#9907=CARTESIAN_POINT('',(3.,2.5,90.72));
#9908=CARTESIAN_POINT('',(3.,38.68,87.72));
#9909=CARTESIAN_POINT('Origin',(3.,35.68,87.72));
#9910=CARTESIAN_POINT('',(3.,38.68,76.89));
#9911=CARTESIAN_POINT('',(3.,38.68,46.61));
#9912=CARTESIAN_POINT('',(3.,35.68,73.89));
#9913=CARTESIAN_POINT('Origin',(3.,35.68,76.89));
#9914=CARTESIAN_POINT('',(3.,19.09,73.89));
#9915=CARTESIAN_POINT('',(3.,4.5,27.9172238826389));
#9916=CARTESIAN_POINT('',(3.,38.68,27.9172238826389));
#9917=CARTESIAN_POINT('',(3.,9.48810303633835,27.9172238826389));
#9918=CARTESIAN_POINT('',(3.,4.5,35.89));
#9919=CARTESIAN_POINT('',(3.,4.5,15.7086119413195));
#9920=CARTESIAN_POINT('',(3.,38.68,35.89));
#9921=CARTESIAN_POINT('',(3.,2.5,35.89));
#9922=CARTESIAN_POINT('',(3.,38.68,17.1887726647019));
#9923=CARTESIAN_POINT('Origin',(0.,0.,3.));
#9924=CARTESIAN_POINT('',(3.,0.,0.));
#9925=CARTESIAN_POINT('',(0.,0.,106.));
#9926=CARTESIAN_POINT('',(0.75,0.,106.));
#9927=CARTESIAN_POINT('',(0.,0.,3.));
#9928=CARTESIAN_POINT('Origin',(6.,0.,6.));
#9929=CARTESIAN_POINT('',(0.,0.,6.));
#9930=CARTESIAN_POINT('',(0.,0.,3.));
#9931=CARTESIAN_POINT('Origin',(-3.,0.,6.));
#9932=CARTESIAN_POINT('Origin',(-3.,32.385,6.));
#9933=CARTESIAN_POINT('',(0.,32.385,6.));
#9934=CARTESIAN_POINT('Origin',(6.,10.795,6.));
#9935=CARTESIAN_POINT('Origin',(12.75,21.59,0.));
#9936=CARTESIAN_POINT('Origin',(2.25,41.18,106.));
#9937=CARTESIAN_POINT('',(1.66223632641105E-31,41.18,108.));
#9938=CARTESIAN_POINT('Origin',(0.,41.18,106.));
#9939=CARTESIAN_POINT('',(2.25,41.18,108.));
#9940=CARTESIAN_POINT('Origin',(0.75,2.,106.));
#9941=CARTESIAN_POINT('',(8.07302732594001E-33,2.,108.));
#9942=CARTESIAN_POINT('',(0.75,2.,108.));
#9943=CARTESIAN_POINT('Origin',(0.,2.,106.));
#9944=CARTESIAN_POINT('Origin',(1.74296659967045E-31,43.18,3.));
#9945=CARTESIAN_POINT('',(1.74296659967045E-31,43.18,108.));
#9946=CARTESIAN_POINT('',(-1.210954098891E-32,4.5,20.5));
#9947=CARTESIAN_POINT('',(0.,7.5,23.5));
#9948=CARTESIAN_POINT('Origin',(0.,7.5,20.5));
#9949=CARTESIAN_POINT('',(-1.210954098891E-32,4.5,10.5));
#9950=CARTESIAN_POINT('',(0.,4.5,5.5));
#9951=CARTESIAN_POINT('',(-1.33931523337345E-31,7.5,7.5));
#9952=CARTESIAN_POINT('Origin',(0.,7.5,10.5));
#9953=CARTESIAN_POINT('',(1.71056941445901E-48,35.68,7.5));
#9954=CARTESIAN_POINT('',(0.,40.68,7.5));
#9955=CARTESIAN_POINT('',(0.,38.68,10.5));
#9956=CARTESIAN_POINT('Origin',(0.,35.68,10.5));
#9957=CARTESIAN_POINT('',(1.210954098891E-32,38.68,20.5));
#9958=CARTESIAN_POINT('',(0.,38.68,13.));
#9959=CARTESIAN_POINT('',(4.67831933538224E-32,35.68,23.5));
#9960=CARTESIAN_POINT('Origin',(0.,35.68,20.5));
#9961=CARTESIAN_POINT('',(0.,24.09,23.5));
#9962=CARTESIAN_POINT('',(-1.210954098891E-32,4.5,54.11));
#9963=CARTESIAN_POINT('',(0.,7.5,57.11));
#9964=CARTESIAN_POINT('Origin',(0.,7.5,54.11));
#9965=CARTESIAN_POINT('',(-1.210954098891E-32,4.5,43.28));
#9966=CARTESIAN_POINT('',(0.,4.5,21.89));
#9967=CARTESIAN_POINT('',(-1.33931523337345E-31,7.5,40.28));
#9968=CARTESIAN_POINT('Origin',(0.,7.5,43.28));
#9969=CARTESIAN_POINT('',(0.,35.68,40.28));
#9970=CARTESIAN_POINT('',(0.,40.68,40.28));
#9971=CARTESIAN_POINT('',(0.,38.68,43.28));
#9972=CARTESIAN_POINT('Origin',(0.,35.68,43.28));
#9973=CARTESIAN_POINT('',(1.210954098891E-32,38.68,54.11));
#9974=CARTESIAN_POINT('',(0.,38.68,29.805));
#9975=CARTESIAN_POINT('',(4.67831933538224E-32,35.68,57.11));
#9976=CARTESIAN_POINT('Origin',(0.,35.68,54.11));
#9977=CARTESIAN_POINT('',(0.,24.09,57.11));
#9978=CARTESIAN_POINT('',(0.,41.9820325091433,104.789963624568));
#9979=CARTESIAN_POINT('',(0.,39.1475188443401,105.61));
#9980=CARTESIAN_POINT('Origin',(0.,40.64,105.46));
#9981=CARTESIAN_POINT('',(0.,39.3788893783652,105.61));
#9982=CARTESIAN_POINT('',(0.,41.2794446891826,105.61));
#9983=CARTESIAN_POINT('',(0.,41.8382131154353,105.039066121584));
#9984=CARTESIAN_POINT('Origin',(0.,40.64,105.46));
#9985=CARTESIAN_POINT('',(0.,64.1699520327927,66.3593596953573));
#9986=CARTESIAN_POINT('',(0.,31.9823048454133,102.11));
#9987=CARTESIAN_POINT('',(0.,30.2502540378444,99.11));
#9988=CARTESIAN_POINT('',(0.,11.0580468936832,65.8681221169266));
#9989=CARTESIAN_POINT('',(0.,31.9823048454133,96.11));
#9990=CARTESIAN_POINT('',(0.,53.5409230763289,58.7693778830735));
#9991=CARTESIAN_POINT('',(0.,35.446406460551,96.11));
#9992=CARTESIAN_POINT('',(0.,39.3132032302755,96.11));
#9993=CARTESIAN_POINT('',(0.,37.1784572681199,99.11));
#9994=CARTESIAN_POINT('',(0.,17.1202247201743,64.3681221169265));
#9995=CARTESIAN_POINT('',(0.,35.446406460551,102.11));
#9996=CARTESIAN_POINT('',(0.,57.8710500952511,63.2693778830735));
#9997=CARTESIAN_POINT('',(0.,37.5811524227066,102.11));
#9998=CARTESIAN_POINT('',(0.,38.0444826719043,99.61));
#9999=CARTESIAN_POINT('',(0.,38.18,99.61));
#10000=CARTESIAN_POINT('',(0.,40.68,99.61));
#10001=CARTESIAN_POINT('',(0.,38.18,102.61));
#10002=CARTESIAN_POINT('',(0.,38.18,52.805));
#10003=CARTESIAN_POINT('',(0.,36.3124318643355,102.61));
#10004=CARTESIAN_POINT('',(0.,39.7462159321677,102.61));
#10005=CARTESIAN_POINT('',(0.,59.6031009028199,62.2693778830735));
#10006=CARTESIAN_POINT('',(0.,12.0637205583712,102.61));
#10007=CARTESIAN_POINT('',(0.,13.79577136594,99.61));
#10008=CARTESIAN_POINT('',(0.,38.3854785101012,57.0193778830735));
#10009=CARTESIAN_POINT('',(0.,17.2598729810778,99.61));
#10010=CARTESIAN_POINT('',(0.,30.2199364905389,99.61));
#10011=CARTESIAN_POINT('',(0.,18.9919237886467,102.61));
#10012=CARTESIAN_POINT('',(0.,0.449235697323873,70.4931221169265));
#10013=CARTESIAN_POINT('',(0.,27.6218602791856,102.61));
#10014=CARTESIAN_POINT('',(0.,18.9762060726767,28.4172238826389));
#10015=CARTESIAN_POINT('',(0.,17.2598729810778,31.39));
#10016=CARTESIAN_POINT('',(0.,26.6465041618031,15.1318778830735));
#10017=CARTESIAN_POINT('',(0.,13.79577136594,31.39));
#10018=CARTESIAN_POINT('',(0.,28.48788568297,31.39));
#10019=CARTESIAN_POINT('',(0.,12.0794382743411,28.4172238826389));
#10020=CARTESIAN_POINT('',(0.,10.464018096038,25.619234058246));
#10021=CARTESIAN_POINT('',(0.,31.0781030363384,28.4172238826389));
#10022=CARTESIAN_POINT('',(0.,25.0541016151378,31.89));
#10023=CARTESIAN_POINT('',(0.,23.3220508075689,34.89));
#10024=CARTESIAN_POINT('',(0.,32.7086819882942,18.6318778830735));
#10025=CARTESIAN_POINT('',(0.,19.8579491924311,34.89));
#10026=CARTESIAN_POINT('',(0.,31.5189745962156,34.89));
#10027=CARTESIAN_POINT('',(0.,18.1258983848622,31.89));
#10028=CARTESIAN_POINT('',(0.,15.0027926079214,26.4806221169265));
#10029=CARTESIAN_POINT('',(0.,19.8579491924311,28.89));
#10030=CARTESIAN_POINT('',(0.,28.378554969372,14.1318778830735));
#10031=CARTESIAN_POINT('',(0.,23.3220508075689,28.89));
#10032=CARTESIAN_POINT('',(0.,33.2510254037844,28.89));
#10033=CARTESIAN_POINT('',(0.,21.0649704344124,24.9806221169265));
#10034=CARTESIAN_POINT('',(0.,36.3434063020869,28.4172238826389));
#10035=CARTESIAN_POINT('',(0.,38.18,28.4172238826389));
#10036=CARTESIAN_POINT('',(0.,40.68,28.4172238826389));
#10037=CARTESIAN_POINT('',(0.,38.18,31.3775453294038));
#10038=CARTESIAN_POINT('',(0.,38.18,17.1887726647019));
#10039=CARTESIAN_POINT('',(0.,38.0209595859321,31.3762954147768));
#10040=CARTESIAN_POINT('',(2.77555756156289E-16,40.488821282989,31.3956905883287));
#10041=CARTESIAN_POINT('',(0.,31.7224473641276,20.2662171896351));
#10042=CARTESIAN_POINT('',(0.,36.3434063020869,62.0272238826389));
#10043=CARTESIAN_POINT('',(0.,38.18,62.0272238826389));
#10044=CARTESIAN_POINT('',(0.,40.68,62.0272238826389));
#10045=CARTESIAN_POINT('',(0.,38.18,64.9875453294038));
#10046=CARTESIAN_POINT('',(0.,38.18,33.9937726647019));
#10047=CARTESIAN_POINT('',(0.,38.0209595859321,64.9862954147768));
#10048=CARTESIAN_POINT('',(2.77555756156289E-16,40.3567572529863,65.0046526838202));
#10049=CARTESIAN_POINT('',(0.,24.5125997755013,41.1586153369808));
#10050=CARTESIAN_POINT('',(0.,12.9297459621556,65.5));
#10051=CARTESIAN_POINT('',(0.,11.1976951545867,68.5));
#10052=CARTESIAN_POINT('',(0.,29.3766492472336,37.0131278830735));
#10053=CARTESIAN_POINT('',(0.,7.73359353944897,68.5));
#10054=CARTESIAN_POINT('',(0.,25.4567967697245,68.5));
#10055=CARTESIAN_POINT('',(0.,6.00154273188009,65.5));
#10056=CARTESIAN_POINT('',(0.,-2.88279704373677,50.1118721169265));
#10057=CARTESIAN_POINT('',(0.,7.73359353944897,62.5));
#10058=CARTESIAN_POINT('',(0.,25.0465222283114,32.5131278830735));
#10059=CARTESIAN_POINT('',(0.,11.1976951545867,62.5));
#10060=CARTESIAN_POINT('',(0.,27.1888475772934,62.5));
#10061=CARTESIAN_POINT('',(0.,3.17938078275431,48.6118721169265));
#10062=CARTESIAN_POINT('',(0.,5.13551732809566,66.));
#10063=CARTESIAN_POINT('',(0.,6.86756813566454,69.));
#10064=CARTESIAN_POINT('',(0.,-2.88279704373676,52.1118721169265));
#10065=CARTESIAN_POINT('',(0.,5.,69.));
#10066=CARTESIAN_POINT('',(0.,24.09,69.));
#10067=CARTESIAN_POINT('',(0.,5.,66.));
#10068=CARTESIAN_POINT('',(0.,5.,34.5));
#10069=CARTESIAN_POINT('',(0.,24.1577586640478,66.));
#10070=CARTESIAN_POINT('',(0.,18.9762060726767,62.0272238826389));
#10071=CARTESIAN_POINT('',(0.,17.2598729810778,65.));
#10072=CARTESIAN_POINT('',(0.,33.9232826171018,36.1381278830735));
#10073=CARTESIAN_POINT('',(0.,13.79577136594,65.));
#10074=CARTESIAN_POINT('',(0.,28.48788568297,65.));
#10075=CARTESIAN_POINT('',(0.,12.0794382743411,62.0272238826389));
#10076=CARTESIAN_POINT('',(0.,3.18723964073929,46.625484058246));
#10077=CARTESIAN_POINT('',(0.,31.0781030363384,62.0272238826389));
#10078=CARTESIAN_POINT('',(0.,36.3124318643355,69.));
#10079=CARTESIAN_POINT('',(0.,38.0444826719043,66.));
#10080=CARTESIAN_POINT('',(0.,52.3263224475212,41.2631278830735));
#10081=CARTESIAN_POINT('',(0.,38.18,66.));
#10082=CARTESIAN_POINT('',(0.,40.68,66.));
#10083=CARTESIAN_POINT('',(0.,38.18,69.));
#10084=CARTESIAN_POINT('',(0.,38.18,36.));
#10085=CARTESIAN_POINT('',(0.,39.7462159321677,69.));
#10086=CARTESIAN_POINT('',(0.,31.9823048454133,28.89));
#10087=CARTESIAN_POINT('',(0.,35.446406460551,28.89));
#10088=CARTESIAN_POINT('',(0.,39.3132032302755,28.89));
#10089=CARTESIAN_POINT('',(0.,37.1784572681199,31.89));
#10090=CARTESIAN_POINT('',(0.,31.6737816307718,22.3556221169265));
#10091=CARTESIAN_POINT('',(0.,35.446406460551,34.89));
#10092=CARTESIAN_POINT('',(0.,43.3174931846536,21.2568778830735));
#10093=CARTESIAN_POINT('',(0.,31.9823048454133,34.89));
#10094=CARTESIAN_POINT('',(0.,37.5811524227066,34.89));
#10095=CARTESIAN_POINT('',(0.,30.2502540378444,31.89));
#10096=CARTESIAN_POINT('',(0.,25.6116038042807,23.8556221169265));
#10097=CARTESIAN_POINT('',(0.,38.9873661657314,16.7568778830735));
#10098=CARTESIAN_POINT('',(0.,31.1162794416288,35.39));
#10099=CARTESIAN_POINT('',(0.,24.1880762113533,35.39));
#10100=CARTESIAN_POINT('',(0.,33.6840381056767,35.39));
#10101=CARTESIAN_POINT('',(0.,25.9201270189222,32.39));
#10102=CARTESIAN_POINT('',(0.,34.4407327958631,17.6318778830735));
#10103=CARTESIAN_POINT('',(0.,29.38422863406,32.39));
#10104=CARTESIAN_POINT('',(0.,36.28211431703,32.39));
#10105=CARTESIAN_POINT('',(0.,25.6116038042807,25.8556221169265));
#10106=CARTESIAN_POINT('',(0.,6.83659369791314,28.4172238826389));
#10107=CARTESIAN_POINT('',(0.,5.15904041406787,31.3762954147768));
#10108=CARTESIAN_POINT('',(0.,15.8700063421316,12.4829972616581));
#10109=CARTESIAN_POINT('',(0.,5.,31.3775453294038));
#10110=CARTESIAN_POINT('',(2.77555756156289E-16,24.2003250759788,31.2266480414614));
#10111=CARTESIAN_POINT('',(0.,5.,28.4172238826389));
#10112=CARTESIAN_POINT('',(0.,5.,15.7086119413195));
#10113=CARTESIAN_POINT('',(0.,25.0082968489566,28.4172238826389));
#10114=CARTESIAN_POINT('',(0.,6.83659369791314,95.6372238826389));
#10115=CARTESIAN_POINT('',(0.,5.15904041406787,98.5962954147768));
#10116=CARTESIAN_POINT('',(0.,30.2897015193842,54.2677935563497));
#10117=CARTESIAN_POINT('',(0.,5.,98.5975453294038));
#10118=CARTESIAN_POINT('',(2.77555756156289E-16,24.4644531359843,98.4445722324443));
#10119=CARTESIAN_POINT('',(0.,5.,95.6372238826389));
#10120=CARTESIAN_POINT('',(0.,5.,49.3186119413195));
#10121=CARTESIAN_POINT('',(0.,25.0082968489566,95.6372238826389));
#10122=CARTESIAN_POINT('',(0.,25.0541016151378,99.11));
#10123=CARTESIAN_POINT('',(0.,23.3220508075689,102.11));
#10124=CARTESIAN_POINT('',(0.,47.2622388988917,60.6443778830735));
#10125=CARTESIAN_POINT('',(0.,19.8579491924311,102.11));
#10126=CARTESIAN_POINT('',(0.,31.5189745962156,102.11));
#10127=CARTESIAN_POINT('',(0.,18.1258983848622,99.11));
#10128=CARTESIAN_POINT('',(0.,0.449235697323855,68.4931221169265));
#10129=CARTESIAN_POINT('',(0.,19.8579491924311,96.11));
#10130=CARTESIAN_POINT('',(0.,42.9321118799695,56.1443778830735));
#10131=CARTESIAN_POINT('',(0.,23.3220508075689,96.11));
#10132=CARTESIAN_POINT('',(0.,33.2510254037844,96.11));
#10133=CARTESIAN_POINT('',(0.,6.51141352381495,66.9931221169265));
#10134=CARTESIAN_POINT('',(0.,29.38422863406,98.61));
#10135=CARTESIAN_POINT('',(0.,25.9201270189222,98.61));
#10136=CARTESIAN_POINT('',(0.,34.5500635094611,98.61));
#10137=CARTESIAN_POINT('',(0.,24.2037939273233,95.6372238826389));
#10138=CARTESIAN_POINT('',(0.,6.51927238179995,65.0067340582459));
#10139=CARTESIAN_POINT('',(0.,31.1005617256589,95.6372238826389));
#10140=CARTESIAN_POINT('',(0.,37.1402808628294,95.6372238826389));
#10141=CARTESIAN_POINT('',(0.,51.80887226876,59.7693778830735));
#10142=CARTESIAN_POINT('',(0.,31.1162794416288,102.61));
#10143=CARTESIAN_POINT('',(0.,24.1880762113533,102.61));
#10144=CARTESIAN_POINT('',(0.,33.6840381056767,102.61));
#10145=CARTESIAN_POINT('',(0.,25.9201270189222,99.61));
#10146=CARTESIAN_POINT('',(0.,48.9942897064606,59.6443778830735));
#10147=CARTESIAN_POINT('',(0.,29.38422863406,99.61));
#10148=CARTESIAN_POINT('',(0.,36.28211431703,99.61));
#10149=CARTESIAN_POINT('',(0.,11.0580468936833,67.8681221169265));
#10150=CARTESIAN_POINT('',(0.,12.0794382743411,95.6372238826389));
#10151=CARTESIAN_POINT('',(0.,18.9762060726767,95.6372238826389));
#10152=CARTESIAN_POINT('',(0.,31.0781030363384,95.6372238826389));
#10153=CARTESIAN_POINT('',(0.,17.2598729810778,98.61));
#10154=CARTESIAN_POINT('',(0.,41.2000610724006,57.1443778830734));
#10155=CARTESIAN_POINT('',(0.,13.79577136594,98.61));
#10156=CARTESIAN_POINT('',(0.,28.48788568297,98.61));
#10157=CARTESIAN_POINT('',(0.,-4.08953881455946,67.631734058246));
#10158=CARTESIAN_POINT('',(0.,12.9297459621556,31.89));
#10159=CARTESIAN_POINT('',(0.,11.1976951545867,34.89));
#10160=CARTESIAN_POINT('',(0.,22.0998707919348,16.0068778830735));
#10161=CARTESIAN_POINT('',(0.,7.73359353944897,34.89));
#10162=CARTESIAN_POINT('',(0.,25.4567967697245,34.89));
#10163=CARTESIAN_POINT('',(0.,6.00154273188009,31.89));
#10164=CARTESIAN_POINT('',(0.,4.39398141156198,29.1056221169265));
#10165=CARTESIAN_POINT('',(0.,7.73359353944897,28.89));
#10166=CARTESIAN_POINT('',(0.,17.7697437730126,11.5068778830735));
#10167=CARTESIAN_POINT('',(0.,11.1976951545867,28.89));
#10168=CARTESIAN_POINT('',(0.,27.1888475772934,28.89));
#10169=CARTESIAN_POINT('',(0.,10.4561592380531,27.6056221169265));
#10170=CARTESIAN_POINT('',(0.,12.0637205583712,35.39));
#10171=CARTESIAN_POINT('',(0.,13.79577136594,32.39));
#10172=CARTESIAN_POINT('',(0.,23.8319215995037,15.0068778830735));
#10173=CARTESIAN_POINT('',(0.,17.2598729810778,32.39));
#10174=CARTESIAN_POINT('',(0.,30.2199364905389,32.39));
#10175=CARTESIAN_POINT('',(0.,18.9919237886467,35.39));
#10176=CARTESIAN_POINT('',(0.,15.0027926079214,28.4806221169265));
#10177=CARTESIAN_POINT('',(0.,27.6218602791856,35.39));
#10178=CARTESIAN_POINT('',(0.,36.3124318643355,35.39));
#10179=CARTESIAN_POINT('',(0.,38.0444826719043,32.39));
#10180=CARTESIAN_POINT('',(0.,45.0495439922225,20.2568778830735));
#10181=CARTESIAN_POINT('',(0.,38.18,32.39));
#10182=CARTESIAN_POINT('',(0.,40.68,32.39));
#10183=CARTESIAN_POINT('',(0.,38.18,35.39));
#10184=CARTESIAN_POINT('',(0.,38.18,19.195));
#10185=CARTESIAN_POINT('',(0.,39.7462159321677,35.39));
#10186=CARTESIAN_POINT('',(0.,29.38422863406,65.));
#10187=CARTESIAN_POINT('',(0.,25.9201270189222,65.));
#10188=CARTESIAN_POINT('',(0.,34.5500635094611,65.));
#10189=CARTESIAN_POINT('',(0.,24.2037939273233,62.0272238826389));
#10190=CARTESIAN_POINT('',(0.,13.7960508370987,44.0004840582459));
#10191=CARTESIAN_POINT('',(0.,31.1005617256589,62.0272238826389));
#10192=CARTESIAN_POINT('',(0.,37.1402808628294,62.0272238826389));
#10193=CARTESIAN_POINT('',(0.,44.5320938134613,38.7631278830735));
#10194=CARTESIAN_POINT('',(0.,25.0541016151378,65.5));
#10195=CARTESIAN_POINT('',(0.,23.3220508075689,68.5));
#10196=CARTESIAN_POINT('',(0.,39.985460443593,39.6381278830735));
#10197=CARTESIAN_POINT('',(0.,19.8579491924311,68.5));
#10198=CARTESIAN_POINT('',(0.,31.5189745962156,68.5));
#10199=CARTESIAN_POINT('',(0.,18.1258983848622,65.5));
#10200=CARTESIAN_POINT('',(0.,7.72601415262261,47.4868721169265));
#10201=CARTESIAN_POINT('',(0.,19.8579491924311,62.5));
#10202=CARTESIAN_POINT('',(0.,35.6553334246707,35.1381278830735));
#10203=CARTESIAN_POINT('',(0.,23.3220508075689,62.5));
#10204=CARTESIAN_POINT('',(0.,33.2510254037844,62.5));
#10205=CARTESIAN_POINT('',(0.,13.7881919791137,45.9868721169265));
#10206=CARTESIAN_POINT('',(0.,6.83659369791314,62.0272238826389));
#10207=CARTESIAN_POINT('',(0.,5.15904041406787,64.9862954147768));
#10208=CARTESIAN_POINT('',(0.,23.0798539307579,33.3753954090039));
#10209=CARTESIAN_POINT('',(0.,5.,64.9875453294038));
#10210=CARTESIAN_POINT('',(2.77555756156289E-16,24.3323891059816,64.8356101369529));
#10211=CARTESIAN_POINT('',(0.,5.,62.0272238826389));
#10212=CARTESIAN_POINT('',(0.,5.,32.5136119413195));
#10213=CARTESIAN_POINT('',(0.,25.0082968489566,62.0272238826389));
#10214=CARTESIAN_POINT('',(0.,12.0637205583712,69.));
#10215=CARTESIAN_POINT('',(0.,13.79577136594,66.));
#10216=CARTESIAN_POINT('',(0.,31.1087000548024,36.0131278830735));
#10217=CARTESIAN_POINT('',(0.,17.2598729810778,66.));
#10218=CARTESIAN_POINT('',(0.,30.2199364905389,66.));
#10219=CARTESIAN_POINT('',(0.,18.9919237886467,69.));
#10220=CARTESIAN_POINT('',(0.,7.72601415262262,49.4868721169265));
#10221=CARTESIAN_POINT('',(0.,27.6218602791856,69.));
#10222=CARTESIAN_POINT('',(0.,31.1162794416288,69.));
#10223=CARTESIAN_POINT('',(0.,24.1880762113533,69.));
#10224=CARTESIAN_POINT('',(0.,33.6840381056767,69.));
#10225=CARTESIAN_POINT('',(0.,25.9201270189222,66.));
#10226=CARTESIAN_POINT('',(0.,41.7175112511618,38.6381278830735));
#10227=CARTESIAN_POINT('',(0.,29.38422863406,66.));
#10228=CARTESIAN_POINT('',(0.,36.28211431703,66.));
#10229=CARTESIAN_POINT('',(0.,18.334825348982,46.8618721169265));
#10230=CARTESIAN_POINT('',(0.,31.9823048454133,62.5));
#10231=CARTESIAN_POINT('',(0.,35.446406460551,62.5));
#10232=CARTESIAN_POINT('',(0.,39.3132032302755,62.5));
#10233=CARTESIAN_POINT('',(0.,37.1784572681199,65.5));
#10234=CARTESIAN_POINT('',(0.,24.3970031754731,43.3618721169265));
#10235=CARTESIAN_POINT('',(0.,35.446406460551,68.5));
#10236=CARTESIAN_POINT('',(0.,50.5942716399523,42.2631278830735));
#10237=CARTESIAN_POINT('',(0.,31.9823048454133,68.5));
#10238=CARTESIAN_POINT('',(0.,37.5811524227066,68.5));
#10239=CARTESIAN_POINT('',(0.,30.2502540378444,65.5));
#10240=CARTESIAN_POINT('',(0.,18.334825348982,44.8618721169265));
#10241=CARTESIAN_POINT('',(0.,46.2641446210301,37.7631278830735));
#10242=CARTESIAN_POINT('',(0.,29.38422863406,31.39));
#10243=CARTESIAN_POINT('',(0.,25.9201270189222,31.39));
#10244=CARTESIAN_POINT('',(0.,34.5500635094611,31.39));
#10245=CARTESIAN_POINT('',(0.,24.2037939273233,28.4172238826389));
#10246=CARTESIAN_POINT('',(0.,21.0728292923974,22.994234058246));
#10247=CARTESIAN_POINT('',(0.,31.1005617256589,28.4172238826389));
#10248=CARTESIAN_POINT('',(0.,37.1402808628294,28.4172238826389));
#10249=CARTESIAN_POINT('',(0.,37.2553153581625,17.7568778830735));
#10250=CARTESIAN_POINT('',(0.,5.13551732809566,32.39));
#10251=CARTESIAN_POINT('',(0.,6.86756813566454,35.39));
#10252=CARTESIAN_POINT('',(0.,4.39398141156198,31.1056221169265));
#10253=CARTESIAN_POINT('',(0.,5.,35.39));
#10254=CARTESIAN_POINT('',(0.,24.09,35.39));
#10255=CARTESIAN_POINT('',(0.,5.,32.39));
#10256=CARTESIAN_POINT('',(0.,5.,17.695));
#10257=CARTESIAN_POINT('',(0.,24.1577586640478,32.39));
#10258=CARTESIAN_POINT('',(0.,6.86756813566454,102.61));
#10259=CARTESIAN_POINT('',(0.,5.,102.61));
#10260=CARTESIAN_POINT('',(0.,24.09,102.61));
#10261=CARTESIAN_POINT('',(0.,5.,99.61));
#10262=CARTESIAN_POINT('',(0.,5.,51.305));
#10263=CARTESIAN_POINT('',(0.,5.13551732809566,99.61));
#10264=CARTESIAN_POINT('',(0.,24.1577586640478,99.61));
#10265=CARTESIAN_POINT('',(0.,-10.1595754990355,73.1181221169265));
#10266=CARTESIAN_POINT('',(0.,7.73359353944897,102.11));
#10267=CARTESIAN_POINT('',(0.,6.00154273188009,99.11));
#10268=CARTESIAN_POINT('',(0.,-10.1595754990355,71.1181221169265));
#10269=CARTESIAN_POINT('',(0.,7.73359353944897,96.11));
#10270=CARTESIAN_POINT('',(0.,32.3233006836101,53.5193778830735));
#10271=CARTESIAN_POINT('',(0.,11.1976951545867,96.11));
#10272=CARTESIAN_POINT('',(0.,27.1888475772934,96.11));
#10273=CARTESIAN_POINT('',(0.,12.9297459621556,99.11));
#10274=CARTESIAN_POINT('',(0.,-4.09739767254444,69.6181221169265));
#10275=CARTESIAN_POINT('',(0.,11.1976951545867,102.11));
#10276=CARTESIAN_POINT('',(0.,36.6534277025324,58.0193778830735));
#10277=CARTESIAN_POINT('',(0.,25.4567967697245,102.11));
#10278=CARTESIAN_POINT('',(0.,36.3434063020869,95.6372238826389));
#10279=CARTESIAN_POINT('',(0.,38.18,95.6372238826389));
#10280=CARTESIAN_POINT('',(0.,40.68,95.6372238826389));
#10281=CARTESIAN_POINT('',(0.,38.18,98.5975453294038));
#10282=CARTESIAN_POINT('',(0.,38.18,50.7987726647019));
#10283=CARTESIAN_POINT('',(0.,38.0209595859321,98.5962954147768));
#10284=CARTESIAN_POINT('',(2.77555756156289E-16,40.2246932229836,98.6136147793117));
#10285=CARTESIAN_POINT('',(0.,17.302752186875,62.0510134843266));
#10286=CARTESIAN_POINT('',(-1.210954098891E-32,4.5,87.72));
#10287=CARTESIAN_POINT('',(0.,7.5,90.72));
#10288=CARTESIAN_POINT('Origin',(0.,7.5,87.72));
#10289=CARTESIAN_POINT('',(-1.210954098891E-32,4.5,76.89));
#10290=CARTESIAN_POINT('',(0.,4.5,38.695));
#10291=CARTESIAN_POINT('',(-1.33931523337345E-31,7.5,73.89));
#10292=CARTESIAN_POINT('Origin',(0.,7.5,76.89));
#10293=CARTESIAN_POINT('',(8.55284707229503E-49,35.68,73.89));
#10294=CARTESIAN_POINT('',(0.,40.68,73.89));
#10295=CARTESIAN_POINT('',(0.,38.68,76.89));
#10296=CARTESIAN_POINT('Origin',(0.,35.68,76.89));
#10297=CARTESIAN_POINT('',(1.210954098891E-32,38.68,87.72));
#10298=CARTESIAN_POINT('',(0.,38.68,46.61));
#10299=CARTESIAN_POINT('',(4.67831933538224E-32,35.68,90.72));
#10300=CARTESIAN_POINT('Origin',(0.,35.68,87.72));
#10301=CARTESIAN_POINT('',(0.,24.09,90.72));
#10302=CARTESIAN_POINT('Origin',(2.5,2.5,103.11));
#10303=CARTESIAN_POINT('',(2.5,5.,102.61));
#10304=CARTESIAN_POINT('Origin',(2.5,4.5,103.11));
#10305=CARTESIAN_POINT('',(2.5,38.18,102.61));
#10306=CARTESIAN_POINT('',(2.5,2.5,102.61));
#10307=CARTESIAN_POINT('Origin',(2.5,38.68,103.11));
#10308=CARTESIAN_POINT('Origin',(2.5,4.5,49.3186119413195));
#10309=CARTESIAN_POINT('',(2.5,5.,95.6372238826389));
#10310=CARTESIAN_POINT('Origin',(2.5,4.5,95.1372238826389));
#10311=CARTESIAN_POINT('',(2.5,5.,49.3186119413195));
#10312=CARTESIAN_POINT('Origin',(2.5,9.48810303633835,95.1372238826389));
#10313=CARTESIAN_POINT('',(2.5,38.18,95.6372238826389));
#10314=CARTESIAN_POINT('Origin',(2.5,38.68,95.1372238826389));
#10315=CARTESIAN_POINT('',(2.5,9.48810303633835,95.6372238826389));
#10316=CARTESIAN_POINT('Origin',(2.5,38.68,50.7987726647019));
#10317=CARTESIAN_POINT('',(2.5,38.18,50.7987726647019));
#10318=CARTESIAN_POINT('Origin',(3.,38.18,98.5975453294038));
#10319=CARTESIAN_POINT('',(3.,38.18,102.61));
#10320=CARTESIAN_POINT('',(2.,38.18,99.61));
#10321=CARTESIAN_POINT('',(3.,38.18,99.61));
#10322=CARTESIAN_POINT('',(2.,38.18,98.5975453294038));
#10323=CARTESIAN_POINT('',(2.,38.18,103.));
#10324=CARTESIAN_POINT('',(3.,38.18,98.5975453294038));
#10325=CARTESIAN_POINT('',(3.,38.18,95.6372238826389));
#10326=CARTESIAN_POINT('Origin',(3.,5.,102.61));
#10327=CARTESIAN_POINT('',(3.,5.,102.61));
#10328=CARTESIAN_POINT('',(2.,6.86756813566454,102.61));
#10329=CARTESIAN_POINT('',(3.,6.86756813566454,102.61));
#10330=CARTESIAN_POINT('',(2.,12.0637205583712,102.61));
#10331=CARTESIAN_POINT('',(2.,-0.0606350946109835,102.61));
#10332=CARTESIAN_POINT('',(3.,12.0637205583712,102.61));
#10333=CARTESIAN_POINT('',(2.,18.9919237886467,102.61));
#10334=CARTESIAN_POINT('',(3.,18.9919237886467,102.61));
#10335=CARTESIAN_POINT('',(2.,24.1880762113533,102.61));
#10336=CARTESIAN_POINT('',(2.,43.240635094611,102.61));
#10337=CARTESIAN_POINT('',(3.,24.1880762113533,102.61));
#10338=CARTESIAN_POINT('',(2.,31.1162794416288,102.61));
#10339=CARTESIAN_POINT('',(3.,31.1162794416288,102.61));
#10340=CARTESIAN_POINT('',(2.,36.3124318643355,102.61));
#10341=CARTESIAN_POINT('',(2.,43.240635094611,102.61));
#10342=CARTESIAN_POINT('',(3.,36.3124318643355,102.61));
#10343=CARTESIAN_POINT('Origin',(2.5,9.48810303633835,61.5272238826389));
#10344=CARTESIAN_POINT('',(2.5,38.18,62.0272238826389));
#10345=CARTESIAN_POINT('',(2.5,5.,62.0272238826389));
#10346=CARTESIAN_POINT('',(2.5,9.48810303633835,62.0272238826389));
#10347=CARTESIAN_POINT('Origin',(2.5,5.,61.5272238826389));
#10348=CARTESIAN_POINT('Origin',(2.5,38.68,61.5272238826389));
#10349=CARTESIAN_POINT('Origin',(2.5,38.68,33.9937726647019));
#10350=CARTESIAN_POINT('',(2.5,38.18,69.));
#10351=CARTESIAN_POINT('Origin',(2.5,38.68,69.5));
#10352=CARTESIAN_POINT('',(2.5,38.18,33.9937726647019));
#10353=CARTESIAN_POINT('Origin',(2.5,2.5,69.5));
#10354=CARTESIAN_POINT('',(2.5,5.,69.));
#10355=CARTESIAN_POINT('Origin',(2.5,5.,69.5));
#10356=CARTESIAN_POINT('',(2.5,2.5,69.));
#10357=CARTESIAN_POINT('Origin',(3.,18.9762060726767,62.0272238826389));
#10358=CARTESIAN_POINT('',(3.,38.18,62.0272238826389));
#10359=CARTESIAN_POINT('',(2.,36.3434063020869,62.0272238826389));
#10360=CARTESIAN_POINT('',(3.,36.3434063020869,62.0272238826389));
#10361=CARTESIAN_POINT('',(2.,31.1005617256589,62.0272238826389));
#10362=CARTESIAN_POINT('',(2.,43.2405281186455,62.0272238826389));
#10363=CARTESIAN_POINT('',(3.,31.1005617256589,62.0272238826389));
#10364=CARTESIAN_POINT('',(2.,24.2037939273233,62.0272238826389));
#10365=CARTESIAN_POINT('',(3.,24.2037939273233,62.0272238826389));
#10366=CARTESIAN_POINT('',(2.,18.9762060726767,62.0272238826389));
#10367=CARTESIAN_POINT('',(2.,-0.0605281186454665,62.0272238826389));
#10368=CARTESIAN_POINT('',(3.,18.9762060726767,62.0272238826389));
#10369=CARTESIAN_POINT('',(2.,12.0794382743411,62.0272238826389));
#10370=CARTESIAN_POINT('',(3.,12.0794382743411,62.0272238826389));
#10371=CARTESIAN_POINT('',(2.,6.83659369791314,62.0272238826389));
#10372=CARTESIAN_POINT('',(2.,-0.0605281186454665,62.0272238826389));
#10373=CARTESIAN_POINT('',(3.,6.83659369791314,62.0272238826389));
#10374=CARTESIAN_POINT('',(3.,5.,62.0272238826389));
#10375=CARTESIAN_POINT('Origin',(3.,38.18,64.9875453294038));
#10376=CARTESIAN_POINT('',(3.,38.18,69.));
#10377=CARTESIAN_POINT('',(2.,38.18,66.));
#10378=CARTESIAN_POINT('',(3.,38.18,66.));
#10379=CARTESIAN_POINT('',(2.,38.18,64.9875453294038));
#10380=CARTESIAN_POINT('',(2.,38.18,74.39));
#10381=CARTESIAN_POINT('',(3.,38.18,64.9875453294038));
#10382=CARTESIAN_POINT('Origin',(3.,5.,69.));
#10383=CARTESIAN_POINT('',(3.,5.,69.));
#10384=CARTESIAN_POINT('',(2.,6.86756813566454,69.));
#10385=CARTESIAN_POINT('',(3.,6.86756813566454,69.));
#10386=CARTESIAN_POINT('',(2.,12.0637205583712,69.));
#10387=CARTESIAN_POINT('',(2.,-0.0606350946109835,69.));
#10388=CARTESIAN_POINT('',(3.,12.0637205583712,69.));
#10389=CARTESIAN_POINT('',(2.,18.9919237886467,69.));
#10390=CARTESIAN_POINT('',(3.,18.9919237886467,69.));
#10391=CARTESIAN_POINT('',(2.,24.1880762113533,69.));
#10392=CARTESIAN_POINT('',(2.,43.240635094611,69.));
#10393=CARTESIAN_POINT('',(3.,24.1880762113533,69.));
#10394=CARTESIAN_POINT('',(2.,31.1162794416288,69.));
#10395=CARTESIAN_POINT('',(3.,31.1162794416288,69.));
#10396=CARTESIAN_POINT('',(2.,36.3124318643355,69.));
#10397=CARTESIAN_POINT('',(2.,43.240635094611,69.));
#10398=CARTESIAN_POINT('',(3.,36.3124318643355,69.));
#10399=CARTESIAN_POINT('Origin',(2.5,9.48810303633835,27.9172238826389));
#10400=CARTESIAN_POINT('',(2.5,38.18,28.4172238826389));
#10401=CARTESIAN_POINT('Origin',(2.5,38.68,27.9172238826389));
#10402=CARTESIAN_POINT('',(2.5,5.,28.4172238826389));
#10403=CARTESIAN_POINT('',(2.5,9.48810303633835,28.4172238826389));
#10404=CARTESIAN_POINT('Origin',(2.5,4.5,27.9172238826389));
#10405=CARTESIAN_POINT('Origin',(2.5,38.68,17.1887726647019));
#10406=CARTESIAN_POINT('',(2.5,38.18,35.39));
#10407=CARTESIAN_POINT('Origin',(2.5,38.68,35.89));
#10408=CARTESIAN_POINT('',(2.5,38.18,17.1887726647019));
#10409=CARTESIAN_POINT('Origin',(2.5,2.5,35.89));
#10410=CARTESIAN_POINT('',(2.5,5.,35.39));
#10411=CARTESIAN_POINT('Origin',(2.5,4.5,35.89));
#10412=CARTESIAN_POINT('',(2.5,2.5,35.39));
#10413=CARTESIAN_POINT('Origin',(2.5,4.5,15.7086119413195));
#10414=CARTESIAN_POINT('',(2.5,5.,15.7086119413195));
#10415=CARTESIAN_POINT('Origin',(3.,5.,28.4172238826389));
#10416=CARTESIAN_POINT('',(3.,5.,28.4172238826389));
#10417=CARTESIAN_POINT('',(2.,5.,31.3775453294038));
#10418=CARTESIAN_POINT('',(3.,5.,31.3775453294038));
#10419=CARTESIAN_POINT('',(2.,5.,32.39));
#10420=CARTESIAN_POINT('',(2.,5.,28.));
#10421=CARTESIAN_POINT('',(3.,5.,32.39));
#10422=CARTESIAN_POINT('',(3.,5.,35.39));
#10423=CARTESIAN_POINT('Origin',(3.,18.9762060726767,28.4172238826389));
#10424=CARTESIAN_POINT('',(3.,38.18,28.4172238826389));
#10425=CARTESIAN_POINT('',(2.,36.3434063020869,28.4172238826389));
#10426=CARTESIAN_POINT('',(3.,36.3434063020869,28.4172238826389));
#10427=CARTESIAN_POINT('',(2.,31.1005617256589,28.4172238826389));
#10428=CARTESIAN_POINT('',(2.,43.2405281186455,28.4172238826389));
#10429=CARTESIAN_POINT('',(3.,31.1005617256589,28.4172238826389));
#10430=CARTESIAN_POINT('',(2.,24.2037939273233,28.4172238826389));
#10431=CARTESIAN_POINT('',(3.,24.2037939273233,28.4172238826389));
#10432=CARTESIAN_POINT('',(2.,18.9762060726767,28.4172238826389));
#10433=CARTESIAN_POINT('',(2.,-0.0605281186454665,28.4172238826389));
#10434=CARTESIAN_POINT('',(3.,18.9762060726767,28.4172238826389));
#10435=CARTESIAN_POINT('',(2.,12.0794382743411,28.4172238826389));
#10436=CARTESIAN_POINT('',(3.,12.0794382743411,28.4172238826389));
#10437=CARTESIAN_POINT('',(2.,6.83659369791314,28.4172238826389));
#10438=CARTESIAN_POINT('',(2.,-0.0605281186454665,28.4172238826389));
#10439=CARTESIAN_POINT('',(3.,6.83659369791314,28.4172238826389));
#10440=CARTESIAN_POINT('Origin',(0.5,7.5,20.5));
#10441=CARTESIAN_POINT('',(0.5,5.,20.5));
#10442=CARTESIAN_POINT('Origin',(0.5,4.5,20.5));
#10443=CARTESIAN_POINT('',(0.5,7.5,23.));
#10444=CARTESIAN_POINT('Origin',(0.5,7.5,23.5));
#10445=CARTESIAN_POINT('Origin',(0.5,7.5,20.5));
#10446=CARTESIAN_POINT('Origin',(0.5,24.09,23.5));
#10447=CARTESIAN_POINT('',(0.5,35.68,23.));
#10448=CARTESIAN_POINT('Origin',(0.5,35.68,23.5));
#10449=CARTESIAN_POINT('',(0.5,24.09,23.));
#10450=CARTESIAN_POINT('Origin',(0.5,35.68,20.5));
#10451=CARTESIAN_POINT('',(0.5,38.18,20.5));
#10452=CARTESIAN_POINT('Origin',(0.5,38.68,20.5));
#10453=CARTESIAN_POINT('Origin',(0.5,35.68,20.5));
#10454=CARTESIAN_POINT('Origin',(0.5,38.68,13.));
#10455=CARTESIAN_POINT('',(0.5,38.18,10.5));
#10456=CARTESIAN_POINT('Origin',(0.5,38.68,10.5));
#10457=CARTESIAN_POINT('',(0.5,38.18,13.));
#10458=CARTESIAN_POINT('Origin',(0.5,35.68,10.5));
#10459=CARTESIAN_POINT('',(0.5,35.68,8.));
#10460=CARTESIAN_POINT('Origin',(0.5,35.68,7.5));
#10461=CARTESIAN_POINT('Origin',(0.5,35.68,10.5));
#10462=CARTESIAN_POINT('Origin',(0.5,40.68,7.5));
#10463=CARTESIAN_POINT('',(0.5,7.5,8.));
#10464=CARTESIAN_POINT('Origin',(0.5,7.5,7.5));
#10465=CARTESIAN_POINT('',(0.5,40.68,8.));
#10466=CARTESIAN_POINT('Origin',(0.5,7.5,10.5));
#10467=CARTESIAN_POINT('',(0.5,5.,10.5));
#10468=CARTESIAN_POINT('Origin',(0.5,4.5,10.5));
#10469=CARTESIAN_POINT('Origin',(0.5,7.5,10.5));
#10470=CARTESIAN_POINT('Origin',(0.5,4.5,5.5));
#10471=CARTESIAN_POINT('',(0.5,5.,5.5));
#10472=CARTESIAN_POINT('Origin',(3.,38.18,8.));
#10473=CARTESIAN_POINT('',(2.5,7.5,8.));
#10474=CARTESIAN_POINT('',(3.,7.5,8.));
#10475=CARTESIAN_POINT('',(2.5,35.68,8.));
#10476=CARTESIAN_POINT('',(2.5,19.09,8.));
#10477=CARTESIAN_POINT('',(3.,35.68,8.));
#10478=CARTESIAN_POINT('Origin',(3.,7.5,10.5));
#10479=CARTESIAN_POINT('',(2.5,5.,10.5));
#10480=CARTESIAN_POINT('',(3.,5.,10.5));
#10481=CARTESIAN_POINT('Origin',(2.5,7.5,10.5));
#10482=CARTESIAN_POINT('Origin',(3.,5.,8.));
#10483=CARTESIAN_POINT('',(2.5,5.,20.5));
#10484=CARTESIAN_POINT('',(3.,5.,20.5));
#10485=CARTESIAN_POINT('',(2.5,5.,5.5));
#10486=CARTESIAN_POINT('Origin',(3.,7.5,20.5));
#10487=CARTESIAN_POINT('',(2.5,7.5,23.));
#10488=CARTESIAN_POINT('',(3.,7.5,23.));
#10489=CARTESIAN_POINT('Origin',(2.5,7.5,20.5));
#10490=CARTESIAN_POINT('Origin',(2.5,35.68,20.5));
#10491=CARTESIAN_POINT('',(2.5,38.18,20.5));
#10492=CARTESIAN_POINT('Origin',(2.5,38.68,20.5));
#10493=CARTESIAN_POINT('',(2.5,35.68,23.));
#10494=CARTESIAN_POINT('Origin',(2.5,35.68,23.5));
#10495=CARTESIAN_POINT('Origin',(2.5,35.68,20.5));
#10496=CARTESIAN_POINT('Origin',(2.5,2.5,23.5));
#10497=CARTESIAN_POINT('Origin',(2.5,7.5,23.5));
#10498=CARTESIAN_POINT('',(2.5,2.5,23.));
#10499=CARTESIAN_POINT('Origin',(2.5,7.5,20.5));
#10500=CARTESIAN_POINT('Origin',(2.5,4.5,20.5));
#10501=CARTESIAN_POINT('Origin',(2.5,4.5,5.5));
#10502=CARTESIAN_POINT('Origin',(2.5,4.5,10.5));
#10503=CARTESIAN_POINT('Origin',(2.5,7.5,10.5));
#10504=CARTESIAN_POINT('Origin',(2.5,7.5,7.5));
#10505=CARTESIAN_POINT('Origin',(2.5,19.09,7.5));
#10506=CARTESIAN_POINT('Origin',(2.5,35.68,7.5));
#10507=CARTESIAN_POINT('Origin',(2.5,35.68,10.5));
#10508=CARTESIAN_POINT('',(2.5,38.18,10.5));
#10509=CARTESIAN_POINT('Origin',(2.5,38.68,10.5));
#10510=CARTESIAN_POINT('Origin',(2.5,35.68,10.5));
#10511=CARTESIAN_POINT('Origin',(2.5,38.68,13.));
#10512=CARTESIAN_POINT('',(2.5,38.18,13.));
#10513=CARTESIAN_POINT('Origin',(3.,35.68,10.5));
#10514=CARTESIAN_POINT('',(3.,38.18,10.5));
#10515=CARTESIAN_POINT('Origin',(3.,38.18,23.));
#10516=CARTESIAN_POINT('',(3.,38.18,20.5));
#10517=CARTESIAN_POINT('Origin',(3.,35.68,20.5));
#10518=CARTESIAN_POINT('',(3.,35.68,23.));
#10519=CARTESIAN_POINT('Origin',(0.5,7.5,87.72));
#10520=CARTESIAN_POINT('',(0.5,5.,87.72));
#10521=CARTESIAN_POINT('Origin',(0.5,4.5,87.72));
#10522=CARTESIAN_POINT('',(0.5,7.5,90.22));
#10523=CARTESIAN_POINT('Origin',(0.5,7.5,90.72));
#10524=CARTESIAN_POINT('Origin',(0.5,7.5,87.72));
#10525=CARTESIAN_POINT('Origin',(0.5,24.09,90.72));
#10526=CARTESIAN_POINT('',(0.5,35.68,90.22));
#10527=CARTESIAN_POINT('Origin',(0.5,35.68,90.72));
#10528=CARTESIAN_POINT('',(0.5,24.09,90.22));
#10529=CARTESIAN_POINT('Origin',(0.5,35.68,87.72));
#10530=CARTESIAN_POINT('',(0.5,38.18,87.72));
#10531=CARTESIAN_POINT('Origin',(0.5,38.68,87.72));
#10532=CARTESIAN_POINT('Origin',(0.5,35.68,87.72));
#10533=CARTESIAN_POINT('Origin',(0.5,38.68,46.61));
#10534=CARTESIAN_POINT('',(0.5,38.18,76.89));
#10535=CARTESIAN_POINT('Origin',(0.5,38.68,76.89));
#10536=CARTESIAN_POINT('',(0.5,38.18,46.61));
#10537=CARTESIAN_POINT('Origin',(0.5,35.68,76.89));
#10538=CARTESIAN_POINT('',(0.5,35.68,74.39));
#10539=CARTESIAN_POINT('Origin',(0.5,35.68,73.89));
#10540=CARTESIAN_POINT('Origin',(0.5,35.68,76.89));
#10541=CARTESIAN_POINT('Origin',(0.5,40.68,73.89));
#10542=CARTESIAN_POINT('',(0.5,7.5,74.39));
#10543=CARTESIAN_POINT('Origin',(0.5,7.5,73.89));
#10544=CARTESIAN_POINT('',(0.5,40.68,74.39));
#10545=CARTESIAN_POINT('Origin',(0.5,7.5,76.89));
#10546=CARTESIAN_POINT('',(0.5,5.,76.89));
#10547=CARTESIAN_POINT('Origin',(0.5,4.5,76.89));
#10548=CARTESIAN_POINT('Origin',(0.5,7.5,76.89));
#10549=CARTESIAN_POINT('Origin',(0.5,4.5,38.695));
#10550=CARTESIAN_POINT('',(0.5,5.,38.695));
#10551=CARTESIAN_POINT('Origin',(3.,38.18,74.39));
#10552=CARTESIAN_POINT('',(2.5,7.5,74.39));
#10553=CARTESIAN_POINT('',(3.,7.5,74.39));
#10554=CARTESIAN_POINT('',(2.5,35.68,74.39));
#10555=CARTESIAN_POINT('',(2.5,19.09,74.39));
#10556=CARTESIAN_POINT('',(3.,35.68,74.39));
#10557=CARTESIAN_POINT('Origin',(3.,7.5,76.89));
#10558=CARTESIAN_POINT('',(2.5,5.,76.89));
#10559=CARTESIAN_POINT('',(3.,5.,76.89));
#10560=CARTESIAN_POINT('Origin',(2.5,7.5,76.89));
#10561=CARTESIAN_POINT('Origin',(3.,5.,74.39));
#10562=CARTESIAN_POINT('',(2.5,5.,87.72));
#10563=CARTESIAN_POINT('',(3.,5.,87.72));
#10564=CARTESIAN_POINT('',(2.5,5.,38.695));
#10565=CARTESIAN_POINT('Origin',(3.,7.5,87.72));
#10566=CARTESIAN_POINT('',(2.5,7.5,90.22));
#10567=CARTESIAN_POINT('',(3.,7.5,90.22));
#10568=CARTESIAN_POINT('Origin',(2.5,7.5,87.72));
#10569=CARTESIAN_POINT('Origin',(2.5,7.5,76.89));
#10570=CARTESIAN_POINT('Origin',(2.5,4.5,76.89));
#10571=CARTESIAN_POINT('Origin',(2.5,7.5,73.89));
#10572=CARTESIAN_POINT('Origin',(2.5,19.09,73.89));
#10573=CARTESIAN_POINT('Origin',(2.5,35.68,73.89));
#10574=CARTESIAN_POINT('Origin',(2.5,35.68,76.89));
#10575=CARTESIAN_POINT('',(2.5,38.18,76.89));
#10576=CARTESIAN_POINT('Origin',(2.5,38.68,76.89));
#10577=CARTESIAN_POINT('Origin',(2.5,35.68,76.89));
#10578=CARTESIAN_POINT('Origin',(2.5,38.68,46.61));
#10579=CARTESIAN_POINT('',(2.5,38.18,87.72));
#10580=CARTESIAN_POINT('Origin',(2.5,38.68,87.72));
#10581=CARTESIAN_POINT('',(2.5,38.18,46.61));
#10582=CARTESIAN_POINT('Origin',(2.5,35.68,87.72));
#10583=CARTESIAN_POINT('',(2.5,35.68,90.22));
#10584=CARTESIAN_POINT('Origin',(2.5,35.68,90.72));
#10585=CARTESIAN_POINT('Origin',(2.5,35.68,87.72));
#10586=CARTESIAN_POINT('Origin',(2.5,2.5,90.72));
#10587=CARTESIAN_POINT('Origin',(2.5,7.5,90.72));
#10588=CARTESIAN_POINT('',(2.5,2.5,90.22));
#10589=CARTESIAN_POINT('Origin',(2.5,7.5,87.72));
#10590=CARTESIAN_POINT('Origin',(2.5,4.5,87.72));
#10591=CARTESIAN_POINT('Origin',(2.5,4.5,38.695));
#10592=CARTESIAN_POINT('Origin',(3.,5.,90.22));
#10593=CARTESIAN_POINT('',(3.,35.68,90.22));
#10594=CARTESIAN_POINT('Origin',(0.5,7.5,54.11));
#10595=CARTESIAN_POINT('',(0.5,5.,54.11));
#10596=CARTESIAN_POINT('Origin',(0.5,4.5,54.11));
#10597=CARTESIAN_POINT('',(0.5,7.5,56.61));
#10598=CARTESIAN_POINT('Origin',(0.5,7.5,57.11));
#10599=CARTESIAN_POINT('Origin',(0.5,7.5,54.11));
#10600=CARTESIAN_POINT('Origin',(0.5,24.09,57.11));
#10601=CARTESIAN_POINT('',(0.5,35.68,56.61));
#10602=CARTESIAN_POINT('Origin',(0.5,35.68,57.11));
#10603=CARTESIAN_POINT('',(0.5,24.09,56.61));
#10604=CARTESIAN_POINT('Origin',(0.5,35.68,54.11));
#10605=CARTESIAN_POINT('',(0.5,38.18,54.11));
#10606=CARTESIAN_POINT('Origin',(0.5,38.68,54.11));
#10607=CARTESIAN_POINT('Origin',(0.5,35.68,54.11));
#10608=CARTESIAN_POINT('Origin',(0.5,38.68,29.805));
#10609=CARTESIAN_POINT('',(0.5,38.18,43.28));
#10610=CARTESIAN_POINT('Origin',(0.5,38.68,43.28));
#10611=CARTESIAN_POINT('',(0.5,38.18,29.805));
#10612=CARTESIAN_POINT('Origin',(0.5,35.68,43.28));
#10613=CARTESIAN_POINT('',(0.5,35.68,40.78));
#10614=CARTESIAN_POINT('Origin',(0.5,35.68,40.28));
#10615=CARTESIAN_POINT('Origin',(0.5,35.68,43.28));
#10616=CARTESIAN_POINT('Origin',(0.5,40.68,40.28));
#10617=CARTESIAN_POINT('',(0.5,7.5,40.78));
#10618=CARTESIAN_POINT('Origin',(0.5,7.5,40.28));
#10619=CARTESIAN_POINT('',(0.5,40.68,40.78));
#10620=CARTESIAN_POINT('Origin',(0.5,7.5,43.28));
#10621=CARTESIAN_POINT('',(0.5,5.,43.28));
#10622=CARTESIAN_POINT('Origin',(0.5,4.5,43.28));
#10623=CARTESIAN_POINT('Origin',(0.5,7.5,43.28));
#10624=CARTESIAN_POINT('Origin',(0.5,4.5,21.89));
#10625=CARTESIAN_POINT('',(0.5,5.,21.89));
#10626=CARTESIAN_POINT('Origin',(3.,38.18,40.78));
#10627=CARTESIAN_POINT('',(2.5,7.5,40.78));
#10628=CARTESIAN_POINT('',(3.,7.5,40.78));
#10629=CARTESIAN_POINT('',(2.5,35.68,40.78));
#10630=CARTESIAN_POINT('',(2.5,19.09,40.78));
#10631=CARTESIAN_POINT('',(3.,35.68,40.78));
#10632=CARTESIAN_POINT('Origin',(3.,7.5,43.28));
#10633=CARTESIAN_POINT('',(2.5,5.,43.28));
#10634=CARTESIAN_POINT('',(3.,5.,43.28));
#10635=CARTESIAN_POINT('Origin',(2.5,7.5,43.28));
#10636=CARTESIAN_POINT('Origin',(3.,5.,40.78));
#10637=CARTESIAN_POINT('',(2.5,5.,54.11));
#10638=CARTESIAN_POINT('',(3.,5.,54.11));
#10639=CARTESIAN_POINT('',(2.5,5.,21.89));
#10640=CARTESIAN_POINT('Origin',(3.,7.5,54.11));
#10641=CARTESIAN_POINT('',(2.5,7.5,56.61));
#10642=CARTESIAN_POINT('',(3.,7.5,56.61));
#10643=CARTESIAN_POINT('Origin',(2.5,7.5,54.11));
#10644=CARTESIAN_POINT('Origin',(2.5,35.68,54.11));
#10645=CARTESIAN_POINT('',(2.5,38.18,54.11));
#10646=CARTESIAN_POINT('Origin',(2.5,38.68,54.11));
#10647=CARTESIAN_POINT('',(2.5,35.68,56.61));
#10648=CARTESIAN_POINT('Origin',(2.5,35.68,57.11));
#10649=CARTESIAN_POINT('Origin',(2.5,35.68,54.11));
#10650=CARTESIAN_POINT('Origin',(2.5,2.5,57.11));
#10651=CARTESIAN_POINT('Origin',(2.5,7.5,57.11));
#10652=CARTESIAN_POINT('',(2.5,2.5,56.61));
#10653=CARTESIAN_POINT('Origin',(2.5,7.5,54.11));
#10654=CARTESIAN_POINT('Origin',(2.5,4.5,54.11));
#10655=CARTESIAN_POINT('Origin',(2.5,4.5,21.89));
#10656=CARTESIAN_POINT('Origin',(2.5,4.5,43.28));
#10657=CARTESIAN_POINT('Origin',(2.5,7.5,43.28));
#10658=CARTESIAN_POINT('Origin',(2.5,7.5,40.28));
#10659=CARTESIAN_POINT('Origin',(2.5,19.09,40.28));
#10660=CARTESIAN_POINT('Origin',(2.5,35.68,40.28));
#10661=CARTESIAN_POINT('Origin',(2.5,35.68,43.28));
#10662=CARTESIAN_POINT('',(2.5,38.18,43.28));
#10663=CARTESIAN_POINT('Origin',(2.5,38.68,43.28));
#10664=CARTESIAN_POINT('Origin',(2.5,35.68,43.28));
#10665=CARTESIAN_POINT('Origin',(2.5,38.68,29.805));
#10666=CARTESIAN_POINT('',(2.5,38.18,29.805));
#10667=CARTESIAN_POINT('Origin',(3.,35.68,43.28));
#10668=CARTESIAN_POINT('',(3.,38.18,43.28));
#10669=CARTESIAN_POINT('Origin',(3.,38.18,56.61));
#10670=CARTESIAN_POINT('',(3.,38.18,54.11));
#10671=CARTESIAN_POINT('Origin',(3.,35.68,54.11));
#10672=CARTESIAN_POINT('',(3.,35.68,56.61));
#10673=CARTESIAN_POINT('Origin',(3.,35.68,87.72));
#10674=CARTESIAN_POINT('',(3.,38.18,87.72));
#10675=CARTESIAN_POINT('Origin',(3.,35.68,76.89));
#10676=CARTESIAN_POINT('',(3.,38.18,76.89));
#10677=CARTESIAN_POINT('Origin',(3.,38.18,90.22));
#10678=CARTESIAN_POINT('Origin',(3.,5.,56.61));
#10679=CARTESIAN_POINT('Origin',(3.,5.,23.));
#10680=CARTESIAN_POINT('Origin',(2.,21.59,31.9036119413194));
#10681=CARTESIAN_POINT('',(2.,18.9919237886467,35.39));
#10682=CARTESIAN_POINT('',(2.,24.1880762113533,35.39));
#10683=CARTESIAN_POINT('',(2.,43.240635094611,35.39));
#10684=CARTESIAN_POINT('',(2.,17.2598729810778,32.39));
#10685=CARTESIAN_POINT('',(2.,18.5618581584988,34.6451044779948));
#10686=CARTESIAN_POINT('',(2.,13.79577136594,32.39));
#10687=CARTESIAN_POINT('',(2.,19.4249364905389,32.39));
#10688=CARTESIAN_POINT('',(2.,12.0637205583712,35.39));
#10689=CARTESIAN_POINT('',(2.,14.8753560489262,30.5201044779948));
#10690=CARTESIAN_POINT('',(2.,6.86756813566454,35.39));
#10691=CARTESIAN_POINT('',(2.,-0.0606350946109835,35.39));
#10692=CARTESIAN_POINT('',(2.,5.13551732809566,32.39));
#10693=CARTESIAN_POINT('',(2.,7.95304696213946,37.2701044779948));
#10694=CARTESIAN_POINT('',(2.,13.3627586640478,32.39));
#10695=CARTESIAN_POINT('',(2.,5.15904041406787,31.3762954147768));
#10696=CARTESIAN_POINT('',(2.,13.2924206095621,31.3123743609171));
#10697=CARTESIAN_POINT('',(2.,7.04413419518408,28.0511388329692));
#10698=CARTESIAN_POINT('',(2.,13.79577136594,31.39));
#10699=CARTESIAN_POINT('',(2.,14.0230836466155,31.7837164193143));
#10700=CARTESIAN_POINT('',(2.,17.2598729810778,31.39));
#10701=CARTESIAN_POINT('',(2.,17.69288568297,31.39));
#10702=CARTESIAN_POINT('',(2.,17.6899386112257,30.6451044779948));
#10703=CARTESIAN_POINT('',(2.,25.9201270189222,31.39));
#10704=CARTESIAN_POINT('',(2.,24.6318948429749,29.1587164193143));
#10705=CARTESIAN_POINT('',(2.,29.38422863406,31.39));
#10706=CARTESIAN_POINT('',(2.,23.7550635094611,31.39));
#10707=CARTESIAN_POINT('',(2.,28.298749807585,33.2701044779948));
#10708=CARTESIAN_POINT('',(2.,38.0209595859321,31.3762954147768));
#10709=CARTESIAN_POINT('',(2.,35.2970891628933,26.5716030669002));
#10710=CARTESIAN_POINT('',(2.,38.18,31.3775453294038));
#10711=CARTESIAN_POINT('',(2.,29.8080591834039,31.3117494036036));
#10712=CARTESIAN_POINT('',(2.,38.18,32.39));
#10713=CARTESIAN_POINT('',(2.,38.18,40.78));
#10714=CARTESIAN_POINT('',(2.,38.0444826719043,32.39));
#10715=CARTESIAN_POINT('',(2.,29.885,32.39));
#10716=CARTESIAN_POINT('',(2.,36.3124318643355,35.39));
#10717=CARTESIAN_POINT('',(2.,36.092978441645,35.7701044779948));
#10718=CARTESIAN_POINT('',(2.,31.1162794416288,35.39));
#10719=CARTESIAN_POINT('',(2.,43.240635094611,35.39));
#10720=CARTESIAN_POINT('',(2.,29.38422863406,32.39));
#10721=CARTESIAN_POINT('',(2.,29.1706693548582,32.0201044779948));
#10722=CARTESIAN_POINT('',(2.,25.9201270189222,32.39));
#10723=CARTESIAN_POINT('',(2.,25.48711431703,32.39));
#10724=CARTESIAN_POINT('',(2.,25.4841672452856,33.1451044779948));
#10725=CARTESIAN_POINT('',(2.,23.3220508075689,28.89));
#10726=CARTESIAN_POINT('',(2.,25.0541016151378,31.89));
#10727=CARTESIAN_POINT('',(2.,24.6240359849899,31.1451044779948));
#10728=CARTESIAN_POINT('',(2.,19.8579491924311,28.89));
#10729=CARTESIAN_POINT('',(2.,22.4560254037844,28.89));
#10730=CARTESIAN_POINT('',(2.,18.1258983848622,31.89));
#10731=CARTESIAN_POINT('',(2.,19.4219894187945,29.6451044779948));
#10732=CARTESIAN_POINT('',(2.,19.8579491924311,34.89));
#10733=CARTESIAN_POINT('',(2.,18.5618581584988,32.6451044779948));
#10734=CARTESIAN_POINT('',(2.,23.3220508075689,34.89));
#10735=CARTESIAN_POINT('',(2.,20.7239745962156,34.89));
#10736=CARTESIAN_POINT('',(2.,23.7521164377167,34.1451044779948));
#10737=CARTESIAN_POINT('',(2.,30.2502540378444,31.89));
#10738=CARTESIAN_POINT('',(2.,31.9823048454133,28.89));
#10739=CARTESIAN_POINT('',(2.,30.0308006151539,32.2701044779948));
#10740=CARTESIAN_POINT('',(2.,31.9823048454133,34.89));
#10741=CARTESIAN_POINT('',(2.,29.1706693548582,30.0201044779948));
#10742=CARTESIAN_POINT('',(2.,35.446406460551,34.89));
#10743=CARTESIAN_POINT('',(2.,26.7861524227066,34.89));
#10744=CARTESIAN_POINT('',(2.,37.1784572681199,31.89));
#10745=CARTESIAN_POINT('',(2.,34.3609276340761,36.7701044779948));
#10746=CARTESIAN_POINT('',(2.,35.446406460551,28.89));
#10747=CARTESIAN_POINT('',(2.,35.2328471813493,28.5201044779948));
#10748=CARTESIAN_POINT('',(2.,28.5182032302755,28.89));
#10749=CARTESIAN_POINT('',(2.,11.1976951545867,28.89));
#10750=CARTESIAN_POINT('',(2.,12.9297459621556,31.89));
#10751=CARTESIAN_POINT('',(2.,14.0152247886305,33.7701044779948));
#10752=CARTESIAN_POINT('',(2.,7.73359353944897,28.89));
#10753=CARTESIAN_POINT('',(2.,16.3938475772934,28.89));
#10754=CARTESIAN_POINT('',(2.,6.00154273188009,31.89));
#10755=CARTESIAN_POINT('',(2.,8.81317822243515,27.0201044779948));
#10756=CARTESIAN_POINT('',(2.,7.73359353944897,34.89));
#10757=CARTESIAN_POINT('',(2.,7.95304696213945,35.2701044779948));
#10758=CARTESIAN_POINT('',(2.,11.1976951545867,34.89));
#10759=CARTESIAN_POINT('',(2.,14.6617967697245,34.89));
#10760=CARTESIAN_POINT('',(2.,13.1433052413574,31.5201044779948));
#10761=CARTESIAN_POINT('Origin',(2.,21.59,65.5136119413195));
#10762=CARTESIAN_POINT('',(2.,17.2598729810778,66.));
#10763=CARTESIAN_POINT('',(2.,18.5618581584988,68.2551044779948));
#10764=CARTESIAN_POINT('',(2.,13.79577136594,66.));
#10765=CARTESIAN_POINT('',(2.,19.4249364905389,66.));
#10766=CARTESIAN_POINT('',(2.,14.8753560489262,64.1301044779948));
#10767=CARTESIAN_POINT('',(2.,5.13551732809566,66.));
#10768=CARTESIAN_POINT('',(2.,7.95304696213946,70.8801044779948));
#10769=CARTESIAN_POINT('',(2.,5.,66.));
#10770=CARTESIAN_POINT('',(2.,13.3627586640478,66.));
#10771=CARTESIAN_POINT('',(2.,5.,64.9875453294038));
#10772=CARTESIAN_POINT('',(2.,5.,56.61));
#10773=CARTESIAN_POINT('',(2.,5.15904041406787,64.9862954147768));
#10774=CARTESIAN_POINT('',(2.,13.2924206095621,64.9223743609171));
#10775=CARTESIAN_POINT('',(2.,7.04413419518408,61.6611388329692));
#10776=CARTESIAN_POINT('',(2.,13.79577136594,65.));
#10777=CARTESIAN_POINT('',(2.,14.0230836466155,65.3937164193143));
#10778=CARTESIAN_POINT('',(2.,17.2598729810778,65.));
#10779=CARTESIAN_POINT('',(2.,17.69288568297,65.));
#10780=CARTESIAN_POINT('',(2.,17.6899386112257,64.2551044779948));
#10781=CARTESIAN_POINT('',(2.,25.9201270189222,65.));
#10782=CARTESIAN_POINT('',(2.,24.6318948429749,62.7687164193143));
#10783=CARTESIAN_POINT('',(2.,29.38422863406,65.));
#10784=CARTESIAN_POINT('',(2.,23.7550635094611,65.));
#10785=CARTESIAN_POINT('',(2.,28.298749807585,66.8801044779948));
#10786=CARTESIAN_POINT('',(2.,38.0209595859321,64.9862954147768));
#10787=CARTESIAN_POINT('',(2.,35.2970891628933,60.1816030669002));
#10788=CARTESIAN_POINT('',(2.,29.8080591834039,64.9217494036036));
#10789=CARTESIAN_POINT('',(2.,38.0444826719043,66.));
#10790=CARTESIAN_POINT('',(2.,29.885,66.));
#10791=CARTESIAN_POINT('',(2.,36.092978441645,69.3801044779948));
#10792=CARTESIAN_POINT('',(2.,29.38422863406,66.));
#10793=CARTESIAN_POINT('',(2.,29.1706693548582,65.6301044779948));
#10794=CARTESIAN_POINT('',(2.,25.9201270189222,66.));
#10795=CARTESIAN_POINT('',(2.,25.48711431703,66.));
#10796=CARTESIAN_POINT('',(2.,25.4841672452856,66.7551044779948));
#10797=CARTESIAN_POINT('',(2.,30.2502540378444,65.5));
#10798=CARTESIAN_POINT('',(2.,31.9823048454133,62.5));
#10799=CARTESIAN_POINT('',(2.,30.0308006151539,65.8801044779948));
#10800=CARTESIAN_POINT('',(2.,31.9823048454133,68.5));
#10801=CARTESIAN_POINT('',(2.,29.1706693548582,63.6301044779948));
#10802=CARTESIAN_POINT('',(2.,35.446406460551,68.5));
#10803=CARTESIAN_POINT('',(2.,26.7861524227066,68.5));
#10804=CARTESIAN_POINT('',(2.,37.1784572681199,65.5));
#10805=CARTESIAN_POINT('',(2.,34.3609276340761,70.3801044779948));
#10806=CARTESIAN_POINT('',(2.,35.446406460551,62.5));
#10807=CARTESIAN_POINT('',(2.,35.2328471813493,62.1301044779948));
#10808=CARTESIAN_POINT('',(2.,28.5182032302755,62.5));
#10809=CARTESIAN_POINT('',(2.,11.1976951545867,62.5));
#10810=CARTESIAN_POINT('',(2.,12.9297459621556,65.5));
#10811=CARTESIAN_POINT('',(2.,14.0152247886305,67.3801044779948));
#10812=CARTESIAN_POINT('',(2.,7.73359353944897,62.5));
#10813=CARTESIAN_POINT('',(2.,16.3938475772934,62.5));
#10814=CARTESIAN_POINT('',(2.,6.00154273188009,65.5));
#10815=CARTESIAN_POINT('',(2.,8.81317822243515,60.6301044779948));
#10816=CARTESIAN_POINT('',(2.,7.73359353944897,68.5));
#10817=CARTESIAN_POINT('',(2.,7.95304696213945,68.8801044779948));
#10818=CARTESIAN_POINT('',(2.,11.1976951545867,68.5));
#10819=CARTESIAN_POINT('',(2.,14.6617967697245,68.5));
#10820=CARTESIAN_POINT('',(2.,13.1433052413574,65.1301044779948));
#10821=CARTESIAN_POINT('',(2.,23.3220508075689,62.5));
#10822=CARTESIAN_POINT('',(2.,25.0541016151378,65.5));
#10823=CARTESIAN_POINT('',(2.,24.6240359849899,64.7551044779948));
#10824=CARTESIAN_POINT('',(2.,19.8579491924311,62.5));
#10825=CARTESIAN_POINT('',(2.,22.4560254037844,62.5));
#10826=CARTESIAN_POINT('',(2.,18.1258983848622,65.5));
#10827=CARTESIAN_POINT('',(2.,19.4219894187945,63.2551044779948));
#10828=CARTESIAN_POINT('',(2.,19.8579491924311,68.5));
#10829=CARTESIAN_POINT('',(2.,18.5618581584988,66.2551044779948));
#10830=CARTESIAN_POINT('',(2.,23.3220508075689,68.5));
#10831=CARTESIAN_POINT('',(2.,20.7239745962156,68.5));
#10832=CARTESIAN_POINT('',(2.,23.7521164377167,67.7551044779948));
#10833=CARTESIAN_POINT('Origin',(2.,21.59,99.1236119413195));
#10834=CARTESIAN_POINT('',(2.,17.2598729810778,99.61));
#10835=CARTESIAN_POINT('',(2.,18.5618581584988,101.865104477995));
#10836=CARTESIAN_POINT('',(2.,13.79577136594,99.61));
#10837=CARTESIAN_POINT('',(2.,19.4249364905389,99.61));
#10838=CARTESIAN_POINT('',(2.,14.8753560489262,97.7401044779948));
#10839=CARTESIAN_POINT('',(2.,5.13551732809566,99.61));
#10840=CARTESIAN_POINT('',(2.,7.95304696213946,104.490104477995));
#10841=CARTESIAN_POINT('',(2.,5.,99.61));
#10842=CARTESIAN_POINT('',(2.,13.3627586640478,99.61));
#10843=CARTESIAN_POINT('',(2.,5.,98.5975453294038));
#10844=CARTESIAN_POINT('',(2.,5.,90.22));
#10845=CARTESIAN_POINT('',(2.,5.15904041406787,98.5962954147768));
#10846=CARTESIAN_POINT('',(2.,13.2924206095621,98.5323743609172));
#10847=CARTESIAN_POINT('',(2.,6.83659369791314,95.6372238826389));
#10848=CARTESIAN_POINT('',(2.,7.04413419518408,95.2711388329692));
#10849=CARTESIAN_POINT('',(2.,12.0794382743411,95.6372238826389));
#10850=CARTESIAN_POINT('',(2.,-0.0605281186454665,95.6372238826389));
#10851=CARTESIAN_POINT('',(2.,13.79577136594,98.61));
#10852=CARTESIAN_POINT('',(2.,14.0230836466155,99.0037164193143));
#10853=CARTESIAN_POINT('',(2.,17.2598729810778,98.61));
#10854=CARTESIAN_POINT('',(2.,17.69288568297,98.61));
#10855=CARTESIAN_POINT('',(2.,18.9762060726767,95.6372238826389));
#10856=CARTESIAN_POINT('',(2.,17.6899386112257,97.8651044779948));
#10857=CARTESIAN_POINT('',(2.,24.2037939273233,95.6372238826389));
#10858=CARTESIAN_POINT('',(2.,-0.0605281186454665,95.6372238826389));
#10859=CARTESIAN_POINT('',(2.,25.9201270189222,98.61));
#10860=CARTESIAN_POINT('',(2.,24.6318948429749,96.3787164193143));
#10861=CARTESIAN_POINT('',(2.,29.38422863406,98.61));
#10862=CARTESIAN_POINT('',(2.,23.7550635094611,98.61));
#10863=CARTESIAN_POINT('',(2.,31.1005617256589,95.6372238826389));
#10864=CARTESIAN_POINT('',(2.,28.298749807585,100.490104477995));
#10865=CARTESIAN_POINT('',(2.,36.3434063020869,95.6372238826389));
#10866=CARTESIAN_POINT('',(2.,43.2405281186455,95.6372238826389));
#10867=CARTESIAN_POINT('',(2.,38.0209595859321,98.5962954147768));
#10868=CARTESIAN_POINT('',(2.,35.2970891628933,93.7916030669003));
#10869=CARTESIAN_POINT('',(2.,29.8080591834039,98.5317494036036));
#10870=CARTESIAN_POINT('',(2.,38.0444826719043,99.61));
#10871=CARTESIAN_POINT('',(2.,29.885,99.61));
#10872=CARTESIAN_POINT('',(2.,36.092978441645,102.990104477995));
#10873=CARTESIAN_POINT('',(2.,29.38422863406,99.61));
#10874=CARTESIAN_POINT('',(2.,29.1706693548582,99.2401044779948));
#10875=CARTESIAN_POINT('',(2.,25.9201270189222,99.61));
#10876=CARTESIAN_POINT('',(2.,25.48711431703,99.61));
#10877=CARTESIAN_POINT('',(2.,25.4841672452856,100.365104477995));
#10878=CARTESIAN_POINT('',(2.,35.446406460551,102.11));
#10879=CARTESIAN_POINT('',(2.,31.9823048454133,102.11));
#10880=CARTESIAN_POINT('',(2.,26.7861524227066,102.11));
#10881=CARTESIAN_POINT('',(2.,37.1784572681199,99.11));
#10882=CARTESIAN_POINT('',(2.,34.3609276340761,103.990104477995));
#10883=CARTESIAN_POINT('',(2.,35.446406460551,96.11));
#10884=CARTESIAN_POINT('',(2.,35.2328471813493,95.7401044779948));
#10885=CARTESIAN_POINT('',(2.,31.9823048454133,96.11));
#10886=CARTESIAN_POINT('',(2.,28.5182032302755,96.11));
#10887=CARTESIAN_POINT('',(2.,30.2502540378444,99.11));
#10888=CARTESIAN_POINT('',(2.,30.0308006151539,99.4901044779948));
#10889=CARTESIAN_POINT('',(2.,29.1706693548582,97.2401044779948));
#10890=CARTESIAN_POINT('',(2.,23.3220508075689,96.11));
#10891=CARTESIAN_POINT('',(2.,25.0541016151378,99.11));
#10892=CARTESIAN_POINT('',(2.,24.6240359849899,98.3651044779948));
#10893=CARTESIAN_POINT('',(2.,19.8579491924311,96.11));
#10894=CARTESIAN_POINT('',(2.,22.4560254037844,96.11));
#10895=CARTESIAN_POINT('',(2.,18.1258983848622,99.11));
#10896=CARTESIAN_POINT('',(2.,19.4219894187945,96.8651044779948));
#10897=CARTESIAN_POINT('',(2.,19.8579491924311,102.11));
#10898=CARTESIAN_POINT('',(2.,18.5618581584988,99.8651044779948));
#10899=CARTESIAN_POINT('',(2.,23.3220508075689,102.11));
#10900=CARTESIAN_POINT('',(2.,20.7239745962156,102.11));
#10901=CARTESIAN_POINT('',(2.,23.7521164377167,101.365104477995));
#10902=CARTESIAN_POINT('',(2.,11.1976951545867,102.11));
#10903=CARTESIAN_POINT('',(2.,7.73359353944897,102.11));
#10904=CARTESIAN_POINT('',(2.,14.6617967697245,102.11));
#10905=CARTESIAN_POINT('',(2.,12.9297459621556,99.11));
#10906=CARTESIAN_POINT('',(2.,13.1433052413574,98.7401044779948));
#10907=CARTESIAN_POINT('',(2.,11.1976951545867,96.11));
#10908=CARTESIAN_POINT('',(2.,14.0152247886305,100.990104477995));
#10909=CARTESIAN_POINT('',(2.,7.73359353944897,96.11));
#10910=CARTESIAN_POINT('',(2.,16.3938475772934,96.11));
#10911=CARTESIAN_POINT('',(2.,6.00154273188009,99.11));
#10912=CARTESIAN_POINT('',(2.,8.81317822243515,94.2401044779948));
#10913=CARTESIAN_POINT('',(2.,7.95304696213945,102.490104477995));
#10914=CARTESIAN_POINT('Origin',(3.,7.73359353944897,28.89));
#10915=CARTESIAN_POINT('',(3.,7.73359353944897,28.89));
#10916=CARTESIAN_POINT('',(3.,6.00154273188009,31.89));
#10917=CARTESIAN_POINT('Origin',(3.,11.1976951545867,28.89));
#10918=CARTESIAN_POINT('',(3.,11.1976951545867,28.89));
#10919=CARTESIAN_POINT('Origin',(3.,12.9297459621556,31.89));
#10920=CARTESIAN_POINT('',(3.,12.9297459621556,31.89));
#10921=CARTESIAN_POINT('Origin',(3.,31.9823048454133,34.89));
#10922=CARTESIAN_POINT('',(3.,31.9823048454133,34.89));
#10923=CARTESIAN_POINT('',(3.,35.446406460551,34.89));
#10924=CARTESIAN_POINT('Origin',(3.,30.2502540378444,31.89));
#10925=CARTESIAN_POINT('',(3.,30.2502540378444,31.89));
#10926=CARTESIAN_POINT('Origin',(3.,31.9823048454133,28.89));
#10927=CARTESIAN_POINT('',(3.,31.9823048454133,28.89));
#10928=CARTESIAN_POINT('Origin',(3.,19.8579491924311,28.89));
#10929=CARTESIAN_POINT('',(3.,19.8579491924311,28.89));
#10930=CARTESIAN_POINT('',(3.,18.1258983848622,31.89));
#10931=CARTESIAN_POINT('Origin',(3.,23.3220508075689,28.89));
#10932=CARTESIAN_POINT('',(3.,23.3220508075689,28.89));
#10933=CARTESIAN_POINT('Origin',(3.,25.0541016151378,31.89));
#10934=CARTESIAN_POINT('',(3.,25.0541016151378,31.89));
#10935=CARTESIAN_POINT('Origin',(3.,17.2598729810778,31.39));
#10936=CARTESIAN_POINT('',(3.,17.2598729810778,31.39));
#10937=CARTESIAN_POINT('Origin',(3.,13.79577136594,31.39));
#10938=CARTESIAN_POINT('',(3.,13.79577136594,31.39));
#10939=CARTESIAN_POINT('Origin',(3.,12.0794382743411,28.4172238826389));
#10940=CARTESIAN_POINT('Origin',(3.,5.15904041406787,31.3762954147768));
#10941=CARTESIAN_POINT('',(3.,5.15904041406787,31.3762954147768));
#10942=CARTESIAN_POINT('Origin',(3.,5.,31.3775453294038));
#10943=CARTESIAN_POINT('Origin',(3.,5.13551732809566,32.39));
#10944=CARTESIAN_POINT('',(3.,5.13551732809566,32.39));
#10945=CARTESIAN_POINT('Origin',(3.,6.86756813566454,35.39));
#10946=CARTESIAN_POINT('',(3.,6.86756813566454,35.39));
#10947=CARTESIAN_POINT('Origin',(3.,13.79577136594,32.39));
#10948=CARTESIAN_POINT('',(3.,13.79577136594,32.39));
#10949=CARTESIAN_POINT('',(3.,12.0637205583712,35.39));
#10950=CARTESIAN_POINT('Origin',(3.,17.2598729810778,32.39));
#10951=CARTESIAN_POINT('',(3.,17.2598729810778,32.39));
#10952=CARTESIAN_POINT('Origin',(3.,18.9919237886467,35.39));
#10953=CARTESIAN_POINT('',(3.,18.9919237886467,35.39));
#10954=CARTESIAN_POINT('Origin',(3.,19.8579491924311,62.5));
#10955=CARTESIAN_POINT('',(3.,19.8579491924311,62.5));
#10956=CARTESIAN_POINT('',(3.,18.1258983848622,65.5));
#10957=CARTESIAN_POINT('Origin',(3.,23.3220508075689,62.5));
#10958=CARTESIAN_POINT('',(3.,23.3220508075689,62.5));
#10959=CARTESIAN_POINT('Origin',(3.,25.0541016151378,65.5));
#10960=CARTESIAN_POINT('',(3.,25.0541016151378,65.5));
#10961=CARTESIAN_POINT('Origin',(3.,7.73359353944897,62.5));
#10962=CARTESIAN_POINT('',(3.,7.73359353944897,62.5));
#10963=CARTESIAN_POINT('',(3.,6.00154273188009,65.5));
#10964=CARTESIAN_POINT('Origin',(3.,11.1976951545867,62.5));
#10965=CARTESIAN_POINT('',(3.,11.1976951545867,62.5));
#10966=CARTESIAN_POINT('Origin',(3.,12.9297459621556,65.5));
#10967=CARTESIAN_POINT('',(3.,12.9297459621556,65.5));
#10968=CARTESIAN_POINT('Origin',(3.,31.9823048454133,68.5));
#10969=CARTESIAN_POINT('',(3.,31.9823048454133,68.5));
#10970=CARTESIAN_POINT('',(3.,35.446406460551,68.5));
#10971=CARTESIAN_POINT('Origin',(3.,30.2502540378444,65.5));
#10972=CARTESIAN_POINT('',(3.,30.2502540378444,65.5));
#10973=CARTESIAN_POINT('Origin',(3.,31.9823048454133,62.5));
#10974=CARTESIAN_POINT('',(3.,31.9823048454133,62.5));
#10975=CARTESIAN_POINT('Origin',(3.,17.2598729810778,65.));
#10976=CARTESIAN_POINT('',(3.,17.2598729810778,65.));
#10977=CARTESIAN_POINT('Origin',(3.,13.79577136594,65.));
#10978=CARTESIAN_POINT('',(3.,13.79577136594,65.));
#10979=CARTESIAN_POINT('Origin',(3.,12.0794382743411,62.0272238826389));
#10980=CARTESIAN_POINT('Origin',(3.,5.15904041406787,64.9862954147768));
#10981=CARTESIAN_POINT('',(3.,5.15904041406787,64.9862954147768));
#10982=CARTESIAN_POINT('Origin',(3.,5.,64.9875453294038));
#10983=CARTESIAN_POINT('',(3.,5.,64.9875453294038));
#10984=CARTESIAN_POINT('Origin',(3.,5.13551732809566,66.));
#10985=CARTESIAN_POINT('',(3.,5.13551732809566,66.));
#10986=CARTESIAN_POINT('',(3.,5.,66.));
#10987=CARTESIAN_POINT('Origin',(3.,6.86756813566454,69.));
#10988=CARTESIAN_POINT('Origin',(3.,13.79577136594,66.));
#10989=CARTESIAN_POINT('',(3.,13.79577136594,66.));
#10990=CARTESIAN_POINT('Origin',(3.,17.2598729810778,66.));
#10991=CARTESIAN_POINT('',(3.,17.2598729810778,66.));
#10992=CARTESIAN_POINT('Origin',(3.,18.9919237886467,69.));
#10993=CARTESIAN_POINT('Origin',(3.,12.9297459621556,99.11));
#10994=CARTESIAN_POINT('',(3.,12.9297459621556,99.11));
#10995=CARTESIAN_POINT('',(3.,11.1976951545867,96.11));
#10996=CARTESIAN_POINT('Origin',(3.,11.1976951545867,102.11));
#10997=CARTESIAN_POINT('',(3.,11.1976951545867,102.11));
#10998=CARTESIAN_POINT('Origin',(3.,7.73359353944897,102.11));
#10999=CARTESIAN_POINT('',(3.,7.73359353944897,102.11));
#11000=CARTESIAN_POINT('Origin',(3.,19.8579491924311,96.11));
#11001=CARTESIAN_POINT('',(3.,19.8579491924311,96.11));
#11002=CARTESIAN_POINT('',(3.,18.1258983848622,99.11));
#11003=CARTESIAN_POINT('Origin',(3.,23.3220508075689,96.11));
#11004=CARTESIAN_POINT('',(3.,23.3220508075689,96.11));
#11005=CARTESIAN_POINT('Origin',(3.,25.0541016151378,99.11));
#11006=CARTESIAN_POINT('',(3.,25.0541016151378,99.11));
#11007=CARTESIAN_POINT('Origin',(3.,37.1784572681199,99.11));
#11008=CARTESIAN_POINT('',(3.,37.1784572681199,99.11));
#11009=CARTESIAN_POINT('',(3.,35.446406460551,96.11));
#11010=CARTESIAN_POINT('Origin',(3.,35.446406460551,102.11));
#11011=CARTESIAN_POINT('',(3.,35.446406460551,102.11));
#11012=CARTESIAN_POINT('Origin',(3.,31.9823048454133,102.11));
#11013=CARTESIAN_POINT('',(3.,31.9823048454133,102.11));
#11014=CARTESIAN_POINT('Origin',(3.,17.2598729810778,98.61));
#11015=CARTESIAN_POINT('',(3.,17.2598729810778,98.61));
#11016=CARTESIAN_POINT('',(3.,18.9762060726767,95.6372238826389));
#11017=CARTESIAN_POINT('Origin',(3.,13.79577136594,98.61));
#11018=CARTESIAN_POINT('',(3.,13.79577136594,98.61));
#11019=CARTESIAN_POINT('Origin',(3.,12.0794382743411,95.6372238826389));
#11020=CARTESIAN_POINT('',(3.,12.0794382743411,95.6372238826389));
#11021=CARTESIAN_POINT('Origin',(3.,5.15904041406787,98.5962954147768));
#11022=CARTESIAN_POINT('',(3.,5.15904041406787,98.5962954147768));
#11023=CARTESIAN_POINT('',(3.,6.83659369791314,95.6372238826389));
#11024=CARTESIAN_POINT('Origin',(3.,5.,98.5975453294038));
#11025=CARTESIAN_POINT('',(3.,5.,98.5975453294038));
#11026=CARTESIAN_POINT('Origin',(3.,5.13551732809566,99.61));
#11027=CARTESIAN_POINT('',(3.,5.13551732809566,99.61));
#11028=CARTESIAN_POINT('',(3.,5.,99.61));
#11029=CARTESIAN_POINT('Origin',(3.,6.86756813566454,102.61));
#11030=CARTESIAN_POINT('Origin',(3.,13.79577136594,99.61));
#11031=CARTESIAN_POINT('',(3.,13.79577136594,99.61));
#11032=CARTESIAN_POINT('Origin',(3.,17.2598729810778,99.61));
#11033=CARTESIAN_POINT('',(3.,17.2598729810778,99.61));
#11034=CARTESIAN_POINT('Origin',(3.,18.9919237886467,102.61));
#11035=CARTESIAN_POINT('Origin',(3.,40.64,105.46));
#11036=CARTESIAN_POINT('',(8.,38.14,105.46));
#11037=CARTESIAN_POINT('Origin',(8.,40.64,105.46));
#11038=CARTESIAN_POINT('',(3.,38.14,105.46));
#11039=CARTESIAN_POINT('Origin',(8.,40.64,105.46));
#11040=CARTESIAN_POINT('',(8.,39.14,105.46));
#11041=CARTESIAN_POINT('Origin',(8.,40.64,105.46));
#11042=CARTESIAN_POINT('Origin',(3.,0.,3.));
#11043=CARTESIAN_POINT('',(3.,39.1475188443401,105.61));
#11044=CARTESIAN_POINT('',(3.,39.14,105.46));
#11045=CARTESIAN_POINT('Origin',(3.,40.64,105.46));
#11046=CARTESIAN_POINT('',(3.,41.9820325091433,104.789963624568));
#11047=CARTESIAN_POINT('Origin',(3.,40.64,105.46));
#11048=CARTESIAN_POINT('',(3.,41.8382131154353,105.039066121584));
#11049=CARTESIAN_POINT('',(3.,58.7724520327927,75.7081039292103));
#11050=CARTESIAN_POINT('',(3.,39.3788893783652,105.61));
#11051=CARTESIAN_POINT('Origin',(3.,40.64,105.46));
#11052=CARTESIAN_POINT('',(3.,19.6894446891826,105.61));
#11053=CARTESIAN_POINT('Origin',(3.,2.54,59.15));
#11054=CARTESIAN_POINT('',(8.,1.04,59.15));
#11055=CARTESIAN_POINT('Origin',(8.,2.54,59.15));
#11056=CARTESIAN_POINT('',(3.,1.04,59.15));
#11057=CARTESIAN_POINT('',(3.,1.04,59.15));
#11058=CARTESIAN_POINT('Origin',(3.,2.54,59.15));
#11059=CARTESIAN_POINT('Origin',(3.,2.54,59.15));
#11060=CARTESIAN_POINT('',(8.,5.,58.7045788509736));
#11061=CARTESIAN_POINT('',(3.,5.,58.7045788509736));
#11062=CARTESIAN_POINT('',(8.,2.09457885097352,61.61));
#11063=CARTESIAN_POINT('Origin',(8.,2.54,59.15));
#11064=CARTESIAN_POINT('',(3.,2.09457885097352,61.61));
#11065=CARTESIAN_POINT('Origin',(3.,2.98542114902657,61.61));
#11066=CARTESIAN_POINT('',(8.,2.98542114902658,61.61));
#11067=CARTESIAN_POINT('',(8.,43.18,61.61));
#11068=CARTESIAN_POINT('',(3.,2.98542114902658,61.61));
#11069=CARTESIAN_POINT('Origin',(3.,2.54,59.15));
#11070=CARTESIAN_POINT('',(8.,5.,59.5954211490264));
#11071=CARTESIAN_POINT('Origin',(8.,2.54,59.15));
#11072=CARTESIAN_POINT('',(3.,5.,59.5954211490264));
#11073=CARTESIAN_POINT('Origin',(3.,5.,58.7045788509736));
#11074=CARTESIAN_POINT('',(8.,5.,56.61));
#11075=CARTESIAN_POINT('Origin',(8.,2.52,59.13));
#11076=CARTESIAN_POINT('Origin',(3.,0.,3.));
#11077=CARTESIAN_POINT('Origin',(3.,40.64,38.24));
#11078=CARTESIAN_POINT('',(8.,39.14,38.24));
#11079=CARTESIAN_POINT('Origin',(8.,40.64,38.24));
#11080=CARTESIAN_POINT('',(3.,39.14,38.24));
#11081=CARTESIAN_POINT('',(3.,39.14,38.24));
#11082=CARTESIAN_POINT('Origin',(3.,40.64,38.24));
#11083=CARTESIAN_POINT('Origin',(3.,40.1945788509736,35.78));
#11084=CARTESIAN_POINT('',(8.,41.0854211490264,35.78));
#11085=CARTESIAN_POINT('',(3.,41.0854211490264,35.78));
#11086=CARTESIAN_POINT('',(8.,40.1945788509736,35.78));
#11087=CARTESIAN_POINT('',(8.,0.,35.78));
#11088=CARTESIAN_POINT('',(3.,40.1945788509736,35.78));
#11089=CARTESIAN_POINT('Origin',(3.,40.64,38.24));
#11090=CARTESIAN_POINT('',(8.,38.18,37.7945788509736));
#11091=CARTESIAN_POINT('Origin',(8.,40.64,38.24));
#11092=CARTESIAN_POINT('',(3.,38.18,37.7945788509736));
#11093=CARTESIAN_POINT('Origin',(3.,38.18,38.6854211490264));
#11094=CARTESIAN_POINT('',(8.,38.18,38.6854211490264));
#11095=CARTESIAN_POINT('',(8.,38.18,40.78));
#11096=CARTESIAN_POINT('',(3.,38.18,38.6854211490264));
#11097=CARTESIAN_POINT('Origin',(3.,40.64,38.24));
#11098=CARTESIAN_POINT('Origin',(8.,40.64,38.24));
#11099=CARTESIAN_POINT('Origin',(8.,40.66,38.26));
#11100=CARTESIAN_POINT('Origin',(3.,0.,3.));
#11101=CARTESIAN_POINT('Origin',(3.,2.54,38.24));
#11102=CARTESIAN_POINT('',(8.,1.04,38.24));
#11103=CARTESIAN_POINT('Origin',(8.,2.54,38.24));
#11104=CARTESIAN_POINT('',(3.,1.04,38.24));
#11105=CARTESIAN_POINT('',(3.,1.04,38.24));
#11106=CARTESIAN_POINT('Origin',(3.,2.54,38.24));
#11107=CARTESIAN_POINT('Origin',(3.,2.54,38.24));
#11108=CARTESIAN_POINT('',(8.,5.,37.7945788509736));
#11109=CARTESIAN_POINT('',(3.,5.,37.7945788509736));
#11110=CARTESIAN_POINT('',(8.,2.98542114902638,35.78));
#11111=CARTESIAN_POINT('Origin',(8.,2.54,38.24));
#11112=CARTESIAN_POINT('',(3.,2.98542114902638,35.78));
#11113=CARTESIAN_POINT('Origin',(3.,2.09457885097362,35.78));
#11114=CARTESIAN_POINT('',(8.,2.09457885097362,35.78));
#11115=CARTESIAN_POINT('',(8.,0.,35.78));
#11116=CARTESIAN_POINT('',(3.,2.09457885097362,35.78));
#11117=CARTESIAN_POINT('Origin',(3.,2.54,38.24));
#11118=CARTESIAN_POINT('',(8.,5.,38.6854211490264));
#11119=CARTESIAN_POINT('Origin',(8.,2.54,38.24));
#11120=CARTESIAN_POINT('',(3.,5.,38.6854211490264));
#11121=CARTESIAN_POINT('Origin',(3.,5.,37.7945788509736));
#11122=CARTESIAN_POINT('',(8.,5.,28.));
#11123=CARTESIAN_POINT('Origin',(8.,2.52,38.26));
#11124=CARTESIAN_POINT('Origin',(3.,0.,3.));
#11125=CARTESIAN_POINT('Origin',(3.,40.64,59.15));
#11126=CARTESIAN_POINT('',(8.,39.14,59.15));
#11127=CARTESIAN_POINT('Origin',(8.,40.64,59.15));
#11128=CARTESIAN_POINT('',(3.,39.14,59.15));
#11129=CARTESIAN_POINT('',(3.,39.14,59.15));
#11130=CARTESIAN_POINT('Origin',(3.,40.64,59.15));
#11131=CARTESIAN_POINT('Origin',(3.,38.18,59.5954211490264));
#11132=CARTESIAN_POINT('',(8.,38.18,58.7045788509736));
#11133=CARTESIAN_POINT('',(3.,38.18,58.7045788509736));
#11134=CARTESIAN_POINT('',(8.,38.18,59.5954211490264));
#11135=CARTESIAN_POINT('',(8.,38.18,74.39));
#11136=CARTESIAN_POINT('',(3.,38.18,59.5954211490264));
#11137=CARTESIAN_POINT('Origin',(3.,40.64,59.15));
#11138=CARTESIAN_POINT('',(8.,40.1945788509735,61.61));
#11139=CARTESIAN_POINT('Origin',(8.,40.64,59.15));
#11140=CARTESIAN_POINT('',(3.,40.1945788509735,61.61));
#11141=CARTESIAN_POINT('Origin',(3.,41.0854211490265,61.61));
#11142=CARTESIAN_POINT('',(8.,41.0854211490265,61.61));
#11143=CARTESIAN_POINT('',(8.,43.18,61.61));
#11144=CARTESIAN_POINT('',(3.,41.0854211490265,61.61));
#11145=CARTESIAN_POINT('Origin',(3.,40.64,59.15));
#11146=CARTESIAN_POINT('Origin',(8.,40.64,59.15));
#11147=CARTESIAN_POINT('Origin',(8.,40.66,59.13));
#11148=CARTESIAN_POINT('Origin',(3.,0.,3.));
#11149=CARTESIAN_POINT('Origin',(3.,40.64,92.76));
#11150=CARTESIAN_POINT('',(8.,39.14,92.76));
#11151=CARTESIAN_POINT('Origin',(8.,40.64,92.76));
#11152=CARTESIAN_POINT('',(3.,39.14,92.76));
#11153=CARTESIAN_POINT('',(3.,39.14,92.76));
#11154=CARTESIAN_POINT('Origin',(3.,40.64,92.76));
#11155=CARTESIAN_POINT('Origin',(3.,41.0854211490265,95.22));
#11156=CARTESIAN_POINT('',(8.,40.1945788509735,95.22));
#11157=CARTESIAN_POINT('',(3.,40.1945788509735,95.22));
#11158=CARTESIAN_POINT('',(8.,41.0854211490265,95.22));
#11159=CARTESIAN_POINT('',(8.,4.93038065763132E-31,95.22));
#11160=CARTESIAN_POINT('',(3.,41.0854211490265,95.22));
#11161=CARTESIAN_POINT('Origin',(3.,40.64,92.76));
#11162=CARTESIAN_POINT('',(8.,38.18,92.3145788509736));
#11163=CARTESIAN_POINT('Origin',(8.,40.64,92.76));
#11164=CARTESIAN_POINT('',(3.,38.18,92.3145788509736));
#11165=CARTESIAN_POINT('Origin',(3.,38.18,93.2054211490264));
#11166=CARTESIAN_POINT('',(8.,38.18,93.2054211490264));
#11167=CARTESIAN_POINT('',(8.,38.18,103.));
#11168=CARTESIAN_POINT('',(3.,38.18,93.2054211490264));
#11169=CARTESIAN_POINT('Origin',(3.,40.64,92.76));
#11170=CARTESIAN_POINT('Origin',(8.,40.64,92.76));
#11171=CARTESIAN_POINT('Origin',(8.,40.66,92.74));
#11172=CARTESIAN_POINT('Origin',(3.,0.,3.));
#11173=CARTESIAN_POINT('Origin',(3.,2.54,105.46));
#11174=CARTESIAN_POINT('',(8.,1.03999999999999,105.46));
#11175=CARTESIAN_POINT('Origin',(8.,2.54,105.46));
#11176=CARTESIAN_POINT('',(3.,1.03999999999999,105.46));
#11177=CARTESIAN_POINT('',(3.,1.03999999999999,105.46));
#11178=CARTESIAN_POINT('Origin',(3.,2.54,105.46));
#11179=CARTESIAN_POINT('Origin',(3.,2.54,105.46));
#11180=CARTESIAN_POINT('',(8.,0.04,105.46));
#11181=CARTESIAN_POINT('Origin',(8.,2.54,105.46));
#11182=CARTESIAN_POINT('',(3.,0.04,105.46));
#11183=CARTESIAN_POINT('Origin',(8.,2.54,105.46));
#11184=CARTESIAN_POINT('Origin',(3.,0.,3.));
#11185=CARTESIAN_POINT('Origin',(3.,2.54,71.85));
#11186=CARTESIAN_POINT('',(8.,1.04,71.85));
#11187=CARTESIAN_POINT('Origin',(8.,2.54,71.85));
#11188=CARTESIAN_POINT('',(3.,1.04,71.85));
#11189=CARTESIAN_POINT('',(3.,1.04,71.85));
#11190=CARTESIAN_POINT('Origin',(3.,2.54,71.85));
#11191=CARTESIAN_POINT('Origin',(3.,2.54,71.85));
#11192=CARTESIAN_POINT('',(8.,5.,71.4045788509736));
#11193=CARTESIAN_POINT('',(3.,5.,71.4045788509736));
#11194=CARTESIAN_POINT('',(8.,2.9854211490264,69.39));
#11195=CARTESIAN_POINT('Origin',(8.,2.54,71.85));
#11196=CARTESIAN_POINT('',(3.,2.9854211490264,69.39));
#11197=CARTESIAN_POINT('Origin',(3.,2.0945788509736,69.39));
#11198=CARTESIAN_POINT('',(8.,2.0945788509736,69.39));
#11199=CARTESIAN_POINT('',(8.,0.,69.39));
#11200=CARTESIAN_POINT('',(3.,2.0945788509736,69.39));
#11201=CARTESIAN_POINT('Origin',(3.,2.54,71.85));
#11202=CARTESIAN_POINT('',(8.,5.,72.2954211490264));
#11203=CARTESIAN_POINT('Origin',(8.,2.54,71.85));
#11204=CARTESIAN_POINT('',(3.,5.,72.2954211490264));
#11205=CARTESIAN_POINT('Origin',(3.,5.,71.4045788509736));
#11206=CARTESIAN_POINT('',(8.,5.,56.61));
#11207=CARTESIAN_POINT('Origin',(8.,2.52,71.87));
#11208=CARTESIAN_POINT('Origin',(3.,0.,3.));
#11209=CARTESIAN_POINT('Origin',(3.,40.64,25.54));
#11210=CARTESIAN_POINT('',(8.,39.14,25.54));
#11211=CARTESIAN_POINT('Origin',(8.,40.64,25.54));
#11212=CARTESIAN_POINT('',(3.,39.14,25.54));
#11213=CARTESIAN_POINT('',(3.,39.14,25.54));
#11214=CARTESIAN_POINT('Origin',(3.,40.64,25.54));
#11215=CARTESIAN_POINT('Origin',(3.,40.64,25.54));
#11216=CARTESIAN_POINT('',(8.,38.14,25.54));
#11217=CARTESIAN_POINT('Origin',(8.,40.64,25.54));
#11218=CARTESIAN_POINT('',(3.,38.14,25.54));
#11219=CARTESIAN_POINT('Origin',(8.,40.64,25.54));
#11220=CARTESIAN_POINT('Origin',(3.,0.,3.));
#11221=CARTESIAN_POINT('Origin',(3.,2.54,25.54));
#11222=CARTESIAN_POINT('',(8.,1.04,25.54));
#11223=CARTESIAN_POINT('Origin',(8.,2.54,25.54));
#11224=CARTESIAN_POINT('',(3.,1.04,25.54));
#11225=CARTESIAN_POINT('',(3.,1.04,25.54));
#11226=CARTESIAN_POINT('Origin',(3.,2.54,25.54));
#11227=CARTESIAN_POINT('Origin',(3.,2.54,25.54));
#11228=CARTESIAN_POINT('',(8.,0.0399999999999989,25.54));
#11229=CARTESIAN_POINT('Origin',(8.,2.54,25.54));
#11230=CARTESIAN_POINT('',(3.,0.0399999999999989,25.54));
#11231=CARTESIAN_POINT('Origin',(8.,2.54,25.54));
#11232=CARTESIAN_POINT('Origin',(3.,0.,3.));
#11233=CARTESIAN_POINT('Origin',(3.,40.64,71.85));
#11234=CARTESIAN_POINT('',(8.,39.14,71.85));
#11235=CARTESIAN_POINT('Origin',(8.,40.64,71.85));
#11236=CARTESIAN_POINT('',(3.,39.14,71.85));
#11237=CARTESIAN_POINT('',(3.,39.14,71.85));
#11238=CARTESIAN_POINT('Origin',(3.,40.64,71.85));
#11239=CARTESIAN_POINT('Origin',(3.,40.1945788509736,69.39));
#11240=CARTESIAN_POINT('',(8.,41.0854211490264,69.39));
#11241=CARTESIAN_POINT('',(3.,41.0854211490264,69.39));
#11242=CARTESIAN_POINT('',(8.,40.1945788509736,69.39));
#11243=CARTESIAN_POINT('',(8.,0.,69.39));
#11244=CARTESIAN_POINT('',(3.,40.1945788509736,69.39));
#11245=CARTESIAN_POINT('Origin',(3.,40.64,71.85));
#11246=CARTESIAN_POINT('',(8.,38.18,71.4045788509736));
#11247=CARTESIAN_POINT('Origin',(8.,40.64,71.85));
#11248=CARTESIAN_POINT('',(3.,38.18,71.4045788509736));
#11249=CARTESIAN_POINT('Origin',(3.,38.18,72.2954211490264));
#11250=CARTESIAN_POINT('',(8.,38.18,72.2954211490264));
#11251=CARTESIAN_POINT('',(8.,38.18,74.39));
#11252=CARTESIAN_POINT('',(3.,38.18,72.2954211490264));
#11253=CARTESIAN_POINT('Origin',(3.,40.64,71.85));
#11254=CARTESIAN_POINT('Origin',(8.,40.64,71.85));
#11255=CARTESIAN_POINT('Origin',(8.,40.66,71.87));
#11256=CARTESIAN_POINT('Origin',(3.,0.,3.));
#11257=CARTESIAN_POINT('Origin',(3.,2.54,92.76));
#11258=CARTESIAN_POINT('',(8.,1.04,92.76));
#11259=CARTESIAN_POINT('Origin',(8.,2.54,92.76));
#11260=CARTESIAN_POINT('',(3.,1.04,92.76));
#11261=CARTESIAN_POINT('',(3.,1.04,92.76));
#11262=CARTESIAN_POINT('Origin',(3.,2.54,92.76));
#11263=CARTESIAN_POINT('Origin',(3.,2.98542114902647,95.22));
#11264=CARTESIAN_POINT('',(8.,2.09457885097353,95.22));
#11265=CARTESIAN_POINT('',(3.,2.09457885097353,95.22));
#11266=CARTESIAN_POINT('',(8.,2.98542114902647,95.22));
#11267=CARTESIAN_POINT('',(8.,4.93038065763132E-31,95.22));
#11268=CARTESIAN_POINT('',(3.,2.98542114902647,95.22));
#11269=CARTESIAN_POINT('Origin',(3.,2.54,92.76));
#11270=CARTESIAN_POINT('',(8.,5.,93.2054211490264));
#11271=CARTESIAN_POINT('Origin',(8.,2.54,92.76));
#11272=CARTESIAN_POINT('',(3.,5.,93.2054211490264));
#11273=CARTESIAN_POINT('Origin',(3.,5.,92.3145788509736));
#11274=CARTESIAN_POINT('',(8.,5.,92.3145788509736));
#11275=CARTESIAN_POINT('',(8.,5.,90.22));
#11276=CARTESIAN_POINT('',(3.,5.,92.3145788509736));
#11277=CARTESIAN_POINT('Origin',(3.,2.54,92.76));
#11278=CARTESIAN_POINT('Origin',(8.,2.54,92.76));
#11279=CARTESIAN_POINT('Origin',(8.,2.52,92.74));
#11280=CARTESIAN_POINT('Origin',(3.,0.,3.));
#11281=CARTESIAN_POINT('Origin',(3.,38.0209595859321,98.5962954147768));
#11282=CARTESIAN_POINT('',(3.,38.0209595859321,98.5962954147768));
#11283=CARTESIAN_POINT('Origin',(3.,36.3434063020869,95.6372238826389));
#11284=CARTESIAN_POINT('',(3.,36.3434063020869,95.6372238826389));
#11285=CARTESIAN_POINT('Origin',(3.,6.00154273188009,99.11));
#11286=CARTESIAN_POINT('',(3.,6.00154273188009,99.11));
#11287=CARTESIAN_POINT('Origin',(3.,7.73359353944897,96.11));
#11288=CARTESIAN_POINT('',(3.,7.73359353944897,96.11));
#11289=CARTESIAN_POINT('Origin',(3.,11.1976951545867,96.11));
#11290=CARTESIAN_POINT('Origin',(3.,5.,35.39));
#11291=CARTESIAN_POINT('',(3.,24.1880762113533,35.39));
#11292=CARTESIAN_POINT('',(3.,31.1162794416288,35.39));
#11293=CARTESIAN_POINT('',(3.,36.3124318643355,35.39));
#11294=CARTESIAN_POINT('',(3.,38.18,35.39));
#11295=CARTESIAN_POINT('Origin',(3.,25.9201270189222,31.39));
#11296=CARTESIAN_POINT('',(3.,25.9201270189222,31.39));
#11297=CARTESIAN_POINT('',(3.,29.38422863406,31.39));
#11298=CARTESIAN_POINT('Origin',(3.,24.2037939273233,28.4172238826389));
#11299=CARTESIAN_POINT('Origin',(3.,29.38422863406,31.39));
#11300=CARTESIAN_POINT('Origin',(3.,35.446406460551,62.5));
#11301=CARTESIAN_POINT('',(3.,35.446406460551,62.5));
#11302=CARTESIAN_POINT('Origin',(3.,37.1784572681199,65.5));
#11303=CARTESIAN_POINT('',(3.,37.1784572681199,65.5));
#11304=CARTESIAN_POINT('Origin',(3.,35.446406460551,68.5));
#11305=CARTESIAN_POINT('Origin',(3.,25.9201270189222,66.));
#11306=CARTESIAN_POINT('',(3.,25.9201270189222,66.));
#11307=CARTESIAN_POINT('Origin',(3.,29.38422863406,66.));
#11308=CARTESIAN_POINT('',(3.,29.38422863406,66.));
#11309=CARTESIAN_POINT('Origin',(3.,31.1162794416288,69.));
#11310=CARTESIAN_POINT('Origin',(3.,5.,62.0272238826389));
#11311=CARTESIAN_POINT('Origin',(3.,23.3220508075689,68.5));
#11312=CARTESIAN_POINT('',(3.,23.3220508075689,68.5));
#11313=CARTESIAN_POINT('Origin',(3.,19.8579491924311,68.5));
#11314=CARTESIAN_POINT('',(3.,19.8579491924311,68.5));
#11315=CARTESIAN_POINT('Origin',(3.,18.1258983848622,65.5));
#11316=CARTESIAN_POINT('Origin',(3.,25.9201270189222,65.));
#11317=CARTESIAN_POINT('',(3.,25.9201270189222,65.));
#11318=CARTESIAN_POINT('',(3.,29.38422863406,65.));
#11319=CARTESIAN_POINT('Origin',(3.,24.2037939273233,62.0272238826389));
#11320=CARTESIAN_POINT('Origin',(3.,29.38422863406,65.));
#11321=CARTESIAN_POINT('Origin',(3.,38.0444826719043,32.39));
#11322=CARTESIAN_POINT('',(3.,38.0444826719043,32.39));
#11323=CARTESIAN_POINT('Origin',(3.,38.18,32.39));
#11324=CARTESIAN_POINT('',(3.,38.18,32.39));
#11325=CARTESIAN_POINT('Origin',(3.,11.1976951545867,34.89));
#11326=CARTESIAN_POINT('',(3.,11.1976951545867,34.89));
#11327=CARTESIAN_POINT('Origin',(3.,7.73359353944897,34.89));
#11328=CARTESIAN_POINT('',(3.,7.73359353944897,34.89));
#11329=CARTESIAN_POINT('Origin',(3.,6.00154273188009,31.89));
#11330=CARTESIAN_POINT('Origin',(3.,18.9762060726767,95.6372238826389));
#11331=CARTESIAN_POINT('',(3.,31.1005617256589,95.6372238826389));
#11332=CARTESIAN_POINT('',(3.,24.2037939273233,95.6372238826389));
#11333=CARTESIAN_POINT('',(3.,5.,95.6372238826389));
#11334=CARTESIAN_POINT('Origin',(3.,25.9201270189222,99.61));
#11335=CARTESIAN_POINT('',(3.,25.9201270189222,99.61));
#11336=CARTESIAN_POINT('Origin',(3.,29.38422863406,99.61));
#11337=CARTESIAN_POINT('',(3.,29.38422863406,99.61));
#11338=CARTESIAN_POINT('Origin',(3.,31.1162794416288,102.61));
#11339=CARTESIAN_POINT('Origin',(3.,25.9201270189222,98.61));
#11340=CARTESIAN_POINT('',(3.,25.9201270189222,98.61));
#11341=CARTESIAN_POINT('',(3.,29.38422863406,98.61));
#11342=CARTESIAN_POINT('Origin',(3.,24.2037939273233,95.6372238826389));
#11343=CARTESIAN_POINT('Origin',(3.,29.38422863406,98.61));
#11344=CARTESIAN_POINT('Origin',(3.,23.3220508075689,102.11));
#11345=CARTESIAN_POINT('',(3.,23.3220508075689,102.11));
#11346=CARTESIAN_POINT('Origin',(3.,19.8579491924311,102.11));
#11347=CARTESIAN_POINT('',(3.,19.8579491924311,102.11));
#11348=CARTESIAN_POINT('Origin',(3.,18.1258983848622,99.11));
#11349=CARTESIAN_POINT('Origin',(3.,5.,95.6372238826389));
#11350=CARTESIAN_POINT('Origin',(3.,25.9201270189222,32.39));
#11351=CARTESIAN_POINT('',(3.,25.9201270189222,32.39));
#11352=CARTESIAN_POINT('Origin',(3.,29.38422863406,32.39));
#11353=CARTESIAN_POINT('',(3.,29.38422863406,32.39));
#11354=CARTESIAN_POINT('Origin',(3.,31.1162794416288,35.39));
#11355=CARTESIAN_POINT('Origin',(3.,35.446406460551,28.89));
#11356=CARTESIAN_POINT('',(3.,35.446406460551,28.89));
#11357=CARTESIAN_POINT('Origin',(3.,37.1784572681199,31.89));
#11358=CARTESIAN_POINT('',(3.,37.1784572681199,31.89));
#11359=CARTESIAN_POINT('Origin',(3.,35.446406460551,34.89));
#11360=CARTESIAN_POINT('Origin',(3.,38.0444826719043,66.));
#11361=CARTESIAN_POINT('',(3.,38.0444826719043,66.));
#11362=CARTESIAN_POINT('Origin',(3.,38.18,66.));
#11363=CARTESIAN_POINT('Origin',(3.,11.1976951545867,68.5));
#11364=CARTESIAN_POINT('',(3.,11.1976951545867,68.5));
#11365=CARTESIAN_POINT('Origin',(3.,7.73359353944897,68.5));
#11366=CARTESIAN_POINT('',(3.,7.73359353944897,68.5));
#11367=CARTESIAN_POINT('Origin',(3.,6.00154273188009,65.5));
#11368=CARTESIAN_POINT('Origin',(3.,38.0209595859321,64.9862954147768));
#11369=CARTESIAN_POINT('',(3.,38.0209595859321,64.9862954147768));
#11370=CARTESIAN_POINT('Origin',(3.,36.3434063020869,62.0272238826389));
#11371=CARTESIAN_POINT('Origin',(3.,38.18,31.3775453294038));
#11372=CARTESIAN_POINT('',(3.,38.18,31.3775453294038));
#11373=CARTESIAN_POINT('Origin',(3.,38.0209595859321,31.3762954147768));
#11374=CARTESIAN_POINT('',(3.,38.0209595859321,31.3762954147768));
#11375=CARTESIAN_POINT('Origin',(3.,36.3434063020869,28.4172238826389));
#11376=CARTESIAN_POINT('Origin',(3.,23.3220508075689,34.89));
#11377=CARTESIAN_POINT('',(3.,23.3220508075689,34.89));
#11378=CARTESIAN_POINT('Origin',(3.,19.8579491924311,34.89));
#11379=CARTESIAN_POINT('',(3.,19.8579491924311,34.89));
#11380=CARTESIAN_POINT('Origin',(3.,18.1258983848622,31.89));
#11381=CARTESIAN_POINT('Origin',(3.,38.18,99.61));
#11382=CARTESIAN_POINT('',(3.,38.0444826719043,99.61));
#11383=CARTESIAN_POINT('Origin',(3.,38.0444826719043,99.61));
#11384=CARTESIAN_POINT('Origin',(3.,30.2502540378444,99.11));
#11385=CARTESIAN_POINT('',(3.,30.2502540378444,99.11));
#11386=CARTESIAN_POINT('Origin',(3.,31.9823048454133,96.11));
#11387=CARTESIAN_POINT('',(3.,31.9823048454133,96.11));
#11388=CARTESIAN_POINT('Origin',(3.,35.446406460551,96.11));
#11389=CARTESIAN_POINT('Origin',(3.,40.64,105.46));
#11390=CARTESIAN_POINT('',(3.,39.14,105.46));
#11391=CARTESIAN_POINT('',(3.,39.1475188443401,105.61));
#11392=CARTESIAN_POINT('',(3.,41.9820325091433,104.789963624568));
#11393=CARTESIAN_POINT('Origin',(3.,39.3788893783652,105.61));
#11394=CARTESIAN_POINT('',(3.,39.3788893783652,105.61));
#11395=CARTESIAN_POINT('Origin',(3.,40.64,105.46));
#11396=CARTESIAN_POINT('',(3.,41.8382131154353,105.039066121584));
#11397=CARTESIAN_POINT('Origin',(3.,41.9820325091433,104.789963624568));
#11398=CARTESIAN_POINT('Origin',(1.5,21.59,108.));
#11399=UNCERTAINTY_MEASURE_WITH_UNIT(LENGTH_MEASURE(0.01),#11403,
'DISTANCE_ACCURACY_VALUE',
'Maximum model space distance between geometric entities at asserted c
onnectivities');
#11400=UNCERTAINTY_MEASURE_WITH_UNIT(LENGTH_MEASURE(0.01),#11403,
'DISTANCE_ACCURACY_VALUE',
'Maximum model space distance between geometric entities at asserted c
onnectivities');
#11401=(
GEOMETRIC_REPRESENTATION_CONTEXT(3)
GLOBAL_UNCERTAINTY_ASSIGNED_CONTEXT((#11399))
GLOBAL_UNIT_ASSIGNED_CONTEXT((#11403,#11405,#11406))
REPRESENTATION_CONTEXT('','3D')
);
#11402=(
GEOMETRIC_REPRESENTATION_CONTEXT(3)
GLOBAL_UNCERTAINTY_ASSIGNED_CONTEXT((#11400))
GLOBAL_UNIT_ASSIGNED_CONTEXT((#11403,#11405,#11406))
REPRESENTATION_CONTEXT('','3D')
);
#11403=(
LENGTH_UNIT()
NAMED_UNIT(*)
SI_UNIT(.MILLI.,.METRE.)
);
#11404=(
LENGTH_UNIT()
NAMED_UNIT(*)
SI_UNIT($,.METRE.)
);
#11405=(
NAMED_UNIT(*)
PLANE_ANGLE_UNIT()
SI_UNIT($,.RADIAN.)
);
#11406=(
NAMED_UNIT(*)
SI_UNIT($,.STERADIAN.)
SOLID_ANGLE_UNIT()
);
#11407=SHAPE_DEFINITION_REPRESENTATION(#11408,#11409);
#11408=PRODUCT_DEFINITION_SHAPE('',$,#11411);
#11409=SHAPE_REPRESENTATION('',(#6951),#11401);
#11410=PRODUCT_DEFINITION_CONTEXT('part definition',#11415,'design');
#11411=PRODUCT_DEFINITION('2026-08-25-21-27-52-334','mcp_mount',#11412,
#11410);
#11412=PRODUCT_DEFINITION_FORMATION('',$,#11417);
#11413=PRODUCT_RELATED_PRODUCT_CATEGORY('mcp_mount','mcp_mount',(#11417));
#11414=APPLICATION_PROTOCOL_DEFINITION('international standard',
'automotive_design',2009,#11415);
#11415=APPLICATION_CONTEXT(
'Core Data for Automotive Mechanical Design Process');
#11416=PRODUCT_CONTEXT('part definition',#11415,'mechanical');
#11417=PRODUCT('2026-08-25-21-27-52-334','mcp_mount',$,(#11416));
#11418=PRESENTATION_STYLE_ASSIGNMENT((#11419));
#11419=SURFACE_STYLE_USAGE(.BOTH.,#11420);
#11420=SURFACE_SIDE_STYLE('',(#11421));
#11421=SURFACE_STYLE_FILL_AREA(#11422);
#11422=FILL_AREA_STYLE('Stal \X2\2014\X0\ satynowa',(#11423));
#11423=FILL_AREA_STYLE_COLOUR('Stal \X2\2014\X0\ satynowa',#11424);
#11424=COLOUR_RGB('Stal \X2\2014\X0\ satynowa',0.627450980392157,0.627450980392157,
0.627450980392157);
ENDSEC;
END-ISO-10303-21;
