ISO-10303-21;
HEADER;
/* Generated by software containing ST-Developer
 * from STEP Tools, Inc. (www.steptools.com) 
 */

FILE_DESCRIPTION(
/* description */ (''),
/* implementation_level */ '2;1');

FILE_NAME(
/* name */ 'switch_mount.step',
/* time_stamp */ '2026-08-29T16:11:07+02:00',
/* author */ (''),
/* organization */ (''),
/* preprocessor_version */ 'ST-DEVELOPER v20.1',
/* originating_system */ 'Autodesk Translation Framework v15.8.0.0',
/* authorisation */ '');

FILE_SCHEMA (('AUTOMOTIVE_DESIGN { 1 0 10303 214 3 1 1 }'));
ENDSEC;

DATA;
#10=MECHANICAL_DESIGN_GEOMETRIC_PRESENTATION_REPRESENTATION('',(#13),#19533);
#11=SHAPE_REPRESENTATION_RELATIONSHIP('SRR','None',#19540,#12);
#12=ADVANCED_BREP_SHAPE_REPRESENTATION('',(#14),#19532);
#13=STYLED_ITEM('',(#19549),#14);
#14=MANIFOLD_SOLID_BREP('Bry\X2\0142\X0\a1',#12245);
#15=ELLIPSE('',#12806,0.707106781186548,0.5);
#16=ELLIPSE('',#12807,0.707106781186546,0.5);
#17=ELLIPSE('',#12809,0.707106781186554,0.5);
#18=ELLIPSE('',#12811,0.707106781186543,0.5);
#19=TOROIDAL_SURFACE('',#12531,4.,1.);
#20=TOROIDAL_SURFACE('',#12536,4.,1.);
#21=TOROIDAL_SURFACE('',#12543,4.,1.);
#22=TOROIDAL_SURFACE('',#12549,4.,1.);
#23=TOROIDAL_SURFACE('',#12775,3.5,0.5);
#24=TOROIDAL_SURFACE('',#12777,3.5,0.5);
#25=TOROIDAL_SURFACE('',#12782,3.5,0.5);
#26=TOROIDAL_SURFACE('',#12784,3.5,0.5);
#27=TOROIDAL_SURFACE('',#12791,3.5,0.5);
#28=TOROIDAL_SURFACE('',#12796,3.5,0.5);
#29=TOROIDAL_SURFACE('',#12797,3.5,0.5);
#30=TOROIDAL_SURFACE('',#12801,3.5,0.5);
#31=SPHERICAL_SURFACE('',#12526,1.);
#32=SPHERICAL_SURFACE('',#12533,0.999999999999996);
#33=SPHERICAL_SURFACE('',#12538,0.999999999999996);
#34=SPHERICAL_SURFACE('',#12546,1.);
#35=B_SPLINE_CURVE_WITH_KNOTS('',3,(#16076,#16077,#16078,#16079,#16080,
#16081,#16082,#16083,#16084,#16085),.UNSPECIFIED.,.F.,.F.,(4,2,2,2,4),(0.534445444412076,
0.579786117550397,0.625126790688719,0.691655605499097,0.758184420309475),
 .UNSPECIFIED.);
#36=B_SPLINE_CURVE_WITH_KNOTS('',3,(#16119,#16120,#16121,#16122,#16123,
#16124,#16125,#16126,#16127,#16128),.UNSPECIFIED.,.F.,.F.,(4,2,2,2,4),(0.,
0.0665288148103776,0.133057629620755,0.178398302759077,0.223738975897398),
 .UNSPECIFIED.);
#37=B_SPLINE_CURVE_WITH_KNOTS('',3,(#16270,#16271,#16272,#16273,#16274,
#16275,#16276,#16277,#16278,#16279),.UNSPECIFIED.,.F.,.F.,(4,2,2,2,4),(0.,
0.0665288148103788,0.133057629620758,0.178398302759079,0.2237389758974),
 .UNSPECIFIED.);
#38=B_SPLINE_CURVE_WITH_KNOTS('',3,(#16446,#16447,#16448,#16449,#16450,
#16451,#16452,#16453,#16454,#16455),.UNSPECIFIED.,.F.,.F.,(4,2,2,2,4),(0.534445444412076,
0.579786117550397,0.625126790688718,0.691655605499096,0.758184420309475),
 .UNSPECIFIED.);
#39=B_SPLINE_CURVE_WITH_KNOTS('',3,(#16503,#16504,#16505,#16506,#16507,
#16508,#16509,#16510,#16511,#16512),.UNSPECIFIED.,.F.,.F.,(4,2,2,2,4),(0.534445444412075,
0.579786117550396,0.625126790688718,0.691655605499096,0.758184420309475),
 .UNSPECIFIED.);
#40=CYLINDRICAL_SURFACE('',#12264,2.);
#41=CYLINDRICAL_SURFACE('',#12274,2.);
#42=CYLINDRICAL_SURFACE('',#12288,2.);
#43=CYLINDRICAL_SURFACE('',#12303,2.);
#44=CYLINDRICAL_SURFACE('',#12308,2.);
#45=CYLINDRICAL_SURFACE('',#12320,2.);
#46=CYLINDRICAL_SURFACE('',#12335,2.);
#47=CYLINDRICAL_SURFACE('',#12349,2.);
#48=CYLINDRICAL_SURFACE('',#12357,2.);
#49=CYLINDRICAL_SURFACE('',#12367,2.);
#50=CYLINDRICAL_SURFACE('',#12372,2.);
#51=CYLINDRICAL_SURFACE('',#12387,2.);
#52=CYLINDRICAL_SURFACE('',#12392,1.);
#53=CYLINDRICAL_SURFACE('',#12394,1.);
#54=CYLINDRICAL_SURFACE('',#12396,1.);
#55=CYLINDRICAL_SURFACE('',#12397,1.);
#56=CYLINDRICAL_SURFACE('',#12398,1.);
#57=CYLINDRICAL_SURFACE('',#12399,1.);
#58=CYLINDRICAL_SURFACE('',#12401,1.);
#59=CYLINDRICAL_SURFACE('',#12403,1.);
#60=CYLINDRICAL_SURFACE('',#12409,1.);
#61=CYLINDRICAL_SURFACE('',#12411,1.);
#62=CYLINDRICAL_SURFACE('',#12412,1.);
#63=CYLINDRICAL_SURFACE('',#12414,1.);
#64=CYLINDRICAL_SURFACE('',#12415,1.);
#65=CYLINDRICAL_SURFACE('',#12417,1.);
#66=CYLINDRICAL_SURFACE('',#12419,1.);
#67=CYLINDRICAL_SURFACE('',#12420,1.);
#68=CYLINDRICAL_SURFACE('',#12421,1.);
#69=CYLINDRICAL_SURFACE('',#12423,1.);
#70=CYLINDRICAL_SURFACE('',#12424,1.);
#71=CYLINDRICAL_SURFACE('',#12426,1.);
#72=CYLINDRICAL_SURFACE('',#12427,1.);
#73=CYLINDRICAL_SURFACE('',#12428,1.);
#74=CYLINDRICAL_SURFACE('',#12429,1.);
#75=CYLINDRICAL_SURFACE('',#12432,1.);
#76=CYLINDRICAL_SURFACE('',#12434,1.);
#77=CYLINDRICAL_SURFACE('',#12436,1.);
#78=CYLINDRICAL_SURFACE('',#12437,1.);
#79=CYLINDRICAL_SURFACE('',#12439,1.);
#80=CYLINDRICAL_SURFACE('',#12440,1.);
#81=CYLINDRICAL_SURFACE('',#12442,1.);
#82=CYLINDRICAL_SURFACE('',#12443,1.);
#83=CYLINDRICAL_SURFACE('',#12444,1.);
#84=CYLINDRICAL_SURFACE('',#12455,0.5);
#85=CYLINDRICAL_SURFACE('',#12457,0.5);
#86=CYLINDRICAL_SURFACE('',#12460,0.5);
#87=CYLINDRICAL_SURFACE('',#12463,0.5);
#88=CYLINDRICAL_SURFACE('',#12475,0.5);
#89=CYLINDRICAL_SURFACE('',#12477,0.5);
#90=CYLINDRICAL_SURFACE('',#12484,0.5);
#91=CYLINDRICAL_SURFACE('',#12486,0.5);
#92=CYLINDRICAL_SURFACE('',#12493,1.);
#93=CYLINDRICAL_SURFACE('',#12495,1.);
#94=CYLINDRICAL_SURFACE('',#12498,1.);
#95=CYLINDRICAL_SURFACE('',#12500,1.);
#96=CYLINDRICAL_SURFACE('',#12501,1.);
#97=CYLINDRICAL_SURFACE('',#12507,1.);
#98=CYLINDRICAL_SURFACE('',#12509,1.);
#99=CYLINDRICAL_SURFACE('',#12511,1.);
#100=CYLINDRICAL_SURFACE('',#12516,1.);
#101=CYLINDRICAL_SURFACE('',#12518,1.);
#102=CYLINDRICAL_SURFACE('',#12520,1.);
#103=CYLINDRICAL_SURFACE('',#12529,1.);
#104=CYLINDRICAL_SURFACE('',#12541,1.);
#105=CYLINDRICAL_SURFACE('',#12545,1.);
#106=CYLINDRICAL_SURFACE('',#12551,1.);
#107=CYLINDRICAL_SURFACE('',#12552,1.);
#108=CYLINDRICAL_SURFACE('',#12553,1.);
#109=CYLINDRICAL_SURFACE('',#12554,1.);
#110=CYLINDRICAL_SURFACE('',#12555,3.);
#111=CYLINDRICAL_SURFACE('',#12562,3.);
#112=CYLINDRICAL_SURFACE('',#12772,0.5);
#113=CYLINDRICAL_SURFACE('',#12780,0.5);
#114=CYLINDRICAL_SURFACE('',#12786,3.);
#115=CYLINDRICAL_SURFACE('',#12788,3.);
#116=CYLINDRICAL_SURFACE('',#12794,0.5);
#117=CYLINDRICAL_SURFACE('',#12799,0.5);
#118=CYLINDRICAL_SURFACE('',#12804,3.);
#119=CYLINDRICAL_SURFACE('',#12805,0.5);
#120=CYLINDRICAL_SURFACE('',#12808,0.5);
#121=CYLINDRICAL_SURFACE('',#12810,0.5);
#122=CYLINDRICAL_SURFACE('',#12812,0.5);
#123=CYLINDRICAL_SURFACE('',#12813,3.);
#124=FACE_BOUND('',#807,.T.);
#125=FACE_BOUND('',#808,.T.);
#126=FACE_BOUND('',#809,.T.);
#127=FACE_BOUND('',#837,.T.);
#128=FACE_BOUND('',#838,.T.);
#129=FACE_BOUND('',#839,.T.);
#130=FACE_BOUND('',#856,.T.);
#131=FACE_BOUND('',#857,.T.);
#132=FACE_BOUND('',#858,.T.);
#133=FACE_BOUND('',#870,.T.);
#134=FACE_BOUND('',#871,.T.);
#135=FACE_BOUND('',#872,.T.);
#136=FACE_BOUND('',#881,.T.);
#137=FACE_BOUND('',#882,.T.);
#138=FACE_BOUND('',#883,.T.);
#139=FACE_BOUND('',#904,.T.);
#140=FACE_BOUND('',#905,.T.);
#141=FACE_BOUND('',#906,.T.);
#142=FACE_BOUND('',#918,.T.);
#143=FACE_BOUND('',#919,.T.);
#144=FACE_BOUND('',#927,.T.);
#145=FACE_BOUND('',#928,.T.);
#146=FACE_BOUND('',#929,.T.);
#147=FACE_BOUND('',#930,.T.);
#148=FACE_BOUND('',#931,.T.);
#149=FACE_BOUND('',#932,.T.);
#150=FACE_BOUND('',#933,.T.);
#151=FACE_BOUND('',#934,.T.);
#152=FACE_BOUND('',#935,.T.);
#153=FACE_BOUND('',#936,.T.);
#154=FACE_BOUND('',#937,.T.);
#155=FACE_BOUND('',#938,.T.);
#156=FACE_BOUND('',#939,.T.);
#157=FACE_BOUND('',#940,.T.);
#158=FACE_BOUND('',#941,.T.);
#159=FACE_BOUND('',#942,.T.);
#160=FACE_BOUND('',#943,.T.);
#161=FACE_BOUND('',#944,.T.);
#162=FACE_BOUND('',#945,.T.);
#163=FACE_BOUND('',#946,.T.);
#164=FACE_BOUND('',#947,.T.);
#165=FACE_BOUND('',#948,.T.);
#166=FACE_BOUND('',#949,.T.);
#167=FACE_BOUND('',#950,.T.);
#168=FACE_BOUND('',#951,.T.);
#169=FACE_BOUND('',#952,.T.);
#170=FACE_BOUND('',#953,.T.);
#171=FACE_BOUND('',#954,.T.);
#172=FACE_BOUND('',#955,.T.);
#173=FACE_BOUND('',#956,.T.);
#174=FACE_BOUND('',#957,.T.);
#175=FACE_BOUND('',#958,.T.);
#176=FACE_BOUND('',#959,.T.);
#177=FACE_BOUND('',#960,.T.);
#178=FACE_BOUND('',#961,.T.);
#179=FACE_BOUND('',#962,.T.);
#180=FACE_BOUND('',#963,.T.);
#181=FACE_BOUND('',#964,.T.);
#182=FACE_BOUND('',#965,.T.);
#183=FACE_BOUND('',#966,.T.);
#184=FACE_BOUND('',#967,.T.);
#185=FACE_BOUND('',#968,.T.);
#186=FACE_BOUND('',#969,.T.);
#187=FACE_BOUND('',#970,.T.);
#188=FACE_BOUND('',#971,.T.);
#189=FACE_BOUND('',#972,.T.);
#190=FACE_BOUND('',#973,.T.);
#191=FACE_BOUND('',#974,.T.);
#192=FACE_BOUND('',#975,.T.);
#193=FACE_BOUND('',#976,.T.);
#194=FACE_BOUND('',#977,.T.);
#195=FACE_BOUND('',#978,.T.);
#196=FACE_BOUND('',#979,.T.);
#197=FACE_BOUND('',#980,.T.);
#198=FACE_BOUND('',#981,.T.);
#199=FACE_BOUND('',#982,.T.);
#200=FACE_BOUND('',#983,.T.);
#201=FACE_BOUND('',#984,.T.);
#202=FACE_BOUND('',#985,.T.);
#203=FACE_BOUND('',#986,.T.);
#204=FACE_BOUND('',#987,.T.);
#205=FACE_BOUND('',#988,.T.);
#206=FACE_BOUND('',#989,.T.);
#207=FACE_BOUND('',#990,.T.);
#208=FACE_BOUND('',#991,.T.);
#209=FACE_BOUND('',#992,.T.);
#210=FACE_BOUND('',#993,.T.);
#211=FACE_BOUND('',#1040,.T.);
#212=FACE_BOUND('',#1041,.T.);
#213=FACE_BOUND('',#1057,.T.);
#214=FACE_BOUND('',#1058,.T.);
#215=FACE_BOUND('',#1059,.T.);
#216=FACE_BOUND('',#1060,.T.);
#217=FACE_BOUND('',#1061,.T.);
#218=FACE_BOUND('',#1062,.T.);
#219=FACE_BOUND('',#1063,.T.);
#220=FACE_BOUND('',#1064,.T.);
#221=FACE_BOUND('',#1065,.T.);
#222=FACE_BOUND('',#1066,.T.);
#223=FACE_BOUND('',#1067,.T.);
#224=FACE_BOUND('',#1068,.T.);
#225=FACE_BOUND('',#1069,.T.);
#226=FACE_BOUND('',#1070,.T.);
#227=FACE_BOUND('',#1071,.T.);
#228=FACE_BOUND('',#1072,.T.);
#229=FACE_BOUND('',#1073,.T.);
#230=FACE_BOUND('',#1074,.T.);
#231=FACE_BOUND('',#1075,.T.);
#232=FACE_BOUND('',#1076,.T.);
#233=FACE_BOUND('',#1077,.T.);
#234=FACE_BOUND('',#1078,.T.);
#235=FACE_BOUND('',#1079,.T.);
#236=FACE_BOUND('',#1080,.T.);
#237=FACE_BOUND('',#1081,.T.);
#238=FACE_BOUND('',#1082,.T.);
#239=FACE_BOUND('',#1083,.T.);
#240=FACE_BOUND('',#1084,.T.);
#241=FACE_BOUND('',#1085,.T.);
#242=FACE_BOUND('',#1086,.T.);
#243=FACE_BOUND('',#1087,.T.);
#244=FACE_BOUND('',#1088,.T.);
#245=FACE_BOUND('',#1089,.T.);
#246=FACE_BOUND('',#1090,.T.);
#247=FACE_BOUND('',#1091,.T.);
#248=FACE_BOUND('',#1092,.T.);
#249=FACE_BOUND('',#1093,.T.);
#250=FACE_OUTER_BOUND('',#806,.T.);
#251=FACE_OUTER_BOUND('',#810,.T.);
#252=FACE_OUTER_BOUND('',#811,.T.);
#253=FACE_OUTER_BOUND('',#812,.T.);
#254=FACE_OUTER_BOUND('',#813,.T.);
#255=FACE_OUTER_BOUND('',#814,.T.);
#256=FACE_OUTER_BOUND('',#815,.T.);
#257=FACE_OUTER_BOUND('',#816,.T.);
#258=FACE_OUTER_BOUND('',#817,.T.);
#259=FACE_OUTER_BOUND('',#818,.T.);
#260=FACE_OUTER_BOUND('',#819,.T.);
#261=FACE_OUTER_BOUND('',#820,.T.);
#262=FACE_OUTER_BOUND('',#821,.T.);
#263=FACE_OUTER_BOUND('',#822,.T.);
#264=FACE_OUTER_BOUND('',#823,.T.);
#265=FACE_OUTER_BOUND('',#824,.T.);
#266=FACE_OUTER_BOUND('',#825,.T.);
#267=FACE_OUTER_BOUND('',#826,.T.);
#268=FACE_OUTER_BOUND('',#827,.T.);
#269=FACE_OUTER_BOUND('',#828,.T.);
#270=FACE_OUTER_BOUND('',#829,.T.);
#271=FACE_OUTER_BOUND('',#830,.T.);
#272=FACE_OUTER_BOUND('',#831,.T.);
#273=FACE_OUTER_BOUND('',#832,.T.);
#274=FACE_OUTER_BOUND('',#833,.T.);
#275=FACE_OUTER_BOUND('',#834,.T.);
#276=FACE_OUTER_BOUND('',#835,.T.);
#277=FACE_OUTER_BOUND('',#836,.T.);
#278=FACE_OUTER_BOUND('',#840,.T.);
#279=FACE_OUTER_BOUND('',#841,.T.);
#280=FACE_OUTER_BOUND('',#842,.T.);
#281=FACE_OUTER_BOUND('',#843,.T.);
#282=FACE_OUTER_BOUND('',#844,.T.);
#283=FACE_OUTER_BOUND('',#845,.T.);
#284=FACE_OUTER_BOUND('',#846,.T.);
#285=FACE_OUTER_BOUND('',#847,.T.);
#286=FACE_OUTER_BOUND('',#848,.T.);
#287=FACE_OUTER_BOUND('',#849,.T.);
#288=FACE_OUTER_BOUND('',#850,.T.);
#289=FACE_OUTER_BOUND('',#851,.T.);
#290=FACE_OUTER_BOUND('',#852,.T.);
#291=FACE_OUTER_BOUND('',#853,.T.);
#292=FACE_OUTER_BOUND('',#854,.T.);
#293=FACE_OUTER_BOUND('',#855,.T.);
#294=FACE_OUTER_BOUND('',#859,.T.);
#295=FACE_OUTER_BOUND('',#860,.T.);
#296=FACE_OUTER_BOUND('',#861,.T.);
#297=FACE_OUTER_BOUND('',#862,.T.);
#298=FACE_OUTER_BOUND('',#863,.T.);
#299=FACE_OUTER_BOUND('',#864,.T.);
#300=FACE_OUTER_BOUND('',#865,.T.);
#301=FACE_OUTER_BOUND('',#866,.T.);
#302=FACE_OUTER_BOUND('',#867,.T.);
#303=FACE_OUTER_BOUND('',#868,.T.);
#304=FACE_OUTER_BOUND('',#869,.T.);
#305=FACE_OUTER_BOUND('',#873,.T.);
#306=FACE_OUTER_BOUND('',#874,.T.);
#307=FACE_OUTER_BOUND('',#875,.T.);
#308=FACE_OUTER_BOUND('',#876,.T.);
#309=FACE_OUTER_BOUND('',#877,.T.);
#310=FACE_OUTER_BOUND('',#878,.T.);
#311=FACE_OUTER_BOUND('',#879,.T.);
#312=FACE_OUTER_BOUND('',#880,.T.);
#313=FACE_OUTER_BOUND('',#884,.T.);
#314=FACE_OUTER_BOUND('',#885,.T.);
#315=FACE_OUTER_BOUND('',#886,.T.);
#316=FACE_OUTER_BOUND('',#887,.T.);
#317=FACE_OUTER_BOUND('',#888,.T.);
#318=FACE_OUTER_BOUND('',#889,.T.);
#319=FACE_OUTER_BOUND('',#890,.T.);
#320=FACE_OUTER_BOUND('',#891,.T.);
#321=FACE_OUTER_BOUND('',#892,.T.);
#322=FACE_OUTER_BOUND('',#893,.T.);
#323=FACE_OUTER_BOUND('',#894,.T.);
#324=FACE_OUTER_BOUND('',#895,.T.);
#325=FACE_OUTER_BOUND('',#896,.T.);
#326=FACE_OUTER_BOUND('',#897,.T.);
#327=FACE_OUTER_BOUND('',#898,.T.);
#328=FACE_OUTER_BOUND('',#899,.T.);
#329=FACE_OUTER_BOUND('',#900,.T.);
#330=FACE_OUTER_BOUND('',#901,.T.);
#331=FACE_OUTER_BOUND('',#902,.T.);
#332=FACE_OUTER_BOUND('',#903,.T.);
#333=FACE_OUTER_BOUND('',#907,.T.);
#334=FACE_OUTER_BOUND('',#908,.T.);
#335=FACE_OUTER_BOUND('',#909,.T.);
#336=FACE_OUTER_BOUND('',#910,.T.);
#337=FACE_OUTER_BOUND('',#911,.T.);
#338=FACE_OUTER_BOUND('',#912,.T.);
#339=FACE_OUTER_BOUND('',#913,.T.);
#340=FACE_OUTER_BOUND('',#914,.T.);
#341=FACE_OUTER_BOUND('',#915,.T.);
#342=FACE_OUTER_BOUND('',#916,.T.);
#343=FACE_OUTER_BOUND('',#917,.T.);
#344=FACE_OUTER_BOUND('',#920,.T.);
#345=FACE_OUTER_BOUND('',#921,.T.);
#346=FACE_OUTER_BOUND('',#922,.T.);
#347=FACE_OUTER_BOUND('',#923,.T.);
#348=FACE_OUTER_BOUND('',#924,.T.);
#349=FACE_OUTER_BOUND('',#925,.T.);
#350=FACE_OUTER_BOUND('',#926,.T.);
#351=FACE_OUTER_BOUND('',#994,.T.);
#352=FACE_OUTER_BOUND('',#995,.T.);
#353=FACE_OUTER_BOUND('',#996,.T.);
#354=FACE_OUTER_BOUND('',#997,.T.);
#355=FACE_OUTER_BOUND('',#998,.T.);
#356=FACE_OUTER_BOUND('',#999,.T.);
#357=FACE_OUTER_BOUND('',#1000,.T.);
#358=FACE_OUTER_BOUND('',#1001,.T.);
#359=FACE_OUTER_BOUND('',#1002,.T.);
#360=FACE_OUTER_BOUND('',#1003,.T.);
#361=FACE_OUTER_BOUND('',#1004,.T.);
#362=FACE_OUTER_BOUND('',#1005,.T.);
#363=FACE_OUTER_BOUND('',#1006,.T.);
#364=FACE_OUTER_BOUND('',#1007,.T.);
#365=FACE_OUTER_BOUND('',#1008,.T.);
#366=FACE_OUTER_BOUND('',#1009,.T.);
#367=FACE_OUTER_BOUND('',#1010,.T.);
#368=FACE_OUTER_BOUND('',#1011,.T.);
#369=FACE_OUTER_BOUND('',#1012,.T.);
#370=FACE_OUTER_BOUND('',#1013,.T.);
#371=FACE_OUTER_BOUND('',#1014,.T.);
#372=FACE_OUTER_BOUND('',#1015,.T.);
#373=FACE_OUTER_BOUND('',#1016,.T.);
#374=FACE_OUTER_BOUND('',#1017,.T.);
#375=FACE_OUTER_BOUND('',#1018,.T.);
#376=FACE_OUTER_BOUND('',#1019,.T.);
#377=FACE_OUTER_BOUND('',#1020,.T.);
#378=FACE_OUTER_BOUND('',#1021,.T.);
#379=FACE_OUTER_BOUND('',#1022,.T.);
#380=FACE_OUTER_BOUND('',#1023,.T.);
#381=FACE_OUTER_BOUND('',#1024,.T.);
#382=FACE_OUTER_BOUND('',#1025,.T.);
#383=FACE_OUTER_BOUND('',#1026,.T.);
#384=FACE_OUTER_BOUND('',#1027,.T.);
#385=FACE_OUTER_BOUND('',#1028,.T.);
#386=FACE_OUTER_BOUND('',#1029,.T.);
#387=FACE_OUTER_BOUND('',#1030,.T.);
#388=FACE_OUTER_BOUND('',#1031,.T.);
#389=FACE_OUTER_BOUND('',#1032,.T.);
#390=FACE_OUTER_BOUND('',#1033,.T.);
#391=FACE_OUTER_BOUND('',#1034,.T.);
#392=FACE_OUTER_BOUND('',#1035,.T.);
#393=FACE_OUTER_BOUND('',#1036,.T.);
#394=FACE_OUTER_BOUND('',#1037,.T.);
#395=FACE_OUTER_BOUND('',#1038,.T.);
#396=FACE_OUTER_BOUND('',#1039,.T.);
#397=FACE_OUTER_BOUND('',#1042,.T.);
#398=FACE_OUTER_BOUND('',#1043,.T.);
#399=FACE_OUTER_BOUND('',#1044,.T.);
#400=FACE_OUTER_BOUND('',#1045,.T.);
#401=FACE_OUTER_BOUND('',#1046,.T.);
#402=FACE_OUTER_BOUND('',#1047,.T.);
#403=FACE_OUTER_BOUND('',#1048,.T.);
#404=FACE_OUTER_BOUND('',#1049,.T.);
#405=FACE_OUTER_BOUND('',#1050,.T.);
#406=FACE_OUTER_BOUND('',#1051,.T.);
#407=FACE_OUTER_BOUND('',#1052,.T.);
#408=FACE_OUTER_BOUND('',#1053,.T.);
#409=FACE_OUTER_BOUND('',#1054,.T.);
#410=FACE_OUTER_BOUND('',#1055,.T.);
#411=FACE_OUTER_BOUND('',#1056,.T.);
#412=FACE_OUTER_BOUND('',#1094,.T.);
#413=FACE_OUTER_BOUND('',#1095,.T.);
#414=FACE_OUTER_BOUND('',#1096,.T.);
#415=FACE_OUTER_BOUND('',#1097,.T.);
#416=FACE_OUTER_BOUND('',#1098,.T.);
#417=FACE_OUTER_BOUND('',#1099,.T.);
#418=FACE_OUTER_BOUND('',#1100,.T.);
#419=FACE_OUTER_BOUND('',#1101,.T.);
#420=FACE_OUTER_BOUND('',#1102,.T.);
#421=FACE_OUTER_BOUND('',#1103,.T.);
#422=FACE_OUTER_BOUND('',#1104,.T.);
#423=FACE_OUTER_BOUND('',#1105,.T.);
#424=FACE_OUTER_BOUND('',#1106,.T.);
#425=FACE_OUTER_BOUND('',#1107,.T.);
#426=FACE_OUTER_BOUND('',#1108,.T.);
#427=FACE_OUTER_BOUND('',#1109,.T.);
#428=FACE_OUTER_BOUND('',#1110,.T.);
#429=FACE_OUTER_BOUND('',#1111,.T.);
#430=FACE_OUTER_BOUND('',#1112,.T.);
#431=FACE_OUTER_BOUND('',#1113,.T.);
#432=FACE_OUTER_BOUND('',#1114,.T.);
#433=FACE_OUTER_BOUND('',#1115,.T.);
#434=FACE_OUTER_BOUND('',#1116,.T.);
#435=FACE_OUTER_BOUND('',#1117,.T.);
#436=FACE_OUTER_BOUND('',#1118,.T.);
#437=FACE_OUTER_BOUND('',#1119,.T.);
#438=FACE_OUTER_BOUND('',#1120,.T.);
#439=FACE_OUTER_BOUND('',#1121,.T.);
#440=FACE_OUTER_BOUND('',#1122,.T.);
#441=FACE_OUTER_BOUND('',#1123,.T.);
#442=FACE_OUTER_BOUND('',#1124,.T.);
#443=FACE_OUTER_BOUND('',#1125,.T.);
#444=FACE_OUTER_BOUND('',#1126,.T.);
#445=FACE_OUTER_BOUND('',#1127,.T.);
#446=FACE_OUTER_BOUND('',#1128,.T.);
#447=FACE_OUTER_BOUND('',#1129,.T.);
#448=FACE_OUTER_BOUND('',#1130,.T.);
#449=FACE_OUTER_BOUND('',#1131,.T.);
#450=FACE_OUTER_BOUND('',#1132,.T.);
#451=FACE_OUTER_BOUND('',#1133,.T.);
#452=FACE_OUTER_BOUND('',#1134,.T.);
#453=FACE_OUTER_BOUND('',#1135,.T.);
#454=FACE_OUTER_BOUND('',#1136,.T.);
#455=FACE_OUTER_BOUND('',#1137,.T.);
#456=FACE_OUTER_BOUND('',#1138,.T.);
#457=FACE_OUTER_BOUND('',#1139,.T.);
#458=FACE_OUTER_BOUND('',#1140,.T.);
#459=FACE_OUTER_BOUND('',#1141,.T.);
#460=FACE_OUTER_BOUND('',#1142,.T.);
#461=FACE_OUTER_BOUND('',#1143,.T.);
#462=FACE_OUTER_BOUND('',#1144,.T.);
#463=FACE_OUTER_BOUND('',#1145,.T.);
#464=FACE_OUTER_BOUND('',#1146,.T.);
#465=FACE_OUTER_BOUND('',#1147,.T.);
#466=FACE_OUTER_BOUND('',#1148,.T.);
#467=FACE_OUTER_BOUND('',#1149,.T.);
#468=FACE_OUTER_BOUND('',#1150,.T.);
#469=FACE_OUTER_BOUND('',#1151,.T.);
#470=FACE_OUTER_BOUND('',#1152,.T.);
#471=FACE_OUTER_BOUND('',#1153,.T.);
#472=FACE_OUTER_BOUND('',#1154,.T.);
#473=FACE_OUTER_BOUND('',#1155,.T.);
#474=FACE_OUTER_BOUND('',#1156,.T.);
#475=FACE_OUTER_BOUND('',#1157,.T.);
#476=FACE_OUTER_BOUND('',#1158,.T.);
#477=FACE_OUTER_BOUND('',#1159,.T.);
#478=FACE_OUTER_BOUND('',#1160,.T.);
#479=FACE_OUTER_BOUND('',#1161,.T.);
#480=FACE_OUTER_BOUND('',#1162,.T.);
#481=FACE_OUTER_BOUND('',#1163,.T.);
#482=FACE_OUTER_BOUND('',#1164,.T.);
#483=FACE_OUTER_BOUND('',#1165,.T.);
#484=FACE_OUTER_BOUND('',#1166,.T.);
#485=FACE_OUTER_BOUND('',#1167,.T.);
#486=FACE_OUTER_BOUND('',#1168,.T.);
#487=FACE_OUTER_BOUND('',#1169,.T.);
#488=FACE_OUTER_BOUND('',#1170,.T.);
#489=FACE_OUTER_BOUND('',#1171,.T.);
#490=FACE_OUTER_BOUND('',#1172,.T.);
#491=FACE_OUTER_BOUND('',#1173,.T.);
#492=FACE_OUTER_BOUND('',#1174,.T.);
#493=FACE_OUTER_BOUND('',#1175,.T.);
#494=FACE_OUTER_BOUND('',#1176,.T.);
#495=FACE_OUTER_BOUND('',#1177,.T.);
#496=FACE_OUTER_BOUND('',#1178,.T.);
#497=FACE_OUTER_BOUND('',#1179,.T.);
#498=FACE_OUTER_BOUND('',#1180,.T.);
#499=FACE_OUTER_BOUND('',#1181,.T.);
#500=FACE_OUTER_BOUND('',#1182,.T.);
#501=FACE_OUTER_BOUND('',#1183,.T.);
#502=FACE_OUTER_BOUND('',#1184,.T.);
#503=FACE_OUTER_BOUND('',#1185,.T.);
#504=FACE_OUTER_BOUND('',#1186,.T.);
#505=FACE_OUTER_BOUND('',#1187,.T.);
#506=FACE_OUTER_BOUND('',#1188,.T.);
#507=FACE_OUTER_BOUND('',#1189,.T.);
#508=FACE_OUTER_BOUND('',#1190,.T.);
#509=FACE_OUTER_BOUND('',#1191,.T.);
#510=FACE_OUTER_BOUND('',#1192,.T.);
#511=FACE_OUTER_BOUND('',#1193,.T.);
#512=FACE_OUTER_BOUND('',#1194,.T.);
#513=FACE_OUTER_BOUND('',#1195,.T.);
#514=FACE_OUTER_BOUND('',#1196,.T.);
#515=FACE_OUTER_BOUND('',#1197,.T.);
#516=FACE_OUTER_BOUND('',#1198,.T.);
#517=FACE_OUTER_BOUND('',#1199,.T.);
#518=FACE_OUTER_BOUND('',#1200,.T.);
#519=FACE_OUTER_BOUND('',#1201,.T.);
#520=FACE_OUTER_BOUND('',#1202,.T.);
#521=FACE_OUTER_BOUND('',#1203,.T.);
#522=FACE_OUTER_BOUND('',#1204,.T.);
#523=FACE_OUTER_BOUND('',#1205,.T.);
#524=FACE_OUTER_BOUND('',#1206,.T.);
#525=FACE_OUTER_BOUND('',#1207,.T.);
#526=FACE_OUTER_BOUND('',#1208,.T.);
#527=FACE_OUTER_BOUND('',#1209,.T.);
#528=FACE_OUTER_BOUND('',#1210,.T.);
#529=FACE_OUTER_BOUND('',#1211,.T.);
#530=FACE_OUTER_BOUND('',#1212,.T.);
#531=FACE_OUTER_BOUND('',#1213,.T.);
#532=FACE_OUTER_BOUND('',#1214,.T.);
#533=FACE_OUTER_BOUND('',#1215,.T.);
#534=FACE_OUTER_BOUND('',#1216,.T.);
#535=FACE_OUTER_BOUND('',#1217,.T.);
#536=FACE_OUTER_BOUND('',#1218,.T.);
#537=FACE_OUTER_BOUND('',#1219,.T.);
#538=FACE_OUTER_BOUND('',#1220,.T.);
#539=FACE_OUTER_BOUND('',#1221,.T.);
#540=FACE_OUTER_BOUND('',#1222,.T.);
#541=FACE_OUTER_BOUND('',#1223,.T.);
#542=FACE_OUTER_BOUND('',#1224,.T.);
#543=FACE_OUTER_BOUND('',#1225,.T.);
#544=FACE_OUTER_BOUND('',#1226,.T.);
#545=FACE_OUTER_BOUND('',#1227,.T.);
#546=FACE_OUTER_BOUND('',#1228,.T.);
#547=FACE_OUTER_BOUND('',#1229,.T.);
#548=FACE_OUTER_BOUND('',#1230,.T.);
#549=FACE_OUTER_BOUND('',#1231,.T.);
#550=FACE_OUTER_BOUND('',#1232,.T.);
#551=FACE_OUTER_BOUND('',#1233,.T.);
#552=FACE_OUTER_BOUND('',#1234,.T.);
#553=FACE_OUTER_BOUND('',#1235,.T.);
#554=FACE_OUTER_BOUND('',#1236,.T.);
#555=FACE_OUTER_BOUND('',#1237,.T.);
#556=FACE_OUTER_BOUND('',#1238,.T.);
#557=FACE_OUTER_BOUND('',#1239,.T.);
#558=FACE_OUTER_BOUND('',#1240,.T.);
#559=FACE_OUTER_BOUND('',#1241,.T.);
#560=FACE_OUTER_BOUND('',#1242,.T.);
#561=FACE_OUTER_BOUND('',#1243,.T.);
#562=FACE_OUTER_BOUND('',#1244,.T.);
#563=FACE_OUTER_BOUND('',#1245,.T.);
#564=FACE_OUTER_BOUND('',#1246,.T.);
#565=FACE_OUTER_BOUND('',#1247,.T.);
#566=FACE_OUTER_BOUND('',#1248,.T.);
#567=FACE_OUTER_BOUND('',#1249,.T.);
#568=FACE_OUTER_BOUND('',#1250,.T.);
#569=FACE_OUTER_BOUND('',#1251,.T.);
#570=FACE_OUTER_BOUND('',#1252,.T.);
#571=FACE_OUTER_BOUND('',#1253,.T.);
#572=FACE_OUTER_BOUND('',#1254,.T.);
#573=FACE_OUTER_BOUND('',#1255,.T.);
#574=FACE_OUTER_BOUND('',#1256,.T.);
#575=FACE_OUTER_BOUND('',#1257,.T.);
#576=FACE_OUTER_BOUND('',#1258,.T.);
#577=FACE_OUTER_BOUND('',#1259,.T.);
#578=FACE_OUTER_BOUND('',#1260,.T.);
#579=FACE_OUTER_BOUND('',#1261,.T.);
#580=FACE_OUTER_BOUND('',#1262,.T.);
#581=FACE_OUTER_BOUND('',#1263,.T.);
#582=FACE_OUTER_BOUND('',#1264,.T.);
#583=FACE_OUTER_BOUND('',#1265,.T.);
#584=FACE_OUTER_BOUND('',#1266,.T.);
#585=FACE_OUTER_BOUND('',#1267,.T.);
#586=FACE_OUTER_BOUND('',#1268,.T.);
#587=FACE_OUTER_BOUND('',#1269,.T.);
#588=FACE_OUTER_BOUND('',#1270,.T.);
#589=FACE_OUTER_BOUND('',#1271,.T.);
#590=FACE_OUTER_BOUND('',#1272,.T.);
#591=FACE_OUTER_BOUND('',#1273,.T.);
#592=FACE_OUTER_BOUND('',#1274,.T.);
#593=FACE_OUTER_BOUND('',#1275,.T.);
#594=FACE_OUTER_BOUND('',#1276,.T.);
#595=FACE_OUTER_BOUND('',#1277,.T.);
#596=FACE_OUTER_BOUND('',#1278,.T.);
#597=FACE_OUTER_BOUND('',#1279,.T.);
#598=FACE_OUTER_BOUND('',#1280,.T.);
#599=FACE_OUTER_BOUND('',#1281,.T.);
#600=FACE_OUTER_BOUND('',#1282,.T.);
#601=FACE_OUTER_BOUND('',#1283,.T.);
#602=FACE_OUTER_BOUND('',#1284,.T.);
#603=FACE_OUTER_BOUND('',#1285,.T.);
#604=FACE_OUTER_BOUND('',#1286,.T.);
#605=FACE_OUTER_BOUND('',#1287,.T.);
#606=FACE_OUTER_BOUND('',#1288,.T.);
#607=FACE_OUTER_BOUND('',#1289,.T.);
#608=FACE_OUTER_BOUND('',#1290,.T.);
#609=FACE_OUTER_BOUND('',#1291,.T.);
#610=FACE_OUTER_BOUND('',#1292,.T.);
#611=FACE_OUTER_BOUND('',#1293,.T.);
#612=FACE_OUTER_BOUND('',#1294,.T.);
#613=FACE_OUTER_BOUND('',#1295,.T.);
#614=FACE_OUTER_BOUND('',#1296,.T.);
#615=FACE_OUTER_BOUND('',#1297,.T.);
#616=FACE_OUTER_BOUND('',#1298,.T.);
#617=FACE_OUTER_BOUND('',#1299,.T.);
#618=FACE_OUTER_BOUND('',#1300,.T.);
#619=FACE_OUTER_BOUND('',#1301,.T.);
#620=FACE_OUTER_BOUND('',#1302,.T.);
#621=FACE_OUTER_BOUND('',#1303,.T.);
#622=FACE_OUTER_BOUND('',#1304,.T.);
#623=FACE_OUTER_BOUND('',#1305,.T.);
#624=FACE_OUTER_BOUND('',#1306,.T.);
#625=FACE_OUTER_BOUND('',#1307,.T.);
#626=FACE_OUTER_BOUND('',#1308,.T.);
#627=FACE_OUTER_BOUND('',#1309,.T.);
#628=FACE_OUTER_BOUND('',#1310,.T.);
#629=FACE_OUTER_BOUND('',#1311,.T.);
#630=FACE_OUTER_BOUND('',#1312,.T.);
#631=FACE_OUTER_BOUND('',#1313,.T.);
#632=FACE_OUTER_BOUND('',#1314,.T.);
#633=FACE_OUTER_BOUND('',#1315,.T.);
#634=FACE_OUTER_BOUND('',#1316,.T.);
#635=FACE_OUTER_BOUND('',#1317,.T.);
#636=FACE_OUTER_BOUND('',#1318,.T.);
#637=FACE_OUTER_BOUND('',#1319,.T.);
#638=FACE_OUTER_BOUND('',#1320,.T.);
#639=FACE_OUTER_BOUND('',#1321,.T.);
#640=FACE_OUTER_BOUND('',#1322,.T.);
#641=FACE_OUTER_BOUND('',#1323,.T.);
#642=FACE_OUTER_BOUND('',#1324,.T.);
#643=FACE_OUTER_BOUND('',#1325,.T.);
#644=FACE_OUTER_BOUND('',#1326,.T.);
#645=FACE_OUTER_BOUND('',#1327,.T.);
#646=FACE_OUTER_BOUND('',#1328,.T.);
#647=FACE_OUTER_BOUND('',#1329,.T.);
#648=FACE_OUTER_BOUND('',#1330,.T.);
#649=FACE_OUTER_BOUND('',#1331,.T.);
#650=FACE_OUTER_BOUND('',#1332,.T.);
#651=FACE_OUTER_BOUND('',#1333,.T.);
#652=FACE_OUTER_BOUND('',#1334,.T.);
#653=FACE_OUTER_BOUND('',#1335,.T.);
#654=FACE_OUTER_BOUND('',#1336,.T.);
#655=FACE_OUTER_BOUND('',#1337,.T.);
#656=FACE_OUTER_BOUND('',#1338,.T.);
#657=FACE_OUTER_BOUND('',#1339,.T.);
#658=FACE_OUTER_BOUND('',#1340,.T.);
#659=FACE_OUTER_BOUND('',#1341,.T.);
#660=FACE_OUTER_BOUND('',#1342,.T.);
#661=FACE_OUTER_BOUND('',#1343,.T.);
#662=FACE_OUTER_BOUND('',#1344,.T.);
#663=FACE_OUTER_BOUND('',#1345,.T.);
#664=FACE_OUTER_BOUND('',#1346,.T.);
#665=FACE_OUTER_BOUND('',#1347,.T.);
#666=FACE_OUTER_BOUND('',#1348,.T.);
#667=FACE_OUTER_BOUND('',#1349,.T.);
#668=FACE_OUTER_BOUND('',#1350,.T.);
#669=FACE_OUTER_BOUND('',#1351,.T.);
#670=FACE_OUTER_BOUND('',#1352,.T.);
#671=FACE_OUTER_BOUND('',#1353,.T.);
#672=FACE_OUTER_BOUND('',#1354,.T.);
#673=FACE_OUTER_BOUND('',#1355,.T.);
#674=FACE_OUTER_BOUND('',#1356,.T.);
#675=FACE_OUTER_BOUND('',#1357,.T.);
#676=FACE_OUTER_BOUND('',#1358,.T.);
#677=FACE_OUTER_BOUND('',#1359,.T.);
#678=FACE_OUTER_BOUND('',#1360,.T.);
#679=FACE_OUTER_BOUND('',#1361,.T.);
#680=FACE_OUTER_BOUND('',#1362,.T.);
#681=FACE_OUTER_BOUND('',#1363,.T.);
#682=FACE_OUTER_BOUND('',#1364,.T.);
#683=FACE_OUTER_BOUND('',#1365,.T.);
#684=FACE_OUTER_BOUND('',#1366,.T.);
#685=FACE_OUTER_BOUND('',#1367,.T.);
#686=FACE_OUTER_BOUND('',#1368,.T.);
#687=FACE_OUTER_BOUND('',#1369,.T.);
#688=FACE_OUTER_BOUND('',#1370,.T.);
#689=FACE_OUTER_BOUND('',#1371,.T.);
#690=FACE_OUTER_BOUND('',#1372,.T.);
#691=FACE_OUTER_BOUND('',#1373,.T.);
#692=FACE_OUTER_BOUND('',#1374,.T.);
#693=FACE_OUTER_BOUND('',#1375,.T.);
#694=FACE_OUTER_BOUND('',#1376,.T.);
#695=FACE_OUTER_BOUND('',#1377,.T.);
#696=FACE_OUTER_BOUND('',#1378,.T.);
#697=FACE_OUTER_BOUND('',#1379,.T.);
#698=FACE_OUTER_BOUND('',#1380,.T.);
#699=FACE_OUTER_BOUND('',#1381,.T.);
#700=FACE_OUTER_BOUND('',#1382,.T.);
#701=FACE_OUTER_BOUND('',#1383,.T.);
#702=FACE_OUTER_BOUND('',#1384,.T.);
#703=FACE_OUTER_BOUND('',#1385,.T.);
#704=FACE_OUTER_BOUND('',#1386,.T.);
#705=FACE_OUTER_BOUND('',#1387,.T.);
#706=FACE_OUTER_BOUND('',#1388,.T.);
#707=FACE_OUTER_BOUND('',#1389,.T.);
#708=FACE_OUTER_BOUND('',#1390,.T.);
#709=FACE_OUTER_BOUND('',#1391,.T.);
#710=FACE_OUTER_BOUND('',#1392,.T.);
#711=FACE_OUTER_BOUND('',#1393,.T.);
#712=FACE_OUTER_BOUND('',#1394,.T.);
#713=FACE_OUTER_BOUND('',#1395,.T.);
#714=FACE_OUTER_BOUND('',#1396,.T.);
#715=FACE_OUTER_BOUND('',#1397,.T.);
#716=FACE_OUTER_BOUND('',#1398,.T.);
#717=FACE_OUTER_BOUND('',#1399,.T.);
#718=FACE_OUTER_BOUND('',#1400,.T.);
#719=FACE_OUTER_BOUND('',#1401,.T.);
#720=FACE_OUTER_BOUND('',#1402,.T.);
#721=FACE_OUTER_BOUND('',#1403,.T.);
#722=FACE_OUTER_BOUND('',#1404,.T.);
#723=FACE_OUTER_BOUND('',#1405,.T.);
#724=FACE_OUTER_BOUND('',#1406,.T.);
#725=FACE_OUTER_BOUND('',#1407,.T.);
#726=FACE_OUTER_BOUND('',#1408,.T.);
#727=FACE_OUTER_BOUND('',#1409,.T.);
#728=FACE_OUTER_BOUND('',#1410,.T.);
#729=FACE_OUTER_BOUND('',#1411,.T.);
#730=FACE_OUTER_BOUND('',#1412,.T.);
#731=FACE_OUTER_BOUND('',#1413,.T.);
#732=FACE_OUTER_BOUND('',#1414,.T.);
#733=FACE_OUTER_BOUND('',#1415,.T.);
#734=FACE_OUTER_BOUND('',#1416,.T.);
#735=FACE_OUTER_BOUND('',#1417,.T.);
#736=FACE_OUTER_BOUND('',#1418,.T.);
#737=FACE_OUTER_BOUND('',#1419,.T.);
#738=FACE_OUTER_BOUND('',#1420,.T.);
#739=FACE_OUTER_BOUND('',#1421,.T.);
#740=FACE_OUTER_BOUND('',#1422,.T.);
#741=FACE_OUTER_BOUND('',#1423,.T.);
#742=FACE_OUTER_BOUND('',#1424,.T.);
#743=FACE_OUTER_BOUND('',#1425,.T.);
#744=FACE_OUTER_BOUND('',#1426,.T.);
#745=FACE_OUTER_BOUND('',#1427,.T.);
#746=FACE_OUTER_BOUND('',#1428,.T.);
#747=FACE_OUTER_BOUND('',#1429,.T.);
#748=FACE_OUTER_BOUND('',#1430,.T.);
#749=FACE_OUTER_BOUND('',#1431,.T.);
#750=FACE_OUTER_BOUND('',#1432,.T.);
#751=FACE_OUTER_BOUND('',#1433,.T.);
#752=FACE_OUTER_BOUND('',#1434,.T.);
#753=FACE_OUTER_BOUND('',#1435,.T.);
#754=FACE_OUTER_BOUND('',#1436,.T.);
#755=FACE_OUTER_BOUND('',#1437,.T.);
#756=FACE_OUTER_BOUND('',#1438,.T.);
#757=FACE_OUTER_BOUND('',#1439,.T.);
#758=FACE_OUTER_BOUND('',#1440,.T.);
#759=FACE_OUTER_BOUND('',#1441,.T.);
#760=FACE_OUTER_BOUND('',#1442,.T.);
#761=FACE_OUTER_BOUND('',#1443,.T.);
#762=FACE_OUTER_BOUND('',#1444,.T.);
#763=FACE_OUTER_BOUND('',#1445,.T.);
#764=FACE_OUTER_BOUND('',#1446,.T.);
#765=FACE_OUTER_BOUND('',#1447,.T.);
#766=FACE_OUTER_BOUND('',#1448,.T.);
#767=FACE_OUTER_BOUND('',#1449,.T.);
#768=FACE_OUTER_BOUND('',#1450,.T.);
#769=FACE_OUTER_BOUND('',#1451,.T.);
#770=FACE_OUTER_BOUND('',#1452,.T.);
#771=FACE_OUTER_BOUND('',#1453,.T.);
#772=FACE_OUTER_BOUND('',#1454,.T.);
#773=FACE_OUTER_BOUND('',#1455,.T.);
#774=FACE_OUTER_BOUND('',#1456,.T.);
#775=FACE_OUTER_BOUND('',#1457,.T.);
#776=FACE_OUTER_BOUND('',#1458,.T.);
#777=FACE_OUTER_BOUND('',#1459,.T.);
#778=FACE_OUTER_BOUND('',#1460,.T.);
#779=FACE_OUTER_BOUND('',#1461,.T.);
#780=FACE_OUTER_BOUND('',#1462,.T.);
#781=FACE_OUTER_BOUND('',#1463,.T.);
#782=FACE_OUTER_BOUND('',#1464,.T.);
#783=FACE_OUTER_BOUND('',#1465,.T.);
#784=FACE_OUTER_BOUND('',#1466,.T.);
#785=FACE_OUTER_BOUND('',#1467,.T.);
#786=FACE_OUTER_BOUND('',#1468,.T.);
#787=FACE_OUTER_BOUND('',#1469,.T.);
#788=FACE_OUTER_BOUND('',#1470,.T.);
#789=FACE_OUTER_BOUND('',#1471,.T.);
#790=FACE_OUTER_BOUND('',#1472,.T.);
#791=FACE_OUTER_BOUND('',#1473,.T.);
#792=FACE_OUTER_BOUND('',#1474,.T.);
#793=FACE_OUTER_BOUND('',#1475,.T.);
#794=FACE_OUTER_BOUND('',#1476,.T.);
#795=FACE_OUTER_BOUND('',#1477,.T.);
#796=FACE_OUTER_BOUND('',#1478,.T.);
#797=FACE_OUTER_BOUND('',#1479,.T.);
#798=FACE_OUTER_BOUND('',#1480,.T.);
#799=FACE_OUTER_BOUND('',#1481,.T.);
#800=FACE_OUTER_BOUND('',#1482,.T.);
#801=FACE_OUTER_BOUND('',#1483,.T.);
#802=FACE_OUTER_BOUND('',#1484,.T.);
#803=FACE_OUTER_BOUND('',#1485,.T.);
#804=FACE_OUTER_BOUND('',#1486,.T.);
#805=FACE_OUTER_BOUND('',#1487,.T.);
#806=EDGE_LOOP('',(#7721,#7722,#7723,#7724,#7725,#7726,#7727,#7728,#7729,
#7730));
#807=EDGE_LOOP('',(#7731,#7732,#7733,#7734,#7735));
#808=EDGE_LOOP('',(#7736,#7737,#7738,#7739,#7740));
#809=EDGE_LOOP('',(#7741,#7742,#7743,#7744));
#810=EDGE_LOOP('',(#7745,#7746,#7747,#7748,#7749));
#811=EDGE_LOOP('',(#7750,#7751,#7752,#7753));
#812=EDGE_LOOP('',(#7754,#7755,#7756,#7757,#7758,#7759,#7760,#7761));
#813=EDGE_LOOP('',(#7762,#7763,#7764,#7765,#7766));
#814=EDGE_LOOP('',(#7767,#7768,#7769,#7770,#7771,#7772,#7773,#7774,#7775));
#815=EDGE_LOOP('',(#7776,#7777,#7778,#7779,#7780,#7781,#7782,#7783,#7784));
#816=EDGE_LOOP('',(#7785,#7786,#7787,#7788,#7789,#7790,#7791,#7792));
#817=EDGE_LOOP('',(#7793,#7794,#7795,#7796));
#818=EDGE_LOOP('',(#7797,#7798,#7799,#7800,#7801,#7802,#7803,#7804));
#819=EDGE_LOOP('',(#7805,#7806,#7807,#7808,#7809,#7810,#7811,#7812,#7813,
#7814,#7815,#7816,#7817,#7818,#7819,#7820,#7821,#7822,#7823));
#820=EDGE_LOOP('',(#7824,#7825,#7826,#7827));
#821=EDGE_LOOP('',(#7828,#7829,#7830,#7831));
#822=EDGE_LOOP('',(#7832,#7833,#7834,#7835));
#823=EDGE_LOOP('',(#7836,#7837,#7838,#7839,#7840));
#824=EDGE_LOOP('',(#7841,#7842,#7843,#7844));
#825=EDGE_LOOP('',(#7845,#7846,#7847,#7848));
#826=EDGE_LOOP('',(#7849,#7850,#7851,#7852,#7853,#7854,#7855,#7856));
#827=EDGE_LOOP('',(#7857,#7858,#7859,#7860));
#828=EDGE_LOOP('',(#7861,#7862,#7863,#7864,#7865,#7866,#7867,#7868));
#829=EDGE_LOOP('',(#7869,#7870,#7871,#7872));
#830=EDGE_LOOP('',(#7873,#7874,#7875,#7876,#7877,#7878,#7879,#7880,#7881,
#7882,#7883,#7884,#7885,#7886,#7887,#7888,#7889,#7890,#7891));
#831=EDGE_LOOP('',(#7892,#7893,#7894,#7895));
#832=EDGE_LOOP('',(#7896,#7897,#7898,#7899,#7900,#7901,#7902,#7903,#7904));
#833=EDGE_LOOP('',(#7905,#7906,#7907,#7908,#7909,#7910,#7911,#7912,#7913));
#834=EDGE_LOOP('',(#7914,#7915,#7916,#7917,#7918,#7919,#7920,#7921));
#835=EDGE_LOOP('',(#7922,#7923,#7924,#7925,#7926));
#836=EDGE_LOOP('',(#7927,#7928,#7929,#7930,#7931,#7932,#7933,#7934,#7935,
#7936));
#837=EDGE_LOOP('',(#7937,#7938,#7939,#7940));
#838=EDGE_LOOP('',(#7941,#7942,#7943,#7944,#7945));
#839=EDGE_LOOP('',(#7946,#7947,#7948,#7949,#7950));
#840=EDGE_LOOP('',(#7951,#7952,#7953,#7954,#7955));
#841=EDGE_LOOP('',(#7956,#7957,#7958,#7959));
#842=EDGE_LOOP('',(#7960,#7961,#7962,#7963,#7964,#7965));
#843=EDGE_LOOP('',(#7966,#7967,#7968,#7969));
#844=EDGE_LOOP('',(#7970,#7971,#7972,#7973));
#845=EDGE_LOOP('',(#7974,#7975,#7976,#7977));
#846=EDGE_LOOP('',(#7978,#7979,#7980,#7981));
#847=EDGE_LOOP('',(#7982,#7983,#7984,#7985));
#848=EDGE_LOOP('',(#7986,#7987,#7988,#7989,#7990,#7991));
#849=EDGE_LOOP('',(#7992,#7993,#7994,#7995,#7996));
#850=EDGE_LOOP('',(#7997,#7998,#7999,#8000));
#851=EDGE_LOOP('',(#8001,#8002,#8003,#8004,#8005,#8006));
#852=EDGE_LOOP('',(#8007,#8008,#8009,#8010));
#853=EDGE_LOOP('',(#8011,#8012,#8013,#8014));
#854=EDGE_LOOP('',(#8015,#8016,#8017,#8018));
#855=EDGE_LOOP('',(#8019,#8020,#8021,#8022));
#856=EDGE_LOOP('',(#8023,#8024,#8025,#8026));
#857=EDGE_LOOP('',(#8027,#8028,#8029,#8030));
#858=EDGE_LOOP('',(#8031,#8032,#8033,#8034));
#859=EDGE_LOOP('',(#8035,#8036,#8037,#8038));
#860=EDGE_LOOP('',(#8039,#8040,#8041,#8042));
#861=EDGE_LOOP('',(#8043,#8044,#8045,#8046));
#862=EDGE_LOOP('',(#8047,#8048,#8049,#8050));
#863=EDGE_LOOP('',(#8051,#8052,#8053,#8054));
#864=EDGE_LOOP('',(#8055,#8056,#8057,#8058));
#865=EDGE_LOOP('',(#8059,#8060,#8061,#8062));
#866=EDGE_LOOP('',(#8063,#8064,#8065,#8066));
#867=EDGE_LOOP('',(#8067,#8068,#8069,#8070));
#868=EDGE_LOOP('',(#8071,#8072,#8073,#8074));
#869=EDGE_LOOP('',(#8075,#8076,#8077,#8078,#8079,#8080,#8081,#8082,#8083,
#8084,#8085,#8086,#8087,#8088,#8089,#8090,#8091,#8092,#8093,#8094));
#870=EDGE_LOOP('',(#8095,#8096,#8097,#8098));
#871=EDGE_LOOP('',(#8099,#8100,#8101,#8102));
#872=EDGE_LOOP('',(#8103,#8104,#8105,#8106));
#873=EDGE_LOOP('',(#8107,#8108,#8109,#8110));
#874=EDGE_LOOP('',(#8111,#8112,#8113,#8114));
#875=EDGE_LOOP('',(#8115,#8116,#8117,#8118));
#876=EDGE_LOOP('',(#8119,#8120,#8121,#8122));
#877=EDGE_LOOP('',(#8123,#8124,#8125,#8126));
#878=EDGE_LOOP('',(#8127,#8128,#8129,#8130));
#879=EDGE_LOOP('',(#8131,#8132,#8133,#8134));
#880=EDGE_LOOP('',(#8135,#8136,#8137,#8138,#8139,#8140,#8141,#8142,#8143,
#8144,#8145,#8146,#8147,#8148,#8149,#8150));
#881=EDGE_LOOP('',(#8151,#8152,#8153,#8154));
#882=EDGE_LOOP('',(#8155,#8156,#8157,#8158));
#883=EDGE_LOOP('',(#8159,#8160,#8161,#8162));
#884=EDGE_LOOP('',(#8163,#8164,#8165,#8166));
#885=EDGE_LOOP('',(#8167,#8168,#8169,#8170));
#886=EDGE_LOOP('',(#8171,#8172,#8173,#8174));
#887=EDGE_LOOP('',(#8175,#8176,#8177,#8178));
#888=EDGE_LOOP('',(#8179,#8180,#8181,#8182));
#889=EDGE_LOOP('',(#8183,#8184,#8185,#8186));
#890=EDGE_LOOP('',(#8187,#8188,#8189,#8190));
#891=EDGE_LOOP('',(#8191,#8192,#8193,#8194));
#892=EDGE_LOOP('',(#8195,#8196,#8197,#8198));
#893=EDGE_LOOP('',(#8199,#8200,#8201,#8202));
#894=EDGE_LOOP('',(#8203,#8204,#8205,#8206));
#895=EDGE_LOOP('',(#8207,#8208,#8209,#8210));
#896=EDGE_LOOP('',(#8211,#8212,#8213,#8214));
#897=EDGE_LOOP('',(#8215,#8216,#8217,#8218));
#898=EDGE_LOOP('',(#8219,#8220,#8221,#8222));
#899=EDGE_LOOP('',(#8223,#8224,#8225,#8226));
#900=EDGE_LOOP('',(#8227,#8228,#8229,#8230));
#901=EDGE_LOOP('',(#8231,#8232,#8233,#8234));
#902=EDGE_LOOP('',(#8235,#8236,#8237,#8238));
#903=EDGE_LOOP('',(#8239,#8240,#8241,#8242));
#904=EDGE_LOOP('',(#8243,#8244,#8245,#8246));
#905=EDGE_LOOP('',(#8247,#8248,#8249,#8250));
#906=EDGE_LOOP('',(#8251,#8252,#8253,#8254));
#907=EDGE_LOOP('',(#8255,#8256,#8257,#8258));
#908=EDGE_LOOP('',(#8259,#8260,#8261,#8262));
#909=EDGE_LOOP('',(#8263,#8264,#8265,#8266));
#910=EDGE_LOOP('',(#8267,#8268,#8269,#8270));
#911=EDGE_LOOP('',(#8271,#8272,#8273,#8274));
#912=EDGE_LOOP('',(#8275,#8276,#8277,#8278));
#913=EDGE_LOOP('',(#8279,#8280,#8281,#8282));
#914=EDGE_LOOP('',(#8283,#8284,#8285,#8286,#8287,#8288));
#915=EDGE_LOOP('',(#8289,#8290,#8291,#8292,#8293));
#916=EDGE_LOOP('',(#8294,#8295,#8296,#8297));
#917=EDGE_LOOP('',(#8298,#8299,#8300,#8301,#8302,#8303,#8304,#8305,#8306,
#8307,#8308,#8309));
#918=EDGE_LOOP('',(#8310,#8311,#8312,#8313));
#919=EDGE_LOOP('',(#8314,#8315,#8316,#8317,#8318,#8319,#8320,#8321,#8322,
#8323,#8324,#8325,#8326,#8327,#8328,#8329));
#920=EDGE_LOOP('',(#8330,#8331,#8332,#8333));
#921=EDGE_LOOP('',(#8334,#8335,#8336,#8337));
#922=EDGE_LOOP('',(#8338,#8339,#8340,#8341));
#923=EDGE_LOOP('',(#8342,#8343,#8344,#8345));
#924=EDGE_LOOP('',(#8346,#8347,#8348,#8349));
#925=EDGE_LOOP('',(#8350,#8351,#8352,#8353,#8354,#8355,#8356,#8357,#8358,
#8359,#8360,#8361,#8362,#8363));
#926=EDGE_LOOP('',(#8364,#8365,#8366,#8367,#8368,#8369,#8370,#8371,#8372,
#8373,#8374,#8375,#8376,#8377));
#927=EDGE_LOOP('',(#8378,#8379,#8380,#8381));
#928=EDGE_LOOP('',(#8382,#8383,#8384,#8385,#8386,#8387,#8388));
#929=EDGE_LOOP('',(#8389,#8390,#8391,#8392,#8393,#8394));
#930=EDGE_LOOP('',(#8395,#8396,#8397,#8398));
#931=EDGE_LOOP('',(#8399,#8400,#8401,#8402,#8403,#8404,#8405));
#932=EDGE_LOOP('',(#8406,#8407,#8408,#8409,#8410,#8411));
#933=EDGE_LOOP('',(#8412,#8413,#8414,#8415,#8416,#8417));
#934=EDGE_LOOP('',(#8418,#8419,#8420,#8421,#8422,#8423,#8424));
#935=EDGE_LOOP('',(#8425,#8426,#8427,#8428,#8429,#8430));
#936=EDGE_LOOP('',(#8431,#8432,#8433,#8434,#8435,#8436));
#937=EDGE_LOOP('',(#8437,#8438,#8439,#8440,#8441,#8442));
#938=EDGE_LOOP('',(#8443,#8444,#8445,#8446,#8447,#8448,#8449));
#939=EDGE_LOOP('',(#8450,#8451,#8452,#8453,#8454,#8455));
#940=EDGE_LOOP('',(#8456,#8457,#8458,#8459,#8460,#8461));
#941=EDGE_LOOP('',(#8462,#8463,#8464,#8465,#8466,#8467,#8468));
#942=EDGE_LOOP('',(#8469,#8470,#8471,#8472));
#943=EDGE_LOOP('',(#8473,#8474,#8475,#8476,#8477,#8478,#8479));
#944=EDGE_LOOP('',(#8480,#8481,#8482,#8483,#8484,#8485));
#945=EDGE_LOOP('',(#8486,#8487,#8488,#8489,#8490,#8491));
#946=EDGE_LOOP('',(#8492,#8493,#8494,#8495,#8496));
#947=EDGE_LOOP('',(#8497,#8498,#8499,#8500,#8501,#8502));
#948=EDGE_LOOP('',(#8503,#8504,#8505,#8506,#8507,#8508));
#949=EDGE_LOOP('',(#8509,#8510,#8511,#8512,#8513,#8514,#8515));
#950=EDGE_LOOP('',(#8516,#8517,#8518,#8519,#8520,#8521));
#951=EDGE_LOOP('',(#8522,#8523,#8524,#8525,#8526,#8527,#8528));
#952=EDGE_LOOP('',(#8529,#8530,#8531,#8532,#8533,#8534));
#953=EDGE_LOOP('',(#8535,#8536,#8537,#8538,#8539,#8540));
#954=EDGE_LOOP('',(#8541,#8542,#8543,#8544,#8545,#8546));
#955=EDGE_LOOP('',(#8547,#8548,#8549,#8550,#8551,#8552));
#956=EDGE_LOOP('',(#8553,#8554,#8555,#8556,#8557,#8558));
#957=EDGE_LOOP('',(#8559,#8560,#8561,#8562,#8563,#8564));
#958=EDGE_LOOP('',(#8565,#8566,#8567,#8568,#8569,#8570));
#959=EDGE_LOOP('',(#8571,#8572,#8573,#8574,#8575,#8576,#8577));
#960=EDGE_LOOP('',(#8578,#8579,#8580,#8581,#8582,#8583));
#961=EDGE_LOOP('',(#8584,#8585,#8586,#8587,#8588,#8589,#8590));
#962=EDGE_LOOP('',(#8591,#8592,#8593,#8594,#8595,#8596));
#963=EDGE_LOOP('',(#8597,#8598,#8599,#8600,#8601,#8602));
#964=EDGE_LOOP('',(#8603,#8604,#8605,#8606,#8607,#8608));
#965=EDGE_LOOP('',(#8609,#8610,#8611,#8612,#8613,#8614,#8615));
#966=EDGE_LOOP('',(#8616,#8617,#8618,#8619,#8620,#8621));
#967=EDGE_LOOP('',(#8622,#8623,#8624,#8625,#8626,#8627));
#968=EDGE_LOOP('',(#8628,#8629,#8630,#8631,#8632,#8633,#8634));
#969=EDGE_LOOP('',(#8635,#8636,#8637,#8638,#8639,#8640));
#970=EDGE_LOOP('',(#8641,#8642,#8643,#8644,#8645,#8646));
#971=EDGE_LOOP('',(#8647,#8648,#8649,#8650,#8651,#8652));
#972=EDGE_LOOP('',(#8653,#8654,#8655,#8656,#8657,#8658));
#973=EDGE_LOOP('',(#8659,#8660,#8661,#8662,#8663,#8664));
#974=EDGE_LOOP('',(#8665,#8666,#8667,#8668,#8669,#8670,#8671));
#975=EDGE_LOOP('',(#8672,#8673,#8674,#8675,#8676,#8677));
#976=EDGE_LOOP('',(#8678,#8679,#8680,#8681,#8682,#8683));
#977=EDGE_LOOP('',(#8684,#8685,#8686,#8687,#8688));
#978=EDGE_LOOP('',(#8689,#8690,#8691,#8692));
#979=EDGE_LOOP('',(#8693,#8694,#8695,#8696,#8697,#8698));
#980=EDGE_LOOP('',(#8699,#8700,#8701,#8702,#8703,#8704));
#981=EDGE_LOOP('',(#8705,#8706,#8707,#8708,#8709,#8710));
#982=EDGE_LOOP('',(#8711,#8712,#8713,#8714,#8715,#8716));
#983=EDGE_LOOP('',(#8717,#8718,#8719,#8720,#8721,#8722));
#984=EDGE_LOOP('',(#8723,#8724,#8725,#8726,#8727,#8728,#8729));
#985=EDGE_LOOP('',(#8730,#8731,#8732,#8733,#8734,#8735));
#986=EDGE_LOOP('',(#8736,#8737,#8738,#8739,#8740,#8741,#8742));
#987=EDGE_LOOP('',(#8743,#8744,#8745,#8746,#8747,#8748));
#988=EDGE_LOOP('',(#8749,#8750,#8751,#8752,#8753,#8754));
#989=EDGE_LOOP('',(#8755,#8756,#8757,#8758,#8759,#8760,#8761));
#990=EDGE_LOOP('',(#8762,#8763,#8764,#8765,#8766));
#991=EDGE_LOOP('',(#8767,#8768,#8769,#8770,#8771,#8772));
#992=EDGE_LOOP('',(#8773,#8774,#8775,#8776,#8777,#8778));
#993=EDGE_LOOP('',(#8779,#8780,#8781,#8782,#8783));
#994=EDGE_LOOP('',(#8784,#8785,#8786,#8787));
#995=EDGE_LOOP('',(#8788,#8789,#8790,#8791,#8792));
#996=EDGE_LOOP('',(#8793,#8794,#8795,#8796));
#997=EDGE_LOOP('',(#8797,#8798,#8799,#8800));
#998=EDGE_LOOP('',(#8801,#8802,#8803,#8804));
#999=EDGE_LOOP('',(#8805,#8806,#8807,#8808,#8809,#8810,#8811,#8812,#8813,
#8814,#8815,#8816,#8817,#8818,#8819,#8820,#8821,#8822,#8823,#8824,#8825,
#8826,#8827,#8828,#8829));
#1000=EDGE_LOOP('',(#8830,#8831,#8832,#8833));
#1001=EDGE_LOOP('',(#8834,#8835,#8836,#8837));
#1002=EDGE_LOOP('',(#8838,#8839,#8840,#8841,#8842));
#1003=EDGE_LOOP('',(#8843,#8844,#8845,#8846,#8847));
#1004=EDGE_LOOP('',(#8848,#8849,#8850,#8851,#8852));
#1005=EDGE_LOOP('',(#8853,#8854,#8855,#8856,#8857));
#1006=EDGE_LOOP('',(#8858,#8859,#8860,#8861));
#1007=EDGE_LOOP('',(#8862,#8863,#8864,#8865));
#1008=EDGE_LOOP('',(#8866,#8867,#8868,#8869));
#1009=EDGE_LOOP('',(#8870,#8871,#8872,#8873,#8874));
#1010=EDGE_LOOP('',(#8875,#8876,#8877,#8878,#8879));
#1011=EDGE_LOOP('',(#8880,#8881,#8882,#8883));
#1012=EDGE_LOOP('',(#8884,#8885,#8886,#8887));
#1013=EDGE_LOOP('',(#8888,#8889,#8890,#8891));
#1014=EDGE_LOOP('',(#8892,#8893,#8894,#8895));
#1015=EDGE_LOOP('',(#8896,#8897,#8898,#8899,#8900,#8901,#8902,#8903,#8904,
#8905,#8906,#8907,#8908,#8909,#8910,#8911,#8912,#8913,#8914,#8915,#8916,
#8917,#8918,#8919,#8920,#8921,#8922,#8923,#8924,#8925,#8926,#8927));
#1016=EDGE_LOOP('',(#8928,#8929,#8930,#8931,#8932));
#1017=EDGE_LOOP('',(#8933,#8934,#8935,#8936,#8937));
#1018=EDGE_LOOP('',(#8938,#8939,#8940,#8941));
#1019=EDGE_LOOP('',(#8942,#8943,#8944,#8945,#8946,#8947,#8948,#8949));
#1020=EDGE_LOOP('',(#8950,#8951,#8952,#8953,#8954,#8955,#8956,#8957));
#1021=EDGE_LOOP('',(#8958,#8959,#8960,#8961,#8962,#8963,#8964,#8965));
#1022=EDGE_LOOP('',(#8966,#8967,#8968,#8969,#8970,#8971,#8972,#8973));
#1023=EDGE_LOOP('',(#8974,#8975,#8976));
#1024=EDGE_LOOP('',(#8977,#8978,#8979,#8980));
#1025=EDGE_LOOP('',(#8981,#8982,#8983,#8984));
#1026=EDGE_LOOP('',(#8985,#8986,#8987));
#1027=EDGE_LOOP('',(#8988,#8989,#8990,#8991));
#1028=EDGE_LOOP('',(#8992,#8993,#8994));
#1029=EDGE_LOOP('',(#8995,#8996,#8997,#8998));
#1030=EDGE_LOOP('',(#8999,#9000,#9001,#9002));
#1031=EDGE_LOOP('',(#9003,#9004,#9005,#9006));
#1032=EDGE_LOOP('',(#9007,#9008,#9009));
#1033=EDGE_LOOP('',(#9010,#9011,#9012,#9013));
#1034=EDGE_LOOP('',(#9014,#9015,#9016,#9017));
#1035=EDGE_LOOP('',(#9018,#9019,#9020,#9021));
#1036=EDGE_LOOP('',(#9022,#9023,#9024,#9025));
#1037=EDGE_LOOP('',(#9026,#9027,#9028,#9029));
#1038=EDGE_LOOP('',(#9030,#9031,#9032,#9033));
#1039=EDGE_LOOP('',(#9034,#9035,#9036,#9037,#9038,#9039,#9040,#9041,#9042,
#9043,#9044,#9045,#9046,#9047,#9048,#9049,#9050,#9051,#9052,#9053,#9054,
#9055,#9056,#9057));
#1040=EDGE_LOOP('',(#9058,#9059,#9060,#9061));
#1041=EDGE_LOOP('',(#9062,#9063,#9064,#9065));
#1042=EDGE_LOOP('',(#9066,#9067,#9068,#9069));
#1043=EDGE_LOOP('',(#9070,#9071,#9072,#9073,#9074,#9075,#9076,#9077,#9078,
#9079,#9080,#9081,#9082,#9083,#9084,#9085,#9086,#9087,#9088,#9089,#9090,
#9091,#9092,#9093,#9094,#9095,#9096,#9097,#9098,#9099,#9100,#9101,#9102,
#9103,#9104,#9105,#9106,#9107,#9108,#9109));
#1044=EDGE_LOOP('',(#9110,#9111,#9112,#9113,#9114,#9115,#9116,#9117,#9118,
#9119,#9120,#9121,#9122,#9123,#9124,#9125,#9126,#9127,#9128,#9129,#9130,
#9131,#9132,#9133,#9134,#9135,#9136,#9137,#9138,#9139,#9140,#9141,#9142,
#9143,#9144,#9145,#9146,#9147,#9148,#9149));
#1045=EDGE_LOOP('',(#9150,#9151,#9152,#9153,#9154,#9155,#9156,#9157,#9158,
#9159,#9160,#9161,#9162,#9163,#9164,#9165,#9166,#9167,#9168,#9169,#9170,
#9171,#9172,#9173,#9174,#9175,#9176,#9177));
#1046=EDGE_LOOP('',(#9178,#9179,#9180,#9181,#9182,#9183,#9184,#9185,#9186,
#9187,#9188,#9189,#9190,#9191,#9192,#9193,#9194,#9195,#9196,#9197,#9198,
#9199,#9200,#9201,#9202,#9203,#9204,#9205));
#1047=EDGE_LOOP('',(#9206,#9207,#9208,#9209));
#1048=EDGE_LOOP('',(#9210,#9211,#9212,#9213,#9214,#9215,#9216,#9217,#9218,
#9219,#9220,#9221,#9222,#9223,#9224,#9225,#9226));
#1049=EDGE_LOOP('',(#9227,#9228,#9229,#9230));
#1050=EDGE_LOOP('',(#9231,#9232,#9233,#9234));
#1051=EDGE_LOOP('',(#9235,#9236,#9237,#9238));
#1052=EDGE_LOOP('',(#9239,#9240,#9241,#9242));
#1053=EDGE_LOOP('',(#9243,#9244,#9245,#9246));
#1054=EDGE_LOOP('',(#9247,#9248,#9249,#9250));
#1055=EDGE_LOOP('',(#9251,#9252,#9253,#9254));
#1056=EDGE_LOOP('',(#9255,#9256,#9257,#9258,#9259,#9260,#9261,#9262,#9263,
#9264,#9265,#9266,#9267,#9268,#9269,#9270,#9271,#9272,#9273,#9274,#9275,
#9276,#9277,#9278,#9279,#9280,#9281,#9282,#9283,#9284,#9285,#9286,#9287,
#9288,#9289,#9290,#9291,#9292,#9293,#9294,#9295,#9296,#9297,#9298,#9299,
#9300,#9301,#9302,#9303,#9304,#9305,#9306,#9307,#9308,#9309,#9310,#9311,
#9312,#9313,#9314,#9315,#9316,#9317,#9318,#9319,#9320,#9321,#9322,#9323,
#9324,#9325,#9326,#9327,#9328,#9329,#9330,#9331,#9332,#9333,#9334,#9335,
#9336,#9337,#9338,#9339,#9340,#9341,#9342,#9343,#9344,#9345,#9346,#9347,
#9348,#9349,#9350,#9351,#9352,#9353,#9354,#9355,#9356,#9357,#9358,#9359,
#9360,#9361,#9362,#9363,#9364,#9365,#9366,#9367,#9368,#9369,#9370,#9371,
#9372,#9373,#9374,#9375,#9376,#9377,#9378,#9379,#9380,#9381,#9382,#9383,
#9384,#9385,#9386,#9387,#9388,#9389,#9390,#9391,#9392,#9393,#9394,#9395,
#9396,#9397,#9398,#9399,#9400,#9401,#9402,#9403,#9404,#9405,#9406,#9407,
#9408,#9409,#9410,#9411,#9412,#9413,#9414,#9415,#9416,#9417,#9418,#9419,
#9420,#9421,#9422,#9423,#9424,#9425,#9426,#9427,#9428,#9429,#9430,#9431,
#9432,#9433,#9434));
#1057=EDGE_LOOP('',(#9435,#9436,#9437,#9438,#9439,#9440));
#1058=EDGE_LOOP('',(#9441,#9442,#9443,#9444,#9445,#9446));
#1059=EDGE_LOOP('',(#9447,#9448,#9449,#9450,#9451,#9452));
#1060=EDGE_LOOP('',(#9453,#9454,#9455,#9456,#9457,#9458));
#1061=EDGE_LOOP('',(#9459,#9460,#9461,#9462,#9463,#9464));
#1062=EDGE_LOOP('',(#9465,#9466,#9467,#9468,#9469,#9470));
#1063=EDGE_LOOP('',(#9471,#9472,#9473,#9474,#9475,#9476));
#1064=EDGE_LOOP('',(#9477,#9478,#9479,#9480,#9481,#9482));
#1065=EDGE_LOOP('',(#9483,#9484,#9485,#9486,#9487,#9488));
#1066=EDGE_LOOP('',(#9489,#9490,#9491,#9492,#9493,#9494));
#1067=EDGE_LOOP('',(#9495,#9496,#9497,#9498,#9499,#9500));
#1068=EDGE_LOOP('',(#9501,#9502,#9503,#9504,#9505,#9506));
#1069=EDGE_LOOP('',(#9507,#9508,#9509,#9510,#9511,#9512));
#1070=EDGE_LOOP('',(#9513,#9514,#9515,#9516,#9517,#9518));
#1071=EDGE_LOOP('',(#9519,#9520,#9521,#9522,#9523,#9524));
#1072=EDGE_LOOP('',(#9525,#9526,#9527,#9528,#9529,#9530));
#1073=EDGE_LOOP('',(#9531,#9532,#9533,#9534,#9535,#9536));
#1074=EDGE_LOOP('',(#9537,#9538,#9539,#9540,#9541,#9542));
#1075=EDGE_LOOP('',(#9543,#9544,#9545,#9546,#9547,#9548));
#1076=EDGE_LOOP('',(#9549,#9550,#9551,#9552,#9553,#9554));
#1077=EDGE_LOOP('',(#9555,#9556,#9557,#9558,#9559,#9560));
#1078=EDGE_LOOP('',(#9561,#9562,#9563,#9564,#9565,#9566));
#1079=EDGE_LOOP('',(#9567,#9568,#9569,#9570,#9571,#9572));
#1080=EDGE_LOOP('',(#9573,#9574,#9575,#9576,#9577,#9578));
#1081=EDGE_LOOP('',(#9579,#9580,#9581,#9582,#9583,#9584));
#1082=EDGE_LOOP('',(#9585,#9586,#9587,#9588,#9589,#9590));
#1083=EDGE_LOOP('',(#9591,#9592,#9593,#9594,#9595,#9596));
#1084=EDGE_LOOP('',(#9597,#9598,#9599,#9600,#9601,#9602));
#1085=EDGE_LOOP('',(#9603,#9604,#9605,#9606,#9607,#9608));
#1086=EDGE_LOOP('',(#9609,#9610,#9611,#9612,#9613,#9614));
#1087=EDGE_LOOP('',(#9615,#9616,#9617,#9618,#9619,#9620));
#1088=EDGE_LOOP('',(#9621,#9622,#9623,#9624,#9625,#9626));
#1089=EDGE_LOOP('',(#9627,#9628,#9629,#9630,#9631,#9632));
#1090=EDGE_LOOP('',(#9633,#9634,#9635,#9636,#9637,#9638));
#1091=EDGE_LOOP('',(#9639,#9640,#9641,#9642,#9643,#9644));
#1092=EDGE_LOOP('',(#9645,#9646,#9647,#9648,#9649,#9650));
#1093=EDGE_LOOP('',(#9651,#9652,#9653,#9654,#9655,#9656));
#1094=EDGE_LOOP('',(#9657,#9658,#9659,#9660));
#1095=EDGE_LOOP('',(#9661,#9662,#9663,#9664));
#1096=EDGE_LOOP('',(#9665,#9666,#9667,#9668));
#1097=EDGE_LOOP('',(#9669,#9670,#9671,#9672));
#1098=EDGE_LOOP('',(#9673,#9674,#9675,#9676));
#1099=EDGE_LOOP('',(#9677,#9678,#9679,#9680));
#1100=EDGE_LOOP('',(#9681,#9682,#9683,#9684));
#1101=EDGE_LOOP('',(#9685,#9686,#9687,#9688));
#1102=EDGE_LOOP('',(#9689,#9690,#9691,#9692));
#1103=EDGE_LOOP('',(#9693,#9694,#9695,#9696));
#1104=EDGE_LOOP('',(#9697,#9698,#9699,#9700));
#1105=EDGE_LOOP('',(#9701,#9702,#9703,#9704));
#1106=EDGE_LOOP('',(#9705,#9706,#9707,#9708));
#1107=EDGE_LOOP('',(#9709,#9710,#9711,#9712));
#1108=EDGE_LOOP('',(#9713,#9714,#9715,#9716));
#1109=EDGE_LOOP('',(#9717,#9718,#9719,#9720));
#1110=EDGE_LOOP('',(#9721,#9722,#9723,#9724));
#1111=EDGE_LOOP('',(#9725,#9726,#9727,#9728));
#1112=EDGE_LOOP('',(#9729,#9730,#9731,#9732));
#1113=EDGE_LOOP('',(#9733,#9734,#9735,#9736));
#1114=EDGE_LOOP('',(#9737,#9738,#9739,#9740));
#1115=EDGE_LOOP('',(#9741,#9742,#9743,#9744));
#1116=EDGE_LOOP('',(#9745,#9746,#9747,#9748));
#1117=EDGE_LOOP('',(#9749,#9750,#9751,#9752));
#1118=EDGE_LOOP('',(#9753,#9754,#9755,#9756));
#1119=EDGE_LOOP('',(#9757,#9758,#9759,#9760));
#1120=EDGE_LOOP('',(#9761,#9762,#9763,#9764));
#1121=EDGE_LOOP('',(#9765,#9766,#9767,#9768));
#1122=EDGE_LOOP('',(#9769,#9770,#9771,#9772));
#1123=EDGE_LOOP('',(#9773,#9774,#9775,#9776));
#1124=EDGE_LOOP('',(#9777,#9778,#9779,#9780));
#1125=EDGE_LOOP('',(#9781,#9782,#9783,#9784));
#1126=EDGE_LOOP('',(#9785,#9786,#9787,#9788));
#1127=EDGE_LOOP('',(#9789,#9790,#9791,#9792));
#1128=EDGE_LOOP('',(#9793,#9794,#9795,#9796));
#1129=EDGE_LOOP('',(#9797,#9798,#9799,#9800));
#1130=EDGE_LOOP('',(#9801,#9802,#9803,#9804));
#1131=EDGE_LOOP('',(#9805,#9806,#9807,#9808));
#1132=EDGE_LOOP('',(#9809,#9810,#9811,#9812));
#1133=EDGE_LOOP('',(#9813,#9814,#9815,#9816));
#1134=EDGE_LOOP('',(#9817,#9818,#9819,#9820));
#1135=EDGE_LOOP('',(#9821,#9822,#9823,#9824));
#1136=EDGE_LOOP('',(#9825,#9826,#9827,#9828));
#1137=EDGE_LOOP('',(#9829,#9830,#9831,#9832));
#1138=EDGE_LOOP('',(#9833,#9834,#9835,#9836));
#1139=EDGE_LOOP('',(#9837,#9838,#9839,#9840));
#1140=EDGE_LOOP('',(#9841,#9842,#9843,#9844));
#1141=EDGE_LOOP('',(#9845,#9846,#9847,#9848));
#1142=EDGE_LOOP('',(#9849,#9850,#9851,#9852));
#1143=EDGE_LOOP('',(#9853,#9854,#9855,#9856));
#1144=EDGE_LOOP('',(#9857,#9858,#9859,#9860));
#1145=EDGE_LOOP('',(#9861,#9862,#9863,#9864));
#1146=EDGE_LOOP('',(#9865,#9866,#9867,#9868));
#1147=EDGE_LOOP('',(#9869,#9870,#9871,#9872));
#1148=EDGE_LOOP('',(#9873,#9874,#9875,#9876));
#1149=EDGE_LOOP('',(#9877,#9878,#9879,#9880));
#1150=EDGE_LOOP('',(#9881,#9882,#9883,#9884));
#1151=EDGE_LOOP('',(#9885,#9886,#9887,#9888));
#1152=EDGE_LOOP('',(#9889,#9890,#9891,#9892));
#1153=EDGE_LOOP('',(#9893,#9894,#9895,#9896));
#1154=EDGE_LOOP('',(#9897,#9898,#9899,#9900));
#1155=EDGE_LOOP('',(#9901,#9902,#9903,#9904));
#1156=EDGE_LOOP('',(#9905,#9906,#9907,#9908));
#1157=EDGE_LOOP('',(#9909,#9910,#9911,#9912));
#1158=EDGE_LOOP('',(#9913,#9914,#9915,#9916));
#1159=EDGE_LOOP('',(#9917,#9918,#9919,#9920));
#1160=EDGE_LOOP('',(#9921,#9922,#9923,#9924));
#1161=EDGE_LOOP('',(#9925,#9926,#9927,#9928));
#1162=EDGE_LOOP('',(#9929,#9930,#9931,#9932));
#1163=EDGE_LOOP('',(#9933,#9934,#9935,#9936));
#1164=EDGE_LOOP('',(#9937,#9938,#9939,#9940));
#1165=EDGE_LOOP('',(#9941,#9942,#9943,#9944));
#1166=EDGE_LOOP('',(#9945,#9946,#9947,#9948));
#1167=EDGE_LOOP('',(#9949,#9950,#9951,#9952));
#1168=EDGE_LOOP('',(#9953,#9954,#9955,#9956));
#1169=EDGE_LOOP('',(#9957,#9958,#9959,#9960));
#1170=EDGE_LOOP('',(#9961,#9962,#9963,#9964));
#1171=EDGE_LOOP('',(#9965,#9966,#9967,#9968));
#1172=EDGE_LOOP('',(#9969,#9970,#9971,#9972));
#1173=EDGE_LOOP('',(#9973,#9974,#9975,#9976));
#1174=EDGE_LOOP('',(#9977,#9978,#9979,#9980));
#1175=EDGE_LOOP('',(#9981,#9982,#9983,#9984));
#1176=EDGE_LOOP('',(#9985,#9986,#9987,#9988));
#1177=EDGE_LOOP('',(#9989,#9990,#9991,#9992));
#1178=EDGE_LOOP('',(#9993,#9994,#9995,#9996));
#1179=EDGE_LOOP('',(#9997,#9998,#9999,#10000));
#1180=EDGE_LOOP('',(#10001,#10002,#10003,#10004));
#1181=EDGE_LOOP('',(#10005,#10006,#10007,#10008));
#1182=EDGE_LOOP('',(#10009,#10010,#10011,#10012));
#1183=EDGE_LOOP('',(#10013,#10014,#10015,#10016));
#1184=EDGE_LOOP('',(#10017,#10018,#10019,#10020));
#1185=EDGE_LOOP('',(#10021,#10022,#10023,#10024));
#1186=EDGE_LOOP('',(#10025,#10026,#10027,#10028));
#1187=EDGE_LOOP('',(#10029,#10030,#10031,#10032));
#1188=EDGE_LOOP('',(#10033,#10034,#10035,#10036));
#1189=EDGE_LOOP('',(#10037,#10038,#10039,#10040));
#1190=EDGE_LOOP('',(#10041,#10042,#10043,#10044));
#1191=EDGE_LOOP('',(#10045,#10046,#10047,#10048));
#1192=EDGE_LOOP('',(#10049,#10050,#10051,#10052));
#1193=EDGE_LOOP('',(#10053,#10054,#10055,#10056));
#1194=EDGE_LOOP('',(#10057,#10058,#10059,#10060));
#1195=EDGE_LOOP('',(#10061,#10062,#10063,#10064));
#1196=EDGE_LOOP('',(#10065,#10066,#10067,#10068));
#1197=EDGE_LOOP('',(#10069,#10070,#10071,#10072));
#1198=EDGE_LOOP('',(#10073,#10074,#10075,#10076));
#1199=EDGE_LOOP('',(#10077,#10078,#10079,#10080));
#1200=EDGE_LOOP('',(#10081,#10082,#10083,#10084));
#1201=EDGE_LOOP('',(#10085,#10086,#10087,#10088));
#1202=EDGE_LOOP('',(#10089,#10090,#10091,#10092));
#1203=EDGE_LOOP('',(#10093,#10094,#10095,#10096));
#1204=EDGE_LOOP('',(#10097,#10098,#10099,#10100));
#1205=EDGE_LOOP('',(#10101,#10102,#10103,#10104));
#1206=EDGE_LOOP('',(#10105,#10106,#10107,#10108));
#1207=EDGE_LOOP('',(#10109,#10110,#10111,#10112));
#1208=EDGE_LOOP('',(#10113,#10114,#10115,#10116));
#1209=EDGE_LOOP('',(#10117,#10118,#10119,#10120));
#1210=EDGE_LOOP('',(#10121,#10122,#10123,#10124));
#1211=EDGE_LOOP('',(#10125,#10126,#10127,#10128));
#1212=EDGE_LOOP('',(#10129,#10130,#10131,#10132));
#1213=EDGE_LOOP('',(#10133,#10134,#10135,#10136));
#1214=EDGE_LOOP('',(#10137,#10138,#10139,#10140));
#1215=EDGE_LOOP('',(#10141,#10142,#10143,#10144));
#1216=EDGE_LOOP('',(#10145,#10146,#10147,#10148));
#1217=EDGE_LOOP('',(#10149,#10150,#10151,#10152));
#1218=EDGE_LOOP('',(#10153,#10154,#10155,#10156));
#1219=EDGE_LOOP('',(#10157,#10158,#10159,#10160));
#1220=EDGE_LOOP('',(#10161,#10162,#10163,#10164));
#1221=EDGE_LOOP('',(#10165,#10166,#10167,#10168));
#1222=EDGE_LOOP('',(#10169,#10170,#10171,#10172));
#1223=EDGE_LOOP('',(#10173,#10174,#10175,#10176));
#1224=EDGE_LOOP('',(#10177,#10178,#10179,#10180));
#1225=EDGE_LOOP('',(#10181,#10182,#10183,#10184));
#1226=EDGE_LOOP('',(#10185,#10186,#10187,#10188));
#1227=EDGE_LOOP('',(#10189,#10190,#10191,#10192));
#1228=EDGE_LOOP('',(#10193,#10194,#10195,#10196));
#1229=EDGE_LOOP('',(#10197,#10198,#10199,#10200));
#1230=EDGE_LOOP('',(#10201,#10202,#10203,#10204));
#1231=EDGE_LOOP('',(#10205,#10206,#10207,#10208));
#1232=EDGE_LOOP('',(#10209,#10210,#10211,#10212));
#1233=EDGE_LOOP('',(#10213,#10214,#10215,#10216));
#1234=EDGE_LOOP('',(#10217,#10218,#10219,#10220));
#1235=EDGE_LOOP('',(#10221,#10222,#10223,#10224));
#1236=EDGE_LOOP('',(#10225,#10226,#10227,#10228));
#1237=EDGE_LOOP('',(#10229,#10230,#10231,#10232));
#1238=EDGE_LOOP('',(#10233,#10234,#10235,#10236));
#1239=EDGE_LOOP('',(#10237,#10238,#10239,#10240));
#1240=EDGE_LOOP('',(#10241,#10242,#10243,#10244));
#1241=EDGE_LOOP('',(#10245,#10246,#10247,#10248));
#1242=EDGE_LOOP('',(#10249,#10250,#10251,#10252));
#1243=EDGE_LOOP('',(#10253,#10254,#10255,#10256));
#1244=EDGE_LOOP('',(#10257,#10258,#10259,#10260));
#1245=EDGE_LOOP('',(#10261,#10262,#10263,#10264));
#1246=EDGE_LOOP('',(#10265,#10266,#10267,#10268));
#1247=EDGE_LOOP('',(#10269,#10270,#10271,#10272));
#1248=EDGE_LOOP('',(#10273,#10274,#10275,#10276));
#1249=EDGE_LOOP('',(#10277,#10278,#10279,#10280));
#1250=EDGE_LOOP('',(#10281,#10282,#10283,#10284));
#1251=EDGE_LOOP('',(#10285,#10286,#10287,#10288));
#1252=EDGE_LOOP('',(#10289,#10290,#10291,#10292));
#1253=EDGE_LOOP('',(#10293,#10294,#10295,#10296));
#1254=EDGE_LOOP('',(#10297,#10298,#10299,#10300));
#1255=EDGE_LOOP('',(#10301,#10302,#10303,#10304));
#1256=EDGE_LOOP('',(#10305,#10306,#10307,#10308));
#1257=EDGE_LOOP('',(#10309,#10310,#10311,#10312));
#1258=EDGE_LOOP('',(#10313,#10314,#10315,#10316));
#1259=EDGE_LOOP('',(#10317,#10318,#10319,#10320));
#1260=EDGE_LOOP('',(#10321,#10322,#10323,#10324));
#1261=EDGE_LOOP('',(#10325,#10326,#10327,#10328));
#1262=EDGE_LOOP('',(#10329,#10330,#10331,#10332));
#1263=EDGE_LOOP('',(#10333,#10334,#10335,#10336));
#1264=EDGE_LOOP('',(#10337,#10338,#10339,#10340));
#1265=EDGE_LOOP('',(#10341,#10342,#10343,#10344));
#1266=EDGE_LOOP('',(#10345,#10346,#10347,#10348));
#1267=EDGE_LOOP('',(#10349,#10350,#10351,#10352));
#1268=EDGE_LOOP('',(#10353,#10354,#10355,#10356));
#1269=EDGE_LOOP('',(#10357,#10358,#10359,#10360));
#1270=EDGE_LOOP('',(#10361,#10362,#10363,#10364));
#1271=EDGE_LOOP('',(#10365,#10366,#10367,#10368));
#1272=EDGE_LOOP('',(#10369,#10370,#10371,#10372));
#1273=EDGE_LOOP('',(#10373,#10374,#10375,#10376));
#1274=EDGE_LOOP('',(#10377,#10378,#10379,#10380));
#1275=EDGE_LOOP('',(#10381,#10382,#10383,#10384));
#1276=EDGE_LOOP('',(#10385,#10386,#10387,#10388));
#1277=EDGE_LOOP('',(#10389,#10390,#10391,#10392));
#1278=EDGE_LOOP('',(#10393,#10394,#10395,#10396));
#1279=EDGE_LOOP('',(#10397,#10398,#10399,#10400));
#1280=EDGE_LOOP('',(#10401,#10402,#10403,#10404));
#1281=EDGE_LOOP('',(#10405,#10406,#10407,#10408));
#1282=EDGE_LOOP('',(#10409,#10410,#10411,#10412));
#1283=EDGE_LOOP('',(#10413,#10414,#10415,#10416));
#1284=EDGE_LOOP('',(#10417,#10418,#10419,#10420));
#1285=EDGE_LOOP('',(#10421,#10422,#10423,#10424));
#1286=EDGE_LOOP('',(#10425,#10426,#10427,#10428));
#1287=EDGE_LOOP('',(#10429,#10430,#10431,#10432));
#1288=EDGE_LOOP('',(#10433,#10434,#10435,#10436));
#1289=EDGE_LOOP('',(#10437,#10438,#10439,#10440));
#1290=EDGE_LOOP('',(#10441,#10442,#10443,#10444));
#1291=EDGE_LOOP('',(#10445,#10446,#10447,#10448));
#1292=EDGE_LOOP('',(#10449,#10450,#10451,#10452));
#1293=EDGE_LOOP('',(#10453,#10454,#10455,#10456));
#1294=EDGE_LOOP('',(#10457,#10458,#10459,#10460));
#1295=EDGE_LOOP('',(#10461,#10462,#10463,#10464));
#1296=EDGE_LOOP('',(#10465,#10466,#10467,#10468));
#1297=EDGE_LOOP('',(#10469,#10470,#10471,#10472));
#1298=EDGE_LOOP('',(#10473,#10474,#10475,#10476));
#1299=EDGE_LOOP('',(#10477,#10478,#10479,#10480));
#1300=EDGE_LOOP('',(#10481,#10482,#10483,#10484));
#1301=EDGE_LOOP('',(#10485,#10486,#10487,#10488));
#1302=EDGE_LOOP('',(#10489,#10490,#10491,#10492));
#1303=EDGE_LOOP('',(#10493,#10494,#10495,#10496));
#1304=EDGE_LOOP('',(#10497,#10498,#10499,#10500));
#1305=EDGE_LOOP('',(#10501,#10502,#10503,#10504));
#1306=EDGE_LOOP('',(#10505,#10506,#10507,#10508));
#1307=EDGE_LOOP('',(#10509,#10510,#10511,#10512));
#1308=EDGE_LOOP('',(#10513,#10514,#10515,#10516));
#1309=EDGE_LOOP('',(#10517,#10518,#10519,#10520));
#1310=EDGE_LOOP('',(#10521,#10522,#10523,#10524));
#1311=EDGE_LOOP('',(#10525,#10526,#10527,#10528));
#1312=EDGE_LOOP('',(#10529,#10530,#10531,#10532));
#1313=EDGE_LOOP('',(#10533,#10534,#10535,#10536));
#1314=EDGE_LOOP('',(#10537,#10538,#10539,#10540));
#1315=EDGE_LOOP('',(#10541,#10542,#10543,#10544));
#1316=EDGE_LOOP('',(#10545,#10546,#10547,#10548));
#1317=EDGE_LOOP('',(#10549,#10550,#10551,#10552));
#1318=EDGE_LOOP('',(#10553,#10554,#10555,#10556));
#1319=EDGE_LOOP('',(#10557,#10558,#10559,#10560));
#1320=EDGE_LOOP('',(#10561,#10562,#10563,#10564));
#1321=EDGE_LOOP('',(#10565,#10566,#10567,#10568));
#1322=EDGE_LOOP('',(#10569,#10570,#10571,#10572));
#1323=EDGE_LOOP('',(#10573,#10574,#10575,#10576));
#1324=EDGE_LOOP('',(#10577,#10578,#10579,#10580));
#1325=EDGE_LOOP('',(#10581,#10582,#10583,#10584));
#1326=EDGE_LOOP('',(#10585,#10586,#10587,#10588));
#1327=EDGE_LOOP('',(#10589,#10590,#10591,#10592));
#1328=EDGE_LOOP('',(#10593,#10594,#10595,#10596));
#1329=EDGE_LOOP('',(#10597,#10598,#10599,#10600));
#1330=EDGE_LOOP('',(#10601,#10602,#10603,#10604));
#1331=EDGE_LOOP('',(#10605,#10606,#10607,#10608));
#1332=EDGE_LOOP('',(#10609,#10610,#10611,#10612));
#1333=EDGE_LOOP('',(#10613,#10614,#10615,#10616));
#1334=EDGE_LOOP('',(#10617,#10618,#10619,#10620));
#1335=EDGE_LOOP('',(#10621,#10622,#10623,#10624));
#1336=EDGE_LOOP('',(#10625,#10626,#10627,#10628));
#1337=EDGE_LOOP('',(#10629,#10630,#10631,#10632));
#1338=EDGE_LOOP('',(#10633,#10634,#10635,#10636));
#1339=EDGE_LOOP('',(#10637,#10638,#10639,#10640));
#1340=EDGE_LOOP('',(#10641,#10642,#10643,#10644));
#1341=EDGE_LOOP('',(#10645,#10646,#10647,#10648));
#1342=EDGE_LOOP('',(#10649,#10650,#10651,#10652));
#1343=EDGE_LOOP('',(#10653,#10654,#10655,#10656));
#1344=EDGE_LOOP('',(#10657,#10658,#10659,#10660));
#1345=EDGE_LOOP('',(#10661,#10662,#10663,#10664));
#1346=EDGE_LOOP('',(#10665,#10666,#10667,#10668));
#1347=EDGE_LOOP('',(#10669,#10670,#10671,#10672));
#1348=EDGE_LOOP('',(#10673,#10674,#10675,#10676));
#1349=EDGE_LOOP('',(#10677,#10678,#10679,#10680));
#1350=EDGE_LOOP('',(#10681,#10682,#10683,#10684));
#1351=EDGE_LOOP('',(#10685,#10686,#10687,#10688));
#1352=EDGE_LOOP('',(#10689,#10690,#10691,#10692));
#1353=EDGE_LOOP('',(#10693,#10694,#10695,#10696));
#1354=EDGE_LOOP('',(#10697,#10698,#10699,#10700));
#1355=EDGE_LOOP('',(#10701,#10702,#10703,#10704));
#1356=EDGE_LOOP('',(#10705,#10706,#10707,#10708));
#1357=EDGE_LOOP('',(#10709,#10710,#10711,#10712));
#1358=EDGE_LOOP('',(#10713,#10714,#10715,#10716));
#1359=EDGE_LOOP('',(#10717,#10718,#10719,#10720));
#1360=EDGE_LOOP('',(#10721,#10722,#10723,#10724));
#1361=EDGE_LOOP('',(#10725,#10726,#10727,#10728));
#1362=EDGE_LOOP('',(#10729,#10730,#10731,#10732));
#1363=EDGE_LOOP('',(#10733,#10734,#10735,#10736));
#1364=EDGE_LOOP('',(#10737,#10738,#10739,#10740));
#1365=EDGE_LOOP('',(#10741,#10742,#10743,#10744));
#1366=EDGE_LOOP('',(#10745,#10746,#10747,#10748));
#1367=EDGE_LOOP('',(#10749,#10750,#10751,#10752));
#1368=EDGE_LOOP('',(#10753,#10754,#10755,#10756));
#1369=EDGE_LOOP('',(#10757,#10758,#10759,#10760));
#1370=EDGE_LOOP('',(#10761,#10762,#10763,#10764));
#1371=EDGE_LOOP('',(#10765,#10766,#10767,#10768));
#1372=EDGE_LOOP('',(#10769,#10770,#10771,#10772));
#1373=EDGE_LOOP('',(#10773,#10774,#10775,#10776));
#1374=EDGE_LOOP('',(#10777,#10778,#10779,#10780));
#1375=EDGE_LOOP('',(#10781,#10782,#10783,#10784));
#1376=EDGE_LOOP('',(#10785,#10786,#10787,#10788));
#1377=EDGE_LOOP('',(#10789,#10790,#10791,#10792));
#1378=EDGE_LOOP('',(#10793,#10794,#10795,#10796));
#1379=EDGE_LOOP('',(#10797,#10798,#10799,#10800));
#1380=EDGE_LOOP('',(#10801,#10802,#10803,#10804));
#1381=EDGE_LOOP('',(#10805,#10806,#10807,#10808));
#1382=EDGE_LOOP('',(#10809,#10810,#10811,#10812));
#1383=EDGE_LOOP('',(#10813,#10814,#10815,#10816));
#1384=EDGE_LOOP('',(#10817,#10818,#10819,#10820));
#1385=EDGE_LOOP('',(#10821,#10822,#10823,#10824));
#1386=EDGE_LOOP('',(#10825,#10826,#10827,#10828));
#1387=EDGE_LOOP('',(#10829,#10830,#10831,#10832));
#1388=EDGE_LOOP('',(#10833,#10834,#10835,#10836));
#1389=EDGE_LOOP('',(#10837,#10838,#10839,#10840));
#1390=EDGE_LOOP('',(#10841,#10842,#10843,#10844));
#1391=EDGE_LOOP('',(#10845,#10846,#10847,#10848));
#1392=EDGE_LOOP('',(#10849,#10850,#10851,#10852));
#1393=EDGE_LOOP('',(#10853,#10854,#10855,#10856));
#1394=EDGE_LOOP('',(#10857,#10858,#10859,#10860));
#1395=EDGE_LOOP('',(#10861,#10862,#10863,#10864));
#1396=EDGE_LOOP('',(#10865,#10866,#10867,#10868));
#1397=EDGE_LOOP('',(#10869,#10870,#10871,#10872));
#1398=EDGE_LOOP('',(#10873,#10874,#10875,#10876));
#1399=EDGE_LOOP('',(#10877,#10878,#10879,#10880));
#1400=EDGE_LOOP('',(#10881,#10882,#10883,#10884));
#1401=EDGE_LOOP('',(#10885,#10886,#10887,#10888));
#1402=EDGE_LOOP('',(#10889,#10890,#10891,#10892));
#1403=EDGE_LOOP('',(#10893,#10894,#10895,#10896));
#1404=EDGE_LOOP('',(#10897,#10898,#10899,#10900));
#1405=EDGE_LOOP('',(#10901,#10902,#10903,#10904));
#1406=EDGE_LOOP('',(#10905,#10906,#10907,#10908));
#1407=EDGE_LOOP('',(#10909,#10910,#10911,#10912));
#1408=EDGE_LOOP('',(#10913,#10914,#10915,#10916));
#1409=EDGE_LOOP('',(#10917,#10918,#10919,#10920));
#1410=EDGE_LOOP('',(#10921,#10922,#10923,#10924));
#1411=EDGE_LOOP('',(#10925,#10926,#10927,#10928));
#1412=EDGE_LOOP('',(#10929,#10930,#10931,#10932));
#1413=EDGE_LOOP('',(#10933,#10934,#10935,#10936));
#1414=EDGE_LOOP('',(#10937,#10938,#10939,#10940));
#1415=EDGE_LOOP('',(#10941,#10942,#10943,#10944));
#1416=EDGE_LOOP('',(#10945,#10946,#10947,#10948));
#1417=EDGE_LOOP('',(#10949,#10950,#10951,#10952));
#1418=EDGE_LOOP('',(#10953,#10954,#10955,#10956));
#1419=EDGE_LOOP('',(#10957,#10958,#10959,#10960));
#1420=EDGE_LOOP('',(#10961,#10962,#10963,#10964));
#1421=EDGE_LOOP('',(#10965,#10966,#10967,#10968));
#1422=EDGE_LOOP('',(#10969,#10970,#10971,#10972));
#1423=EDGE_LOOP('',(#10973,#10974,#10975,#10976));
#1424=EDGE_LOOP('',(#10977,#10978,#10979,#10980));
#1425=EDGE_LOOP('',(#10981,#10982,#10983,#10984));
#1426=EDGE_LOOP('',(#10985,#10986,#10987,#10988));
#1427=EDGE_LOOP('',(#10989,#10990,#10991,#10992));
#1428=EDGE_LOOP('',(#10993,#10994,#10995,#10996));
#1429=EDGE_LOOP('',(#10997,#10998,#10999,#11000));
#1430=EDGE_LOOP('',(#11001,#11002,#11003,#11004));
#1431=EDGE_LOOP('',(#11005,#11006,#11007,#11008));
#1432=EDGE_LOOP('',(#11009,#11010,#11011,#11012));
#1433=EDGE_LOOP('',(#11013,#11014,#11015,#11016));
#1434=EDGE_LOOP('',(#11017,#11018,#11019,#11020));
#1435=EDGE_LOOP('',(#11021,#11022,#11023,#11024));
#1436=EDGE_LOOP('',(#11025,#11026,#11027,#11028));
#1437=EDGE_LOOP('',(#11029,#11030,#11031,#11032));
#1438=EDGE_LOOP('',(#11033,#11034,#11035,#11036));
#1439=EDGE_LOOP('',(#11037,#11038,#11039,#11040));
#1440=EDGE_LOOP('',(#11041,#11042,#11043,#11044));
#1441=EDGE_LOOP('',(#11045,#11046,#11047,#11048));
#1442=EDGE_LOOP('',(#11049,#11050,#11051,#11052));
#1443=EDGE_LOOP('',(#11053,#11054,#11055,#11056));
#1444=EDGE_LOOP('',(#11057,#11058,#11059,#11060));
#1445=EDGE_LOOP('',(#11061,#11062,#11063,#11064));
#1446=EDGE_LOOP('',(#11065,#11066,#11067,#11068));
#1447=EDGE_LOOP('',(#11069,#11070,#11071,#11072));
#1448=EDGE_LOOP('',(#11073,#11074,#11075,#11076));
#1449=EDGE_LOOP('',(#11077,#11078,#11079,#11080));
#1450=EDGE_LOOP('',(#11081,#11082,#11083,#11084));
#1451=EDGE_LOOP('',(#11085,#11086,#11087,#11088));
#1452=EDGE_LOOP('',(#11089,#11090,#11091,#11092));
#1453=EDGE_LOOP('',(#11093,#11094,#11095,#11096));
#1454=EDGE_LOOP('',(#11097,#11098,#11099,#11100));
#1455=EDGE_LOOP('',(#11101,#11102,#11103,#11104));
#1456=EDGE_LOOP('',(#11105,#11106,#11107,#11108));
#1457=EDGE_LOOP('',(#11109,#11110,#11111,#11112));
#1458=EDGE_LOOP('',(#11113,#11114,#11115,#11116));
#1459=EDGE_LOOP('',(#11117,#11118,#11119,#11120));
#1460=EDGE_LOOP('',(#11121,#11122,#11123,#11124));
#1461=EDGE_LOOP('',(#11125,#11126,#11127,#11128));
#1462=EDGE_LOOP('',(#11129,#11130,#11131,#11132));
#1463=EDGE_LOOP('',(#11133,#11134,#11135,#11136));
#1464=EDGE_LOOP('',(#11137,#11138,#11139,#11140));
#1465=EDGE_LOOP('',(#11141,#11142,#11143,#11144));
#1466=EDGE_LOOP('',(#11145,#11146,#11147,#11148));
#1467=EDGE_LOOP('',(#11149,#11150,#11151,#11152));
#1468=EDGE_LOOP('',(#11153,#11154,#11155,#11156));
#1469=EDGE_LOOP('',(#11157,#11158,#11159,#11160));
#1470=EDGE_LOOP('',(#11161,#11162,#11163,#11164));
#1471=EDGE_LOOP('',(#11165,#11166,#11167,#11168));
#1472=EDGE_LOOP('',(#11169,#11170,#11171,#11172));
#1473=EDGE_LOOP('',(#11173,#11174,#11175,#11176));
#1474=EDGE_LOOP('',(#11177,#11178,#11179,#11180));
#1475=EDGE_LOOP('',(#11181,#11182,#11183,#11184));
#1476=EDGE_LOOP('',(#11185,#11186,#11187,#11188));
#1477=EDGE_LOOP('',(#11189,#11190,#11191,#11192));
#1478=EDGE_LOOP('',(#11193,#11194,#11195,#11196));
#1479=EDGE_LOOP('',(#11197,#11198,#11199,#11200));
#1480=EDGE_LOOP('',(#11201,#11202,#11203,#11204));
#1481=EDGE_LOOP('',(#11205,#11206,#11207,#11208));
#1482=EDGE_LOOP('',(#11209,#11210,#11211,#11212));
#1483=EDGE_LOOP('',(#11213,#11214,#11215,#11216));
#1484=EDGE_LOOP('',(#11217,#11218,#11219,#11220));
#1485=EDGE_LOOP('',(#11221,#11222,#11223,#11224));
#1486=EDGE_LOOP('',(#11225,#11226,#11227,#11228));
#1487=EDGE_LOOP('',(#11229,#11230,#11231,#11232));
#1488=LINE('',#16028,#3068);
#1489=LINE('',#16030,#3069);
#1490=LINE('',#16032,#3070);
#1491=LINE('',#16034,#3071);
#1492=LINE('',#16036,#3072);
#1493=LINE('',#16040,#3073);
#1494=LINE('',#16042,#3074);
#1495=LINE('',#16043,#3075);
#1496=LINE('',#16046,#3076);
#1497=LINE('',#16048,#3077);
#1498=LINE('',#16052,#3078);
#1499=LINE('',#16053,#3079);
#1500=LINE('',#16056,#3080);
#1501=LINE('',#16058,#3081);
#1502=LINE('',#16062,#3082);
#1503=LINE('',#16063,#3083);
#1504=LINE('',#16066,#3084);
#1505=LINE('',#16068,#3085);
#1506=LINE('',#16070,#3086);
#1507=LINE('',#16071,#3087);
#1508=LINE('',#16088,#3088);
#1509=LINE('',#16091,#3089);
#1510=LINE('',#16093,#3090);
#1511=LINE('',#16098,#3091);
#1512=LINE('',#16102,#3092);
#1513=LINE('',#16106,#3093);
#1514=LINE('',#16110,#3094);
#1515=LINE('',#16116,#3095);
#1516=LINE('',#16133,#3096);
#1517=LINE('',#16137,#3097);
#1518=LINE('',#16139,#3098);
#1519=LINE('',#16141,#3099);
#1520=LINE('',#16143,#3100);
#1521=LINE('',#16144,#3101);
#1522=LINE('',#16148,#3102);
#1523=LINE('',#16150,#3103);
#1524=LINE('',#16152,#3104);
#1525=LINE('',#16154,#3105);
#1526=LINE('',#16156,#3106);
#1527=LINE('',#16158,#3107);
#1528=LINE('',#16162,#3108);
#1529=LINE('',#16167,#3109);
#1530=LINE('',#16171,#3110);
#1531=LINE('',#16175,#3111);
#1532=LINE('',#16179,#3112);
#1533=LINE('',#16185,#3113);
#1534=LINE('',#16190,#3114);
#1535=LINE('',#16194,#3115);
#1536=LINE('',#16198,#3116);
#1537=LINE('',#16202,#3117);
#1538=LINE('',#16208,#3118);
#1539=LINE('',#16212,#3119);
#1540=LINE('',#16214,#3120);
#1541=LINE('',#16216,#3121);
#1542=LINE('',#16218,#3122);
#1543=LINE('',#16220,#3123);
#1544=LINE('',#16224,#3124);
#1545=LINE('',#16228,#3125);
#1546=LINE('',#16230,#3126);
#1547=LINE('',#16232,#3127);
#1548=LINE('',#16234,#3128);
#1549=LINE('',#16236,#3129);
#1550=LINE('',#16238,#3130);
#1551=LINE('',#16239,#3131);
#1552=LINE('',#16243,#3132);
#1553=LINE('',#16247,#3133);
#1554=LINE('',#16248,#3134);
#1555=LINE('',#16254,#3135);
#1556=LINE('',#16257,#3136);
#1557=LINE('',#16259,#3137);
#1558=LINE('',#16266,#3138);
#1559=LINE('',#16280,#3139);
#1560=LINE('',#16285,#3140);
#1561=LINE('',#16286,#3141);
#1562=LINE('',#16290,#3142);
#1563=LINE('',#16292,#3143);
#1564=LINE('',#16294,#3144);
#1565=LINE('',#16299,#3145);
#1566=LINE('',#16303,#3146);
#1567=LINE('',#16307,#3147);
#1568=LINE('',#16311,#3148);
#1569=LINE('',#16317,#3149);
#1570=LINE('',#16322,#3150);
#1571=LINE('',#16326,#3151);
#1572=LINE('',#16330,#3152);
#1573=LINE('',#16334,#3153);
#1574=LINE('',#16340,#3154);
#1575=LINE('',#16341,#3155);
#1576=LINE('',#16345,#3156);
#1577=LINE('',#16347,#3157);
#1578=LINE('',#16349,#3158);
#1579=LINE('',#16351,#3159);
#1580=LINE('',#16353,#3160);
#1581=LINE('',#16355,#3161);
#1582=LINE('',#16357,#3162);
#1583=LINE('',#16359,#3163);
#1584=LINE('',#16363,#3164);
#1585=LINE('',#16367,#3165);
#1586=LINE('',#16369,#3166);
#1587=LINE('',#16371,#3167);
#1588=LINE('',#16373,#3168);
#1589=LINE('',#16375,#3169);
#1590=LINE('',#16379,#3170);
#1591=LINE('',#16385,#3171);
#1592=LINE('',#16391,#3172);
#1593=LINE('',#16395,#3173);
#1594=LINE('',#16397,#3174);
#1595=LINE('',#16399,#3175);
#1596=LINE('',#16401,#3176);
#1597=LINE('',#16402,#3177);
#1598=LINE('',#16406,#3178);
#1599=LINE('',#16408,#3179);
#1600=LINE('',#16410,#3180);
#1601=LINE('',#16412,#3181);
#1602=LINE('',#16414,#3182);
#1603=LINE('',#16416,#3183);
#1604=LINE('',#16420,#3184);
#1605=LINE('',#16425,#3185);
#1606=LINE('',#16429,#3186);
#1607=LINE('',#16433,#3187);
#1608=LINE('',#16437,#3188);
#1609=LINE('',#16445,#3189);
#1610=LINE('',#16461,#3190);
#1611=LINE('',#16463,#3191);
#1612=LINE('',#16465,#3192);
#1613=LINE('',#16469,#3193);
#1614=LINE('',#16471,#3194);
#1615=LINE('',#16473,#3195);
#1616=LINE('',#16475,#3196);
#1617=LINE('',#16476,#3197);
#1618=LINE('',#16477,#3198);
#1619=LINE('',#16478,#3199);
#1620=LINE('',#16481,#3200);
#1621=LINE('',#16483,#3201);
#1622=LINE('',#16487,#3202);
#1623=LINE('',#16488,#3203);
#1624=LINE('',#16491,#3204);
#1625=LINE('',#16493,#3205);
#1626=LINE('',#16497,#3206);
#1627=LINE('',#16498,#3207);
#1628=LINE('',#16515,#3208);
#1629=LINE('',#16518,#3209);
#1630=LINE('',#16520,#3210);
#1631=LINE('',#16525,#3211);
#1632=LINE('',#16529,#3212);
#1633=LINE('',#16533,#3213);
#1634=LINE('',#16534,#3214);
#1635=LINE('',#16538,#3215);
#1636=LINE('',#16540,#3216);
#1637=LINE('',#16542,#3217);
#1638=LINE('',#16548,#3218);
#1639=LINE('',#16554,#3219);
#1640=LINE('',#16555,#3220);
#1641=LINE('',#16561,#3221);
#1642=LINE('',#16564,#3222);
#1643=LINE('',#16569,#3223);
#1644=LINE('',#16570,#3224);
#1645=LINE('',#16574,#3225);
#1646=LINE('',#16576,#3226);
#1647=LINE('',#16578,#3227);
#1648=LINE('',#16582,#3228);
#1649=LINE('',#16586,#3229);
#1650=LINE('',#16588,#3230);
#1651=LINE('',#16592,#3231);
#1652=LINE('',#16594,#3232);
#1653=LINE('',#16596,#3233);
#1654=LINE('',#16601,#3234);
#1655=LINE('',#16605,#3235);
#1656=LINE('',#16609,#3236);
#1657=LINE('',#16610,#3237);
#1658=LINE('',#16615,#3238);
#1659=LINE('',#16621,#3239);
#1660=LINE('',#16622,#3240);
#1661=LINE('',#16624,#3241);
#1662=LINE('',#16625,#3242);
#1663=LINE('',#16627,#3243);
#1664=LINE('',#16628,#3244);
#1665=LINE('',#16629,#3245);
#1666=LINE('',#16630,#3246);
#1667=LINE('',#16631,#3247);
#1668=LINE('',#16632,#3248);
#1669=LINE('',#16633,#3249);
#1670=LINE('',#16635,#3250);
#1671=LINE('',#16636,#3251);
#1672=LINE('',#16638,#3252);
#1673=LINE('',#16640,#3253);
#1674=LINE('',#16642,#3254);
#1675=LINE('',#16643,#3255);
#1676=LINE('',#16645,#3256);
#1677=LINE('',#16647,#3257);
#1678=LINE('',#16648,#3258);
#1679=LINE('',#16651,#3259);
#1680=LINE('',#16652,#3260);
#1681=LINE('',#16654,#3261);
#1682=LINE('',#16656,#3262);
#1683=LINE('',#16659,#3263);
#1684=LINE('',#16661,#3264);
#1685=LINE('',#16664,#3265);
#1686=LINE('',#16665,#3266);
#1687=LINE('',#16667,#3267);
#1688=LINE('',#16669,#3268);
#1689=LINE('',#16672,#3269);
#1690=LINE('',#16673,#3270);
#1691=LINE('',#16674,#3271);
#1692=LINE('',#16675,#3272);
#1693=LINE('',#16676,#3273);
#1694=LINE('',#16677,#3274);
#1695=LINE('',#16678,#3275);
#1696=LINE('',#16680,#3276);
#1697=LINE('',#16682,#3277);
#1698=LINE('',#16684,#3278);
#1699=LINE('',#16686,#3279);
#1700=LINE('',#16687,#3280);
#1701=LINE('',#16689,#3281);
#1702=LINE('',#16692,#3282);
#1703=LINE('',#16693,#3283);
#1704=LINE('',#16695,#3284);
#1705=LINE('',#16696,#3285);
#1706=LINE('',#16697,#3286);
#1707=LINE('',#16698,#3287);
#1708=LINE('',#16699,#3288);
#1709=LINE('',#16700,#3289);
#1710=LINE('',#16701,#3290);
#1711=LINE('',#16702,#3291);
#1712=LINE('',#16704,#3292);
#1713=LINE('',#16706,#3293);
#1714=LINE('',#16708,#3294);
#1715=LINE('',#16711,#3295);
#1716=LINE('',#16713,#3296);
#1717=LINE('',#16715,#3297);
#1718=LINE('',#16717,#3298);
#1719=LINE('',#16721,#3299);
#1720=LINE('',#16723,#3300);
#1721=LINE('',#16726,#3301);
#1722=LINE('',#16729,#3302);
#1723=LINE('',#16732,#3303);
#1724=LINE('',#16733,#3304);
#1725=LINE('',#16737,#3305);
#1726=LINE('',#16739,#3306);
#1727=LINE('',#16741,#3307);
#1728=LINE('',#16743,#3308);
#1729=LINE('',#16745,#3309);
#1730=LINE('',#16747,#3310);
#1731=LINE('',#16748,#3311);
#1732=LINE('',#16749,#3312);
#1733=LINE('',#16750,#3313);
#1734=LINE('',#16753,#3314);
#1735=LINE('',#16755,#3315);
#1736=LINE('',#16757,#3316);
#1737=LINE('',#16760,#3317);
#1738=LINE('',#16764,#3318);
#1739=LINE('',#16766,#3319);
#1740=LINE('',#16767,#3320);
#1741=LINE('',#16771,#3321);
#1742=LINE('',#16772,#3322);
#1743=LINE('',#16774,#3323);
#1744=LINE('',#16777,#3324);
#1745=LINE('',#16779,#3325);
#1746=LINE('',#16781,#3326);
#1747=LINE('',#16782,#3327);
#1748=LINE('',#16784,#3328);
#1749=LINE('',#16786,#3329);
#1750=LINE('',#16788,#3330);
#1751=LINE('',#16789,#3331);
#1752=LINE('',#16792,#3332);
#1753=LINE('',#16794,#3333);
#1754=LINE('',#16796,#3334);
#1755=LINE('',#16797,#3335);
#1756=LINE('',#16799,#3336);
#1757=LINE('',#16803,#3337);
#1758=LINE('',#16807,#3338);
#1759=LINE('',#16808,#3339);
#1760=LINE('',#16810,#3340);
#1761=LINE('',#16814,#3341);
#1762=LINE('',#16817,#3342);
#1763=LINE('',#16825,#3343);
#1764=LINE('',#16826,#3344);
#1765=LINE('',#16827,#3345);
#1766=LINE('',#16832,#3346);
#1767=LINE('',#16839,#3347);
#1768=LINE('',#16842,#3348);
#1769=LINE('',#16844,#3349);
#1770=LINE('',#16846,#3350);
#1771=LINE('',#16848,#3351);
#1772=LINE('',#16850,#3352);
#1773=LINE('',#16852,#3353);
#1774=LINE('',#16854,#3354);
#1775=LINE('',#16856,#3355);
#1776=LINE('',#16858,#3356);
#1777=LINE('',#16860,#3357);
#1778=LINE('',#16864,#3358);
#1779=LINE('',#16868,#3359);
#1780=LINE('',#16872,#3360);
#1781=LINE('',#16876,#3361);
#1782=LINE('',#16878,#3362);
#1783=LINE('',#16880,#3363);
#1784=LINE('',#16882,#3364);
#1785=LINE('',#16884,#3365);
#1786=LINE('',#16886,#3366);
#1787=LINE('',#16888,#3367);
#1788=LINE('',#16890,#3368);
#1789=LINE('',#16891,#3369);
#1790=LINE('',#16894,#3370);
#1791=LINE('',#16896,#3371);
#1792=LINE('',#16898,#3372);
#1793=LINE('',#16899,#3373);
#1794=LINE('',#16902,#3374);
#1795=LINE('',#16904,#3375);
#1796=LINE('',#16906,#3376);
#1797=LINE('',#16908,#3377);
#1798=LINE('',#16910,#3378);
#1799=LINE('',#16912,#3379);
#1800=LINE('',#16913,#3380);
#1801=LINE('',#16916,#3381);
#1802=LINE('',#16918,#3382);
#1803=LINE('',#16920,#3383);
#1804=LINE('',#16922,#3384);
#1805=LINE('',#16924,#3385);
#1806=LINE('',#16925,#3386);
#1807=LINE('',#16928,#3387);
#1808=LINE('',#16930,#3388);
#1809=LINE('',#16932,#3389);
#1810=LINE('',#16933,#3390);
#1811=LINE('',#16936,#3391);
#1812=LINE('',#16938,#3392);
#1813=LINE('',#16940,#3393);
#1814=LINE('',#16942,#3394);
#1815=LINE('',#16944,#3395);
#1816=LINE('',#16946,#3396);
#1817=LINE('',#16947,#3397);
#1818=LINE('',#16950,#3398);
#1819=LINE('',#16952,#3399);
#1820=LINE('',#16954,#3400);
#1821=LINE('',#16956,#3401);
#1822=LINE('',#16958,#3402);
#1823=LINE('',#16959,#3403);
#1824=LINE('',#16962,#3404);
#1825=LINE('',#16964,#3405);
#1826=LINE('',#16966,#3406);
#1827=LINE('',#16968,#3407);
#1828=LINE('',#16970,#3408);
#1829=LINE('',#16971,#3409);
#1830=LINE('',#16974,#3410);
#1831=LINE('',#16976,#3411);
#1832=LINE('',#16978,#3412);
#1833=LINE('',#16980,#3413);
#1834=LINE('',#16982,#3414);
#1835=LINE('',#16984,#3415);
#1836=LINE('',#16985,#3416);
#1837=LINE('',#16988,#3417);
#1838=LINE('',#16990,#3418);
#1839=LINE('',#16992,#3419);
#1840=LINE('',#16994,#3420);
#1841=LINE('',#16996,#3421);
#1842=LINE('',#16997,#3422);
#1843=LINE('',#17000,#3423);
#1844=LINE('',#17002,#3424);
#1845=LINE('',#17004,#3425);
#1846=LINE('',#17006,#3426);
#1847=LINE('',#17008,#3427);
#1848=LINE('',#17009,#3428);
#1849=LINE('',#17012,#3429);
#1850=LINE('',#17014,#3430);
#1851=LINE('',#17016,#3431);
#1852=LINE('',#17018,#3432);
#1853=LINE('',#17020,#3433);
#1854=LINE('',#17021,#3434);
#1855=LINE('',#17024,#3435);
#1856=LINE('',#17026,#3436);
#1857=LINE('',#17028,#3437);
#1858=LINE('',#17030,#3438);
#1859=LINE('',#17032,#3439);
#1860=LINE('',#17034,#3440);
#1861=LINE('',#17035,#3441);
#1862=LINE('',#17038,#3442);
#1863=LINE('',#17040,#3443);
#1864=LINE('',#17042,#3444);
#1865=LINE('',#17044,#3445);
#1866=LINE('',#17046,#3446);
#1867=LINE('',#17047,#3447);
#1868=LINE('',#17050,#3448);
#1869=LINE('',#17052,#3449);
#1870=LINE('',#17054,#3450);
#1871=LINE('',#17056,#3451);
#1872=LINE('',#17058,#3452);
#1873=LINE('',#17059,#3453);
#1874=LINE('',#17062,#3454);
#1875=LINE('',#17064,#3455);
#1876=LINE('',#17066,#3456);
#1877=LINE('',#17068,#3457);
#1878=LINE('',#17070,#3458);
#1879=LINE('',#17072,#3459);
#1880=LINE('',#17073,#3460);
#1881=LINE('',#17076,#3461);
#1882=LINE('',#17078,#3462);
#1883=LINE('',#17080,#3463);
#1884=LINE('',#17081,#3464);
#1885=LINE('',#17084,#3465);
#1886=LINE('',#17086,#3466);
#1887=LINE('',#17088,#3467);
#1888=LINE('',#17090,#3468);
#1889=LINE('',#17092,#3469);
#1890=LINE('',#17094,#3470);
#1891=LINE('',#17095,#3471);
#1892=LINE('',#17098,#3472);
#1893=LINE('',#17100,#3473);
#1894=LINE('',#17102,#3474);
#1895=LINE('',#17104,#3475);
#1896=LINE('',#17106,#3476);
#1897=LINE('',#17107,#3477);
#1898=LINE('',#17110,#3478);
#1899=LINE('',#17112,#3479);
#1900=LINE('',#17114,#3480);
#1901=LINE('',#17116,#3481);
#1902=LINE('',#17118,#3482);
#1903=LINE('',#17119,#3483);
#1904=LINE('',#17122,#3484);
#1905=LINE('',#17124,#3485);
#1906=LINE('',#17126,#3486);
#1907=LINE('',#17128,#3487);
#1908=LINE('',#17129,#3488);
#1909=LINE('',#17132,#3489);
#1910=LINE('',#17134,#3490);
#1911=LINE('',#17136,#3491);
#1912=LINE('',#17138,#3492);
#1913=LINE('',#17140,#3493);
#1914=LINE('',#17141,#3494);
#1915=LINE('',#17144,#3495);
#1916=LINE('',#17146,#3496);
#1917=LINE('',#17148,#3497);
#1918=LINE('',#17150,#3498);
#1919=LINE('',#17152,#3499);
#1920=LINE('',#17153,#3500);
#1921=LINE('',#17156,#3501);
#1922=LINE('',#17158,#3502);
#1923=LINE('',#17160,#3503);
#1924=LINE('',#17162,#3504);
#1925=LINE('',#17164,#3505);
#1926=LINE('',#17166,#3506);
#1927=LINE('',#17167,#3507);
#1928=LINE('',#17170,#3508);
#1929=LINE('',#17172,#3509);
#1930=LINE('',#17174,#3510);
#1931=LINE('',#17176,#3511);
#1932=LINE('',#17178,#3512);
#1933=LINE('',#17179,#3513);
#1934=LINE('',#17182,#3514);
#1935=LINE('',#17184,#3515);
#1936=LINE('',#17186,#3516);
#1937=LINE('',#17188,#3517);
#1938=LINE('',#17190,#3518);
#1939=LINE('',#17192,#3519);
#1940=LINE('',#17193,#3520);
#1941=LINE('',#17196,#3521);
#1942=LINE('',#17198,#3522);
#1943=LINE('',#17200,#3523);
#1944=LINE('',#17202,#3524);
#1945=LINE('',#17204,#3525);
#1946=LINE('',#17205,#3526);
#1947=LINE('',#17208,#3527);
#1948=LINE('',#17210,#3528);
#1949=LINE('',#17212,#3529);
#1950=LINE('',#17214,#3530);
#1951=LINE('',#17216,#3531);
#1952=LINE('',#17217,#3532);
#1953=LINE('',#17220,#3533);
#1954=LINE('',#17222,#3534);
#1955=LINE('',#17224,#3535);
#1956=LINE('',#17226,#3536);
#1957=LINE('',#17228,#3537);
#1958=LINE('',#17229,#3538);
#1959=LINE('',#17232,#3539);
#1960=LINE('',#17234,#3540);
#1961=LINE('',#17236,#3541);
#1962=LINE('',#17238,#3542);
#1963=LINE('',#17240,#3543);
#1964=LINE('',#17241,#3544);
#1965=LINE('',#17244,#3545);
#1966=LINE('',#17246,#3546);
#1967=LINE('',#17248,#3547);
#1968=LINE('',#17250,#3548);
#1969=LINE('',#17252,#3549);
#1970=LINE('',#17253,#3550);
#1971=LINE('',#17256,#3551);
#1972=LINE('',#17258,#3552);
#1973=LINE('',#17260,#3553);
#1974=LINE('',#17262,#3554);
#1975=LINE('',#17264,#3555);
#1976=LINE('',#17265,#3556);
#1977=LINE('',#17268,#3557);
#1978=LINE('',#17270,#3558);
#1979=LINE('',#17272,#3559);
#1980=LINE('',#17274,#3560);
#1981=LINE('',#17276,#3561);
#1982=LINE('',#17277,#3562);
#1983=LINE('',#17280,#3563);
#1984=LINE('',#17282,#3564);
#1985=LINE('',#17284,#3565);
#1986=LINE('',#17286,#3566);
#1987=LINE('',#17288,#3567);
#1988=LINE('',#17290,#3568);
#1989=LINE('',#17291,#3569);
#1990=LINE('',#17294,#3570);
#1991=LINE('',#17296,#3571);
#1992=LINE('',#17298,#3572);
#1993=LINE('',#17300,#3573);
#1994=LINE('',#17302,#3574);
#1995=LINE('',#17303,#3575);
#1996=LINE('',#17306,#3576);
#1997=LINE('',#17308,#3577);
#1998=LINE('',#17310,#3578);
#1999=LINE('',#17312,#3579);
#2000=LINE('',#17314,#3580);
#2001=LINE('',#17316,#3581);
#2002=LINE('',#17317,#3582);
#2003=LINE('',#17320,#3583);
#2004=LINE('',#17322,#3584);
#2005=LINE('',#17324,#3585);
#2006=LINE('',#17326,#3586);
#2007=LINE('',#17328,#3587);
#2008=LINE('',#17329,#3588);
#2009=LINE('',#17332,#3589);
#2010=LINE('',#17334,#3590);
#2011=LINE('',#17336,#3591);
#2012=LINE('',#17338,#3592);
#2013=LINE('',#17340,#3593);
#2014=LINE('',#17341,#3594);
#2015=LINE('',#17344,#3595);
#2016=LINE('',#17346,#3596);
#2017=LINE('',#17348,#3597);
#2018=LINE('',#17350,#3598);
#2019=LINE('',#17352,#3599);
#2020=LINE('',#17353,#3600);
#2021=LINE('',#17356,#3601);
#2022=LINE('',#17358,#3602);
#2023=LINE('',#17360,#3603);
#2024=LINE('',#17362,#3604);
#2025=LINE('',#17364,#3605);
#2026=LINE('',#17366,#3606);
#2027=LINE('',#17367,#3607);
#2028=LINE('',#17370,#3608);
#2029=LINE('',#17372,#3609);
#2030=LINE('',#17374,#3610);
#2031=LINE('',#17376,#3611);
#2032=LINE('',#17378,#3612);
#2033=LINE('',#17379,#3613);
#2034=LINE('',#17382,#3614);
#2035=LINE('',#17384,#3615);
#2036=LINE('',#17386,#3616);
#2037=LINE('',#17388,#3617);
#2038=LINE('',#17390,#3618);
#2039=LINE('',#17391,#3619);
#2040=LINE('',#17394,#3620);
#2041=LINE('',#17396,#3621);
#2042=LINE('',#17398,#3622);
#2043=LINE('',#17400,#3623);
#2044=LINE('',#17402,#3624);
#2045=LINE('',#17404,#3625);
#2046=LINE('',#17405,#3626);
#2047=LINE('',#17408,#3627);
#2048=LINE('',#17410,#3628);
#2049=LINE('',#17412,#3629);
#2050=LINE('',#17414,#3630);
#2051=LINE('',#17416,#3631);
#2052=LINE('',#17417,#3632);
#2053=LINE('',#17420,#3633);
#2054=LINE('',#17422,#3634);
#2055=LINE('',#17424,#3635);
#2056=LINE('',#17426,#3636);
#2057=LINE('',#17428,#3637);
#2058=LINE('',#17429,#3638);
#2059=LINE('',#17432,#3639);
#2060=LINE('',#17434,#3640);
#2061=LINE('',#17436,#3641);
#2062=LINE('',#17438,#3642);
#2063=LINE('',#17440,#3643);
#2064=LINE('',#17441,#3644);
#2065=LINE('',#17444,#3645);
#2066=LINE('',#17446,#3646);
#2067=LINE('',#17448,#3647);
#2068=LINE('',#17450,#3648);
#2069=LINE('',#17452,#3649);
#2070=LINE('',#17453,#3650);
#2071=LINE('',#17456,#3651);
#2072=LINE('',#17458,#3652);
#2073=LINE('',#17460,#3653);
#2074=LINE('',#17462,#3654);
#2075=LINE('',#17464,#3655);
#2076=LINE('',#17465,#3656);
#2077=LINE('',#17468,#3657);
#2078=LINE('',#17470,#3658);
#2079=LINE('',#17472,#3659);
#2080=LINE('',#17474,#3660);
#2081=LINE('',#17476,#3661);
#2082=LINE('',#17478,#3662);
#2083=LINE('',#17479,#3663);
#2084=LINE('',#17482,#3664);
#2085=LINE('',#17484,#3665);
#2086=LINE('',#17486,#3666);
#2087=LINE('',#17488,#3667);
#2088=LINE('',#17490,#3668);
#2089=LINE('',#17491,#3669);
#2090=LINE('',#17494,#3670);
#2091=LINE('',#17496,#3671);
#2092=LINE('',#17498,#3672);
#2093=LINE('',#17500,#3673);
#2094=LINE('',#17502,#3674);
#2095=LINE('',#17503,#3675);
#2096=LINE('',#17506,#3676);
#2097=LINE('',#17508,#3677);
#2098=LINE('',#17510,#3678);
#2099=LINE('',#17512,#3679);
#2100=LINE('',#17513,#3680);
#2101=LINE('',#17516,#3681);
#2102=LINE('',#17518,#3682);
#2103=LINE('',#17520,#3683);
#2104=LINE('',#17521,#3684);
#2105=LINE('',#17524,#3685);
#2106=LINE('',#17526,#3686);
#2107=LINE('',#17528,#3687);
#2108=LINE('',#17530,#3688);
#2109=LINE('',#17532,#3689);
#2110=LINE('',#17533,#3690);
#2111=LINE('',#17536,#3691);
#2112=LINE('',#17538,#3692);
#2113=LINE('',#17540,#3693);
#2114=LINE('',#17542,#3694);
#2115=LINE('',#17544,#3695);
#2116=LINE('',#17545,#3696);
#2117=LINE('',#17548,#3697);
#2118=LINE('',#17550,#3698);
#2119=LINE('',#17552,#3699);
#2120=LINE('',#17554,#3700);
#2121=LINE('',#17556,#3701);
#2122=LINE('',#17557,#3702);
#2123=LINE('',#17560,#3703);
#2124=LINE('',#17562,#3704);
#2125=LINE('',#17564,#3705);
#2126=LINE('',#17566,#3706);
#2127=LINE('',#17568,#3707);
#2128=LINE('',#17569,#3708);
#2129=LINE('',#17572,#3709);
#2130=LINE('',#17574,#3710);
#2131=LINE('',#17576,#3711);
#2132=LINE('',#17578,#3712);
#2133=LINE('',#17580,#3713);
#2134=LINE('',#17581,#3714);
#2135=LINE('',#17584,#3715);
#2136=LINE('',#17586,#3716);
#2137=LINE('',#17588,#3717);
#2138=LINE('',#17590,#3718);
#2139=LINE('',#17592,#3719);
#2140=LINE('',#17594,#3720);
#2141=LINE('',#17595,#3721);
#2142=LINE('',#17598,#3722);
#2143=LINE('',#17600,#3723);
#2144=LINE('',#17602,#3724);
#2145=LINE('',#17604,#3725);
#2146=LINE('',#17606,#3726);
#2147=LINE('',#17607,#3727);
#2148=LINE('',#17610,#3728);
#2149=LINE('',#17612,#3729);
#2150=LINE('',#17614,#3730);
#2151=LINE('',#17616,#3731);
#2152=LINE('',#17618,#3732);
#2153=LINE('',#17620,#3733);
#2154=LINE('',#17621,#3734);
#2155=LINE('',#17624,#3735);
#2156=LINE('',#17626,#3736);
#2157=LINE('',#17628,#3737);
#2158=LINE('',#17630,#3738);
#2159=LINE('',#17632,#3739);
#2160=LINE('',#17633,#3740);
#2161=LINE('',#17636,#3741);
#2162=LINE('',#17638,#3742);
#2163=LINE('',#17640,#3743);
#2164=LINE('',#17642,#3744);
#2165=LINE('',#17644,#3745);
#2166=LINE('',#17645,#3746);
#2167=LINE('',#17648,#3747);
#2168=LINE('',#17650,#3748);
#2169=LINE('',#17652,#3749);
#2170=LINE('',#17654,#3750);
#2171=LINE('',#17656,#3751);
#2172=LINE('',#17658,#3752);
#2173=LINE('',#17659,#3753);
#2174=LINE('',#17662,#3754);
#2175=LINE('',#17664,#3755);
#2176=LINE('',#17666,#3756);
#2177=LINE('',#17668,#3757);
#2178=LINE('',#17669,#3758);
#2179=LINE('',#17672,#3759);
#2180=LINE('',#17674,#3760);
#2181=LINE('',#17676,#3761);
#2182=LINE('',#17678,#3762);
#2183=LINE('',#17680,#3763);
#2184=LINE('',#17681,#3764);
#2185=LINE('',#17684,#3765);
#2186=LINE('',#17686,#3766);
#2187=LINE('',#17688,#3767);
#2188=LINE('',#17690,#3768);
#2189=LINE('',#17692,#3769);
#2190=LINE('',#17693,#3770);
#2191=LINE('',#17696,#3771);
#2192=LINE('',#17698,#3772);
#2193=LINE('',#17700,#3773);
#2194=LINE('',#17702,#3774);
#2195=LINE('',#17703,#3775);
#2196=LINE('',#17705,#3776);
#2197=LINE('',#17706,#3777);
#2198=LINE('',#17716,#3778);
#2199=LINE('',#17717,#3779);
#2200=LINE('',#17718,#3780);
#2201=LINE('',#17720,#3781);
#2202=LINE('',#17722,#3782);
#2203=LINE('',#17727,#3783);
#2204=LINE('',#17728,#3784);
#2205=LINE('',#17729,#3785);
#2206=LINE('',#17738,#3786);
#2207=LINE('',#17741,#3787);
#2208=LINE('',#17744,#3788);
#2209=LINE('',#17750,#3789);
#2210=LINE('',#17754,#3790);
#2211=LINE('',#17758,#3791);
#2212=LINE('',#17761,#3792);
#2213=LINE('',#17763,#3793);
#2214=LINE('',#17772,#3794);
#2215=LINE('',#17776,#3795);
#2216=LINE('',#17777,#3796);
#2217=LINE('',#17781,#3797);
#2218=LINE('',#17782,#3798);
#2219=LINE('',#17783,#3799);
#2220=LINE('',#17784,#3800);
#2221=LINE('',#17786,#3801);
#2222=LINE('',#17790,#3802);
#2223=LINE('',#17794,#3803);
#2224=LINE('',#17797,#3804);
#2225=LINE('',#17799,#3805);
#2226=LINE('',#17800,#3806);
#2227=LINE('',#17803,#3807);
#2228=LINE('',#17805,#3808);
#2229=LINE('',#17806,#3809);
#2230=LINE('',#17809,#3810);
#2231=LINE('',#17811,#3811);
#2232=LINE('',#17812,#3812);
#2233=LINE('',#17815,#3813);
#2234=LINE('',#17817,#3814);
#2235=LINE('',#17818,#3815);
#2236=LINE('',#17825,#3816);
#2237=LINE('',#17844,#3817);
#2238=LINE('',#17852,#3818);
#2239=LINE('',#17854,#3819);
#2240=LINE('',#17856,#3820);
#2241=LINE('',#17858,#3821);
#2242=LINE('',#17860,#3822);
#2243=LINE('',#17866,#3823);
#2244=LINE('',#17867,#3824);
#2245=LINE('',#17869,#3825);
#2246=LINE('',#17871,#3826);
#2247=LINE('',#17872,#3827);
#2248=LINE('',#17874,#3828);
#2249=LINE('',#17876,#3829);
#2250=LINE('',#17877,#3830);
#2251=LINE('',#17879,#3831);
#2252=LINE('',#17881,#3832);
#2253=LINE('',#17882,#3833);
#2254=LINE('',#17884,#3834);
#2255=LINE('',#17886,#3835);
#2256=LINE('',#17887,#3836);
#2257=LINE('',#17889,#3837);
#2258=LINE('',#17891,#3838);
#2259=LINE('',#17892,#3839);
#2260=LINE('',#17894,#3840);
#2261=LINE('',#17896,#3841);
#2262=LINE('',#17897,#3842);
#2263=LINE('',#17899,#3843);
#2264=LINE('',#17901,#3844);
#2265=LINE('',#17902,#3845);
#2266=LINE('',#17904,#3846);
#2267=LINE('',#17906,#3847);
#2268=LINE('',#17907,#3848);
#2269=LINE('',#17909,#3849);
#2270=LINE('',#17911,#3850);
#2271=LINE('',#17912,#3851);
#2272=LINE('',#17913,#3852);
#2273=LINE('',#17917,#3853);
#2274=LINE('',#17918,#3854);
#2275=LINE('',#17920,#3855);
#2276=LINE('',#17922,#3856);
#2277=LINE('',#17923,#3857);
#2278=LINE('',#17925,#3858);
#2279=LINE('',#17927,#3859);
#2280=LINE('',#17928,#3860);
#2281=LINE('',#17930,#3861);
#2282=LINE('',#17932,#3862);
#2283=LINE('',#17933,#3863);
#2284=LINE('',#17935,#3864);
#2285=LINE('',#17937,#3865);
#2286=LINE('',#17938,#3866);
#2287=LINE('',#17940,#3867);
#2288=LINE('',#17942,#3868);
#2289=LINE('',#17943,#3869);
#2290=LINE('',#17945,#3870);
#2291=LINE('',#17947,#3871);
#2292=LINE('',#17948,#3872);
#2293=LINE('',#17950,#3873);
#2294=LINE('',#17952,#3874);
#2295=LINE('',#17953,#3875);
#2296=LINE('',#17955,#3876);
#2297=LINE('',#17957,#3877);
#2298=LINE('',#17958,#3878);
#2299=LINE('',#17960,#3879);
#2300=LINE('',#17962,#3880);
#2301=LINE('',#17963,#3881);
#2302=LINE('',#17964,#3882);
#2303=LINE('',#17966,#3883);
#2304=LINE('',#17968,#3884);
#2305=LINE('',#17970,#3885);
#2306=LINE('',#17971,#3886);
#2307=LINE('',#17973,#3887);
#2308=LINE('',#17975,#3888);
#2309=LINE('',#17976,#3889);
#2310=LINE('',#17978,#3890);
#2311=LINE('',#17980,#3891);
#2312=LINE('',#17981,#3892);
#2313=LINE('',#17983,#3893);
#2314=LINE('',#17985,#3894);
#2315=LINE('',#17986,#3895);
#2316=LINE('',#17988,#3896);
#2317=LINE('',#17990,#3897);
#2318=LINE('',#17991,#3898);
#2319=LINE('',#17993,#3899);
#2320=LINE('',#17995,#3900);
#2321=LINE('',#17996,#3901);
#2322=LINE('',#17998,#3902);
#2323=LINE('',#18000,#3903);
#2324=LINE('',#18002,#3904);
#2325=LINE('',#18003,#3905);
#2326=LINE('',#18005,#3906);
#2327=LINE('',#18007,#3907);
#2328=LINE('',#18008,#3908);
#2329=LINE('',#18010,#3909);
#2330=LINE('',#18012,#3910);
#2331=LINE('',#18013,#3911);
#2332=LINE('',#18015,#3912);
#2333=LINE('',#18017,#3913);
#2334=LINE('',#18018,#3914);
#2335=LINE('',#18020,#3915);
#2336=LINE('',#18022,#3916);
#2337=LINE('',#18023,#3917);
#2338=LINE('',#18025,#3918);
#2339=LINE('',#18027,#3919);
#2340=LINE('',#18028,#3920);
#2341=LINE('',#18030,#3921);
#2342=LINE('',#18033,#3922);
#2343=LINE('',#18035,#3923);
#2344=LINE('',#18038,#3924);
#2345=LINE('',#18040,#3925);
#2346=LINE('',#18046,#3926);
#2347=LINE('',#18047,#3927);
#2348=LINE('',#18049,#3928);
#2349=LINE('',#18051,#3929);
#2350=LINE('',#18053,#3930);
#2351=LINE('',#18055,#3931);
#2352=LINE('',#18057,#3932);
#2353=LINE('',#18058,#3933);
#2354=LINE('',#18060,#3934);
#2355=LINE('',#18062,#3935);
#2356=LINE('',#18064,#3936);
#2357=LINE('',#18066,#3937);
#2358=LINE('',#18068,#3938);
#2359=LINE('',#18069,#3939);
#2360=LINE('',#18071,#3940);
#2361=LINE('',#18073,#3941);
#2362=LINE('',#18075,#3942);
#2363=LINE('',#18077,#3943);
#2364=LINE('',#18079,#3944);
#2365=LINE('',#18080,#3945);
#2366=LINE('',#18082,#3946);
#2367=LINE('',#18084,#3947);
#2368=LINE('',#18086,#3948);
#2369=LINE('',#18088,#3949);
#2370=LINE('',#18090,#3950);
#2371=LINE('',#18091,#3951);
#2372=LINE('',#18093,#3952);
#2373=LINE('',#18095,#3953);
#2374=LINE('',#18097,#3954);
#2375=LINE('',#18099,#3955);
#2376=LINE('',#18101,#3956);
#2377=LINE('',#18102,#3957);
#2378=LINE('',#18104,#3958);
#2379=LINE('',#18106,#3959);
#2380=LINE('',#18108,#3960);
#2381=LINE('',#18110,#3961);
#2382=LINE('',#18112,#3962);
#2383=LINE('',#18113,#3963);
#2384=LINE('',#18115,#3964);
#2385=LINE('',#18117,#3965);
#2386=LINE('',#18119,#3966);
#2387=LINE('',#18121,#3967);
#2388=LINE('',#18123,#3968);
#2389=LINE('',#18124,#3969);
#2390=LINE('',#18126,#3970);
#2391=LINE('',#18128,#3971);
#2392=LINE('',#18130,#3972);
#2393=LINE('',#18132,#3973);
#2394=LINE('',#18134,#3974);
#2395=LINE('',#18135,#3975);
#2396=LINE('',#18137,#3976);
#2397=LINE('',#18139,#3977);
#2398=LINE('',#18140,#3978);
#2399=LINE('',#18142,#3979);
#2400=LINE('',#18144,#3980);
#2401=LINE('',#18146,#3981);
#2402=LINE('',#18148,#3982);
#2403=LINE('',#18149,#3983);
#2404=LINE('',#18151,#3984);
#2405=LINE('',#18153,#3985);
#2406=LINE('',#18154,#3986);
#2407=LINE('',#18156,#3987);
#2408=LINE('',#18158,#3988);
#2409=LINE('',#18160,#3989);
#2410=LINE('',#18162,#3990);
#2411=LINE('',#18163,#3991);
#2412=LINE('',#18165,#3992);
#2413=LINE('',#18167,#3993);
#2414=LINE('',#18168,#3994);
#2415=LINE('',#18170,#3995);
#2416=LINE('',#18172,#3996);
#2417=LINE('',#18174,#3997);
#2418=LINE('',#18176,#3998);
#2419=LINE('',#18177,#3999);
#2420=LINE('',#18179,#4000);
#2421=LINE('',#18181,#4001);
#2422=LINE('',#18182,#4002);
#2423=LINE('',#18184,#4003);
#2424=LINE('',#18186,#4004);
#2425=LINE('',#18188,#4005);
#2426=LINE('',#18190,#4006);
#2427=LINE('',#18192,#4007);
#2428=LINE('',#18193,#4008);
#2429=LINE('',#18195,#4009);
#2430=LINE('',#18197,#4010);
#2431=LINE('',#18199,#4011);
#2432=LINE('',#18201,#4012);
#2433=LINE('',#18203,#4013);
#2434=LINE('',#18204,#4014);
#2435=LINE('',#18206,#4015);
#2436=LINE('',#18208,#4016);
#2437=LINE('',#18210,#4017);
#2438=LINE('',#18212,#4018);
#2439=LINE('',#18214,#4019);
#2440=LINE('',#18215,#4020);
#2441=LINE('',#18217,#4021);
#2442=LINE('',#18219,#4022);
#2443=LINE('',#18221,#4023);
#2444=LINE('',#18223,#4024);
#2445=LINE('',#18225,#4025);
#2446=LINE('',#18226,#4026);
#2447=LINE('',#18228,#4027);
#2448=LINE('',#18230,#4028);
#2449=LINE('',#18232,#4029);
#2450=LINE('',#18234,#4030);
#2451=LINE('',#18236,#4031);
#2452=LINE('',#18237,#4032);
#2453=LINE('',#18239,#4033);
#2454=LINE('',#18241,#4034);
#2455=LINE('',#18243,#4035);
#2456=LINE('',#18245,#4036);
#2457=LINE('',#18247,#4037);
#2458=LINE('',#18248,#4038);
#2459=LINE('',#18250,#4039);
#2460=LINE('',#18252,#4040);
#2461=LINE('',#18254,#4041);
#2462=LINE('',#18256,#4042);
#2463=LINE('',#18258,#4043);
#2464=LINE('',#18259,#4044);
#2465=LINE('',#18261,#4045);
#2466=LINE('',#18263,#4046);
#2467=LINE('',#18265,#4047);
#2468=LINE('',#18267,#4048);
#2469=LINE('',#18269,#4049);
#2470=LINE('',#18270,#4050);
#2471=LINE('',#18272,#4051);
#2472=LINE('',#18274,#4052);
#2473=LINE('',#18275,#4053);
#2474=LINE('',#18277,#4054);
#2475=LINE('',#18279,#4055);
#2476=LINE('',#18281,#4056);
#2477=LINE('',#18283,#4057);
#2478=LINE('',#18284,#4058);
#2479=LINE('',#18286,#4059);
#2480=LINE('',#18288,#4060);
#2481=LINE('',#18289,#4061);
#2482=LINE('',#18291,#4062);
#2483=LINE('',#18293,#4063);
#2484=LINE('',#18295,#4064);
#2485=LINE('',#18297,#4065);
#2486=LINE('',#18298,#4066);
#2487=LINE('',#18300,#4067);
#2488=LINE('',#18302,#4068);
#2489=LINE('',#18303,#4069);
#2490=LINE('',#18305,#4070);
#2491=LINE('',#18307,#4071);
#2492=LINE('',#18309,#4072);
#2493=LINE('',#18311,#4073);
#2494=LINE('',#18312,#4074);
#2495=LINE('',#18313,#4075);
#2496=LINE('',#18316,#4076);
#2497=LINE('',#18318,#4077);
#2498=LINE('',#18320,#4078);
#2499=LINE('',#18322,#4079);
#2500=LINE('',#18324,#4080);
#2501=LINE('',#18325,#4081);
#2502=LINE('',#18328,#4082);
#2503=LINE('',#18330,#4083);
#2504=LINE('',#18332,#4084);
#2505=LINE('',#18334,#4085);
#2506=LINE('',#18336,#4086);
#2507=LINE('',#18337,#4087);
#2508=LINE('',#18340,#4088);
#2509=LINE('',#18342,#4089);
#2510=LINE('',#18344,#4090);
#2511=LINE('',#18346,#4091);
#2512=LINE('',#18348,#4092);
#2513=LINE('',#18349,#4093);
#2514=LINE('',#18352,#4094);
#2515=LINE('',#18354,#4095);
#2516=LINE('',#18356,#4096);
#2517=LINE('',#18358,#4097);
#2518=LINE('',#18360,#4098);
#2519=LINE('',#18361,#4099);
#2520=LINE('',#18364,#4100);
#2521=LINE('',#18366,#4101);
#2522=LINE('',#18368,#4102);
#2523=LINE('',#18370,#4103);
#2524=LINE('',#18372,#4104);
#2525=LINE('',#18373,#4105);
#2526=LINE('',#18376,#4106);
#2527=LINE('',#18378,#4107);
#2528=LINE('',#18380,#4108);
#2529=LINE('',#18382,#4109);
#2530=LINE('',#18384,#4110);
#2531=LINE('',#18385,#4111);
#2532=LINE('',#18388,#4112);
#2533=LINE('',#18390,#4113);
#2534=LINE('',#18392,#4114);
#2535=LINE('',#18394,#4115);
#2536=LINE('',#18396,#4116);
#2537=LINE('',#18397,#4117);
#2538=LINE('',#18400,#4118);
#2539=LINE('',#18402,#4119);
#2540=LINE('',#18404,#4120);
#2541=LINE('',#18406,#4121);
#2542=LINE('',#18408,#4122);
#2543=LINE('',#18409,#4123);
#2544=LINE('',#18412,#4124);
#2545=LINE('',#18414,#4125);
#2546=LINE('',#18416,#4126);
#2547=LINE('',#18418,#4127);
#2548=LINE('',#18420,#4128);
#2549=LINE('',#18421,#4129);
#2550=LINE('',#18424,#4130);
#2551=LINE('',#18426,#4131);
#2552=LINE('',#18428,#4132);
#2553=LINE('',#18430,#4133);
#2554=LINE('',#18432,#4134);
#2555=LINE('',#18433,#4135);
#2556=LINE('',#18436,#4136);
#2557=LINE('',#18438,#4137);
#2558=LINE('',#18440,#4138);
#2559=LINE('',#18442,#4139);
#2560=LINE('',#18444,#4140);
#2561=LINE('',#18445,#4141);
#2562=LINE('',#18448,#4142);
#2563=LINE('',#18450,#4143);
#2564=LINE('',#18452,#4144);
#2565=LINE('',#18454,#4145);
#2566=LINE('',#18456,#4146);
#2567=LINE('',#18457,#4147);
#2568=LINE('',#18460,#4148);
#2569=LINE('',#18462,#4149);
#2570=LINE('',#18464,#4150);
#2571=LINE('',#18466,#4151);
#2572=LINE('',#18468,#4152);
#2573=LINE('',#18469,#4153);
#2574=LINE('',#18472,#4154);
#2575=LINE('',#18474,#4155);
#2576=LINE('',#18476,#4156);
#2577=LINE('',#18478,#4157);
#2578=LINE('',#18480,#4158);
#2579=LINE('',#18481,#4159);
#2580=LINE('',#18484,#4160);
#2581=LINE('',#18486,#4161);
#2582=LINE('',#18488,#4162);
#2583=LINE('',#18490,#4163);
#2584=LINE('',#18492,#4164);
#2585=LINE('',#18493,#4165);
#2586=LINE('',#18496,#4166);
#2587=LINE('',#18498,#4167);
#2588=LINE('',#18500,#4168);
#2589=LINE('',#18502,#4169);
#2590=LINE('',#18504,#4170);
#2591=LINE('',#18505,#4171);
#2592=LINE('',#18508,#4172);
#2593=LINE('',#18510,#4173);
#2594=LINE('',#18512,#4174);
#2595=LINE('',#18514,#4175);
#2596=LINE('',#18516,#4176);
#2597=LINE('',#18517,#4177);
#2598=LINE('',#18520,#4178);
#2599=LINE('',#18522,#4179);
#2600=LINE('',#18524,#4180);
#2601=LINE('',#18526,#4181);
#2602=LINE('',#18528,#4182);
#2603=LINE('',#18529,#4183);
#2604=LINE('',#18532,#4184);
#2605=LINE('',#18534,#4185);
#2606=LINE('',#18536,#4186);
#2607=LINE('',#18538,#4187);
#2608=LINE('',#18540,#4188);
#2609=LINE('',#18541,#4189);
#2610=LINE('',#18544,#4190);
#2611=LINE('',#18546,#4191);
#2612=LINE('',#18548,#4192);
#2613=LINE('',#18550,#4193);
#2614=LINE('',#18552,#4194);
#2615=LINE('',#18553,#4195);
#2616=LINE('',#18556,#4196);
#2617=LINE('',#18558,#4197);
#2618=LINE('',#18560,#4198);
#2619=LINE('',#18562,#4199);
#2620=LINE('',#18564,#4200);
#2621=LINE('',#18565,#4201);
#2622=LINE('',#18568,#4202);
#2623=LINE('',#18570,#4203);
#2624=LINE('',#18572,#4204);
#2625=LINE('',#18574,#4205);
#2626=LINE('',#18576,#4206);
#2627=LINE('',#18577,#4207);
#2628=LINE('',#18580,#4208);
#2629=LINE('',#18582,#4209);
#2630=LINE('',#18584,#4210);
#2631=LINE('',#18586,#4211);
#2632=LINE('',#18588,#4212);
#2633=LINE('',#18589,#4213);
#2634=LINE('',#18592,#4214);
#2635=LINE('',#18594,#4215);
#2636=LINE('',#18596,#4216);
#2637=LINE('',#18598,#4217);
#2638=LINE('',#18600,#4218);
#2639=LINE('',#18601,#4219);
#2640=LINE('',#18604,#4220);
#2641=LINE('',#18606,#4221);
#2642=LINE('',#18608,#4222);
#2643=LINE('',#18610,#4223);
#2644=LINE('',#18612,#4224);
#2645=LINE('',#18613,#4225);
#2646=LINE('',#18616,#4226);
#2647=LINE('',#18618,#4227);
#2648=LINE('',#18620,#4228);
#2649=LINE('',#18622,#4229);
#2650=LINE('',#18624,#4230);
#2651=LINE('',#18625,#4231);
#2652=LINE('',#18628,#4232);
#2653=LINE('',#18630,#4233);
#2654=LINE('',#18632,#4234);
#2655=LINE('',#18634,#4235);
#2656=LINE('',#18636,#4236);
#2657=LINE('',#18637,#4237);
#2658=LINE('',#18640,#4238);
#2659=LINE('',#18642,#4239);
#2660=LINE('',#18644,#4240);
#2661=LINE('',#18646,#4241);
#2662=LINE('',#18648,#4242);
#2663=LINE('',#18649,#4243);
#2664=LINE('',#18652,#4244);
#2665=LINE('',#18654,#4245);
#2666=LINE('',#18656,#4246);
#2667=LINE('',#18658,#4247);
#2668=LINE('',#18660,#4248);
#2669=LINE('',#18661,#4249);
#2670=LINE('',#18664,#4250);
#2671=LINE('',#18666,#4251);
#2672=LINE('',#18668,#4252);
#2673=LINE('',#18670,#4253);
#2674=LINE('',#18672,#4254);
#2675=LINE('',#18673,#4255);
#2676=LINE('',#18676,#4256);
#2677=LINE('',#18678,#4257);
#2678=LINE('',#18680,#4258);
#2679=LINE('',#18682,#4259);
#2680=LINE('',#18684,#4260);
#2681=LINE('',#18685,#4261);
#2682=LINE('',#18688,#4262);
#2683=LINE('',#18690,#4263);
#2684=LINE('',#18692,#4264);
#2685=LINE('',#18694,#4265);
#2686=LINE('',#18696,#4266);
#2687=LINE('',#18697,#4267);
#2688=LINE('',#18700,#4268);
#2689=LINE('',#18702,#4269);
#2690=LINE('',#18704,#4270);
#2691=LINE('',#18706,#4271);
#2692=LINE('',#18708,#4272);
#2693=LINE('',#18709,#4273);
#2694=LINE('',#18712,#4274);
#2695=LINE('',#18714,#4275);
#2696=LINE('',#18716,#4276);
#2697=LINE('',#18718,#4277);
#2698=LINE('',#18720,#4278);
#2699=LINE('',#18721,#4279);
#2700=LINE('',#18724,#4280);
#2701=LINE('',#18726,#4281);
#2702=LINE('',#18728,#4282);
#2703=LINE('',#18730,#4283);
#2704=LINE('',#18732,#4284);
#2705=LINE('',#18733,#4285);
#2706=LINE('',#18736,#4286);
#2707=LINE('',#18738,#4287);
#2708=LINE('',#18740,#4288);
#2709=LINE('',#18742,#4289);
#2710=LINE('',#18744,#4290);
#2711=LINE('',#18745,#4291);
#2712=LINE('',#18748,#4292);
#2713=LINE('',#18750,#4293);
#2714=LINE('',#18752,#4294);
#2715=LINE('',#18754,#4295);
#2716=LINE('',#18756,#4296);
#2717=LINE('',#18757,#4297);
#2718=LINE('',#18759,#4298);
#2719=LINE('',#18760,#4299);
#2720=LINE('',#18762,#4300);
#2721=LINE('',#18764,#4301);
#2722=LINE('',#18766,#4302);
#2723=LINE('',#18767,#4303);
#2724=LINE('',#18769,#4304);
#2725=LINE('',#18771,#4305);
#2726=LINE('',#18773,#4306);
#2727=LINE('',#18774,#4307);
#2728=LINE('',#18776,#4308);
#2729=LINE('',#18778,#4309);
#2730=LINE('',#18780,#4310);
#2731=LINE('',#18781,#4311);
#2732=LINE('',#18783,#4312);
#2733=LINE('',#18785,#4313);
#2734=LINE('',#18787,#4314);
#2735=LINE('',#18788,#4315);
#2736=LINE('',#18790,#4316);
#2737=LINE('',#18792,#4317);
#2738=LINE('',#18794,#4318);
#2739=LINE('',#18795,#4319);
#2740=LINE('',#18797,#4320);
#2741=LINE('',#18799,#4321);
#2742=LINE('',#18801,#4322);
#2743=LINE('',#18802,#4323);
#2744=LINE('',#18804,#4324);
#2745=LINE('',#18806,#4325);
#2746=LINE('',#18808,#4326);
#2747=LINE('',#18809,#4327);
#2748=LINE('',#18811,#4328);
#2749=LINE('',#18813,#4329);
#2750=LINE('',#18815,#4330);
#2751=LINE('',#18816,#4331);
#2752=LINE('',#18818,#4332);
#2753=LINE('',#18820,#4333);
#2754=LINE('',#18822,#4334);
#2755=LINE('',#18823,#4335);
#2756=LINE('',#18825,#4336);
#2757=LINE('',#18827,#4337);
#2758=LINE('',#18829,#4338);
#2759=LINE('',#18830,#4339);
#2760=LINE('',#18832,#4340);
#2761=LINE('',#18834,#4341);
#2762=LINE('',#18836,#4342);
#2763=LINE('',#18837,#4343);
#2764=LINE('',#18839,#4344);
#2765=LINE('',#18841,#4345);
#2766=LINE('',#18843,#4346);
#2767=LINE('',#18844,#4347);
#2768=LINE('',#18846,#4348);
#2769=LINE('',#18848,#4349);
#2770=LINE('',#18850,#4350);
#2771=LINE('',#18851,#4351);
#2772=LINE('',#18853,#4352);
#2773=LINE('',#18855,#4353);
#2774=LINE('',#18857,#4354);
#2775=LINE('',#18858,#4355);
#2776=LINE('',#18860,#4356);
#2777=LINE('',#18862,#4357);
#2778=LINE('',#18864,#4358);
#2779=LINE('',#18865,#4359);
#2780=LINE('',#18867,#4360);
#2781=LINE('',#18869,#4361);
#2782=LINE('',#18871,#4362);
#2783=LINE('',#18872,#4363);
#2784=LINE('',#18874,#4364);
#2785=LINE('',#18876,#4365);
#2786=LINE('',#18878,#4366);
#2787=LINE('',#18879,#4367);
#2788=LINE('',#18881,#4368);
#2789=LINE('',#18883,#4369);
#2790=LINE('',#18885,#4370);
#2791=LINE('',#18886,#4371);
#2792=LINE('',#18888,#4372);
#2793=LINE('',#18890,#4373);
#2794=LINE('',#18892,#4374);
#2795=LINE('',#18893,#4375);
#2796=LINE('',#18895,#4376);
#2797=LINE('',#18897,#4377);
#2798=LINE('',#18899,#4378);
#2799=LINE('',#18900,#4379);
#2800=LINE('',#18902,#4380);
#2801=LINE('',#18904,#4381);
#2802=LINE('',#18906,#4382);
#2803=LINE('',#18907,#4383);
#2804=LINE('',#18909,#4384);
#2805=LINE('',#18911,#4385);
#2806=LINE('',#18913,#4386);
#2807=LINE('',#18914,#4387);
#2808=LINE('',#18916,#4388);
#2809=LINE('',#18918,#4389);
#2810=LINE('',#18920,#4390);
#2811=LINE('',#18921,#4391);
#2812=LINE('',#18923,#4392);
#2813=LINE('',#18925,#4393);
#2814=LINE('',#18927,#4394);
#2815=LINE('',#18928,#4395);
#2816=LINE('',#18930,#4396);
#2817=LINE('',#18932,#4397);
#2818=LINE('',#18934,#4398);
#2819=LINE('',#18935,#4399);
#2820=LINE('',#18937,#4400);
#2821=LINE('',#18939,#4401);
#2822=LINE('',#18941,#4402);
#2823=LINE('',#18942,#4403);
#2824=LINE('',#18944,#4404);
#2825=LINE('',#18946,#4405);
#2826=LINE('',#18948,#4406);
#2827=LINE('',#18949,#4407);
#2828=LINE('',#18951,#4408);
#2829=LINE('',#18953,#4409);
#2830=LINE('',#18955,#4410);
#2831=LINE('',#18956,#4411);
#2832=LINE('',#18958,#4412);
#2833=LINE('',#18960,#4413);
#2834=LINE('',#18962,#4414);
#2835=LINE('',#18963,#4415);
#2836=LINE('',#18965,#4416);
#2837=LINE('',#18967,#4417);
#2838=LINE('',#18969,#4418);
#2839=LINE('',#18970,#4419);
#2840=LINE('',#18972,#4420);
#2841=LINE('',#18974,#4421);
#2842=LINE('',#18976,#4422);
#2843=LINE('',#18977,#4423);
#2844=LINE('',#18979,#4424);
#2845=LINE('',#18981,#4425);
#2846=LINE('',#18983,#4426);
#2847=LINE('',#18984,#4427);
#2848=LINE('',#18986,#4428);
#2849=LINE('',#18988,#4429);
#2850=LINE('',#18990,#4430);
#2851=LINE('',#18991,#4431);
#2852=LINE('',#18993,#4432);
#2853=LINE('',#18995,#4433);
#2854=LINE('',#18997,#4434);
#2855=LINE('',#18998,#4435);
#2856=LINE('',#19000,#4436);
#2857=LINE('',#19002,#4437);
#2858=LINE('',#19004,#4438);
#2859=LINE('',#19005,#4439);
#2860=LINE('',#19007,#4440);
#2861=LINE('',#19009,#4441);
#2862=LINE('',#19011,#4442);
#2863=LINE('',#19012,#4443);
#2864=LINE('',#19014,#4444);
#2865=LINE('',#19016,#4445);
#2866=LINE('',#19018,#4446);
#2867=LINE('',#19020,#4447);
#2868=LINE('',#19022,#4448);
#2869=LINE('',#19024,#4449);
#2870=LINE('',#19026,#4450);
#2871=LINE('',#19028,#4451);
#2872=LINE('',#19030,#4452);
#2873=LINE('',#19032,#4453);
#2874=LINE('',#19035,#4454);
#2875=LINE('',#19037,#4455);
#2876=LINE('',#19039,#4456);
#2877=LINE('',#19041,#4457);
#2878=LINE('',#19043,#4458);
#2879=LINE('',#19045,#4459);
#2880=LINE('',#19047,#4460);
#2881=LINE('',#19050,#4461);
#2882=LINE('',#19052,#4462);
#2883=LINE('',#19054,#4463);
#2884=LINE('',#19056,#4464);
#2885=LINE('',#19058,#4465);
#2886=LINE('',#19060,#4466);
#2887=LINE('',#19062,#4467);
#2888=LINE('',#19064,#4468);
#2889=LINE('',#19067,#4469);
#2890=LINE('',#19069,#4470);
#2891=LINE('',#19071,#4471);
#2892=LINE('',#19073,#4472);
#2893=LINE('',#19075,#4473);
#2894=LINE('',#19077,#4474);
#2895=LINE('',#19079,#4475);
#2896=LINE('',#19081,#4476);
#2897=LINE('',#19084,#4477);
#2898=LINE('',#19086,#4478);
#2899=LINE('',#19088,#4479);
#2900=LINE('',#19090,#4480);
#2901=LINE('',#19092,#4481);
#2902=LINE('',#19094,#4482);
#2903=LINE('',#19096,#4483);
#2904=LINE('',#19098,#4484);
#2905=LINE('',#19101,#4485);
#2906=LINE('',#19103,#4486);
#2907=LINE('',#19105,#4487);
#2908=LINE('',#19107,#4488);
#2909=LINE('',#19109,#4489);
#2910=LINE('',#19112,#4490);
#2911=LINE('',#19114,#4491);
#2912=LINE('',#19116,#4492);
#2913=LINE('',#19118,#4493);
#2914=LINE('',#19120,#4494);
#2915=LINE('',#19123,#4495);
#2916=LINE('',#19125,#4496);
#2917=LINE('',#19127,#4497);
#2918=LINE('',#19129,#4498);
#2919=LINE('',#19131,#4499);
#2920=LINE('',#19134,#4500);
#2921=LINE('',#19136,#4501);
#2922=LINE('',#19139,#4502);
#2923=LINE('',#19141,#4503);
#2924=LINE('',#19143,#4504);
#2925=LINE('',#19145,#4505);
#2926=LINE('',#19148,#4506);
#2927=LINE('',#19150,#4507);
#2928=LINE('',#19153,#4508);
#2929=LINE('',#19155,#4509);
#2930=LINE('',#19157,#4510);
#2931=LINE('',#19159,#4511);
#2932=LINE('',#19162,#4512);
#2933=LINE('',#19164,#4513);
#2934=LINE('',#19167,#4514);
#2935=LINE('',#19169,#4515);
#2936=LINE('',#19171,#4516);
#2937=LINE('',#19173,#4517);
#2938=LINE('',#19176,#4518);
#2939=LINE('',#19178,#4519);
#2940=LINE('',#19184,#4520);
#2941=LINE('',#19195,#4521);
#2942=LINE('',#19203,#4522);
#2943=LINE('',#19206,#4523);
#2944=LINE('',#19210,#4524);
#2945=LINE('',#19211,#4525);
#2946=LINE('',#19218,#4526);
#2947=LINE('',#19227,#4527);
#2948=LINE('',#19240,#4528);
#2949=LINE('',#19242,#4529);
#2950=LINE('',#19245,#4530);
#2951=LINE('',#19247,#4531);
#2952=LINE('',#19251,#4532);
#2953=LINE('',#19253,#4533);
#2954=LINE('',#19256,#4534);
#2955=LINE('',#19258,#4535);
#2956=LINE('',#19261,#4536);
#2957=LINE('',#19262,#4537);
#2958=LINE('',#19265,#4538);
#2959=LINE('',#19267,#4539);
#2960=LINE('',#19269,#4540);
#2961=LINE('',#19272,#4541);
#2962=LINE('',#19274,#4542);
#2963=LINE('',#19277,#4543);
#2964=LINE('',#19279,#4544);
#2965=LINE('',#19282,#4545);
#2966=LINE('',#19284,#4546);
#2967=LINE('',#19287,#4547);
#2968=LINE('',#19289,#4548);
#2969=LINE('',#19292,#4549);
#2970=LINE('',#19294,#4550);
#2971=LINE('',#19297,#4551);
#2972=LINE('',#19299,#4552);
#2973=LINE('',#19302,#4553);
#2974=LINE('',#19304,#4554);
#2975=LINE('',#19307,#4555);
#2976=LINE('',#19308,#4556);
#2977=LINE('',#19311,#4557);
#2978=LINE('',#19313,#4558);
#2979=LINE('',#19315,#4559);
#2980=LINE('',#19318,#4560);
#2981=LINE('',#19320,#4561);
#2982=LINE('',#19323,#4562);
#2983=LINE('',#19325,#4563);
#2984=LINE('',#19328,#4564);
#2985=LINE('',#19330,#4565);
#2986=LINE('',#19333,#4566);
#2987=LINE('',#19335,#4567);
#2988=LINE('',#19338,#4568);
#2989=LINE('',#19340,#4569);
#2990=LINE('',#19343,#4570);
#2991=LINE('',#19344,#4571);
#2992=LINE('',#19347,#4572);
#2993=LINE('',#19349,#4573);
#2994=LINE('',#19351,#4574);
#2995=LINE('',#19354,#4575);
#2996=LINE('',#19356,#4576);
#2997=LINE('',#19359,#4577);
#2998=LINE('',#19361,#4578);
#2999=LINE('',#19364,#4579);
#3000=LINE('',#19366,#4580);
#3001=LINE('',#19369,#4581);
#3002=LINE('',#19371,#4582);
#3003=LINE('',#19374,#4583);
#3004=LINE('',#19376,#4584);
#3005=LINE('',#19379,#4585);
#3006=LINE('',#19380,#4586);
#3007=LINE('',#19383,#4587);
#3008=LINE('',#19385,#4588);
#3009=LINE('',#19387,#4589);
#3010=LINE('',#19390,#4590);
#3011=LINE('',#19392,#4591);
#3012=LINE('',#19395,#4592);
#3013=LINE('',#19396,#4593);
#3014=LINE('',#19399,#4594);
#3015=LINE('',#19401,#4595);
#3016=LINE('',#19403,#4596);
#3017=LINE('',#19406,#4597);
#3018=LINE('',#19408,#4598);
#3019=LINE('',#19411,#4599);
#3020=LINE('',#19413,#4600);
#3021=LINE('',#19416,#4601);
#3022=LINE('',#19418,#4602);
#3023=LINE('',#19421,#4603);
#3024=LINE('',#19423,#4604);
#3025=LINE('',#19426,#4605);
#3026=LINE('',#19428,#4606);
#3027=LINE('',#19431,#4607);
#3028=LINE('',#19433,#4608);
#3029=LINE('',#19436,#4609);
#3030=LINE('',#19438,#4610);
#3031=LINE('',#19441,#4611);
#3032=LINE('',#19443,#4612);
#3033=LINE('',#19446,#4613);
#3034=LINE('',#19448,#4614);
#3035=LINE('',#19451,#4615);
#3036=LINE('',#19453,#4616);
#3037=LINE('',#19456,#4617);
#3038=LINE('',#19457,#4618);
#3039=LINE('',#19460,#4619);
#3040=LINE('',#19462,#4620);
#3041=LINE('',#19464,#4621);
#3042=LINE('',#19467,#4622);
#3043=LINE('',#19469,#4623);
#3044=LINE('',#19472,#4624);
#3045=LINE('',#19474,#4625);
#3046=LINE('',#19477,#4626);
#3047=LINE('',#19479,#4627);
#3048=LINE('',#19482,#4628);
#3049=LINE('',#19484,#4629);
#3050=LINE('',#19487,#4630);
#3051=LINE('',#19489,#4631);
#3052=LINE('',#19492,#4632);
#3053=LINE('',#19493,#4633);
#3054=LINE('',#19495,#4634);
#3055=LINE('',#19498,#4635);
#3056=LINE('',#19500,#4636);
#3057=LINE('',#19503,#4637);
#3058=LINE('',#19505,#4638);
#3059=LINE('',#19508,#4639);
#3060=LINE('',#19510,#4640);
#3061=LINE('',#19514,#4641);
#3062=LINE('',#19516,#4642);
#3063=LINE('',#19519,#4643);
#3064=LINE('',#19520,#4644);
#3065=LINE('',#19523,#4645);
#3066=LINE('',#19525,#4646);
#3067=LINE('',#19527,#4647);
#3068=VECTOR('',#12992,10.);
#3069=VECTOR('',#12993,10.);
#3070=VECTOR('',#12994,10.);
#3071=VECTOR('',#12995,10.);
#3072=VECTOR('',#12996,10.);
#3073=VECTOR('',#12999,10.);
#3074=VECTOR('',#13000,10.);
#3075=VECTOR('',#13001,10.);
#3076=VECTOR('',#13002,10.);
#3077=VECTOR('',#13003,10.);
#3078=VECTOR('',#13006,10.);
#3079=VECTOR('',#13007,10.);
#3080=VECTOR('',#13008,10.);
#3081=VECTOR('',#13009,10.);
#3082=VECTOR('',#13012,10.);
#3083=VECTOR('',#13013,10.);
#3084=VECTOR('',#13014,10.);
#3085=VECTOR('',#13015,10.);
#3086=VECTOR('',#13016,10.);
#3087=VECTOR('',#13017,10.);
#3088=VECTOR('',#13024,10.);
#3089=VECTOR('',#13027,10.);
#3090=VECTOR('',#13028,10.);
#3091=VECTOR('',#13033,10.);
#3092=VECTOR('',#13036,10.);
#3093=VECTOR('',#13039,10.);
#3094=VECTOR('',#13042,10.);
#3095=VECTOR('',#13049,10.);
#3096=VECTOR('',#13056,10.);
#3097=VECTOR('',#13059,10.);
#3098=VECTOR('',#13060,10.);
#3099=VECTOR('',#13061,10.);
#3100=VECTOR('',#13062,10.);
#3101=VECTOR('',#13063,10.);
#3102=VECTOR('',#13066,10.);
#3103=VECTOR('',#13067,10.);
#3104=VECTOR('',#13068,10.);
#3105=VECTOR('',#13069,10.);
#3106=VECTOR('',#13070,10.);
#3107=VECTOR('',#13071,10.);
#3108=VECTOR('',#13074,10.);
#3109=VECTOR('',#13079,10.);
#3110=VECTOR('',#13082,10.);
#3111=VECTOR('',#13085,10.);
#3112=VECTOR('',#13088,10.);
#3113=VECTOR('',#13095,10.);
#3114=VECTOR('',#13100,10.);
#3115=VECTOR('',#13103,10.);
#3116=VECTOR('',#13106,10.);
#3117=VECTOR('',#13109,10.);
#3118=VECTOR('',#13116,10.);
#3119=VECTOR('',#13119,10.);
#3120=VECTOR('',#13120,10.);
#3121=VECTOR('',#13121,10.);
#3122=VECTOR('',#13122,10.);
#3123=VECTOR('',#13123,10.);
#3124=VECTOR('',#13126,10.);
#3125=VECTOR('',#13129,10.);
#3126=VECTOR('',#13130,10.);
#3127=VECTOR('',#13131,10.);
#3128=VECTOR('',#13132,10.);
#3129=VECTOR('',#13133,10.);
#3130=VECTOR('',#13134,10.);
#3131=VECTOR('',#13135,10.);
#3132=VECTOR('',#13138,10.);
#3133=VECTOR('',#13141,10.);
#3134=VECTOR('',#13142,10.);
#3135=VECTOR('',#13149,10.);
#3136=VECTOR('',#13152,10.);
#3137=VECTOR('',#13153,10.);
#3138=VECTOR('',#13160,10.);
#3139=VECTOR('',#13163,10.);
#3140=VECTOR('',#13168,10.);
#3141=VECTOR('',#13169,10.);
#3142=VECTOR('',#13172,10.);
#3143=VECTOR('',#13173,10.);
#3144=VECTOR('',#13174,10.);
#3145=VECTOR('',#13179,10.);
#3146=VECTOR('',#13182,10.);
#3147=VECTOR('',#13185,10.);
#3148=VECTOR('',#13188,10.);
#3149=VECTOR('',#13195,10.);
#3150=VECTOR('',#13200,10.);
#3151=VECTOR('',#13203,10.);
#3152=VECTOR('',#13206,10.);
#3153=VECTOR('',#13209,10.);
#3154=VECTOR('',#13216,10.);
#3155=VECTOR('',#13217,10.);
#3156=VECTOR('',#13220,10.);
#3157=VECTOR('',#13221,10.);
#3158=VECTOR('',#13222,10.);
#3159=VECTOR('',#13223,10.);
#3160=VECTOR('',#13224,10.);
#3161=VECTOR('',#13225,10.);
#3162=VECTOR('',#13226,10.);
#3163=VECTOR('',#13227,10.);
#3164=VECTOR('',#13230,10.);
#3165=VECTOR('',#13233,10.);
#3166=VECTOR('',#13234,10.);
#3167=VECTOR('',#13235,10.);
#3168=VECTOR('',#13236,10.);
#3169=VECTOR('',#13237,10.);
#3170=VECTOR('',#13240,10.);
#3171=VECTOR('',#13247,10.);
#3172=VECTOR('',#13254,10.);
#3173=VECTOR('',#13257,10.);
#3174=VECTOR('',#13258,10.);
#3175=VECTOR('',#13259,10.);
#3176=VECTOR('',#13260,10.);
#3177=VECTOR('',#13261,10.);
#3178=VECTOR('',#13264,10.);
#3179=VECTOR('',#13265,10.);
#3180=VECTOR('',#13266,10.);
#3181=VECTOR('',#13267,10.);
#3182=VECTOR('',#13268,10.);
#3183=VECTOR('',#13269,10.);
#3184=VECTOR('',#13272,10.);
#3185=VECTOR('',#13277,10.);
#3186=VECTOR('',#13280,10.);
#3187=VECTOR('',#13283,10.);
#3188=VECTOR('',#13286,10.);
#3189=VECTOR('',#13295,10.);
#3190=VECTOR('',#13300,10.);
#3191=VECTOR('',#13301,10.);
#3192=VECTOR('',#13302,10.);
#3193=VECTOR('',#13305,10.);
#3194=VECTOR('',#13306,10.);
#3195=VECTOR('',#13307,10.);
#3196=VECTOR('',#13308,10.);
#3197=VECTOR('',#13309,10.);
#3198=VECTOR('',#13310,10.);
#3199=VECTOR('',#13311,10.);
#3200=VECTOR('',#13312,10.);
#3201=VECTOR('',#13313,10.);
#3202=VECTOR('',#13316,10.);
#3203=VECTOR('',#13317,10.);
#3204=VECTOR('',#13318,10.);
#3205=VECTOR('',#13319,10.);
#3206=VECTOR('',#13322,10.);
#3207=VECTOR('',#13323,10.);
#3208=VECTOR('',#13330,10.);
#3209=VECTOR('',#13333,10.);
#3210=VECTOR('',#13334,10.);
#3211=VECTOR('',#13339,10.);
#3212=VECTOR('',#13342,10.);
#3213=VECTOR('',#13345,10.);
#3214=VECTOR('',#13346,10.);
#3215=VECTOR('',#13349,10.);
#3216=VECTOR('',#13350,10.);
#3217=VECTOR('',#13351,10.);
#3218=VECTOR('',#13358,10.);
#3219=VECTOR('',#13365,10.);
#3220=VECTOR('',#13366,10.);
#3221=VECTOR('',#13371,10.);
#3222=VECTOR('',#13374,10.);
#3223=VECTOR('',#13379,10.);
#3224=VECTOR('',#13380,10.);
#3225=VECTOR('',#13383,10.);
#3226=VECTOR('',#13384,10.);
#3227=VECTOR('',#13385,10.);
#3228=VECTOR('',#13388,10.);
#3229=VECTOR('',#13393,10.);
#3230=VECTOR('',#13396,10.);
#3231=VECTOR('',#13399,10.);
#3232=VECTOR('',#13400,10.);
#3233=VECTOR('',#13401,10.);
#3234=VECTOR('',#13406,10.);
#3235=VECTOR('',#13409,10.);
#3236=VECTOR('',#13412,10.);
#3237=VECTOR('',#13413,10.);
#3238=VECTOR('',#13418,10.);
#3239=VECTOR('',#13425,10.);
#3240=VECTOR('',#13426,10.);
#3241=VECTOR('',#13429,10.);
#3242=VECTOR('',#13430,10.);
#3243=VECTOR('',#13433,10.);
#3244=VECTOR('',#13434,10.);
#3245=VECTOR('',#13435,10.);
#3246=VECTOR('',#13436,10.);
#3247=VECTOR('',#13437,10.);
#3248=VECTOR('',#13438,10.);
#3249=VECTOR('',#13439,10.);
#3250=VECTOR('',#13442,10.);
#3251=VECTOR('',#13443,10.);
#3252=VECTOR('',#13446,10.);
#3253=VECTOR('',#13449,10.);
#3254=VECTOR('',#13452,10.);
#3255=VECTOR('',#13453,10.);
#3256=VECTOR('',#13456,10.);
#3257=VECTOR('',#13459,10.);
#3258=VECTOR('',#13460,10.);
#3259=VECTOR('',#13465,10.);
#3260=VECTOR('',#13466,10.);
#3261=VECTOR('',#13469,10.);
#3262=VECTOR('',#13472,10.);
#3263=VECTOR('',#13475,10.);
#3264=VECTOR('',#13478,10.);
#3265=VECTOR('',#13481,10.);
#3266=VECTOR('',#13482,10.);
#3267=VECTOR('',#13483,10.);
#3268=VECTOR('',#13486,10.);
#3269=VECTOR('',#13489,10.);
#3270=VECTOR('',#13490,10.);
#3271=VECTOR('',#13491,10.);
#3272=VECTOR('',#13492,10.);
#3273=VECTOR('',#13493,10.);
#3274=VECTOR('',#13494,10.);
#3275=VECTOR('',#13495,10.);
#3276=VECTOR('',#13498,10.);
#3277=VECTOR('',#13501,10.);
#3278=VECTOR('',#13504,10.);
#3279=VECTOR('',#13507,10.);
#3280=VECTOR('',#13508,10.);
#3281=VECTOR('',#13511,10.);
#3282=VECTOR('',#13516,10.);
#3283=VECTOR('',#13517,10.);
#3284=VECTOR('',#13520,10.);
#3285=VECTOR('',#13521,10.);
#3286=VECTOR('',#13522,10.);
#3287=VECTOR('',#13523,10.);
#3288=VECTOR('',#13524,10.);
#3289=VECTOR('',#13525,10.);
#3290=VECTOR('',#13526,10.);
#3291=VECTOR('',#13527,10.);
#3292=VECTOR('',#13530,10.);
#3293=VECTOR('',#13533,10.);
#3294=VECTOR('',#13536,10.);
#3295=VECTOR('',#13541,10.);
#3296=VECTOR('',#13544,10.);
#3297=VECTOR('',#13547,10.);
#3298=VECTOR('',#13550,10.);
#3299=VECTOR('',#13557,10.);
#3300=VECTOR('',#13560,10.);
#3301=VECTOR('',#13563,10.);
#3302=VECTOR('',#13566,10.);
#3303=VECTOR('',#13569,10.);
#3304=VECTOR('',#13570,10.);
#3305=VECTOR('',#13575,10.);
#3306=VECTOR('',#13578,10.);
#3307=VECTOR('',#13581,10.);
#3308=VECTOR('',#13584,10.);
#3309=VECTOR('',#13587,10.);
#3310=VECTOR('',#13590,10.);
#3311=VECTOR('',#13591,10.);
#3312=VECTOR('',#13592,10.);
#3313=VECTOR('',#13593,10.);
#3314=VECTOR('',#13598,10.);
#3315=VECTOR('',#13601,10.);
#3316=VECTOR('',#13604,10.);
#3317=VECTOR('',#13609,10.);
#3318=VECTOR('',#13614,10.);
#3319=VECTOR('',#13615,10.);
#3320=VECTOR('',#13616,10.);
#3321=VECTOR('',#13621,10.);
#3322=VECTOR('',#13622,10.);
#3323=VECTOR('',#13625,10.);
#3324=VECTOR('',#13628,10.);
#3325=VECTOR('',#13629,10.);
#3326=VECTOR('',#13630,10.);
#3327=VECTOR('',#13631,10.);
#3328=VECTOR('',#13632,10.);
#3329=VECTOR('',#13633,10.);
#3330=VECTOR('',#13634,10.);
#3331=VECTOR('',#13635,10.);
#3332=VECTOR('',#13636,10.);
#3333=VECTOR('',#13637,10.);
#3334=VECTOR('',#13638,10.);
#3335=VECTOR('',#13639,10.);
#3336=VECTOR('',#13640,10.);
#3337=VECTOR('',#13643,10.);
#3338=VECTOR('',#13646,10.);
#3339=VECTOR('',#13647,10.);
#3340=VECTOR('',#13648,10.);
#3341=VECTOR('',#13651,10.);
#3342=VECTOR('',#13654,10.);
#3343=VECTOR('',#13665,10.);
#3344=VECTOR('',#13666,10.);
#3345=VECTOR('',#13667,10.);
#3346=VECTOR('',#13672,10.);
#3347=VECTOR('',#13681,10.);
#3348=VECTOR('',#13684,10.);
#3349=VECTOR('',#13685,10.);
#3350=VECTOR('',#13686,10.);
#3351=VECTOR('',#13687,10.);
#3352=VECTOR('',#13688,10.);
#3353=VECTOR('',#13689,10.);
#3354=VECTOR('',#13690,10.);
#3355=VECTOR('',#13691,10.);
#3356=VECTOR('',#13692,10.);
#3357=VECTOR('',#13693,10.);
#3358=VECTOR('',#13696,10.);
#3359=VECTOR('',#13701,10.);
#3360=VECTOR('',#13704,10.);
#3361=VECTOR('',#13707,10.);
#3362=VECTOR('',#13708,10.);
#3363=VECTOR('',#13709,10.);
#3364=VECTOR('',#13710,10.);
#3365=VECTOR('',#13711,10.);
#3366=VECTOR('',#13712,10.);
#3367=VECTOR('',#13713,10.);
#3368=VECTOR('',#13714,10.);
#3369=VECTOR('',#13715,10.);
#3370=VECTOR('',#13716,10.);
#3371=VECTOR('',#13717,10.);
#3372=VECTOR('',#13718,10.);
#3373=VECTOR('',#13719,10.);
#3374=VECTOR('',#13720,10.);
#3375=VECTOR('',#13721,10.);
#3376=VECTOR('',#13722,10.);
#3377=VECTOR('',#13723,10.);
#3378=VECTOR('',#13724,10.);
#3379=VECTOR('',#13725,10.);
#3380=VECTOR('',#13726,10.);
#3381=VECTOR('',#13727,10.);
#3382=VECTOR('',#13728,10.);
#3383=VECTOR('',#13729,10.);
#3384=VECTOR('',#13730,10.);
#3385=VECTOR('',#13731,10.);
#3386=VECTOR('',#13732,10.);
#3387=VECTOR('',#13733,10.);
#3388=VECTOR('',#13734,10.);
#3389=VECTOR('',#13735,10.);
#3390=VECTOR('',#13736,10.);
#3391=VECTOR('',#13737,10.);
#3392=VECTOR('',#13738,10.);
#3393=VECTOR('',#13739,10.);
#3394=VECTOR('',#13740,10.);
#3395=VECTOR('',#13741,10.);
#3396=VECTOR('',#13742,10.);
#3397=VECTOR('',#13743,10.);
#3398=VECTOR('',#13744,10.);
#3399=VECTOR('',#13745,10.);
#3400=VECTOR('',#13746,10.);
#3401=VECTOR('',#13747,10.);
#3402=VECTOR('',#13748,10.);
#3403=VECTOR('',#13749,10.);
#3404=VECTOR('',#13750,10.);
#3405=VECTOR('',#13751,10.);
#3406=VECTOR('',#13752,10.);
#3407=VECTOR('',#13753,10.);
#3408=VECTOR('',#13754,10.);
#3409=VECTOR('',#13755,10.);
#3410=VECTOR('',#13756,10.);
#3411=VECTOR('',#13757,10.);
#3412=VECTOR('',#13758,10.);
#3413=VECTOR('',#13759,10.);
#3414=VECTOR('',#13760,10.);
#3415=VECTOR('',#13761,10.);
#3416=VECTOR('',#13762,10.);
#3417=VECTOR('',#13763,10.);
#3418=VECTOR('',#13764,10.);
#3419=VECTOR('',#13765,10.);
#3420=VECTOR('',#13766,10.);
#3421=VECTOR('',#13767,10.);
#3422=VECTOR('',#13768,10.);
#3423=VECTOR('',#13769,10.);
#3424=VECTOR('',#13770,10.);
#3425=VECTOR('',#13771,10.);
#3426=VECTOR('',#13772,10.);
#3427=VECTOR('',#13773,10.);
#3428=VECTOR('',#13774,10.);
#3429=VECTOR('',#13775,10.);
#3430=VECTOR('',#13776,10.);
#3431=VECTOR('',#13777,10.);
#3432=VECTOR('',#13778,10.);
#3433=VECTOR('',#13779,10.);
#3434=VECTOR('',#13780,10.);
#3435=VECTOR('',#13781,10.);
#3436=VECTOR('',#13782,10.);
#3437=VECTOR('',#13783,10.);
#3438=VECTOR('',#13784,10.);
#3439=VECTOR('',#13785,10.);
#3440=VECTOR('',#13786,10.);
#3441=VECTOR('',#13787,10.);
#3442=VECTOR('',#13788,10.);
#3443=VECTOR('',#13789,10.);
#3444=VECTOR('',#13790,10.);
#3445=VECTOR('',#13791,10.);
#3446=VECTOR('',#13792,10.);
#3447=VECTOR('',#13793,10.);
#3448=VECTOR('',#13794,10.);
#3449=VECTOR('',#13795,10.);
#3450=VECTOR('',#13796,10.);
#3451=VECTOR('',#13797,10.);
#3452=VECTOR('',#13798,10.);
#3453=VECTOR('',#13799,10.);
#3454=VECTOR('',#13800,10.);
#3455=VECTOR('',#13801,10.);
#3456=VECTOR('',#13802,10.);
#3457=VECTOR('',#13803,10.);
#3458=VECTOR('',#13804,10.);
#3459=VECTOR('',#13805,10.);
#3460=VECTOR('',#13806,10.);
#3461=VECTOR('',#13807,10.);
#3462=VECTOR('',#13808,10.);
#3463=VECTOR('',#13809,10.);
#3464=VECTOR('',#13810,10.);
#3465=VECTOR('',#13811,10.);
#3466=VECTOR('',#13812,10.);
#3467=VECTOR('',#13813,10.);
#3468=VECTOR('',#13814,10.);
#3469=VECTOR('',#13815,10.);
#3470=VECTOR('',#13816,10.);
#3471=VECTOR('',#13817,10.);
#3472=VECTOR('',#13818,10.);
#3473=VECTOR('',#13819,10.);
#3474=VECTOR('',#13820,10.);
#3475=VECTOR('',#13821,10.);
#3476=VECTOR('',#13822,10.);
#3477=VECTOR('',#13823,10.);
#3478=VECTOR('',#13824,10.);
#3479=VECTOR('',#13825,10.);
#3480=VECTOR('',#13826,10.);
#3481=VECTOR('',#13827,10.);
#3482=VECTOR('',#13828,10.);
#3483=VECTOR('',#13829,10.);
#3484=VECTOR('',#13830,10.);
#3485=VECTOR('',#13831,10.);
#3486=VECTOR('',#13832,10.);
#3487=VECTOR('',#13833,10.);
#3488=VECTOR('',#13834,10.);
#3489=VECTOR('',#13835,10.);
#3490=VECTOR('',#13836,10.);
#3491=VECTOR('',#13837,10.);
#3492=VECTOR('',#13838,10.);
#3493=VECTOR('',#13839,10.);
#3494=VECTOR('',#13840,10.);
#3495=VECTOR('',#13841,10.);
#3496=VECTOR('',#13842,10.);
#3497=VECTOR('',#13843,10.);
#3498=VECTOR('',#13844,10.);
#3499=VECTOR('',#13845,10.);
#3500=VECTOR('',#13846,10.);
#3501=VECTOR('',#13847,10.);
#3502=VECTOR('',#13848,10.);
#3503=VECTOR('',#13849,10.);
#3504=VECTOR('',#13850,10.);
#3505=VECTOR('',#13851,10.);
#3506=VECTOR('',#13852,10.);
#3507=VECTOR('',#13853,10.);
#3508=VECTOR('',#13854,10.);
#3509=VECTOR('',#13855,10.);
#3510=VECTOR('',#13856,10.);
#3511=VECTOR('',#13857,10.);
#3512=VECTOR('',#13858,10.);
#3513=VECTOR('',#13859,10.);
#3514=VECTOR('',#13860,10.);
#3515=VECTOR('',#13861,10.);
#3516=VECTOR('',#13862,10.);
#3517=VECTOR('',#13863,10.);
#3518=VECTOR('',#13864,10.);
#3519=VECTOR('',#13865,10.);
#3520=VECTOR('',#13866,10.);
#3521=VECTOR('',#13867,10.);
#3522=VECTOR('',#13868,10.);
#3523=VECTOR('',#13869,10.);
#3524=VECTOR('',#13870,10.);
#3525=VECTOR('',#13871,10.);
#3526=VECTOR('',#13872,10.);
#3527=VECTOR('',#13873,10.);
#3528=VECTOR('',#13874,10.);
#3529=VECTOR('',#13875,10.);
#3530=VECTOR('',#13876,10.);
#3531=VECTOR('',#13877,10.);
#3532=VECTOR('',#13878,10.);
#3533=VECTOR('',#13879,10.);
#3534=VECTOR('',#13880,10.);
#3535=VECTOR('',#13881,10.);
#3536=VECTOR('',#13882,10.);
#3537=VECTOR('',#13883,10.);
#3538=VECTOR('',#13884,10.);
#3539=VECTOR('',#13885,10.);
#3540=VECTOR('',#13886,10.);
#3541=VECTOR('',#13887,10.);
#3542=VECTOR('',#13888,10.);
#3543=VECTOR('',#13889,10.);
#3544=VECTOR('',#13890,10.);
#3545=VECTOR('',#13891,10.);
#3546=VECTOR('',#13892,10.);
#3547=VECTOR('',#13893,10.);
#3548=VECTOR('',#13894,10.);
#3549=VECTOR('',#13895,10.);
#3550=VECTOR('',#13896,10.);
#3551=VECTOR('',#13897,10.);
#3552=VECTOR('',#13898,10.);
#3553=VECTOR('',#13899,10.);
#3554=VECTOR('',#13900,10.);
#3555=VECTOR('',#13901,10.);
#3556=VECTOR('',#13902,10.);
#3557=VECTOR('',#13903,10.);
#3558=VECTOR('',#13904,10.);
#3559=VECTOR('',#13905,10.);
#3560=VECTOR('',#13906,10.);
#3561=VECTOR('',#13907,10.);
#3562=VECTOR('',#13908,10.);
#3563=VECTOR('',#13909,10.);
#3564=VECTOR('',#13910,10.);
#3565=VECTOR('',#13911,10.);
#3566=VECTOR('',#13912,10.);
#3567=VECTOR('',#13913,10.);
#3568=VECTOR('',#13914,10.);
#3569=VECTOR('',#13915,10.);
#3570=VECTOR('',#13916,10.);
#3571=VECTOR('',#13917,10.);
#3572=VECTOR('',#13918,10.);
#3573=VECTOR('',#13919,10.);
#3574=VECTOR('',#13920,10.);
#3575=VECTOR('',#13921,10.);
#3576=VECTOR('',#13922,10.);
#3577=VECTOR('',#13923,10.);
#3578=VECTOR('',#13924,10.);
#3579=VECTOR('',#13925,10.);
#3580=VECTOR('',#13926,10.);
#3581=VECTOR('',#13927,10.);
#3582=VECTOR('',#13928,10.);
#3583=VECTOR('',#13929,10.);
#3584=VECTOR('',#13930,10.);
#3585=VECTOR('',#13931,10.);
#3586=VECTOR('',#13932,10.);
#3587=VECTOR('',#13933,10.);
#3588=VECTOR('',#13934,10.);
#3589=VECTOR('',#13935,10.);
#3590=VECTOR('',#13936,10.);
#3591=VECTOR('',#13937,10.);
#3592=VECTOR('',#13938,10.);
#3593=VECTOR('',#13939,10.);
#3594=VECTOR('',#13940,10.);
#3595=VECTOR('',#13941,10.);
#3596=VECTOR('',#13942,10.);
#3597=VECTOR('',#13943,10.);
#3598=VECTOR('',#13944,10.);
#3599=VECTOR('',#13945,10.);
#3600=VECTOR('',#13946,10.);
#3601=VECTOR('',#13947,10.);
#3602=VECTOR('',#13948,10.);
#3603=VECTOR('',#13949,10.);
#3604=VECTOR('',#13950,10.);
#3605=VECTOR('',#13951,10.);
#3606=VECTOR('',#13952,10.);
#3607=VECTOR('',#13953,10.);
#3608=VECTOR('',#13954,10.);
#3609=VECTOR('',#13955,10.);
#3610=VECTOR('',#13956,10.);
#3611=VECTOR('',#13957,10.);
#3612=VECTOR('',#13958,10.);
#3613=VECTOR('',#13959,10.);
#3614=VECTOR('',#13960,10.);
#3615=VECTOR('',#13961,10.);
#3616=VECTOR('',#13962,10.);
#3617=VECTOR('',#13963,10.);
#3618=VECTOR('',#13964,10.);
#3619=VECTOR('',#13965,10.);
#3620=VECTOR('',#13966,10.);
#3621=VECTOR('',#13967,10.);
#3622=VECTOR('',#13968,10.);
#3623=VECTOR('',#13969,10.);
#3624=VECTOR('',#13970,10.);
#3625=VECTOR('',#13971,10.);
#3626=VECTOR('',#13972,10.);
#3627=VECTOR('',#13973,10.);
#3628=VECTOR('',#13974,10.);
#3629=VECTOR('',#13975,10.);
#3630=VECTOR('',#13976,10.);
#3631=VECTOR('',#13977,10.);
#3632=VECTOR('',#13978,10.);
#3633=VECTOR('',#13979,10.);
#3634=VECTOR('',#13980,10.);
#3635=VECTOR('',#13981,10.);
#3636=VECTOR('',#13982,10.);
#3637=VECTOR('',#13983,10.);
#3638=VECTOR('',#13984,10.);
#3639=VECTOR('',#13985,10.);
#3640=VECTOR('',#13986,10.);
#3641=VECTOR('',#13987,10.);
#3642=VECTOR('',#13988,10.);
#3643=VECTOR('',#13989,10.);
#3644=VECTOR('',#13990,10.);
#3645=VECTOR('',#13991,10.);
#3646=VECTOR('',#13992,10.);
#3647=VECTOR('',#13993,10.);
#3648=VECTOR('',#13994,10.);
#3649=VECTOR('',#13995,10.);
#3650=VECTOR('',#13996,10.);
#3651=VECTOR('',#13997,10.);
#3652=VECTOR('',#13998,10.);
#3653=VECTOR('',#13999,10.);
#3654=VECTOR('',#14000,10.);
#3655=VECTOR('',#14001,10.);
#3656=VECTOR('',#14002,10.);
#3657=VECTOR('',#14003,10.);
#3658=VECTOR('',#14004,10.);
#3659=VECTOR('',#14005,10.);
#3660=VECTOR('',#14006,10.);
#3661=VECTOR('',#14007,10.);
#3662=VECTOR('',#14008,10.);
#3663=VECTOR('',#14009,10.);
#3664=VECTOR('',#14010,10.);
#3665=VECTOR('',#14011,10.);
#3666=VECTOR('',#14012,10.);
#3667=VECTOR('',#14013,10.);
#3668=VECTOR('',#14014,10.);
#3669=VECTOR('',#14015,10.);
#3670=VECTOR('',#14016,10.);
#3671=VECTOR('',#14017,10.);
#3672=VECTOR('',#14018,10.);
#3673=VECTOR('',#14019,10.);
#3674=VECTOR('',#14020,10.);
#3675=VECTOR('',#14021,10.);
#3676=VECTOR('',#14022,10.);
#3677=VECTOR('',#14023,10.);
#3678=VECTOR('',#14024,10.);
#3679=VECTOR('',#14025,10.);
#3680=VECTOR('',#14026,10.);
#3681=VECTOR('',#14027,10.);
#3682=VECTOR('',#14028,10.);
#3683=VECTOR('',#14029,10.);
#3684=VECTOR('',#14030,10.);
#3685=VECTOR('',#14031,10.);
#3686=VECTOR('',#14032,10.);
#3687=VECTOR('',#14033,10.);
#3688=VECTOR('',#14034,10.);
#3689=VECTOR('',#14035,10.);
#3690=VECTOR('',#14036,10.);
#3691=VECTOR('',#14037,10.);
#3692=VECTOR('',#14038,10.);
#3693=VECTOR('',#14039,10.);
#3694=VECTOR('',#14040,10.);
#3695=VECTOR('',#14041,10.);
#3696=VECTOR('',#14042,10.);
#3697=VECTOR('',#14043,10.);
#3698=VECTOR('',#14044,10.);
#3699=VECTOR('',#14045,10.);
#3700=VECTOR('',#14046,10.);
#3701=VECTOR('',#14047,10.);
#3702=VECTOR('',#14048,10.);
#3703=VECTOR('',#14049,10.);
#3704=VECTOR('',#14050,10.);
#3705=VECTOR('',#14051,10.);
#3706=VECTOR('',#14052,10.);
#3707=VECTOR('',#14053,10.);
#3708=VECTOR('',#14054,10.);
#3709=VECTOR('',#14055,10.);
#3710=VECTOR('',#14056,10.);
#3711=VECTOR('',#14057,10.);
#3712=VECTOR('',#14058,10.);
#3713=VECTOR('',#14059,10.);
#3714=VECTOR('',#14060,10.);
#3715=VECTOR('',#14061,10.);
#3716=VECTOR('',#14062,10.);
#3717=VECTOR('',#14063,10.);
#3718=VECTOR('',#14064,10.);
#3719=VECTOR('',#14065,10.);
#3720=VECTOR('',#14066,10.);
#3721=VECTOR('',#14067,10.);
#3722=VECTOR('',#14068,10.);
#3723=VECTOR('',#14069,10.);
#3724=VECTOR('',#14070,10.);
#3725=VECTOR('',#14071,10.);
#3726=VECTOR('',#14072,10.);
#3727=VECTOR('',#14073,10.);
#3728=VECTOR('',#14074,10.);
#3729=VECTOR('',#14075,10.);
#3730=VECTOR('',#14076,10.);
#3731=VECTOR('',#14077,10.);
#3732=VECTOR('',#14078,10.);
#3733=VECTOR('',#14079,10.);
#3734=VECTOR('',#14080,10.);
#3735=VECTOR('',#14081,10.);
#3736=VECTOR('',#14082,10.);
#3737=VECTOR('',#14083,10.);
#3738=VECTOR('',#14084,10.);
#3739=VECTOR('',#14085,10.);
#3740=VECTOR('',#14086,10.);
#3741=VECTOR('',#14087,10.);
#3742=VECTOR('',#14088,10.);
#3743=VECTOR('',#14089,10.);
#3744=VECTOR('',#14090,10.);
#3745=VECTOR('',#14091,10.);
#3746=VECTOR('',#14092,10.);
#3747=VECTOR('',#14093,10.);
#3748=VECTOR('',#14094,10.);
#3749=VECTOR('',#14095,10.);
#3750=VECTOR('',#14096,10.);
#3751=VECTOR('',#14097,10.);
#3752=VECTOR('',#14098,10.);
#3753=VECTOR('',#14099,10.);
#3754=VECTOR('',#14100,10.);
#3755=VECTOR('',#14101,10.);
#3756=VECTOR('',#14102,10.);
#3757=VECTOR('',#14103,10.);
#3758=VECTOR('',#14104,10.);
#3759=VECTOR('',#14105,10.);
#3760=VECTOR('',#14106,10.);
#3761=VECTOR('',#14107,10.);
#3762=VECTOR('',#14108,10.);
#3763=VECTOR('',#14109,10.);
#3764=VECTOR('',#14110,10.);
#3765=VECTOR('',#14111,10.);
#3766=VECTOR('',#14112,10.);
#3767=VECTOR('',#14113,10.);
#3768=VECTOR('',#14114,10.);
#3769=VECTOR('',#14115,10.);
#3770=VECTOR('',#14116,10.);
#3771=VECTOR('',#14117,10.);
#3772=VECTOR('',#14118,10.);
#3773=VECTOR('',#14119,10.);
#3774=VECTOR('',#14120,10.);
#3775=VECTOR('',#14121,10.);
#3776=VECTOR('',#14124,10.);
#3777=VECTOR('',#14125,10.);
#3778=VECTOR('',#14140,10.);
#3779=VECTOR('',#14141,10.);
#3780=VECTOR('',#14142,10.);
#3781=VECTOR('',#14145,10.);
#3782=VECTOR('',#14146,10.);
#3783=VECTOR('',#14151,10.);
#3784=VECTOR('',#14152,10.);
#3785=VECTOR('',#14153,10.);
#3786=VECTOR('',#14170,10.);
#3787=VECTOR('',#14173,10.);
#3788=VECTOR('',#14178,10.);
#3789=VECTOR('',#14187,10.);
#3790=VECTOR('',#14194,10.);
#3791=VECTOR('',#14199,10.);
#3792=VECTOR('',#14202,10.);
#3793=VECTOR('',#14205,10.);
#3794=VECTOR('',#14220,10.);
#3795=VECTOR('',#14225,10.);
#3796=VECTOR('',#14226,10.);
#3797=VECTOR('',#14231,10.);
#3798=VECTOR('',#14232,10.);
#3799=VECTOR('',#14233,10.);
#3800=VECTOR('',#14234,10.);
#3801=VECTOR('',#14237,10.);
#3802=VECTOR('',#14244,10.);
#3803=VECTOR('',#14249,10.);
#3804=VECTOR('',#14252,10.);
#3805=VECTOR('',#14253,10.);
#3806=VECTOR('',#14254,10.);
#3807=VECTOR('',#14257,10.);
#3808=VECTOR('',#14258,10.);
#3809=VECTOR('',#14259,10.);
#3810=VECTOR('',#14262,10.);
#3811=VECTOR('',#14263,10.);
#3812=VECTOR('',#14264,10.);
#3813=VECTOR('',#14267,10.);
#3814=VECTOR('',#14268,10.);
#3815=VECTOR('',#14269,10.);
#3816=VECTOR('',#14278,10.);
#3817=VECTOR('',#14311,10.);
#3818=VECTOR('',#14324,10.);
#3819=VECTOR('',#14327,10.);
#3820=VECTOR('',#14330,10.);
#3821=VECTOR('',#14333,10.);
#3822=VECTOR('',#14336,10.);
#3823=VECTOR('',#14343,10.);
#3824=VECTOR('',#14344,10.);
#3825=VECTOR('',#14345,10.);
#3826=VECTOR('',#14346,10.);
#3827=VECTOR('',#14347,10.);
#3828=VECTOR('',#14348,10.);
#3829=VECTOR('',#14349,10.);
#3830=VECTOR('',#14350,10.);
#3831=VECTOR('',#14351,10.);
#3832=VECTOR('',#14352,10.);
#3833=VECTOR('',#14353,10.);
#3834=VECTOR('',#14354,10.);
#3835=VECTOR('',#14355,10.);
#3836=VECTOR('',#14356,10.);
#3837=VECTOR('',#14357,10.);
#3838=VECTOR('',#14358,10.);
#3839=VECTOR('',#14359,10.);
#3840=VECTOR('',#14360,10.);
#3841=VECTOR('',#14361,10.);
#3842=VECTOR('',#14362,10.);
#3843=VECTOR('',#14363,10.);
#3844=VECTOR('',#14364,10.);
#3845=VECTOR('',#14365,10.);
#3846=VECTOR('',#14366,10.);
#3847=VECTOR('',#14367,10.);
#3848=VECTOR('',#14368,10.);
#3849=VECTOR('',#14369,10.);
#3850=VECTOR('',#14370,10.);
#3851=VECTOR('',#14371,10.);
#3852=VECTOR('',#14372,10.);
#3853=VECTOR('',#14375,10.);
#3854=VECTOR('',#14376,10.);
#3855=VECTOR('',#14377,10.);
#3856=VECTOR('',#14378,10.);
#3857=VECTOR('',#14379,10.);
#3858=VECTOR('',#14380,10.);
#3859=VECTOR('',#14381,10.);
#3860=VECTOR('',#14382,10.);
#3861=VECTOR('',#14383,10.);
#3862=VECTOR('',#14384,10.);
#3863=VECTOR('',#14385,10.);
#3864=VECTOR('',#14386,10.);
#3865=VECTOR('',#14387,10.);
#3866=VECTOR('',#14388,10.);
#3867=VECTOR('',#14389,10.);
#3868=VECTOR('',#14390,10.);
#3869=VECTOR('',#14391,10.);
#3870=VECTOR('',#14392,10.);
#3871=VECTOR('',#14393,10.);
#3872=VECTOR('',#14394,10.);
#3873=VECTOR('',#14395,10.);
#3874=VECTOR('',#14396,10.);
#3875=VECTOR('',#14397,10.);
#3876=VECTOR('',#14398,10.);
#3877=VECTOR('',#14399,10.);
#3878=VECTOR('',#14400,10.);
#3879=VECTOR('',#14401,10.);
#3880=VECTOR('',#14402,10.);
#3881=VECTOR('',#14403,10.);
#3882=VECTOR('',#14404,10.);
#3883=VECTOR('',#14407,10.);
#3884=VECTOR('',#14408,10.);
#3885=VECTOR('',#14409,10.);
#3886=VECTOR('',#14410,10.);
#3887=VECTOR('',#14411,10.);
#3888=VECTOR('',#14412,10.);
#3889=VECTOR('',#14413,10.);
#3890=VECTOR('',#14414,10.);
#3891=VECTOR('',#14415,10.);
#3892=VECTOR('',#14416,10.);
#3893=VECTOR('',#14417,10.);
#3894=VECTOR('',#14418,10.);
#3895=VECTOR('',#14419,10.);
#3896=VECTOR('',#14420,10.);
#3897=VECTOR('',#14421,10.);
#3898=VECTOR('',#14422,10.);
#3899=VECTOR('',#14423,10.);
#3900=VECTOR('',#14424,10.);
#3901=VECTOR('',#14425,10.);
#3902=VECTOR('',#14428,10.);
#3903=VECTOR('',#14429,10.);
#3904=VECTOR('',#14430,10.);
#3905=VECTOR('',#14431,10.);
#3906=VECTOR('',#14432,10.);
#3907=VECTOR('',#14433,10.);
#3908=VECTOR('',#14434,10.);
#3909=VECTOR('',#14435,10.);
#3910=VECTOR('',#14436,10.);
#3911=VECTOR('',#14437,10.);
#3912=VECTOR('',#14438,10.);
#3913=VECTOR('',#14439,10.);
#3914=VECTOR('',#14440,10.);
#3915=VECTOR('',#14441,10.);
#3916=VECTOR('',#14442,10.);
#3917=VECTOR('',#14443,10.);
#3918=VECTOR('',#14444,10.);
#3919=VECTOR('',#14445,10.);
#3920=VECTOR('',#14446,10.);
#3921=VECTOR('',#14449,10.);
#3922=VECTOR('',#14454,10.);
#3923=VECTOR('',#14457,10.);
#3924=VECTOR('',#14462,10.);
#3925=VECTOR('',#14465,10.);
#3926=VECTOR('',#14472,10.);
#3927=VECTOR('',#14473,10.);
#3928=VECTOR('',#14474,10.);
#3929=VECTOR('',#14475,10.);
#3930=VECTOR('',#14476,10.);
#3931=VECTOR('',#14477,10.);
#3932=VECTOR('',#14478,10.);
#3933=VECTOR('',#14479,10.);
#3934=VECTOR('',#14480,10.);
#3935=VECTOR('',#14481,10.);
#3936=VECTOR('',#14482,10.);
#3937=VECTOR('',#14483,10.);
#3938=VECTOR('',#14484,10.);
#3939=VECTOR('',#14485,10.);
#3940=VECTOR('',#14486,10.);
#3941=VECTOR('',#14487,10.);
#3942=VECTOR('',#14488,10.);
#3943=VECTOR('',#14489,10.);
#3944=VECTOR('',#14490,10.);
#3945=VECTOR('',#14491,10.);
#3946=VECTOR('',#14492,10.);
#3947=VECTOR('',#14493,10.);
#3948=VECTOR('',#14494,10.);
#3949=VECTOR('',#14495,10.);
#3950=VECTOR('',#14496,10.);
#3951=VECTOR('',#14497,10.);
#3952=VECTOR('',#14498,10.);
#3953=VECTOR('',#14499,10.);
#3954=VECTOR('',#14500,10.);
#3955=VECTOR('',#14501,10.);
#3956=VECTOR('',#14502,10.);
#3957=VECTOR('',#14503,10.);
#3958=VECTOR('',#14504,10.);
#3959=VECTOR('',#14505,10.);
#3960=VECTOR('',#14506,10.);
#3961=VECTOR('',#14507,10.);
#3962=VECTOR('',#14508,10.);
#3963=VECTOR('',#14509,10.);
#3964=VECTOR('',#14510,10.);
#3965=VECTOR('',#14511,10.);
#3966=VECTOR('',#14512,10.);
#3967=VECTOR('',#14513,10.);
#3968=VECTOR('',#14514,10.);
#3969=VECTOR('',#14515,10.);
#3970=VECTOR('',#14516,10.);
#3971=VECTOR('',#14517,10.);
#3972=VECTOR('',#14518,10.);
#3973=VECTOR('',#14519,10.);
#3974=VECTOR('',#14520,10.);
#3975=VECTOR('',#14521,10.);
#3976=VECTOR('',#14522,10.);
#3977=VECTOR('',#14523,10.);
#3978=VECTOR('',#14524,10.);
#3979=VECTOR('',#14525,10.);
#3980=VECTOR('',#14526,10.);
#3981=VECTOR('',#14527,10.);
#3982=VECTOR('',#14528,10.);
#3983=VECTOR('',#14529,10.);
#3984=VECTOR('',#14530,10.);
#3985=VECTOR('',#14531,10.);
#3986=VECTOR('',#14532,10.);
#3987=VECTOR('',#14533,10.);
#3988=VECTOR('',#14534,10.);
#3989=VECTOR('',#14535,10.);
#3990=VECTOR('',#14536,10.);
#3991=VECTOR('',#14537,10.);
#3992=VECTOR('',#14538,10.);
#3993=VECTOR('',#14539,10.);
#3994=VECTOR('',#14540,10.);
#3995=VECTOR('',#14541,10.);
#3996=VECTOR('',#14542,10.);
#3997=VECTOR('',#14543,10.);
#3998=VECTOR('',#14544,10.);
#3999=VECTOR('',#14545,10.);
#4000=VECTOR('',#14546,10.);
#4001=VECTOR('',#14547,10.);
#4002=VECTOR('',#14548,10.);
#4003=VECTOR('',#14549,10.);
#4004=VECTOR('',#14550,10.);
#4005=VECTOR('',#14551,10.);
#4006=VECTOR('',#14552,10.);
#4007=VECTOR('',#14553,10.);
#4008=VECTOR('',#14554,10.);
#4009=VECTOR('',#14555,10.);
#4010=VECTOR('',#14556,10.);
#4011=VECTOR('',#14557,10.);
#4012=VECTOR('',#14558,10.);
#4013=VECTOR('',#14559,10.);
#4014=VECTOR('',#14560,10.);
#4015=VECTOR('',#14561,10.);
#4016=VECTOR('',#14562,10.);
#4017=VECTOR('',#14563,10.);
#4018=VECTOR('',#14564,10.);
#4019=VECTOR('',#14565,10.);
#4020=VECTOR('',#14566,10.);
#4021=VECTOR('',#14567,10.);
#4022=VECTOR('',#14568,10.);
#4023=VECTOR('',#14569,10.);
#4024=VECTOR('',#14570,10.);
#4025=VECTOR('',#14571,10.);
#4026=VECTOR('',#14572,10.);
#4027=VECTOR('',#14573,10.);
#4028=VECTOR('',#14574,10.);
#4029=VECTOR('',#14575,10.);
#4030=VECTOR('',#14576,10.);
#4031=VECTOR('',#14577,10.);
#4032=VECTOR('',#14578,10.);
#4033=VECTOR('',#14579,10.);
#4034=VECTOR('',#14580,10.);
#4035=VECTOR('',#14581,10.);
#4036=VECTOR('',#14582,10.);
#4037=VECTOR('',#14583,10.);
#4038=VECTOR('',#14584,10.);
#4039=VECTOR('',#14585,10.);
#4040=VECTOR('',#14586,10.);
#4041=VECTOR('',#14587,10.);
#4042=VECTOR('',#14588,10.);
#4043=VECTOR('',#14589,10.);
#4044=VECTOR('',#14590,10.);
#4045=VECTOR('',#14591,10.);
#4046=VECTOR('',#14592,10.);
#4047=VECTOR('',#14593,10.);
#4048=VECTOR('',#14594,10.);
#4049=VECTOR('',#14595,10.);
#4050=VECTOR('',#14596,10.);
#4051=VECTOR('',#14597,10.);
#4052=VECTOR('',#14598,10.);
#4053=VECTOR('',#14599,10.);
#4054=VECTOR('',#14600,10.);
#4055=VECTOR('',#14601,10.);
#4056=VECTOR('',#14602,10.);
#4057=VECTOR('',#14603,10.);
#4058=VECTOR('',#14604,10.);
#4059=VECTOR('',#14605,10.);
#4060=VECTOR('',#14606,10.);
#4061=VECTOR('',#14607,10.);
#4062=VECTOR('',#14608,10.);
#4063=VECTOR('',#14609,10.);
#4064=VECTOR('',#14610,10.);
#4065=VECTOR('',#14611,10.);
#4066=VECTOR('',#14612,10.);
#4067=VECTOR('',#14613,10.);
#4068=VECTOR('',#14614,10.);
#4069=VECTOR('',#14615,10.);
#4070=VECTOR('',#14616,10.);
#4071=VECTOR('',#14617,10.);
#4072=VECTOR('',#14618,10.);
#4073=VECTOR('',#14619,10.);
#4074=VECTOR('',#14620,10.);
#4075=VECTOR('',#14621,10.);
#4076=VECTOR('',#14622,10.);
#4077=VECTOR('',#14623,10.);
#4078=VECTOR('',#14624,10.);
#4079=VECTOR('',#14625,10.);
#4080=VECTOR('',#14626,10.);
#4081=VECTOR('',#14627,10.);
#4082=VECTOR('',#14628,10.);
#4083=VECTOR('',#14629,10.);
#4084=VECTOR('',#14630,10.);
#4085=VECTOR('',#14631,10.);
#4086=VECTOR('',#14632,10.);
#4087=VECTOR('',#14633,10.);
#4088=VECTOR('',#14634,10.);
#4089=VECTOR('',#14635,10.);
#4090=VECTOR('',#14636,10.);
#4091=VECTOR('',#14637,10.);
#4092=VECTOR('',#14638,10.);
#4093=VECTOR('',#14639,10.);
#4094=VECTOR('',#14640,10.);
#4095=VECTOR('',#14641,10.);
#4096=VECTOR('',#14642,10.);
#4097=VECTOR('',#14643,10.);
#4098=VECTOR('',#14644,10.);
#4099=VECTOR('',#14645,10.);
#4100=VECTOR('',#14646,10.);
#4101=VECTOR('',#14647,10.);
#4102=VECTOR('',#14648,10.);
#4103=VECTOR('',#14649,10.);
#4104=VECTOR('',#14650,10.);
#4105=VECTOR('',#14651,10.);
#4106=VECTOR('',#14652,10.);
#4107=VECTOR('',#14653,10.);
#4108=VECTOR('',#14654,10.);
#4109=VECTOR('',#14655,10.);
#4110=VECTOR('',#14656,10.);
#4111=VECTOR('',#14657,10.);
#4112=VECTOR('',#14658,10.);
#4113=VECTOR('',#14659,10.);
#4114=VECTOR('',#14660,10.);
#4115=VECTOR('',#14661,10.);
#4116=VECTOR('',#14662,10.);
#4117=VECTOR('',#14663,10.);
#4118=VECTOR('',#14664,10.);
#4119=VECTOR('',#14665,10.);
#4120=VECTOR('',#14666,10.);
#4121=VECTOR('',#14667,10.);
#4122=VECTOR('',#14668,10.);
#4123=VECTOR('',#14669,10.);
#4124=VECTOR('',#14670,10.);
#4125=VECTOR('',#14671,10.);
#4126=VECTOR('',#14672,10.);
#4127=VECTOR('',#14673,10.);
#4128=VECTOR('',#14674,10.);
#4129=VECTOR('',#14675,10.);
#4130=VECTOR('',#14676,10.);
#4131=VECTOR('',#14677,10.);
#4132=VECTOR('',#14678,10.);
#4133=VECTOR('',#14679,10.);
#4134=VECTOR('',#14680,10.);
#4135=VECTOR('',#14681,10.);
#4136=VECTOR('',#14682,10.);
#4137=VECTOR('',#14683,10.);
#4138=VECTOR('',#14684,10.);
#4139=VECTOR('',#14685,10.);
#4140=VECTOR('',#14686,10.);
#4141=VECTOR('',#14687,10.);
#4142=VECTOR('',#14688,10.);
#4143=VECTOR('',#14689,10.);
#4144=VECTOR('',#14690,10.);
#4145=VECTOR('',#14691,10.);
#4146=VECTOR('',#14692,10.);
#4147=VECTOR('',#14693,10.);
#4148=VECTOR('',#14694,10.);
#4149=VECTOR('',#14695,10.);
#4150=VECTOR('',#14696,10.);
#4151=VECTOR('',#14697,10.);
#4152=VECTOR('',#14698,10.);
#4153=VECTOR('',#14699,10.);
#4154=VECTOR('',#14700,10.);
#4155=VECTOR('',#14701,10.);
#4156=VECTOR('',#14702,10.);
#4157=VECTOR('',#14703,10.);
#4158=VECTOR('',#14704,10.);
#4159=VECTOR('',#14705,10.);
#4160=VECTOR('',#14706,10.);
#4161=VECTOR('',#14707,10.);
#4162=VECTOR('',#14708,10.);
#4163=VECTOR('',#14709,10.);
#4164=VECTOR('',#14710,10.);
#4165=VECTOR('',#14711,10.);
#4166=VECTOR('',#14712,10.);
#4167=VECTOR('',#14713,10.);
#4168=VECTOR('',#14714,10.);
#4169=VECTOR('',#14715,10.);
#4170=VECTOR('',#14716,10.);
#4171=VECTOR('',#14717,10.);
#4172=VECTOR('',#14718,10.);
#4173=VECTOR('',#14719,10.);
#4174=VECTOR('',#14720,10.);
#4175=VECTOR('',#14721,10.);
#4176=VECTOR('',#14722,10.);
#4177=VECTOR('',#14723,10.);
#4178=VECTOR('',#14724,10.);
#4179=VECTOR('',#14725,10.);
#4180=VECTOR('',#14726,10.);
#4181=VECTOR('',#14727,10.);
#4182=VECTOR('',#14728,10.);
#4183=VECTOR('',#14729,10.);
#4184=VECTOR('',#14730,10.);
#4185=VECTOR('',#14731,10.);
#4186=VECTOR('',#14732,10.);
#4187=VECTOR('',#14733,10.);
#4188=VECTOR('',#14734,10.);
#4189=VECTOR('',#14735,10.);
#4190=VECTOR('',#14736,10.);
#4191=VECTOR('',#14737,10.);
#4192=VECTOR('',#14738,10.);
#4193=VECTOR('',#14739,10.);
#4194=VECTOR('',#14740,10.);
#4195=VECTOR('',#14741,10.);
#4196=VECTOR('',#14742,10.);
#4197=VECTOR('',#14743,10.);
#4198=VECTOR('',#14744,10.);
#4199=VECTOR('',#14745,10.);
#4200=VECTOR('',#14746,10.);
#4201=VECTOR('',#14747,10.);
#4202=VECTOR('',#14748,10.);
#4203=VECTOR('',#14749,10.);
#4204=VECTOR('',#14750,10.);
#4205=VECTOR('',#14751,10.);
#4206=VECTOR('',#14752,10.);
#4207=VECTOR('',#14753,10.);
#4208=VECTOR('',#14754,10.);
#4209=VECTOR('',#14755,10.);
#4210=VECTOR('',#14756,10.);
#4211=VECTOR('',#14757,10.);
#4212=VECTOR('',#14758,10.);
#4213=VECTOR('',#14759,10.);
#4214=VECTOR('',#14760,10.);
#4215=VECTOR('',#14761,10.);
#4216=VECTOR('',#14762,10.);
#4217=VECTOR('',#14763,10.);
#4218=VECTOR('',#14764,10.);
#4219=VECTOR('',#14765,10.);
#4220=VECTOR('',#14766,10.);
#4221=VECTOR('',#14767,10.);
#4222=VECTOR('',#14768,10.);
#4223=VECTOR('',#14769,10.);
#4224=VECTOR('',#14770,10.);
#4225=VECTOR('',#14771,10.);
#4226=VECTOR('',#14772,10.);
#4227=VECTOR('',#14773,10.);
#4228=VECTOR('',#14774,10.);
#4229=VECTOR('',#14775,10.);
#4230=VECTOR('',#14776,10.);
#4231=VECTOR('',#14777,10.);
#4232=VECTOR('',#14778,10.);
#4233=VECTOR('',#14779,10.);
#4234=VECTOR('',#14780,10.);
#4235=VECTOR('',#14781,10.);
#4236=VECTOR('',#14782,10.);
#4237=VECTOR('',#14783,10.);
#4238=VECTOR('',#14784,10.);
#4239=VECTOR('',#14785,10.);
#4240=VECTOR('',#14786,10.);
#4241=VECTOR('',#14787,10.);
#4242=VECTOR('',#14788,10.);
#4243=VECTOR('',#14789,10.);
#4244=VECTOR('',#14790,10.);
#4245=VECTOR('',#14791,10.);
#4246=VECTOR('',#14792,10.);
#4247=VECTOR('',#14793,10.);
#4248=VECTOR('',#14794,10.);
#4249=VECTOR('',#14795,10.);
#4250=VECTOR('',#14796,10.);
#4251=VECTOR('',#14797,10.);
#4252=VECTOR('',#14798,10.);
#4253=VECTOR('',#14799,10.);
#4254=VECTOR('',#14800,10.);
#4255=VECTOR('',#14801,10.);
#4256=VECTOR('',#14802,10.);
#4257=VECTOR('',#14803,10.);
#4258=VECTOR('',#14804,10.);
#4259=VECTOR('',#14805,10.);
#4260=VECTOR('',#14806,10.);
#4261=VECTOR('',#14807,10.);
#4262=VECTOR('',#14808,10.);
#4263=VECTOR('',#14809,10.);
#4264=VECTOR('',#14810,10.);
#4265=VECTOR('',#14811,10.);
#4266=VECTOR('',#14812,10.);
#4267=VECTOR('',#14813,10.);
#4268=VECTOR('',#14814,10.);
#4269=VECTOR('',#14815,10.);
#4270=VECTOR('',#14816,10.);
#4271=VECTOR('',#14817,10.);
#4272=VECTOR('',#14818,10.);
#4273=VECTOR('',#14819,10.);
#4274=VECTOR('',#14820,10.);
#4275=VECTOR('',#14821,10.);
#4276=VECTOR('',#14822,10.);
#4277=VECTOR('',#14823,10.);
#4278=VECTOR('',#14824,10.);
#4279=VECTOR('',#14825,10.);
#4280=VECTOR('',#14826,10.);
#4281=VECTOR('',#14827,10.);
#4282=VECTOR('',#14828,10.);
#4283=VECTOR('',#14829,10.);
#4284=VECTOR('',#14830,10.);
#4285=VECTOR('',#14831,10.);
#4286=VECTOR('',#14832,10.);
#4287=VECTOR('',#14833,10.);
#4288=VECTOR('',#14834,10.);
#4289=VECTOR('',#14835,10.);
#4290=VECTOR('',#14836,10.);
#4291=VECTOR('',#14837,10.);
#4292=VECTOR('',#14838,10.);
#4293=VECTOR('',#14839,10.);
#4294=VECTOR('',#14840,10.);
#4295=VECTOR('',#14841,10.);
#4296=VECTOR('',#14842,10.);
#4297=VECTOR('',#14843,10.);
#4298=VECTOR('',#14846,10.);
#4299=VECTOR('',#14847,10.);
#4300=VECTOR('',#14850,10.);
#4301=VECTOR('',#14853,10.);
#4302=VECTOR('',#14856,10.);
#4303=VECTOR('',#14857,10.);
#4304=VECTOR('',#14860,10.);
#4305=VECTOR('',#14863,10.);
#4306=VECTOR('',#14866,10.);
#4307=VECTOR('',#14867,10.);
#4308=VECTOR('',#14870,10.);
#4309=VECTOR('',#14873,10.);
#4310=VECTOR('',#14876,10.);
#4311=VECTOR('',#14877,10.);
#4312=VECTOR('',#14880,10.);
#4313=VECTOR('',#14883,10.);
#4314=VECTOR('',#14886,10.);
#4315=VECTOR('',#14887,10.);
#4316=VECTOR('',#14890,10.);
#4317=VECTOR('',#14893,10.);
#4318=VECTOR('',#14896,10.);
#4319=VECTOR('',#14897,10.);
#4320=VECTOR('',#14900,10.);
#4321=VECTOR('',#14903,10.);
#4322=VECTOR('',#14906,10.);
#4323=VECTOR('',#14907,10.);
#4324=VECTOR('',#14910,10.);
#4325=VECTOR('',#14913,10.);
#4326=VECTOR('',#14916,10.);
#4327=VECTOR('',#14917,10.);
#4328=VECTOR('',#14920,10.);
#4329=VECTOR('',#14923,10.);
#4330=VECTOR('',#14926,10.);
#4331=VECTOR('',#14927,10.);
#4332=VECTOR('',#14930,10.);
#4333=VECTOR('',#14933,10.);
#4334=VECTOR('',#14936,10.);
#4335=VECTOR('',#14937,10.);
#4336=VECTOR('',#14940,10.);
#4337=VECTOR('',#14943,10.);
#4338=VECTOR('',#14946,10.);
#4339=VECTOR('',#14947,10.);
#4340=VECTOR('',#14950,10.);
#4341=VECTOR('',#14953,10.);
#4342=VECTOR('',#14956,10.);
#4343=VECTOR('',#14957,10.);
#4344=VECTOR('',#14960,10.);
#4345=VECTOR('',#14963,10.);
#4346=VECTOR('',#14966,10.);
#4347=VECTOR('',#14967,10.);
#4348=VECTOR('',#14970,10.);
#4349=VECTOR('',#14973,10.);
#4350=VECTOR('',#14976,10.);
#4351=VECTOR('',#14977,10.);
#4352=VECTOR('',#14980,10.);
#4353=VECTOR('',#14983,10.);
#4354=VECTOR('',#14986,10.);
#4355=VECTOR('',#14987,10.);
#4356=VECTOR('',#14990,10.);
#4357=VECTOR('',#14993,10.);
#4358=VECTOR('',#14996,10.);
#4359=VECTOR('',#14997,10.);
#4360=VECTOR('',#15000,10.);
#4361=VECTOR('',#15003,10.);
#4362=VECTOR('',#15006,10.);
#4363=VECTOR('',#15007,10.);
#4364=VECTOR('',#15010,10.);
#4365=VECTOR('',#15013,10.);
#4366=VECTOR('',#15016,10.);
#4367=VECTOR('',#15017,10.);
#4368=VECTOR('',#15020,10.);
#4369=VECTOR('',#15023,10.);
#4370=VECTOR('',#15026,10.);
#4371=VECTOR('',#15027,10.);
#4372=VECTOR('',#15030,10.);
#4373=VECTOR('',#15033,10.);
#4374=VECTOR('',#15036,10.);
#4375=VECTOR('',#15037,10.);
#4376=VECTOR('',#15040,10.);
#4377=VECTOR('',#15043,10.);
#4378=VECTOR('',#15046,10.);
#4379=VECTOR('',#15047,10.);
#4380=VECTOR('',#15050,10.);
#4381=VECTOR('',#15053,10.);
#4382=VECTOR('',#15056,10.);
#4383=VECTOR('',#15057,10.);
#4384=VECTOR('',#15060,10.);
#4385=VECTOR('',#15063,10.);
#4386=VECTOR('',#15066,10.);
#4387=VECTOR('',#15067,10.);
#4388=VECTOR('',#15070,10.);
#4389=VECTOR('',#15073,10.);
#4390=VECTOR('',#15076,10.);
#4391=VECTOR('',#15077,10.);
#4392=VECTOR('',#15080,10.);
#4393=VECTOR('',#15083,10.);
#4394=VECTOR('',#15086,10.);
#4395=VECTOR('',#15087,10.);
#4396=VECTOR('',#15090,10.);
#4397=VECTOR('',#15093,10.);
#4398=VECTOR('',#15096,10.);
#4399=VECTOR('',#15097,10.);
#4400=VECTOR('',#15100,10.);
#4401=VECTOR('',#15103,10.);
#4402=VECTOR('',#15106,10.);
#4403=VECTOR('',#15107,10.);
#4404=VECTOR('',#15110,10.);
#4405=VECTOR('',#15113,10.);
#4406=VECTOR('',#15116,10.);
#4407=VECTOR('',#15117,10.);
#4408=VECTOR('',#15120,10.);
#4409=VECTOR('',#15123,10.);
#4410=VECTOR('',#15126,10.);
#4411=VECTOR('',#15127,10.);
#4412=VECTOR('',#15130,10.);
#4413=VECTOR('',#15133,10.);
#4414=VECTOR('',#15136,10.);
#4415=VECTOR('',#15137,10.);
#4416=VECTOR('',#15140,10.);
#4417=VECTOR('',#15143,10.);
#4418=VECTOR('',#15146,10.);
#4419=VECTOR('',#15147,10.);
#4420=VECTOR('',#15150,10.);
#4421=VECTOR('',#15153,10.);
#4422=VECTOR('',#15156,10.);
#4423=VECTOR('',#15157,10.);
#4424=VECTOR('',#15160,10.);
#4425=VECTOR('',#15163,10.);
#4426=VECTOR('',#15166,10.);
#4427=VECTOR('',#15167,10.);
#4428=VECTOR('',#15170,10.);
#4429=VECTOR('',#15173,10.);
#4430=VECTOR('',#15176,10.);
#4431=VECTOR('',#15177,10.);
#4432=VECTOR('',#15180,10.);
#4433=VECTOR('',#15183,10.);
#4434=VECTOR('',#15186,10.);
#4435=VECTOR('',#15187,10.);
#4436=VECTOR('',#15190,10.);
#4437=VECTOR('',#15193,10.);
#4438=VECTOR('',#15196,10.);
#4439=VECTOR('',#15197,10.);
#4440=VECTOR('',#15200,10.);
#4441=VECTOR('',#15203,10.);
#4442=VECTOR('',#15206,10.);
#4443=VECTOR('',#15207,10.);
#4444=VECTOR('',#15210,10.);
#4445=VECTOR('',#15213,10.);
#4446=VECTOR('',#15216,10.);
#4447=VECTOR('',#15219,10.);
#4448=VECTOR('',#15222,10.);
#4449=VECTOR('',#15225,10.);
#4450=VECTOR('',#15228,10.);
#4451=VECTOR('',#15231,10.);
#4452=VECTOR('',#15234,10.);
#4453=VECTOR('',#15237,10.);
#4454=VECTOR('',#15242,10.);
#4455=VECTOR('',#15245,10.);
#4456=VECTOR('',#15248,10.);
#4457=VECTOR('',#15251,10.);
#4458=VECTOR('',#15254,10.);
#4459=VECTOR('',#15257,10.);
#4460=VECTOR('',#15260,10.);
#4461=VECTOR('',#15265,10.);
#4462=VECTOR('',#15268,10.);
#4463=VECTOR('',#15271,10.);
#4464=VECTOR('',#15274,10.);
#4465=VECTOR('',#15277,10.);
#4466=VECTOR('',#15280,10.);
#4467=VECTOR('',#15283,10.);
#4468=VECTOR('',#15286,10.);
#4469=VECTOR('',#15291,10.);
#4470=VECTOR('',#15294,10.);
#4471=VECTOR('',#15297,10.);
#4472=VECTOR('',#15300,10.);
#4473=VECTOR('',#15303,10.);
#4474=VECTOR('',#15306,10.);
#4475=VECTOR('',#15309,10.);
#4476=VECTOR('',#15312,10.);
#4477=VECTOR('',#15317,10.);
#4478=VECTOR('',#15320,10.);
#4479=VECTOR('',#15323,10.);
#4480=VECTOR('',#15326,10.);
#4481=VECTOR('',#15329,10.);
#4482=VECTOR('',#15332,10.);
#4483=VECTOR('',#15335,10.);
#4484=VECTOR('',#15338,10.);
#4485=VECTOR('',#15343,10.);
#4486=VECTOR('',#15346,10.);
#4487=VECTOR('',#15349,10.);
#4488=VECTOR('',#15352,10.);
#4489=VECTOR('',#15355,10.);
#4490=VECTOR('',#15360,10.);
#4491=VECTOR('',#15363,10.);
#4492=VECTOR('',#15366,10.);
#4493=VECTOR('',#15369,10.);
#4494=VECTOR('',#15372,10.);
#4495=VECTOR('',#15377,10.);
#4496=VECTOR('',#15380,10.);
#4497=VECTOR('',#15383,10.);
#4498=VECTOR('',#15386,10.);
#4499=VECTOR('',#15389,10.);
#4500=VECTOR('',#15394,10.);
#4501=VECTOR('',#15397,10.);
#4502=VECTOR('',#15402,10.);
#4503=VECTOR('',#15405,10.);
#4504=VECTOR('',#15408,10.);
#4505=VECTOR('',#15411,10.);
#4506=VECTOR('',#15416,10.);
#4507=VECTOR('',#15419,10.);
#4508=VECTOR('',#15424,10.);
#4509=VECTOR('',#15427,10.);
#4510=VECTOR('',#15430,10.);
#4511=VECTOR('',#15433,10.);
#4512=VECTOR('',#15438,10.);
#4513=VECTOR('',#15441,10.);
#4514=VECTOR('',#15446,10.);
#4515=VECTOR('',#15449,10.);
#4516=VECTOR('',#15452,10.);
#4517=VECTOR('',#15455,10.);
#4518=VECTOR('',#15460,10.);
#4519=VECTOR('',#15463,10.);
#4520=VECTOR('',#15470,10.);
#4521=VECTOR('',#15487,10.);
#4522=VECTOR('',#15500,10.);
#4523=VECTOR('',#15503,10.);
#4524=VECTOR('',#15508,10.);
#4525=VECTOR('',#15509,10.);
#4526=VECTOR('',#15520,10.);
#4527=VECTOR('',#15537,10.);
#4528=VECTOR('',#15562,10.);
#4529=VECTOR('',#15565,10.);
#4530=VECTOR('',#15570,10.);
#4531=VECTOR('',#15573,10.);
#4532=VECTOR('',#15580,10.);
#4533=VECTOR('',#15583,10.);
#4534=VECTOR('',#15588,10.);
#4535=VECTOR('',#15591,10.);
#4536=VECTOR('',#15596,10.);
#4537=VECTOR('',#15597,10.);
#4538=VECTOR('',#15602,10.);
#4539=VECTOR('',#15605,10.);
#4540=VECTOR('',#15608,10.);
#4541=VECTOR('',#15613,10.);
#4542=VECTOR('',#15616,10.);
#4543=VECTOR('',#15621,10.);
#4544=VECTOR('',#15624,10.);
#4545=VECTOR('',#15629,10.);
#4546=VECTOR('',#15632,10.);
#4547=VECTOR('',#15637,10.);
#4548=VECTOR('',#15640,10.);
#4549=VECTOR('',#15645,10.);
#4550=VECTOR('',#15648,10.);
#4551=VECTOR('',#15653,10.);
#4552=VECTOR('',#15656,10.);
#4553=VECTOR('',#15661,10.);
#4554=VECTOR('',#15664,10.);
#4555=VECTOR('',#15669,10.);
#4556=VECTOR('',#15670,10.);
#4557=VECTOR('',#15675,10.);
#4558=VECTOR('',#15678,10.);
#4559=VECTOR('',#15681,10.);
#4560=VECTOR('',#15686,10.);
#4561=VECTOR('',#15689,10.);
#4562=VECTOR('',#15694,10.);
#4563=VECTOR('',#15697,10.);
#4564=VECTOR('',#15702,10.);
#4565=VECTOR('',#15705,10.);
#4566=VECTOR('',#15710,10.);
#4567=VECTOR('',#15713,10.);
#4568=VECTOR('',#15718,10.);
#4569=VECTOR('',#15721,10.);
#4570=VECTOR('',#15726,10.);
#4571=VECTOR('',#15727,10.);
#4572=VECTOR('',#15732,10.);
#4573=VECTOR('',#15735,10.);
#4574=VECTOR('',#15738,10.);
#4575=VECTOR('',#15743,10.);
#4576=VECTOR('',#15746,10.);
#4577=VECTOR('',#15751,10.);
#4578=VECTOR('',#15754,10.);
#4579=VECTOR('',#15759,10.);
#4580=VECTOR('',#15762,10.);
#4581=VECTOR('',#15767,10.);
#4582=VECTOR('',#15770,10.);
#4583=VECTOR('',#15775,10.);
#4584=VECTOR('',#15778,10.);
#4585=VECTOR('',#15783,10.);
#4586=VECTOR('',#15784,10.);
#4587=VECTOR('',#15789,10.);
#4588=VECTOR('',#15792,10.);
#4589=VECTOR('',#15795,10.);
#4590=VECTOR('',#15800,10.);
#4591=VECTOR('',#15803,10.);
#4592=VECTOR('',#15808,10.);
#4593=VECTOR('',#15809,10.);
#4594=VECTOR('',#15814,10.);
#4595=VECTOR('',#15817,10.);
#4596=VECTOR('',#15820,10.);
#4597=VECTOR('',#15825,10.);
#4598=VECTOR('',#15828,10.);
#4599=VECTOR('',#15833,10.);
#4600=VECTOR('',#15836,10.);
#4601=VECTOR('',#15841,10.);
#4602=VECTOR('',#15844,10.);
#4603=VECTOR('',#15849,10.);
#4604=VECTOR('',#15852,10.);
#4605=VECTOR('',#15857,10.);
#4606=VECTOR('',#15860,10.);
#4607=VECTOR('',#15865,10.);
#4608=VECTOR('',#15868,10.);
#4609=VECTOR('',#15873,10.);
#4610=VECTOR('',#15876,10.);
#4611=VECTOR('',#15881,10.);
#4612=VECTOR('',#15884,10.);
#4613=VECTOR('',#15889,10.);
#4614=VECTOR('',#15892,10.);
#4615=VECTOR('',#15897,10.);
#4616=VECTOR('',#15900,10.);
#4617=VECTOR('',#15905,10.);
#4618=VECTOR('',#15906,10.);
#4619=VECTOR('',#15911,10.);
#4620=VECTOR('',#15914,10.);
#4621=VECTOR('',#15917,10.);
#4622=VECTOR('',#15922,10.);
#4623=VECTOR('',#15925,10.);
#4624=VECTOR('',#15930,10.);
#4625=VECTOR('',#15933,10.);
#4626=VECTOR('',#15938,10.);
#4627=VECTOR('',#15941,10.);
#4628=VECTOR('',#15946,10.);
#4629=VECTOR('',#15949,10.);
#4630=VECTOR('',#15954,10.);
#4631=VECTOR('',#15957,10.);
#4632=VECTOR('',#15962,10.);
#4633=VECTOR('',#15963,10.);
#4634=VECTOR('',#15966,10.);
#4635=VECTOR('',#15971,10.);
#4636=VECTOR('',#15974,10.);
#4637=VECTOR('',#15979,10.);
#4638=VECTOR('',#15982,10.);
#4639=VECTOR('',#15987,10.);
#4640=VECTOR('',#15990,10.);
#4641=VECTOR('',#15997,10.);
#4642=VECTOR('',#16000,10.);
#4643=VECTOR('',#16005,10.);
#4644=VECTOR('',#16006,10.);
#4645=VECTOR('',#16011,10.);
#4646=VECTOR('',#16014,10.);
#4647=VECTOR('',#16017,10.);
#4648=CIRCLE('',#12260,1.);
#4649=CIRCLE('',#12261,1.);
#4650=CIRCLE('',#12262,4.);
#4651=CIRCLE('',#12263,4.);
#4652=CIRCLE('',#12265,2.);
#4653=CIRCLE('',#12266,2.);
#4654=CIRCLE('',#12268,1.);
#4655=CIRCLE('',#12270,1.);
#4656=CIRCLE('',#12271,1.);
#4657=CIRCLE('',#12272,1.);
#4658=CIRCLE('',#12273,1.);
#4659=CIRCLE('',#12275,2.);
#4660=CIRCLE('',#12276,2.);
#4661=CIRCLE('',#12278,1.);
#4662=CIRCLE('',#12279,1.);
#4663=CIRCLE('',#12281,1.);
#4664=CIRCLE('',#12282,1.);
#4665=CIRCLE('',#12284,1.);
#4666=CIRCLE('',#12285,1.);
#4667=CIRCLE('',#12286,1.);
#4668=CIRCLE('',#12287,1.);
#4669=CIRCLE('',#12289,2.);
#4670=CIRCLE('',#12290,2.);
#4671=CIRCLE('',#12292,1.);
#4672=CIRCLE('',#12293,1.);
#4673=CIRCLE('',#12294,1.);
#4674=CIRCLE('',#12295,1.);
#4675=CIRCLE('',#12297,1.);
#4676=CIRCLE('',#12298,1.);
#4677=CIRCLE('',#12299,1.);
#4678=CIRCLE('',#12300,1.);
#4679=CIRCLE('',#12302,1.);
#4680=CIRCLE('',#12304,2.);
#4681=CIRCLE('',#12305,2.);
#4682=CIRCLE('',#12307,1.);
#4683=CIRCLE('',#12309,2.);
#4684=CIRCLE('',#12310,2.);
#4685=CIRCLE('',#12312,1.);
#4686=CIRCLE('',#12314,1.);
#4687=CIRCLE('',#12316,1.);
#4688=CIRCLE('',#12317,1.);
#4689=CIRCLE('',#12318,1.);
#4690=CIRCLE('',#12319,1.);
#4691=CIRCLE('',#12321,2.);
#4692=CIRCLE('',#12322,2.);
#4693=CIRCLE('',#12324,1.);
#4694=CIRCLE('',#12325,1.);
#4695=CIRCLE('',#12326,1.);
#4696=CIRCLE('',#12327,1.);
#4697=CIRCLE('',#12329,1.);
#4698=CIRCLE('',#12331,1.);
#4699=CIRCLE('',#12332,1.);
#4700=CIRCLE('',#12333,1.);
#4701=CIRCLE('',#12334,1.);
#4702=CIRCLE('',#12336,2.);
#4703=CIRCLE('',#12337,2.);
#4704=CIRCLE('',#12339,1.);
#4705=CIRCLE('',#12340,1.);
#4706=CIRCLE('',#12342,1.);
#4707=CIRCLE('',#12343,1.);
#4708=CIRCLE('',#12345,1.);
#4709=CIRCLE('',#12346,1.);
#4710=CIRCLE('',#12347,1.);
#4711=CIRCLE('',#12348,1.);
#4712=CIRCLE('',#12350,2.);
#4713=CIRCLE('',#12351,2.);
#4714=CIRCLE('',#12353,1.);
#4715=CIRCLE('',#12354,1.);
#4716=CIRCLE('',#12355,4.);
#4717=CIRCLE('',#12356,4.);
#4718=CIRCLE('',#12358,2.);
#4719=CIRCLE('',#12359,2.);
#4720=CIRCLE('',#12361,1.);
#4721=CIRCLE('',#12363,1.);
#4722=CIRCLE('',#12364,1.);
#4723=CIRCLE('',#12366,1.);
#4724=CIRCLE('',#12368,2.);
#4725=CIRCLE('',#12369,2.);
#4726=CIRCLE('',#12371,1.);
#4727=CIRCLE('',#12373,2.);
#4728=CIRCLE('',#12374,2.);
#4729=CIRCLE('',#12376,1.);
#4730=CIRCLE('',#12378,1.);
#4731=CIRCLE('',#12379,1.);
#4732=CIRCLE('',#12381,1.);
#4733=CIRCLE('',#12383,1.);
#4734=CIRCLE('',#12385,1.);
#4735=CIRCLE('',#12386,1.);
#4736=CIRCLE('',#12388,2.);
#4737=CIRCLE('',#12389,2.);
#4738=CIRCLE('',#12391,1.);
#4739=CIRCLE('',#12405,0.5);
#4740=CIRCLE('',#12406,0.5);
#4741=CIRCLE('',#12407,1.);
#4742=CIRCLE('',#12408,1.);
#4743=CIRCLE('',#12430,1.);
#4744=CIRCLE('',#12433,1.);
#4745=CIRCLE('',#12448,0.5);
#4746=CIRCLE('',#12451,3.5);
#4747=CIRCLE('',#12452,3.5);
#4748=CIRCLE('',#12453,3.5);
#4749=CIRCLE('',#12454,3.5);
#4750=CIRCLE('',#12456,0.499999999999998);
#4751=CIRCLE('',#12458,0.5);
#4752=CIRCLE('',#12461,0.5);
#4753=CIRCLE('',#12462,0.500000000000007);
#4754=CIRCLE('',#12464,0.5);
#4755=CIRCLE('',#12465,0.499999999999998);
#4756=CIRCLE('',#12467,3.5);
#4757=CIRCLE('',#12468,3.5);
#4758=CIRCLE('',#12470,3.5);
#4759=CIRCLE('',#12471,3.5);
#4760=CIRCLE('',#12474,0.5);
#4761=CIRCLE('',#12476,0.5);
#4762=CIRCLE('',#12478,0.499999999999998);
#4763=CIRCLE('',#12481,1.);
#4764=CIRCLE('',#12482,1.);
#4765=CIRCLE('',#12483,0.5);
#4766=CIRCLE('',#12485,0.5);
#4767=CIRCLE('',#12487,0.5);
#4768=CIRCLE('',#12488,0.499999999999998);
#4769=CIRCLE('',#12490,1.);
#4770=CIRCLE('',#12492,1.);
#4771=CIRCLE('',#12494,1.);
#4772=CIRCLE('',#12496,1.);
#4773=CIRCLE('',#12497,1.);
#4774=CIRCLE('',#12499,0.999999999999996);
#4775=CIRCLE('',#12502,0.999999999999999);
#4776=CIRCLE('',#12504,1.);
#4777=CIRCLE('',#12506,1.);
#4778=CIRCLE('',#12508,1.);
#4779=CIRCLE('',#12510,1.);
#4780=CIRCLE('',#12512,1.);
#4781=CIRCLE('',#12515,1.);
#4782=CIRCLE('',#12517,0.999999999999996);
#4783=CIRCLE('',#12519,0.999999999999996);
#4784=CIRCLE('',#12521,1.);
#4785=CIRCLE('',#12527,0.999999999999996);
#4786=CIRCLE('',#12528,0.999999999999996);
#4787=CIRCLE('',#12530,1.);
#4788=CIRCLE('',#12532,3.);
#4789=CIRCLE('',#12534,1.);
#4790=CIRCLE('',#12535,0.999999999999996);
#4791=CIRCLE('',#12537,3.);
#4792=CIRCLE('',#12539,1.);
#4793=CIRCLE('',#12540,0.999999999999996);
#4794=CIRCLE('',#12542,1.);
#4795=CIRCLE('',#12544,3.);
#4796=CIRCLE('',#12547,1.);
#4797=CIRCLE('',#12548,0.999999999999996);
#4798=CIRCLE('',#12550,3.);
#4799=CIRCLE('',#12773,0.5);
#4800=CIRCLE('',#12774,0.499999999999998);
#4801=CIRCLE('',#12776,3.);
#4802=CIRCLE('',#12778,0.499999999999998);
#4803=CIRCLE('',#12779,3.);
#4804=CIRCLE('',#12781,0.5);
#4805=CIRCLE('',#12783,3.);
#4806=CIRCLE('',#12785,3.);
#4807=CIRCLE('',#12787,3.);
#4808=CIRCLE('',#12789,3.);
#4809=CIRCLE('',#12792,0.500000000000002);
#4810=CIRCLE('',#12793,3.);
#4811=CIRCLE('',#12795,0.5);
#4812=CIRCLE('',#12798,0.499999999999998);
#4813=CIRCLE('',#12800,0.499999999999998);
#4814=CIRCLE('',#12802,3.);
#4815=VERTEX_POINT('',#16024);
#4816=VERTEX_POINT('',#16025);
#4817=VERTEX_POINT('',#16027);
#4818=VERTEX_POINT('',#16029);
#4819=VERTEX_POINT('',#16031);
#4820=VERTEX_POINT('',#16033);
#4821=VERTEX_POINT('',#16035);
#4822=VERTEX_POINT('',#16037);
#4823=VERTEX_POINT('',#16039);
#4824=VERTEX_POINT('',#16041);
#4825=VERTEX_POINT('',#16044);
#4826=VERTEX_POINT('',#16045);
#4827=VERTEX_POINT('',#16047);
#4828=VERTEX_POINT('',#16049);
#4829=VERTEX_POINT('',#16051);
#4830=VERTEX_POINT('',#16054);
#4831=VERTEX_POINT('',#16055);
#4832=VERTEX_POINT('',#16057);
#4833=VERTEX_POINT('',#16059);
#4834=VERTEX_POINT('',#16061);
#4835=VERTEX_POINT('',#16064);
#4836=VERTEX_POINT('',#16065);
#4837=VERTEX_POINT('',#16067);
#4838=VERTEX_POINT('',#16069);
#4839=VERTEX_POINT('',#16073);
#4840=VERTEX_POINT('',#16075);
#4841=VERTEX_POINT('',#16086);
#4842=VERTEX_POINT('',#16090);
#4843=VERTEX_POINT('',#16092);
#4844=VERTEX_POINT('',#16096);
#4845=VERTEX_POINT('',#16097);
#4846=VERTEX_POINT('',#16099);
#4847=VERTEX_POINT('',#16101);
#4848=VERTEX_POINT('',#16103);
#4849=VERTEX_POINT('',#16105);
#4850=VERTEX_POINT('',#16107);
#4851=VERTEX_POINT('',#16109);
#4852=VERTEX_POINT('',#16113);
#4853=VERTEX_POINT('',#16115);
#4854=VERTEX_POINT('',#16117);
#4855=VERTEX_POINT('',#16130);
#4856=VERTEX_POINT('',#16132);
#4857=VERTEX_POINT('',#16134);
#4858=VERTEX_POINT('',#16136);
#4859=VERTEX_POINT('',#16138);
#4860=VERTEX_POINT('',#16140);
#4861=VERTEX_POINT('',#16142);
#4862=VERTEX_POINT('',#16146);
#4863=VERTEX_POINT('',#16147);
#4864=VERTEX_POINT('',#16149);
#4865=VERTEX_POINT('',#16151);
#4866=VERTEX_POINT('',#16153);
#4867=VERTEX_POINT('',#16155);
#4868=VERTEX_POINT('',#16157);
#4869=VERTEX_POINT('',#16159);
#4870=VERTEX_POINT('',#16161);
#4871=VERTEX_POINT('',#16165);
#4872=VERTEX_POINT('',#16166);
#4873=VERTEX_POINT('',#16168);
#4874=VERTEX_POINT('',#16170);
#4875=VERTEX_POINT('',#16172);
#4876=VERTEX_POINT('',#16174);
#4877=VERTEX_POINT('',#16176);
#4878=VERTEX_POINT('',#16178);
#4879=VERTEX_POINT('',#16182);
#4880=VERTEX_POINT('',#16184);
#4881=VERTEX_POINT('',#16188);
#4882=VERTEX_POINT('',#16189);
#4883=VERTEX_POINT('',#16191);
#4884=VERTEX_POINT('',#16193);
#4885=VERTEX_POINT('',#16195);
#4886=VERTEX_POINT('',#16197);
#4887=VERTEX_POINT('',#16199);
#4888=VERTEX_POINT('',#16201);
#4889=VERTEX_POINT('',#16205);
#4890=VERTEX_POINT('',#16207);
#4891=VERTEX_POINT('',#16209);
#4892=VERTEX_POINT('',#16211);
#4893=VERTEX_POINT('',#16213);
#4894=VERTEX_POINT('',#16215);
#4895=VERTEX_POINT('',#16217);
#4896=VERTEX_POINT('',#16219);
#4897=VERTEX_POINT('',#16221);
#4898=VERTEX_POINT('',#16223);
#4899=VERTEX_POINT('',#16225);
#4900=VERTEX_POINT('',#16227);
#4901=VERTEX_POINT('',#16229);
#4902=VERTEX_POINT('',#16231);
#4903=VERTEX_POINT('',#16233);
#4904=VERTEX_POINT('',#16235);
#4905=VERTEX_POINT('',#16237);
#4906=VERTEX_POINT('',#16241);
#4907=VERTEX_POINT('',#16242);
#4908=VERTEX_POINT('',#16244);
#4909=VERTEX_POINT('',#16246);
#4910=VERTEX_POINT('',#16250);
#4911=VERTEX_POINT('',#16252);
#4912=VERTEX_POINT('',#16256);
#4913=VERTEX_POINT('',#16258);
#4914=VERTEX_POINT('',#16262);
#4915=VERTEX_POINT('',#16263);
#4916=VERTEX_POINT('',#16265);
#4917=VERTEX_POINT('',#16267);
#4918=VERTEX_POINT('',#16269);
#4919=VERTEX_POINT('',#16282);
#4920=VERTEX_POINT('',#16284);
#4921=VERTEX_POINT('',#16288);
#4922=VERTEX_POINT('',#16289);
#4923=VERTEX_POINT('',#16291);
#4924=VERTEX_POINT('',#16293);
#4925=VERTEX_POINT('',#16297);
#4926=VERTEX_POINT('',#16298);
#4927=VERTEX_POINT('',#16300);
#4928=VERTEX_POINT('',#16302);
#4929=VERTEX_POINT('',#16304);
#4930=VERTEX_POINT('',#16306);
#4931=VERTEX_POINT('',#16308);
#4932=VERTEX_POINT('',#16310);
#4933=VERTEX_POINT('',#16314);
#4934=VERTEX_POINT('',#16316);
#4935=VERTEX_POINT('',#16320);
#4936=VERTEX_POINT('',#16321);
#4937=VERTEX_POINT('',#16323);
#4938=VERTEX_POINT('',#16325);
#4939=VERTEX_POINT('',#16327);
#4940=VERTEX_POINT('',#16329);
#4941=VERTEX_POINT('',#16331);
#4942=VERTEX_POINT('',#16333);
#4943=VERTEX_POINT('',#16337);
#4944=VERTEX_POINT('',#16339);
#4945=VERTEX_POINT('',#16343);
#4946=VERTEX_POINT('',#16344);
#4947=VERTEX_POINT('',#16346);
#4948=VERTEX_POINT('',#16348);
#4949=VERTEX_POINT('',#16350);
#4950=VERTEX_POINT('',#16352);
#4951=VERTEX_POINT('',#16354);
#4952=VERTEX_POINT('',#16356);
#4953=VERTEX_POINT('',#16358);
#4954=VERTEX_POINT('',#16360);
#4955=VERTEX_POINT('',#16362);
#4956=VERTEX_POINT('',#16364);
#4957=VERTEX_POINT('',#16366);
#4958=VERTEX_POINT('',#16368);
#4959=VERTEX_POINT('',#16370);
#4960=VERTEX_POINT('',#16372);
#4961=VERTEX_POINT('',#16374);
#4962=VERTEX_POINT('',#16376);
#4963=VERTEX_POINT('',#16378);
#4964=VERTEX_POINT('',#16382);
#4965=VERTEX_POINT('',#16384);
#4966=VERTEX_POINT('',#16388);
#4967=VERTEX_POINT('',#16390);
#4968=VERTEX_POINT('',#16392);
#4969=VERTEX_POINT('',#16394);
#4970=VERTEX_POINT('',#16396);
#4971=VERTEX_POINT('',#16398);
#4972=VERTEX_POINT('',#16400);
#4973=VERTEX_POINT('',#16404);
#4974=VERTEX_POINT('',#16405);
#4975=VERTEX_POINT('',#16407);
#4976=VERTEX_POINT('',#16409);
#4977=VERTEX_POINT('',#16411);
#4978=VERTEX_POINT('',#16413);
#4979=VERTEX_POINT('',#16415);
#4980=VERTEX_POINT('',#16417);
#4981=VERTEX_POINT('',#16419);
#4982=VERTEX_POINT('',#16423);
#4983=VERTEX_POINT('',#16424);
#4984=VERTEX_POINT('',#16426);
#4985=VERTEX_POINT('',#16428);
#4986=VERTEX_POINT('',#16430);
#4987=VERTEX_POINT('',#16432);
#4988=VERTEX_POINT('',#16434);
#4989=VERTEX_POINT('',#16436);
#4990=VERTEX_POINT('',#16440);
#4991=VERTEX_POINT('',#16442);
#4992=VERTEX_POINT('',#16444);
#4993=VERTEX_POINT('',#16457);
#4994=VERTEX_POINT('',#16458);
#4995=VERTEX_POINT('',#16460);
#4996=VERTEX_POINT('',#16462);
#4997=VERTEX_POINT('',#16464);
#4998=VERTEX_POINT('',#16466);
#4999=VERTEX_POINT('',#16468);
#5000=VERTEX_POINT('',#16470);
#5001=VERTEX_POINT('',#16472);
#5002=VERTEX_POINT('',#16474);
#5003=VERTEX_POINT('',#16479);
#5004=VERTEX_POINT('',#16480);
#5005=VERTEX_POINT('',#16482);
#5006=VERTEX_POINT('',#16484);
#5007=VERTEX_POINT('',#16486);
#5008=VERTEX_POINT('',#16489);
#5009=VERTEX_POINT('',#16490);
#5010=VERTEX_POINT('',#16492);
#5011=VERTEX_POINT('',#16494);
#5012=VERTEX_POINT('',#16496);
#5013=VERTEX_POINT('',#16500);
#5014=VERTEX_POINT('',#16502);
#5015=VERTEX_POINT('',#16513);
#5016=VERTEX_POINT('',#16517);
#5017=VERTEX_POINT('',#16519);
#5018=VERTEX_POINT('',#16523);
#5019=VERTEX_POINT('',#16524);
#5020=VERTEX_POINT('',#16526);
#5021=VERTEX_POINT('',#16528);
#5022=VERTEX_POINT('',#16530);
#5023=VERTEX_POINT('',#16532);
#5024=VERTEX_POINT('',#16536);
#5025=VERTEX_POINT('',#16537);
#5026=VERTEX_POINT('',#16539);
#5027=VERTEX_POINT('',#16541);
#5028=VERTEX_POINT('',#16545);
#5029=VERTEX_POINT('',#16547);
#5030=VERTEX_POINT('',#16551);
#5031=VERTEX_POINT('',#16553);
#5032=VERTEX_POINT('',#16557);
#5033=VERTEX_POINT('',#16558);
#5034=VERTEX_POINT('',#16560);
#5035=VERTEX_POINT('',#16562);
#5036=VERTEX_POINT('',#16566);
#5037=VERTEX_POINT('',#16568);
#5038=VERTEX_POINT('',#16572);
#5039=VERTEX_POINT('',#16573);
#5040=VERTEX_POINT('',#16575);
#5041=VERTEX_POINT('',#16577);
#5042=VERTEX_POINT('',#16579);
#5043=VERTEX_POINT('',#16581);
#5044=VERTEX_POINT('',#16585);
#5045=VERTEX_POINT('',#16590);
#5046=VERTEX_POINT('',#16591);
#5047=VERTEX_POINT('',#16593);
#5048=VERTEX_POINT('',#16595);
#5049=VERTEX_POINT('',#16599);
#5050=VERTEX_POINT('',#16600);
#5051=VERTEX_POINT('',#16602);
#5052=VERTEX_POINT('',#16604);
#5053=VERTEX_POINT('',#16606);
#5054=VERTEX_POINT('',#16608);
#5055=VERTEX_POINT('',#16612);
#5056=VERTEX_POINT('',#16614);
#5057=VERTEX_POINT('',#16618);
#5058=VERTEX_POINT('',#16620);
#5059=VERTEX_POINT('',#16658);
#5060=VERTEX_POINT('',#16662);
#5061=VERTEX_POINT('',#16666);
#5062=VERTEX_POINT('',#16670);
#5063=VERTEX_POINT('',#16725);
#5064=VERTEX_POINT('',#16727);
#5065=VERTEX_POINT('',#16731);
#5066=VERTEX_POINT('',#16735);
#5067=VERTEX_POINT('',#16763);
#5068=VERTEX_POINT('',#16765);
#5069=VERTEX_POINT('',#16769);
#5070=VERTEX_POINT('',#16776);
#5071=VERTEX_POINT('',#16778);
#5072=VERTEX_POINT('',#16780);
#5073=VERTEX_POINT('',#16783);
#5074=VERTEX_POINT('',#16785);
#5075=VERTEX_POINT('',#16787);
#5076=VERTEX_POINT('',#16790);
#5077=VERTEX_POINT('',#16791);
#5078=VERTEX_POINT('',#16793);
#5079=VERTEX_POINT('',#16795);
#5080=VERTEX_POINT('',#16798);
#5081=VERTEX_POINT('',#16800);
#5082=VERTEX_POINT('',#16802);
#5083=VERTEX_POINT('',#16804);
#5084=VERTEX_POINT('',#16806);
#5085=VERTEX_POINT('',#16809);
#5086=VERTEX_POINT('',#16811);
#5087=VERTEX_POINT('',#16813);
#5088=VERTEX_POINT('',#16815);
#5089=VERTEX_POINT('',#16823);
#5090=VERTEX_POINT('',#16824);
#5091=VERTEX_POINT('',#16829);
#5092=VERTEX_POINT('',#16831);
#5093=VERTEX_POINT('',#16835);
#5094=VERTEX_POINT('',#16837);
#5095=VERTEX_POINT('',#16841);
#5096=VERTEX_POINT('',#16843);
#5097=VERTEX_POINT('',#16845);
#5098=VERTEX_POINT('',#16847);
#5099=VERTEX_POINT('',#16849);
#5100=VERTEX_POINT('',#16851);
#5101=VERTEX_POINT('',#16853);
#5102=VERTEX_POINT('',#16855);
#5103=VERTEX_POINT('',#16857);
#5104=VERTEX_POINT('',#16859);
#5105=VERTEX_POINT('',#16861);
#5106=VERTEX_POINT('',#16863);
#5107=VERTEX_POINT('',#16867);
#5108=VERTEX_POINT('',#16869);
#5109=VERTEX_POINT('',#16871);
#5110=VERTEX_POINT('',#16873);
#5111=VERTEX_POINT('',#16875);
#5112=VERTEX_POINT('',#16877);
#5113=VERTEX_POINT('',#16879);
#5114=VERTEX_POINT('',#16881);
#5115=VERTEX_POINT('',#16883);
#5116=VERTEX_POINT('',#16885);
#5117=VERTEX_POINT('',#16887);
#5118=VERTEX_POINT('',#16889);
#5119=VERTEX_POINT('',#16892);
#5120=VERTEX_POINT('',#16893);
#5121=VERTEX_POINT('',#16895);
#5122=VERTEX_POINT('',#16897);
#5123=VERTEX_POINT('',#16900);
#5124=VERTEX_POINT('',#16901);
#5125=VERTEX_POINT('',#16903);
#5126=VERTEX_POINT('',#16905);
#5127=VERTEX_POINT('',#16907);
#5128=VERTEX_POINT('',#16909);
#5129=VERTEX_POINT('',#16911);
#5130=VERTEX_POINT('',#16914);
#5131=VERTEX_POINT('',#16915);
#5132=VERTEX_POINT('',#16917);
#5133=VERTEX_POINT('',#16919);
#5134=VERTEX_POINT('',#16921);
#5135=VERTEX_POINT('',#16923);
#5136=VERTEX_POINT('',#16926);
#5137=VERTEX_POINT('',#16927);
#5138=VERTEX_POINT('',#16929);
#5139=VERTEX_POINT('',#16931);
#5140=VERTEX_POINT('',#16934);
#5141=VERTEX_POINT('',#16935);
#5142=VERTEX_POINT('',#16937);
#5143=VERTEX_POINT('',#16939);
#5144=VERTEX_POINT('',#16941);
#5145=VERTEX_POINT('',#16943);
#5146=VERTEX_POINT('',#16945);
#5147=VERTEX_POINT('',#16948);
#5148=VERTEX_POINT('',#16949);
#5149=VERTEX_POINT('',#16951);
#5150=VERTEX_POINT('',#16953);
#5151=VERTEX_POINT('',#16955);
#5152=VERTEX_POINT('',#16957);
#5153=VERTEX_POINT('',#16960);
#5154=VERTEX_POINT('',#16961);
#5155=VERTEX_POINT('',#16963);
#5156=VERTEX_POINT('',#16965);
#5157=VERTEX_POINT('',#16967);
#5158=VERTEX_POINT('',#16969);
#5159=VERTEX_POINT('',#16972);
#5160=VERTEX_POINT('',#16973);
#5161=VERTEX_POINT('',#16975);
#5162=VERTEX_POINT('',#16977);
#5163=VERTEX_POINT('',#16979);
#5164=VERTEX_POINT('',#16981);
#5165=VERTEX_POINT('',#16983);
#5166=VERTEX_POINT('',#16986);
#5167=VERTEX_POINT('',#16987);
#5168=VERTEX_POINT('',#16989);
#5169=VERTEX_POINT('',#16991);
#5170=VERTEX_POINT('',#16993);
#5171=VERTEX_POINT('',#16995);
#5172=VERTEX_POINT('',#16998);
#5173=VERTEX_POINT('',#16999);
#5174=VERTEX_POINT('',#17001);
#5175=VERTEX_POINT('',#17003);
#5176=VERTEX_POINT('',#17005);
#5177=VERTEX_POINT('',#17007);
#5178=VERTEX_POINT('',#17010);
#5179=VERTEX_POINT('',#17011);
#5180=VERTEX_POINT('',#17013);
#5181=VERTEX_POINT('',#17015);
#5182=VERTEX_POINT('',#17017);
#5183=VERTEX_POINT('',#17019);
#5184=VERTEX_POINT('',#17022);
#5185=VERTEX_POINT('',#17023);
#5186=VERTEX_POINT('',#17025);
#5187=VERTEX_POINT('',#17027);
#5188=VERTEX_POINT('',#17029);
#5189=VERTEX_POINT('',#17031);
#5190=VERTEX_POINT('',#17033);
#5191=VERTEX_POINT('',#17036);
#5192=VERTEX_POINT('',#17037);
#5193=VERTEX_POINT('',#17039);
#5194=VERTEX_POINT('',#17041);
#5195=VERTEX_POINT('',#17043);
#5196=VERTEX_POINT('',#17045);
#5197=VERTEX_POINT('',#17048);
#5198=VERTEX_POINT('',#17049);
#5199=VERTEX_POINT('',#17051);
#5200=VERTEX_POINT('',#17053);
#5201=VERTEX_POINT('',#17055);
#5202=VERTEX_POINT('',#17057);
#5203=VERTEX_POINT('',#17060);
#5204=VERTEX_POINT('',#17061);
#5205=VERTEX_POINT('',#17063);
#5206=VERTEX_POINT('',#17065);
#5207=VERTEX_POINT('',#17067);
#5208=VERTEX_POINT('',#17069);
#5209=VERTEX_POINT('',#17071);
#5210=VERTEX_POINT('',#17074);
#5211=VERTEX_POINT('',#17075);
#5212=VERTEX_POINT('',#17077);
#5213=VERTEX_POINT('',#17079);
#5214=VERTEX_POINT('',#17082);
#5215=VERTEX_POINT('',#17083);
#5216=VERTEX_POINT('',#17085);
#5217=VERTEX_POINT('',#17087);
#5218=VERTEX_POINT('',#17089);
#5219=VERTEX_POINT('',#17091);
#5220=VERTEX_POINT('',#17093);
#5221=VERTEX_POINT('',#17096);
#5222=VERTEX_POINT('',#17097);
#5223=VERTEX_POINT('',#17099);
#5224=VERTEX_POINT('',#17101);
#5225=VERTEX_POINT('',#17103);
#5226=VERTEX_POINT('',#17105);
#5227=VERTEX_POINT('',#17108);
#5228=VERTEX_POINT('',#17109);
#5229=VERTEX_POINT('',#17111);
#5230=VERTEX_POINT('',#17113);
#5231=VERTEX_POINT('',#17115);
#5232=VERTEX_POINT('',#17117);
#5233=VERTEX_POINT('',#17120);
#5234=VERTEX_POINT('',#17121);
#5235=VERTEX_POINT('',#17123);
#5236=VERTEX_POINT('',#17125);
#5237=VERTEX_POINT('',#17127);
#5238=VERTEX_POINT('',#17130);
#5239=VERTEX_POINT('',#17131);
#5240=VERTEX_POINT('',#17133);
#5241=VERTEX_POINT('',#17135);
#5242=VERTEX_POINT('',#17137);
#5243=VERTEX_POINT('',#17139);
#5244=VERTEX_POINT('',#17142);
#5245=VERTEX_POINT('',#17143);
#5246=VERTEX_POINT('',#17145);
#5247=VERTEX_POINT('',#17147);
#5248=VERTEX_POINT('',#17149);
#5249=VERTEX_POINT('',#17151);
#5250=VERTEX_POINT('',#17154);
#5251=VERTEX_POINT('',#17155);
#5252=VERTEX_POINT('',#17157);
#5253=VERTEX_POINT('',#17159);
#5254=VERTEX_POINT('',#17161);
#5255=VERTEX_POINT('',#17163);
#5256=VERTEX_POINT('',#17165);
#5257=VERTEX_POINT('',#17168);
#5258=VERTEX_POINT('',#17169);
#5259=VERTEX_POINT('',#17171);
#5260=VERTEX_POINT('',#17173);
#5261=VERTEX_POINT('',#17175);
#5262=VERTEX_POINT('',#17177);
#5263=VERTEX_POINT('',#17180);
#5264=VERTEX_POINT('',#17181);
#5265=VERTEX_POINT('',#17183);
#5266=VERTEX_POINT('',#17185);
#5267=VERTEX_POINT('',#17187);
#5268=VERTEX_POINT('',#17189);
#5269=VERTEX_POINT('',#17191);
#5270=VERTEX_POINT('',#17194);
#5271=VERTEX_POINT('',#17195);
#5272=VERTEX_POINT('',#17197);
#5273=VERTEX_POINT('',#17199);
#5274=VERTEX_POINT('',#17201);
#5275=VERTEX_POINT('',#17203);
#5276=VERTEX_POINT('',#17206);
#5277=VERTEX_POINT('',#17207);
#5278=VERTEX_POINT('',#17209);
#5279=VERTEX_POINT('',#17211);
#5280=VERTEX_POINT('',#17213);
#5281=VERTEX_POINT('',#17215);
#5282=VERTEX_POINT('',#17218);
#5283=VERTEX_POINT('',#17219);
#5284=VERTEX_POINT('',#17221);
#5285=VERTEX_POINT('',#17223);
#5286=VERTEX_POINT('',#17225);
#5287=VERTEX_POINT('',#17227);
#5288=VERTEX_POINT('',#17230);
#5289=VERTEX_POINT('',#17231);
#5290=VERTEX_POINT('',#17233);
#5291=VERTEX_POINT('',#17235);
#5292=VERTEX_POINT('',#17237);
#5293=VERTEX_POINT('',#17239);
#5294=VERTEX_POINT('',#17242);
#5295=VERTEX_POINT('',#17243);
#5296=VERTEX_POINT('',#17245);
#5297=VERTEX_POINT('',#17247);
#5298=VERTEX_POINT('',#17249);
#5299=VERTEX_POINT('',#17251);
#5300=VERTEX_POINT('',#17254);
#5301=VERTEX_POINT('',#17255);
#5302=VERTEX_POINT('',#17257);
#5303=VERTEX_POINT('',#17259);
#5304=VERTEX_POINT('',#17261);
#5305=VERTEX_POINT('',#17263);
#5306=VERTEX_POINT('',#17266);
#5307=VERTEX_POINT('',#17267);
#5308=VERTEX_POINT('',#17269);
#5309=VERTEX_POINT('',#17271);
#5310=VERTEX_POINT('',#17273);
#5311=VERTEX_POINT('',#17275);
#5312=VERTEX_POINT('',#17278);
#5313=VERTEX_POINT('',#17279);
#5314=VERTEX_POINT('',#17281);
#5315=VERTEX_POINT('',#17283);
#5316=VERTEX_POINT('',#17285);
#5317=VERTEX_POINT('',#17287);
#5318=VERTEX_POINT('',#17289);
#5319=VERTEX_POINT('',#17292);
#5320=VERTEX_POINT('',#17293);
#5321=VERTEX_POINT('',#17295);
#5322=VERTEX_POINT('',#17297);
#5323=VERTEX_POINT('',#17299);
#5324=VERTEX_POINT('',#17301);
#5325=VERTEX_POINT('',#17304);
#5326=VERTEX_POINT('',#17305);
#5327=VERTEX_POINT('',#17307);
#5328=VERTEX_POINT('',#17309);
#5329=VERTEX_POINT('',#17311);
#5330=VERTEX_POINT('',#17313);
#5331=VERTEX_POINT('',#17315);
#5332=VERTEX_POINT('',#17318);
#5333=VERTEX_POINT('',#17319);
#5334=VERTEX_POINT('',#17321);
#5335=VERTEX_POINT('',#17323);
#5336=VERTEX_POINT('',#17325);
#5337=VERTEX_POINT('',#17327);
#5338=VERTEX_POINT('',#17330);
#5339=VERTEX_POINT('',#17331);
#5340=VERTEX_POINT('',#17333);
#5341=VERTEX_POINT('',#17335);
#5342=VERTEX_POINT('',#17337);
#5343=VERTEX_POINT('',#17339);
#5344=VERTEX_POINT('',#17342);
#5345=VERTEX_POINT('',#17343);
#5346=VERTEX_POINT('',#17345);
#5347=VERTEX_POINT('',#17347);
#5348=VERTEX_POINT('',#17349);
#5349=VERTEX_POINT('',#17351);
#5350=VERTEX_POINT('',#17354);
#5351=VERTEX_POINT('',#17355);
#5352=VERTEX_POINT('',#17357);
#5353=VERTEX_POINT('',#17359);
#5354=VERTEX_POINT('',#17361);
#5355=VERTEX_POINT('',#17363);
#5356=VERTEX_POINT('',#17365);
#5357=VERTEX_POINT('',#17368);
#5358=VERTEX_POINT('',#17369);
#5359=VERTEX_POINT('',#17371);
#5360=VERTEX_POINT('',#17373);
#5361=VERTEX_POINT('',#17375);
#5362=VERTEX_POINT('',#17377);
#5363=VERTEX_POINT('',#17380);
#5364=VERTEX_POINT('',#17381);
#5365=VERTEX_POINT('',#17383);
#5366=VERTEX_POINT('',#17385);
#5367=VERTEX_POINT('',#17387);
#5368=VERTEX_POINT('',#17389);
#5369=VERTEX_POINT('',#17392);
#5370=VERTEX_POINT('',#17393);
#5371=VERTEX_POINT('',#17395);
#5372=VERTEX_POINT('',#17397);
#5373=VERTEX_POINT('',#17399);
#5374=VERTEX_POINT('',#17401);
#5375=VERTEX_POINT('',#17403);
#5376=VERTEX_POINT('',#17406);
#5377=VERTEX_POINT('',#17407);
#5378=VERTEX_POINT('',#17409);
#5379=VERTEX_POINT('',#17411);
#5380=VERTEX_POINT('',#17413);
#5381=VERTEX_POINT('',#17415);
#5382=VERTEX_POINT('',#17418);
#5383=VERTEX_POINT('',#17419);
#5384=VERTEX_POINT('',#17421);
#5385=VERTEX_POINT('',#17423);
#5386=VERTEX_POINT('',#17425);
#5387=VERTEX_POINT('',#17427);
#5388=VERTEX_POINT('',#17430);
#5389=VERTEX_POINT('',#17431);
#5390=VERTEX_POINT('',#17433);
#5391=VERTEX_POINT('',#17435);
#5392=VERTEX_POINT('',#17437);
#5393=VERTEX_POINT('',#17439);
#5394=VERTEX_POINT('',#17442);
#5395=VERTEX_POINT('',#17443);
#5396=VERTEX_POINT('',#17445);
#5397=VERTEX_POINT('',#17447);
#5398=VERTEX_POINT('',#17449);
#5399=VERTEX_POINT('',#17451);
#5400=VERTEX_POINT('',#17454);
#5401=VERTEX_POINT('',#17455);
#5402=VERTEX_POINT('',#17457);
#5403=VERTEX_POINT('',#17459);
#5404=VERTEX_POINT('',#17461);
#5405=VERTEX_POINT('',#17463);
#5406=VERTEX_POINT('',#17466);
#5407=VERTEX_POINT('',#17467);
#5408=VERTEX_POINT('',#17469);
#5409=VERTEX_POINT('',#17471);
#5410=VERTEX_POINT('',#17473);
#5411=VERTEX_POINT('',#17475);
#5412=VERTEX_POINT('',#17477);
#5413=VERTEX_POINT('',#17480);
#5414=VERTEX_POINT('',#17481);
#5415=VERTEX_POINT('',#17483);
#5416=VERTEX_POINT('',#17485);
#5417=VERTEX_POINT('',#17487);
#5418=VERTEX_POINT('',#17489);
#5419=VERTEX_POINT('',#17492);
#5420=VERTEX_POINT('',#17493);
#5421=VERTEX_POINT('',#17495);
#5422=VERTEX_POINT('',#17497);
#5423=VERTEX_POINT('',#17499);
#5424=VERTEX_POINT('',#17501);
#5425=VERTEX_POINT('',#17504);
#5426=VERTEX_POINT('',#17505);
#5427=VERTEX_POINT('',#17507);
#5428=VERTEX_POINT('',#17509);
#5429=VERTEX_POINT('',#17511);
#5430=VERTEX_POINT('',#17514);
#5431=VERTEX_POINT('',#17515);
#5432=VERTEX_POINT('',#17517);
#5433=VERTEX_POINT('',#17519);
#5434=VERTEX_POINT('',#17522);
#5435=VERTEX_POINT('',#17523);
#5436=VERTEX_POINT('',#17525);
#5437=VERTEX_POINT('',#17527);
#5438=VERTEX_POINT('',#17529);
#5439=VERTEX_POINT('',#17531);
#5440=VERTEX_POINT('',#17534);
#5441=VERTEX_POINT('',#17535);
#5442=VERTEX_POINT('',#17537);
#5443=VERTEX_POINT('',#17539);
#5444=VERTEX_POINT('',#17541);
#5445=VERTEX_POINT('',#17543);
#5446=VERTEX_POINT('',#17546);
#5447=VERTEX_POINT('',#17547);
#5448=VERTEX_POINT('',#17549);
#5449=VERTEX_POINT('',#17551);
#5450=VERTEX_POINT('',#17553);
#5451=VERTEX_POINT('',#17555);
#5452=VERTEX_POINT('',#17558);
#5453=VERTEX_POINT('',#17559);
#5454=VERTEX_POINT('',#17561);
#5455=VERTEX_POINT('',#17563);
#5456=VERTEX_POINT('',#17565);
#5457=VERTEX_POINT('',#17567);
#5458=VERTEX_POINT('',#17570);
#5459=VERTEX_POINT('',#17571);
#5460=VERTEX_POINT('',#17573);
#5461=VERTEX_POINT('',#17575);
#5462=VERTEX_POINT('',#17577);
#5463=VERTEX_POINT('',#17579);
#5464=VERTEX_POINT('',#17582);
#5465=VERTEX_POINT('',#17583);
#5466=VERTEX_POINT('',#17585);
#5467=VERTEX_POINT('',#17587);
#5468=VERTEX_POINT('',#17589);
#5469=VERTEX_POINT('',#17591);
#5470=VERTEX_POINT('',#17593);
#5471=VERTEX_POINT('',#17596);
#5472=VERTEX_POINT('',#17597);
#5473=VERTEX_POINT('',#17599);
#5474=VERTEX_POINT('',#17601);
#5475=VERTEX_POINT('',#17603);
#5476=VERTEX_POINT('',#17605);
#5477=VERTEX_POINT('',#17608);
#5478=VERTEX_POINT('',#17609);
#5479=VERTEX_POINT('',#17611);
#5480=VERTEX_POINT('',#17613);
#5481=VERTEX_POINT('',#17615);
#5482=VERTEX_POINT('',#17617);
#5483=VERTEX_POINT('',#17619);
#5484=VERTEX_POINT('',#17622);
#5485=VERTEX_POINT('',#17623);
#5486=VERTEX_POINT('',#17625);
#5487=VERTEX_POINT('',#17627);
#5488=VERTEX_POINT('',#17629);
#5489=VERTEX_POINT('',#17631);
#5490=VERTEX_POINT('',#17634);
#5491=VERTEX_POINT('',#17635);
#5492=VERTEX_POINT('',#17637);
#5493=VERTEX_POINT('',#17639);
#5494=VERTEX_POINT('',#17641);
#5495=VERTEX_POINT('',#17643);
#5496=VERTEX_POINT('',#17646);
#5497=VERTEX_POINT('',#17647);
#5498=VERTEX_POINT('',#17649);
#5499=VERTEX_POINT('',#17651);
#5500=VERTEX_POINT('',#17653);
#5501=VERTEX_POINT('',#17655);
#5502=VERTEX_POINT('',#17657);
#5503=VERTEX_POINT('',#17660);
#5504=VERTEX_POINT('',#17661);
#5505=VERTEX_POINT('',#17663);
#5506=VERTEX_POINT('',#17665);
#5507=VERTEX_POINT('',#17667);
#5508=VERTEX_POINT('',#17670);
#5509=VERTEX_POINT('',#17671);
#5510=VERTEX_POINT('',#17673);
#5511=VERTEX_POINT('',#17675);
#5512=VERTEX_POINT('',#17677);
#5513=VERTEX_POINT('',#17679);
#5514=VERTEX_POINT('',#17682);
#5515=VERTEX_POINT('',#17683);
#5516=VERTEX_POINT('',#17685);
#5517=VERTEX_POINT('',#17687);
#5518=VERTEX_POINT('',#17689);
#5519=VERTEX_POINT('',#17691);
#5520=VERTEX_POINT('',#17694);
#5521=VERTEX_POINT('',#17695);
#5522=VERTEX_POINT('',#17697);
#5523=VERTEX_POINT('',#17699);
#5524=VERTEX_POINT('',#17701);
#5525=VERTEX_POINT('',#17714);
#5526=VERTEX_POINT('',#17715);
#5527=VERTEX_POINT('',#17721);
#5528=VERTEX_POINT('',#17724);
#5529=VERTEX_POINT('',#17726);
#5530=VERTEX_POINT('',#17740);
#5531=VERTEX_POINT('',#17747);
#5532=VERTEX_POINT('',#17756);
#5533=VERTEX_POINT('',#17760);
#5534=VERTEX_POINT('',#17771);
#5535=VERTEX_POINT('',#17775);
#5536=VERTEX_POINT('',#17779);
#5537=VERTEX_POINT('',#17792);
#5538=VERTEX_POINT('',#17796);
#5539=VERTEX_POINT('',#17798);
#5540=VERTEX_POINT('',#17802);
#5541=VERTEX_POINT('',#17804);
#5542=VERTEX_POINT('',#17808);
#5543=VERTEX_POINT('',#17810);
#5544=VERTEX_POINT('',#17814);
#5545=VERTEX_POINT('',#17816);
#5546=VERTEX_POINT('',#17820);
#5547=VERTEX_POINT('',#17824);
#5548=VERTEX_POINT('',#17830);
#5549=VERTEX_POINT('',#17836);
#5550=VERTEX_POINT('',#17846);
#5551=VERTEX_POINT('',#17864);
#5552=VERTEX_POINT('',#17865);
#5553=VERTEX_POINT('',#17868);
#5554=VERTEX_POINT('',#17870);
#5555=VERTEX_POINT('',#17873);
#5556=VERTEX_POINT('',#17875);
#5557=VERTEX_POINT('',#17878);
#5558=VERTEX_POINT('',#17880);
#5559=VERTEX_POINT('',#17883);
#5560=VERTEX_POINT('',#17885);
#5561=VERTEX_POINT('',#17888);
#5562=VERTEX_POINT('',#17890);
#5563=VERTEX_POINT('',#17893);
#5564=VERTEX_POINT('',#17895);
#5565=VERTEX_POINT('',#17898);
#5566=VERTEX_POINT('',#17900);
#5567=VERTEX_POINT('',#17903);
#5568=VERTEX_POINT('',#17905);
#5569=VERTEX_POINT('',#17908);
#5570=VERTEX_POINT('',#17910);
#5571=VERTEX_POINT('',#17915);
#5572=VERTEX_POINT('',#17916);
#5573=VERTEX_POINT('',#17919);
#5574=VERTEX_POINT('',#17921);
#5575=VERTEX_POINT('',#17924);
#5576=VERTEX_POINT('',#17926);
#5577=VERTEX_POINT('',#17929);
#5578=VERTEX_POINT('',#17931);
#5579=VERTEX_POINT('',#17934);
#5580=VERTEX_POINT('',#17936);
#5581=VERTEX_POINT('',#17939);
#5582=VERTEX_POINT('',#17941);
#5583=VERTEX_POINT('',#17944);
#5584=VERTEX_POINT('',#17946);
#5585=VERTEX_POINT('',#17949);
#5586=VERTEX_POINT('',#17951);
#5587=VERTEX_POINT('',#17954);
#5588=VERTEX_POINT('',#17956);
#5589=VERTEX_POINT('',#17959);
#5590=VERTEX_POINT('',#17961);
#5591=VERTEX_POINT('',#17967);
#5592=VERTEX_POINT('',#17969);
#5593=VERTEX_POINT('',#17972);
#5594=VERTEX_POINT('',#17974);
#5595=VERTEX_POINT('',#17977);
#5596=VERTEX_POINT('',#17979);
#5597=VERTEX_POINT('',#17982);
#5598=VERTEX_POINT('',#17984);
#5599=VERTEX_POINT('',#17987);
#5600=VERTEX_POINT('',#17989);
#5601=VERTEX_POINT('',#17992);
#5602=VERTEX_POINT('',#17994);
#5603=VERTEX_POINT('',#17999);
#5604=VERTEX_POINT('',#18001);
#5605=VERTEX_POINT('',#18004);
#5606=VERTEX_POINT('',#18006);
#5607=VERTEX_POINT('',#18009);
#5608=VERTEX_POINT('',#18011);
#5609=VERTEX_POINT('',#18014);
#5610=VERTEX_POINT('',#18016);
#5611=VERTEX_POINT('',#18019);
#5612=VERTEX_POINT('',#18021);
#5613=VERTEX_POINT('',#18024);
#5614=VERTEX_POINT('',#18026);
#5615=VERTEX_POINT('',#18044);
#5616=VERTEX_POINT('',#18045);
#5617=VERTEX_POINT('',#18048);
#5618=VERTEX_POINT('',#18050);
#5619=VERTEX_POINT('',#18052);
#5620=VERTEX_POINT('',#18054);
#5621=VERTEX_POINT('',#18056);
#5622=VERTEX_POINT('',#18059);
#5623=VERTEX_POINT('',#18061);
#5624=VERTEX_POINT('',#18063);
#5625=VERTEX_POINT('',#18065);
#5626=VERTEX_POINT('',#18067);
#5627=VERTEX_POINT('',#18070);
#5628=VERTEX_POINT('',#18072);
#5629=VERTEX_POINT('',#18074);
#5630=VERTEX_POINT('',#18076);
#5631=VERTEX_POINT('',#18078);
#5632=VERTEX_POINT('',#18081);
#5633=VERTEX_POINT('',#18083);
#5634=VERTEX_POINT('',#18085);
#5635=VERTEX_POINT('',#18087);
#5636=VERTEX_POINT('',#18089);
#5637=VERTEX_POINT('',#18092);
#5638=VERTEX_POINT('',#18094);
#5639=VERTEX_POINT('',#18096);
#5640=VERTEX_POINT('',#18098);
#5641=VERTEX_POINT('',#18100);
#5642=VERTEX_POINT('',#18103);
#5643=VERTEX_POINT('',#18105);
#5644=VERTEX_POINT('',#18107);
#5645=VERTEX_POINT('',#18109);
#5646=VERTEX_POINT('',#18111);
#5647=VERTEX_POINT('',#18114);
#5648=VERTEX_POINT('',#18116);
#5649=VERTEX_POINT('',#18118);
#5650=VERTEX_POINT('',#18120);
#5651=VERTEX_POINT('',#18122);
#5652=VERTEX_POINT('',#18125);
#5653=VERTEX_POINT('',#18127);
#5654=VERTEX_POINT('',#18129);
#5655=VERTEX_POINT('',#18131);
#5656=VERTEX_POINT('',#18133);
#5657=VERTEX_POINT('',#18136);
#5658=VERTEX_POINT('',#18138);
#5659=VERTEX_POINT('',#18141);
#5660=VERTEX_POINT('',#18143);
#5661=VERTEX_POINT('',#18145);
#5662=VERTEX_POINT('',#18147);
#5663=VERTEX_POINT('',#18150);
#5664=VERTEX_POINT('',#18152);
#5665=VERTEX_POINT('',#18155);
#5666=VERTEX_POINT('',#18157);
#5667=VERTEX_POINT('',#18159);
#5668=VERTEX_POINT('',#18161);
#5669=VERTEX_POINT('',#18164);
#5670=VERTEX_POINT('',#18166);
#5671=VERTEX_POINT('',#18169);
#5672=VERTEX_POINT('',#18171);
#5673=VERTEX_POINT('',#18173);
#5674=VERTEX_POINT('',#18175);
#5675=VERTEX_POINT('',#18178);
#5676=VERTEX_POINT('',#18180);
#5677=VERTEX_POINT('',#18183);
#5678=VERTEX_POINT('',#18185);
#5679=VERTEX_POINT('',#18187);
#5680=VERTEX_POINT('',#18189);
#5681=VERTEX_POINT('',#18191);
#5682=VERTEX_POINT('',#18194);
#5683=VERTEX_POINT('',#18196);
#5684=VERTEX_POINT('',#18198);
#5685=VERTEX_POINT('',#18200);
#5686=VERTEX_POINT('',#18202);
#5687=VERTEX_POINT('',#18205);
#5688=VERTEX_POINT('',#18207);
#5689=VERTEX_POINT('',#18209);
#5690=VERTEX_POINT('',#18211);
#5691=VERTEX_POINT('',#18213);
#5692=VERTEX_POINT('',#18216);
#5693=VERTEX_POINT('',#18218);
#5694=VERTEX_POINT('',#18220);
#5695=VERTEX_POINT('',#18222);
#5696=VERTEX_POINT('',#18224);
#5697=VERTEX_POINT('',#18227);
#5698=VERTEX_POINT('',#18229);
#5699=VERTEX_POINT('',#18231);
#5700=VERTEX_POINT('',#18233);
#5701=VERTEX_POINT('',#18235);
#5702=VERTEX_POINT('',#18238);
#5703=VERTEX_POINT('',#18240);
#5704=VERTEX_POINT('',#18242);
#5705=VERTEX_POINT('',#18244);
#5706=VERTEX_POINT('',#18246);
#5707=VERTEX_POINT('',#18249);
#5708=VERTEX_POINT('',#18251);
#5709=VERTEX_POINT('',#18253);
#5710=VERTEX_POINT('',#18255);
#5711=VERTEX_POINT('',#18257);
#5712=VERTEX_POINT('',#18260);
#5713=VERTEX_POINT('',#18262);
#5714=VERTEX_POINT('',#18264);
#5715=VERTEX_POINT('',#18266);
#5716=VERTEX_POINT('',#18268);
#5717=VERTEX_POINT('',#18271);
#5718=VERTEX_POINT('',#18273);
#5719=VERTEX_POINT('',#18276);
#5720=VERTEX_POINT('',#18278);
#5721=VERTEX_POINT('',#18280);
#5722=VERTEX_POINT('',#18282);
#5723=VERTEX_POINT('',#18285);
#5724=VERTEX_POINT('',#18287);
#5725=VERTEX_POINT('',#18290);
#5726=VERTEX_POINT('',#18292);
#5727=VERTEX_POINT('',#18294);
#5728=VERTEX_POINT('',#18296);
#5729=VERTEX_POINT('',#18299);
#5730=VERTEX_POINT('',#18301);
#5731=VERTEX_POINT('',#18304);
#5732=VERTEX_POINT('',#18306);
#5733=VERTEX_POINT('',#18308);
#5734=VERTEX_POINT('',#18310);
#5735=VERTEX_POINT('',#18314);
#5736=VERTEX_POINT('',#18315);
#5737=VERTEX_POINT('',#18317);
#5738=VERTEX_POINT('',#18319);
#5739=VERTEX_POINT('',#18321);
#5740=VERTEX_POINT('',#18323);
#5741=VERTEX_POINT('',#18326);
#5742=VERTEX_POINT('',#18327);
#5743=VERTEX_POINT('',#18329);
#5744=VERTEX_POINT('',#18331);
#5745=VERTEX_POINT('',#18333);
#5746=VERTEX_POINT('',#18335);
#5747=VERTEX_POINT('',#18338);
#5748=VERTEX_POINT('',#18339);
#5749=VERTEX_POINT('',#18341);
#5750=VERTEX_POINT('',#18343);
#5751=VERTEX_POINT('',#18345);
#5752=VERTEX_POINT('',#18347);
#5753=VERTEX_POINT('',#18350);
#5754=VERTEX_POINT('',#18351);
#5755=VERTEX_POINT('',#18353);
#5756=VERTEX_POINT('',#18355);
#5757=VERTEX_POINT('',#18357);
#5758=VERTEX_POINT('',#18359);
#5759=VERTEX_POINT('',#18362);
#5760=VERTEX_POINT('',#18363);
#5761=VERTEX_POINT('',#18365);
#5762=VERTEX_POINT('',#18367);
#5763=VERTEX_POINT('',#18369);
#5764=VERTEX_POINT('',#18371);
#5765=VERTEX_POINT('',#18374);
#5766=VERTEX_POINT('',#18375);
#5767=VERTEX_POINT('',#18377);
#5768=VERTEX_POINT('',#18379);
#5769=VERTEX_POINT('',#18381);
#5770=VERTEX_POINT('',#18383);
#5771=VERTEX_POINT('',#18386);
#5772=VERTEX_POINT('',#18387);
#5773=VERTEX_POINT('',#18389);
#5774=VERTEX_POINT('',#18391);
#5775=VERTEX_POINT('',#18393);
#5776=VERTEX_POINT('',#18395);
#5777=VERTEX_POINT('',#18398);
#5778=VERTEX_POINT('',#18399);
#5779=VERTEX_POINT('',#18401);
#5780=VERTEX_POINT('',#18403);
#5781=VERTEX_POINT('',#18405);
#5782=VERTEX_POINT('',#18407);
#5783=VERTEX_POINT('',#18410);
#5784=VERTEX_POINT('',#18411);
#5785=VERTEX_POINT('',#18413);
#5786=VERTEX_POINT('',#18415);
#5787=VERTEX_POINT('',#18417);
#5788=VERTEX_POINT('',#18419);
#5789=VERTEX_POINT('',#18422);
#5790=VERTEX_POINT('',#18423);
#5791=VERTEX_POINT('',#18425);
#5792=VERTEX_POINT('',#18427);
#5793=VERTEX_POINT('',#18429);
#5794=VERTEX_POINT('',#18431);
#5795=VERTEX_POINT('',#18434);
#5796=VERTEX_POINT('',#18435);
#5797=VERTEX_POINT('',#18437);
#5798=VERTEX_POINT('',#18439);
#5799=VERTEX_POINT('',#18441);
#5800=VERTEX_POINT('',#18443);
#5801=VERTEX_POINT('',#18446);
#5802=VERTEX_POINT('',#18447);
#5803=VERTEX_POINT('',#18449);
#5804=VERTEX_POINT('',#18451);
#5805=VERTEX_POINT('',#18453);
#5806=VERTEX_POINT('',#18455);
#5807=VERTEX_POINT('',#18458);
#5808=VERTEX_POINT('',#18459);
#5809=VERTEX_POINT('',#18461);
#5810=VERTEX_POINT('',#18463);
#5811=VERTEX_POINT('',#18465);
#5812=VERTEX_POINT('',#18467);
#5813=VERTEX_POINT('',#18470);
#5814=VERTEX_POINT('',#18471);
#5815=VERTEX_POINT('',#18473);
#5816=VERTEX_POINT('',#18475);
#5817=VERTEX_POINT('',#18477);
#5818=VERTEX_POINT('',#18479);
#5819=VERTEX_POINT('',#18482);
#5820=VERTEX_POINT('',#18483);
#5821=VERTEX_POINT('',#18485);
#5822=VERTEX_POINT('',#18487);
#5823=VERTEX_POINT('',#18489);
#5824=VERTEX_POINT('',#18491);
#5825=VERTEX_POINT('',#18494);
#5826=VERTEX_POINT('',#18495);
#5827=VERTEX_POINT('',#18497);
#5828=VERTEX_POINT('',#18499);
#5829=VERTEX_POINT('',#18501);
#5830=VERTEX_POINT('',#18503);
#5831=VERTEX_POINT('',#18506);
#5832=VERTEX_POINT('',#18507);
#5833=VERTEX_POINT('',#18509);
#5834=VERTEX_POINT('',#18511);
#5835=VERTEX_POINT('',#18513);
#5836=VERTEX_POINT('',#18515);
#5837=VERTEX_POINT('',#18518);
#5838=VERTEX_POINT('',#18519);
#5839=VERTEX_POINT('',#18521);
#5840=VERTEX_POINT('',#18523);
#5841=VERTEX_POINT('',#18525);
#5842=VERTEX_POINT('',#18527);
#5843=VERTEX_POINT('',#18530);
#5844=VERTEX_POINT('',#18531);
#5845=VERTEX_POINT('',#18533);
#5846=VERTEX_POINT('',#18535);
#5847=VERTEX_POINT('',#18537);
#5848=VERTEX_POINT('',#18539);
#5849=VERTEX_POINT('',#18542);
#5850=VERTEX_POINT('',#18543);
#5851=VERTEX_POINT('',#18545);
#5852=VERTEX_POINT('',#18547);
#5853=VERTEX_POINT('',#18549);
#5854=VERTEX_POINT('',#18551);
#5855=VERTEX_POINT('',#18554);
#5856=VERTEX_POINT('',#18555);
#5857=VERTEX_POINT('',#18557);
#5858=VERTEX_POINT('',#18559);
#5859=VERTEX_POINT('',#18561);
#5860=VERTEX_POINT('',#18563);
#5861=VERTEX_POINT('',#18566);
#5862=VERTEX_POINT('',#18567);
#5863=VERTEX_POINT('',#18569);
#5864=VERTEX_POINT('',#18571);
#5865=VERTEX_POINT('',#18573);
#5866=VERTEX_POINT('',#18575);
#5867=VERTEX_POINT('',#18578);
#5868=VERTEX_POINT('',#18579);
#5869=VERTEX_POINT('',#18581);
#5870=VERTEX_POINT('',#18583);
#5871=VERTEX_POINT('',#18585);
#5872=VERTEX_POINT('',#18587);
#5873=VERTEX_POINT('',#18590);
#5874=VERTEX_POINT('',#18591);
#5875=VERTEX_POINT('',#18593);
#5876=VERTEX_POINT('',#18595);
#5877=VERTEX_POINT('',#18597);
#5878=VERTEX_POINT('',#18599);
#5879=VERTEX_POINT('',#18602);
#5880=VERTEX_POINT('',#18603);
#5881=VERTEX_POINT('',#18605);
#5882=VERTEX_POINT('',#18607);
#5883=VERTEX_POINT('',#18609);
#5884=VERTEX_POINT('',#18611);
#5885=VERTEX_POINT('',#18614);
#5886=VERTEX_POINT('',#18615);
#5887=VERTEX_POINT('',#18617);
#5888=VERTEX_POINT('',#18619);
#5889=VERTEX_POINT('',#18621);
#5890=VERTEX_POINT('',#18623);
#5891=VERTEX_POINT('',#18626);
#5892=VERTEX_POINT('',#18627);
#5893=VERTEX_POINT('',#18629);
#5894=VERTEX_POINT('',#18631);
#5895=VERTEX_POINT('',#18633);
#5896=VERTEX_POINT('',#18635);
#5897=VERTEX_POINT('',#18638);
#5898=VERTEX_POINT('',#18639);
#5899=VERTEX_POINT('',#18641);
#5900=VERTEX_POINT('',#18643);
#5901=VERTEX_POINT('',#18645);
#5902=VERTEX_POINT('',#18647);
#5903=VERTEX_POINT('',#18650);
#5904=VERTEX_POINT('',#18651);
#5905=VERTEX_POINT('',#18653);
#5906=VERTEX_POINT('',#18655);
#5907=VERTEX_POINT('',#18657);
#5908=VERTEX_POINT('',#18659);
#5909=VERTEX_POINT('',#18662);
#5910=VERTEX_POINT('',#18663);
#5911=VERTEX_POINT('',#18665);
#5912=VERTEX_POINT('',#18667);
#5913=VERTEX_POINT('',#18669);
#5914=VERTEX_POINT('',#18671);
#5915=VERTEX_POINT('',#18674);
#5916=VERTEX_POINT('',#18675);
#5917=VERTEX_POINT('',#18677);
#5918=VERTEX_POINT('',#18679);
#5919=VERTEX_POINT('',#18681);
#5920=VERTEX_POINT('',#18683);
#5921=VERTEX_POINT('',#18686);
#5922=VERTEX_POINT('',#18687);
#5923=VERTEX_POINT('',#18689);
#5924=VERTEX_POINT('',#18691);
#5925=VERTEX_POINT('',#18693);
#5926=VERTEX_POINT('',#18695);
#5927=VERTEX_POINT('',#18698);
#5928=VERTEX_POINT('',#18699);
#5929=VERTEX_POINT('',#18701);
#5930=VERTEX_POINT('',#18703);
#5931=VERTEX_POINT('',#18705);
#5932=VERTEX_POINT('',#18707);
#5933=VERTEX_POINT('',#18710);
#5934=VERTEX_POINT('',#18711);
#5935=VERTEX_POINT('',#18713);
#5936=VERTEX_POINT('',#18715);
#5937=VERTEX_POINT('',#18717);
#5938=VERTEX_POINT('',#18719);
#5939=VERTEX_POINT('',#18722);
#5940=VERTEX_POINT('',#18723);
#5941=VERTEX_POINT('',#18725);
#5942=VERTEX_POINT('',#18727);
#5943=VERTEX_POINT('',#18729);
#5944=VERTEX_POINT('',#18731);
#5945=VERTEX_POINT('',#18734);
#5946=VERTEX_POINT('',#18735);
#5947=VERTEX_POINT('',#18737);
#5948=VERTEX_POINT('',#18739);
#5949=VERTEX_POINT('',#18741);
#5950=VERTEX_POINT('',#18743);
#5951=VERTEX_POINT('',#18746);
#5952=VERTEX_POINT('',#18747);
#5953=VERTEX_POINT('',#18749);
#5954=VERTEX_POINT('',#18751);
#5955=VERTEX_POINT('',#18753);
#5956=VERTEX_POINT('',#18755);
#5957=VERTEX_POINT('',#19181);
#5958=VERTEX_POINT('',#19183);
#5959=VERTEX_POINT('',#19189);
#5960=VERTEX_POINT('',#19193);
#5961=VERTEX_POINT('',#19201);
#5962=VERTEX_POINT('',#19205);
#5963=VERTEX_POINT('',#19209);
#5964=VERTEX_POINT('',#19213);
#5965=EDGE_CURVE('',#4815,#4816,#4648,.T.);
#5966=EDGE_CURVE('',#4817,#4815,#1488,.T.);
#5967=EDGE_CURVE('',#4818,#4817,#1489,.T.);
#5968=EDGE_CURVE('',#4819,#4818,#1490,.T.);
#5969=EDGE_CURVE('',#4820,#4819,#1491,.T.);
#5970=EDGE_CURVE('',#4821,#4820,#1492,.T.);
#5971=EDGE_CURVE('',#4822,#4821,#4649,.T.);
#5972=EDGE_CURVE('',#4822,#4823,#1493,.T.);
#5973=EDGE_CURVE('',#4824,#4823,#1494,.T.);
#5974=EDGE_CURVE('',#4816,#4824,#1495,.T.);
#5975=EDGE_CURVE('',#4825,#4826,#1496,.T.);
#5976=EDGE_CURVE('',#4827,#4825,#1497,.T.);
#5977=EDGE_CURVE('',#4828,#4827,#4650,.T.);
#5978=EDGE_CURVE('',#4829,#4828,#1498,.T.);
#5979=EDGE_CURVE('',#4829,#4826,#1499,.T.);
#5980=EDGE_CURVE('',#4830,#4831,#1500,.T.);
#5981=EDGE_CURVE('',#4832,#4831,#1501,.T.);
#5982=EDGE_CURVE('',#4833,#4832,#4651,.T.);
#5983=EDGE_CURVE('',#4834,#4833,#1502,.T.);
#5984=EDGE_CURVE('',#4834,#4830,#1503,.T.);
#5985=EDGE_CURVE('',#4835,#4836,#1504,.T.);
#5986=EDGE_CURVE('',#4837,#4835,#1505,.T.);
#5987=EDGE_CURVE('',#4837,#4838,#1506,.T.);
#5988=EDGE_CURVE('',#4836,#4838,#1507,.T.);
#5989=EDGE_CURVE('',#4839,#4837,#4652,.F.);
#5990=EDGE_CURVE('',#4835,#4840,#35,.F.);
#5991=EDGE_CURVE('',#4840,#4841,#4653,.F.);
#5992=EDGE_CURVE('',#4841,#4839,#1508,.T.);
#5993=EDGE_CURVE('',#4842,#4841,#1509,.T.);
#5994=EDGE_CURVE('',#4842,#4843,#1510,.T.);
#5995=EDGE_CURVE('',#4839,#4843,#4654,.F.);
#5996=EDGE_CURVE('',#4844,#4845,#1511,.T.);
#5997=EDGE_CURVE('',#4846,#4844,#4655,.F.);
#5998=EDGE_CURVE('',#4846,#4847,#1512,.T.);
#5999=EDGE_CURVE('',#4848,#4847,#4656,.F.);
#6000=EDGE_CURVE('',#4848,#4849,#1513,.T.);
#6001=EDGE_CURVE('',#4850,#4849,#4657,.F.);
#6002=EDGE_CURVE('',#4850,#4851,#1514,.T.);
#6003=EDGE_CURVE('',#4845,#4851,#4658,.F.);
#6004=EDGE_CURVE('',#4838,#4852,#4659,.F.);
#6005=EDGE_CURVE('',#4852,#4853,#1515,.T.);
#6006=EDGE_CURVE('',#4853,#4854,#4660,.F.);
#6007=EDGE_CURVE('',#4836,#4854,#36,.T.);
#6008=EDGE_CURVE('',#4855,#4852,#4661,.F.);
#6009=EDGE_CURVE('',#4855,#4856,#1516,.T.);
#6010=EDGE_CURVE('',#4857,#4856,#4662,.F.);
#6011=EDGE_CURVE('',#4857,#4858,#1517,.T.);
#6012=EDGE_CURVE('',#4859,#4858,#1518,.T.);
#6013=EDGE_CURVE('',#4859,#4860,#1519,.T.);
#6014=EDGE_CURVE('',#4860,#4861,#1520,.T.);
#6015=EDGE_CURVE('',#4853,#4861,#1521,.T.);
#6016=EDGE_CURVE('',#4862,#4863,#1522,.T.);
#6017=EDGE_CURVE('',#4864,#4862,#1523,.T.);
#6018=EDGE_CURVE('',#4864,#4865,#1524,.T.);
#6019=EDGE_CURVE('',#4865,#4866,#1525,.T.);
#6020=EDGE_CURVE('',#4867,#4866,#1526,.T.);
#6021=EDGE_CURVE('',#4867,#4868,#1527,.T.);
#6022=EDGE_CURVE('',#4869,#4868,#4663,.F.);
#6023=EDGE_CURVE('',#4869,#4870,#1528,.T.);
#6024=EDGE_CURVE('',#4870,#4863,#4664,.T.);
#6025=EDGE_CURVE('',#4871,#4872,#1529,.T.);
#6026=EDGE_CURVE('',#4871,#4873,#4665,.T.);
#6027=EDGE_CURVE('',#4873,#4874,#1530,.T.);
#6028=EDGE_CURVE('',#4875,#4874,#4666,.F.);
#6029=EDGE_CURVE('',#4875,#4876,#1531,.T.);
#6030=EDGE_CURVE('',#4877,#4876,#4667,.F.);
#6031=EDGE_CURVE('',#4877,#4878,#1532,.T.);
#6032=EDGE_CURVE('',#4878,#4872,#4668,.T.);
#6033=EDGE_CURVE('',#4863,#4879,#4669,.F.);
#6034=EDGE_CURVE('',#4879,#4880,#1533,.T.);
#6035=EDGE_CURVE('',#4880,#4862,#4670,.F.);
#6036=EDGE_CURVE('',#4881,#4882,#1534,.T.);
#6037=EDGE_CURVE('',#4883,#4881,#4671,.F.);
#6038=EDGE_CURVE('',#4883,#4884,#1535,.T.);
#6039=EDGE_CURVE('',#4885,#4884,#4672,.F.);
#6040=EDGE_CURVE('',#4885,#4886,#1536,.T.);
#6041=EDGE_CURVE('',#4887,#4886,#4673,.F.);
#6042=EDGE_CURVE('',#4887,#4888,#1537,.T.);
#6043=EDGE_CURVE('',#4882,#4888,#4674,.F.);
#6044=EDGE_CURVE('',#4889,#4879,#4675,.F.);
#6045=EDGE_CURVE('',#4889,#4890,#1538,.T.);
#6046=EDGE_CURVE('',#4891,#4890,#4676,.F.);
#6047=EDGE_CURVE('',#4891,#4892,#1539,.T.);
#6048=EDGE_CURVE('',#4893,#4892,#1540,.T.);
#6049=EDGE_CURVE('',#4894,#4893,#1541,.T.);
#6050=EDGE_CURVE('',#4895,#4894,#1542,.T.);
#6051=EDGE_CURVE('',#4896,#4895,#1543,.T.);
#6052=EDGE_CURVE('',#4897,#4896,#4677,.F.);
#6053=EDGE_CURVE('',#4897,#4898,#1544,.T.);
#6054=EDGE_CURVE('',#4899,#4898,#4678,.F.);
#6055=EDGE_CURVE('',#4900,#4899,#1545,.T.);
#6056=EDGE_CURVE('',#4901,#4900,#1546,.T.);
#6057=EDGE_CURVE('',#4902,#4901,#1547,.T.);
#6058=EDGE_CURVE('',#4903,#4902,#1548,.T.);
#6059=EDGE_CURVE('',#4904,#4903,#1549,.T.);
#6060=EDGE_CURVE('',#4905,#4904,#1550,.T.);
#6061=EDGE_CURVE('',#4880,#4905,#1551,.T.);
#6062=EDGE_CURVE('',#4906,#4907,#1552,.T.);
#6063=EDGE_CURVE('',#4908,#4906,#4679,.F.);
#6064=EDGE_CURVE('',#4908,#4909,#1553,.T.);
#6065=EDGE_CURVE('',#4907,#4909,#1554,.T.);
#6066=EDGE_CURVE('',#4910,#4906,#4680,.F.);
#6067=EDGE_CURVE('',#4907,#4911,#4681,.F.);
#6068=EDGE_CURVE('',#4911,#4910,#1555,.T.);
#6069=EDGE_CURVE('',#4912,#4911,#1556,.T.);
#6070=EDGE_CURVE('',#4912,#4913,#1557,.T.);
#6071=EDGE_CURVE('',#4910,#4913,#4682,.F.);
#6072=EDGE_CURVE('',#4914,#4915,#4683,.F.);
#6073=EDGE_CURVE('',#4915,#4916,#1558,.T.);
#6074=EDGE_CURVE('',#4916,#4917,#4684,.F.);
#6075=EDGE_CURVE('',#4918,#4917,#37,.T.);
#6076=EDGE_CURVE('',#4918,#4914,#1559,.T.);
#6077=EDGE_CURVE('',#4919,#4915,#4685,.F.);
#6078=EDGE_CURVE('',#4919,#4920,#1560,.T.);
#6079=EDGE_CURVE('',#4916,#4920,#1561,.T.);
#6080=EDGE_CURVE('',#4921,#4922,#1562,.T.);
#6081=EDGE_CURVE('',#4923,#4921,#1563,.T.);
#6082=EDGE_CURVE('',#4923,#4924,#1564,.T.);
#6083=EDGE_CURVE('',#4922,#4924,#4686,.F.);
#6084=EDGE_CURVE('',#4925,#4926,#1565,.T.);
#6085=EDGE_CURVE('',#4927,#4925,#4687,.F.);
#6086=EDGE_CURVE('',#4927,#4928,#1566,.T.);
#6087=EDGE_CURVE('',#4929,#4928,#4688,.F.);
#6088=EDGE_CURVE('',#4929,#4930,#1567,.T.);
#6089=EDGE_CURVE('',#4931,#4930,#4689,.F.);
#6090=EDGE_CURVE('',#4931,#4932,#1568,.T.);
#6091=EDGE_CURVE('',#4926,#4932,#4690,.F.);
#6092=EDGE_CURVE('',#4922,#4933,#4691,.F.);
#6093=EDGE_CURVE('',#4933,#4934,#1569,.T.);
#6094=EDGE_CURVE('',#4934,#4921,#4692,.F.);
#6095=EDGE_CURVE('',#4935,#4936,#1570,.T.);
#6096=EDGE_CURVE('',#4935,#4937,#4693,.T.);
#6097=EDGE_CURVE('',#4937,#4938,#1571,.T.);
#6098=EDGE_CURVE('',#4939,#4938,#4694,.F.);
#6099=EDGE_CURVE('',#4940,#4939,#1572,.T.);
#6100=EDGE_CURVE('',#4941,#4940,#4695,.F.);
#6101=EDGE_CURVE('',#4941,#4942,#1573,.T.);
#6102=EDGE_CURVE('',#4942,#4936,#4696,.T.);
#6103=EDGE_CURVE('',#4943,#4933,#4697,.F.);
#6104=EDGE_CURVE('',#4944,#4943,#1574,.T.);
#6105=EDGE_CURVE('',#4934,#4944,#1575,.T.);
#6106=EDGE_CURVE('',#4945,#4946,#1576,.T.);
#6107=EDGE_CURVE('',#4947,#4945,#1577,.T.);
#6108=EDGE_CURVE('',#4947,#4948,#1578,.T.);
#6109=EDGE_CURVE('',#4948,#4949,#1579,.T.);
#6110=EDGE_CURVE('',#4950,#4949,#1580,.T.);
#6111=EDGE_CURVE('',#4951,#4950,#1581,.T.);
#6112=EDGE_CURVE('',#4952,#4951,#1582,.T.);
#6113=EDGE_CURVE('',#4953,#4952,#1583,.T.);
#6114=EDGE_CURVE('',#4953,#4954,#4698,.T.);
#6115=EDGE_CURVE('',#4954,#4955,#1584,.T.);
#6116=EDGE_CURVE('',#4956,#4955,#4699,.F.);
#6117=EDGE_CURVE('',#4956,#4957,#1585,.T.);
#6118=EDGE_CURVE('',#4958,#4957,#1586,.T.);
#6119=EDGE_CURVE('',#4959,#4958,#1587,.T.);
#6120=EDGE_CURVE('',#4960,#4959,#1588,.T.);
#6121=EDGE_CURVE('',#4961,#4960,#1589,.T.);
#6122=EDGE_CURVE('',#4962,#4961,#4700,.F.);
#6123=EDGE_CURVE('',#4962,#4963,#1590,.T.);
#6124=EDGE_CURVE('',#4963,#4946,#4701,.T.);
#6125=EDGE_CURVE('',#4946,#4964,#4702,.F.);
#6126=EDGE_CURVE('',#4964,#4965,#1591,.T.);
#6127=EDGE_CURVE('',#4965,#4945,#4703,.F.);
#6128=EDGE_CURVE('',#4966,#4964,#4704,.F.);
#6129=EDGE_CURVE('',#4966,#4967,#1592,.T.);
#6130=EDGE_CURVE('',#4968,#4967,#4705,.F.);
#6131=EDGE_CURVE('',#4968,#4969,#1593,.T.);
#6132=EDGE_CURVE('',#4970,#4969,#1594,.T.);
#6133=EDGE_CURVE('',#4970,#4971,#1595,.T.);
#6134=EDGE_CURVE('',#4971,#4972,#1596,.T.);
#6135=EDGE_CURVE('',#4965,#4972,#1597,.T.);
#6136=EDGE_CURVE('',#4973,#4974,#1598,.T.);
#6137=EDGE_CURVE('',#4975,#4973,#1599,.T.);
#6138=EDGE_CURVE('',#4975,#4976,#1600,.T.);
#6139=EDGE_CURVE('',#4976,#4977,#1601,.T.);
#6140=EDGE_CURVE('',#4978,#4977,#1602,.T.);
#6141=EDGE_CURVE('',#4978,#4979,#1603,.T.);
#6142=EDGE_CURVE('',#4980,#4979,#4706,.F.);
#6143=EDGE_CURVE('',#4980,#4981,#1604,.T.);
#6144=EDGE_CURVE('',#4981,#4974,#4707,.T.);
#6145=EDGE_CURVE('',#4982,#4983,#1605,.T.);
#6146=EDGE_CURVE('',#4982,#4984,#4708,.T.);
#6147=EDGE_CURVE('',#4984,#4985,#1606,.T.);
#6148=EDGE_CURVE('',#4986,#4985,#4709,.F.);
#6149=EDGE_CURVE('',#4986,#4987,#1607,.T.);
#6150=EDGE_CURVE('',#4988,#4987,#4710,.F.);
#6151=EDGE_CURVE('',#4988,#4989,#1608,.T.);
#6152=EDGE_CURVE('',#4989,#4983,#4711,.T.);
#6153=EDGE_CURVE('',#4990,#4973,#4712,.F.);
#6154=EDGE_CURVE('',#4974,#4991,#4713,.F.);
#6155=EDGE_CURVE('',#4991,#4992,#1609,.T.);
#6156=EDGE_CURVE('',#4992,#4990,#38,.F.);
#6157=EDGE_CURVE('',#4993,#4994,#4714,.T.);
#6158=EDGE_CURVE('',#4993,#4995,#1610,.T.);
#6159=EDGE_CURVE('',#4996,#4995,#1611,.T.);
#6160=EDGE_CURVE('',#4997,#4996,#1612,.T.);
#6161=EDGE_CURVE('',#4998,#4997,#4715,.T.);
#6162=EDGE_CURVE('',#4998,#4999,#1613,.T.);
#6163=EDGE_CURVE('',#5000,#4999,#1614,.T.);
#6164=EDGE_CURVE('',#5001,#5000,#1615,.T.);
#6165=EDGE_CURVE('',#5002,#5001,#1616,.T.);
#6166=EDGE_CURVE('',#4994,#5002,#1617,.T.);
#6167=EDGE_CURVE('',#4992,#4918,#1618,.T.);
#6168=EDGE_CURVE('',#4914,#4991,#1619,.T.);
#6169=EDGE_CURVE('',#5003,#5004,#1620,.T.);
#6170=EDGE_CURVE('',#5005,#5003,#1621,.T.);
#6171=EDGE_CURVE('',#5006,#5005,#4716,.T.);
#6172=EDGE_CURVE('',#5007,#5006,#1622,.T.);
#6173=EDGE_CURVE('',#5004,#5007,#1623,.T.);
#6174=EDGE_CURVE('',#5008,#5009,#1624,.T.);
#6175=EDGE_CURVE('',#5010,#5008,#1625,.T.);
#6176=EDGE_CURVE('',#5011,#5010,#4717,.T.);
#6177=EDGE_CURVE('',#5012,#5011,#1626,.T.);
#6178=EDGE_CURVE('',#5009,#5012,#1627,.T.);
#6179=EDGE_CURVE('',#5013,#5009,#4718,.F.);
#6180=EDGE_CURVE('',#5012,#5014,#39,.F.);
#6181=EDGE_CURVE('',#5014,#5015,#4719,.F.);
#6182=EDGE_CURVE('',#5015,#5013,#1628,.T.);
#6183=EDGE_CURVE('',#5016,#5015,#1629,.T.);
#6184=EDGE_CURVE('',#5016,#5017,#1630,.T.);
#6185=EDGE_CURVE('',#5013,#5017,#4720,.F.);
#6186=EDGE_CURVE('',#5018,#5019,#1631,.T.);
#6187=EDGE_CURVE('',#5019,#5020,#4721,.T.);
#6188=EDGE_CURVE('',#5020,#5021,#1632,.T.);
#6189=EDGE_CURVE('',#5022,#5021,#4722,.F.);
#6190=EDGE_CURVE('',#5022,#5023,#1633,.T.);
#6191=EDGE_CURVE('',#5023,#5018,#1634,.T.);
#6192=EDGE_CURVE('',#5024,#5025,#1635,.T.);
#6193=EDGE_CURVE('',#5026,#5024,#1636,.T.);
#6194=EDGE_CURVE('',#5026,#5027,#1637,.T.);
#6195=EDGE_CURVE('',#5025,#5027,#4723,.F.);
#6196=EDGE_CURVE('',#5025,#5028,#4724,.F.);
#6197=EDGE_CURVE('',#5028,#5029,#1638,.T.);
#6198=EDGE_CURVE('',#5029,#5024,#4725,.F.);
#6199=EDGE_CURVE('',#5030,#5028,#4726,.F.);
#6200=EDGE_CURVE('',#5030,#5031,#1639,.T.);
#6201=EDGE_CURVE('',#5029,#5031,#1640,.T.);
#6202=EDGE_CURVE('',#5032,#5033,#4727,.F.);
#6203=EDGE_CURVE('',#5033,#5034,#1641,.T.);
#6204=EDGE_CURVE('',#5034,#5035,#4728,.F.);
#6205=EDGE_CURVE('',#5035,#5032,#1642,.T.);
#6206=EDGE_CURVE('',#5036,#5033,#4729,.F.);
#6207=EDGE_CURVE('',#5036,#5037,#1643,.T.);
#6208=EDGE_CURVE('',#5034,#5037,#1644,.T.);
#6209=EDGE_CURVE('',#5038,#5039,#1645,.T.);
#6210=EDGE_CURVE('',#5040,#5038,#1646,.T.);
#6211=EDGE_CURVE('',#5040,#5041,#1647,.T.);
#6212=EDGE_CURVE('',#5042,#5041,#4730,.F.);
#6213=EDGE_CURVE('',#5042,#5043,#1648,.T.);
#6214=EDGE_CURVE('',#5039,#5043,#4731,.F.);
#6215=EDGE_CURVE('',#5044,#5035,#1649,.T.);
#6216=EDGE_CURVE('',#4825,#5044,#4732,.T.);
#6217=EDGE_CURVE('',#4826,#5032,#1650,.T.);
#6218=EDGE_CURVE('',#5045,#5046,#1651,.T.);
#6219=EDGE_CURVE('',#5047,#5045,#1652,.T.);
#6220=EDGE_CURVE('',#5047,#5048,#1653,.T.);
#6221=EDGE_CURVE('',#5046,#5048,#4733,.F.);
#6222=EDGE_CURVE('',#5049,#5050,#1654,.T.);
#6223=EDGE_CURVE('',#5050,#5051,#4734,.T.);
#6224=EDGE_CURVE('',#5051,#5052,#1655,.T.);
#6225=EDGE_CURVE('',#5053,#5052,#4735,.F.);
#6226=EDGE_CURVE('',#5053,#5054,#1656,.T.);
#6227=EDGE_CURVE('',#5054,#5049,#1657,.T.);
#6228=EDGE_CURVE('',#5046,#5055,#4736,.F.);
#6229=EDGE_CURVE('',#5055,#5056,#1658,.T.);
#6230=EDGE_CURVE('',#5056,#5045,#4737,.F.);
#6231=EDGE_CURVE('',#5057,#5055,#4738,.F.);
#6232=EDGE_CURVE('',#5058,#5057,#1659,.T.);
#6233=EDGE_CURVE('',#5056,#5058,#1660,.T.);
#6234=EDGE_CURVE('',#5027,#5057,#1661,.T.);
#6235=EDGE_CURVE('',#5055,#5025,#1662,.T.);
#6236=EDGE_CURVE('',#4816,#4993,#1663,.T.);
#6237=EDGE_CURVE('',#4995,#4824,#1664,.T.);
#6238=EDGE_CURVE('',#5026,#5058,#1665,.T.);
#6239=EDGE_CURVE('',#5048,#5036,#1666,.T.);
#6240=EDGE_CURVE('',#5047,#5037,#1667,.T.);
#6241=EDGE_CURVE('',#5017,#5030,#1668,.T.);
#6242=EDGE_CURVE('',#5016,#5031,#1669,.T.);
#6243=EDGE_CURVE('',#4955,#4897,#1670,.T.);
#6244=EDGE_CURVE('',#4896,#4956,#1671,.T.);
#6245=EDGE_CURVE('',#4898,#4954,#1672,.T.);
#6246=EDGE_CURVE('',#4953,#4899,#1673,.T.);
#6247=EDGE_CURVE('',#5043,#5051,#1674,.T.);
#6248=EDGE_CURVE('',#5050,#5039,#1675,.T.);
#6249=EDGE_CURVE('',#5033,#5046,#1676,.T.);
#6250=EDGE_CURVE('',#5052,#5042,#1677,.T.);
#6251=EDGE_CURVE('',#5041,#5053,#1678,.T.);
#6252=EDGE_CURVE('',#4852,#4863,#1679,.T.);
#6253=EDGE_CURVE('',#4870,#4855,#1680,.T.);
#6254=EDGE_CURVE('',#4856,#4869,#1681,.T.);
#6255=EDGE_CURVE('',#4868,#4857,#1682,.T.);
#6256=EDGE_CURVE('',#5059,#4867,#1683,.T.);
#6257=EDGE_CURVE('',#4892,#5059,#4739,.T.);
#6258=EDGE_CURVE('',#4961,#4891,#1684,.T.);
#6259=EDGE_CURVE('',#5060,#4960,#4740,.T.);
#6260=EDGE_CURVE('',#4969,#5060,#1685,.T.);
#6261=EDGE_CURVE('',#4979,#4968,#1686,.T.);
#6262=EDGE_CURVE('',#5061,#4978,#1687,.T.);
#6263=EDGE_CURVE('',#4999,#5061,#4741,.T.);
#6264=EDGE_CURVE('',#4821,#4998,#1688,.T.);
#6265=EDGE_CURVE('',#5062,#4820,#4742,.T.);
#6266=EDGE_CURVE('',#4858,#5062,#1689,.T.);
#6267=EDGE_CURVE('',#4987,#4929,#1690,.T.);
#6268=EDGE_CURVE('',#4930,#4986,#1691,.T.);
#6269=EDGE_CURVE('',#4940,#4885,#1692,.T.);
#6270=EDGE_CURVE('',#4886,#4939,#1693,.T.);
#6271=EDGE_CURVE('',#4876,#4848,#1694,.T.);
#6272=EDGE_CURVE('',#4849,#4875,#1695,.T.);
#6273=EDGE_CURVE('',#4874,#4850,#1696,.T.);
#6274=EDGE_CURVE('',#4851,#4873,#1697,.T.);
#6275=EDGE_CURVE('',#4871,#4845,#1698,.T.);
#6276=EDGE_CURVE('',#4844,#4872,#1699,.T.);
#6277=EDGE_CURVE('',#4878,#4846,#1700,.T.);
#6278=EDGE_CURVE('',#4847,#4877,#1701,.T.);
#6279=EDGE_CURVE('',#4906,#4839,#1702,.T.);
#6280=EDGE_CURVE('',#4843,#4908,#1703,.T.);
#6281=EDGE_CURVE('',#4933,#4910,#1704,.T.);
#6282=EDGE_CURVE('',#4915,#4922,#1705,.T.);
#6283=EDGE_CURVE('',#4964,#4974,#1706,.T.);
#6284=EDGE_CURVE('',#4879,#4946,#1707,.T.);
#6285=EDGE_CURVE('',#4935,#4882,#1708,.T.);
#6286=EDGE_CURVE('',#4881,#4936,#1709,.T.);
#6287=EDGE_CURVE('',#4925,#4983,#1710,.T.);
#6288=EDGE_CURVE('',#4982,#4926,#1711,.T.);
#6289=EDGE_CURVE('',#4942,#4883,#1712,.T.);
#6290=EDGE_CURVE('',#4884,#4941,#1713,.T.);
#6291=EDGE_CURVE('',#4913,#4943,#1714,.T.);
#6292=EDGE_CURVE('',#4963,#4889,#1715,.T.);
#6293=EDGE_CURVE('',#4890,#4962,#1716,.T.);
#6294=EDGE_CURVE('',#4888,#4937,#1717,.T.);
#6295=EDGE_CURVE('',#4938,#4887,#1718,.T.);
#6296=EDGE_CURVE('',#5028,#5013,#1719,.T.);
#6297=EDGE_CURVE('',#4994,#4815,#1720,.T.);
#6298=EDGE_CURVE('',#5021,#5063,#1721,.T.);
#6299=EDGE_CURVE('',#5063,#5064,#4743,.F.);
#6300=EDGE_CURVE('',#5064,#5022,#1722,.T.);
#6301=EDGE_CURVE('',#5065,#5020,#1723,.T.);
#6302=EDGE_CURVE('',#5063,#5065,#1724,.T.);
#6303=EDGE_CURVE('',#5066,#5065,#4744,.F.);
#6304=EDGE_CURVE('',#5019,#5066,#1725,.T.);
#6305=EDGE_CURVE('',#4989,#4927,#1726,.T.);
#6306=EDGE_CURVE('',#4928,#4988,#1727,.T.);
#6307=EDGE_CURVE('',#4924,#4919,#1728,.T.);
#6308=EDGE_CURVE('',#4997,#4822,#1729,.T.);
#6309=EDGE_CURVE('',#4823,#4996,#1730,.T.);
#6310=EDGE_CURVE('',#4909,#4842,#1731,.T.);
#6311=EDGE_CURVE('',#4944,#4912,#1732,.T.);
#6312=EDGE_CURVE('',#4920,#4923,#1733,.T.);
#6313=EDGE_CURVE('',#4981,#4966,#1734,.T.);
#6314=EDGE_CURVE('',#4967,#4980,#1735,.T.);
#6315=EDGE_CURVE('',#4932,#4984,#1736,.T.);
#6316=EDGE_CURVE('',#4985,#4931,#1737,.T.);
#6317=EDGE_CURVE('',#5067,#5066,#1738,.T.);
#6318=EDGE_CURVE('',#5067,#5068,#1739,.T.);
#6319=EDGE_CURVE('',#5068,#5064,#1740,.T.);
#6320=EDGE_CURVE('',#5069,#4903,#4745,.T.);
#6321=EDGE_CURVE('',#4866,#5069,#1741,.T.);
#6322=EDGE_CURVE('',#4904,#4865,#1742,.T.);
#6323=EDGE_CURVE('',#4905,#4864,#1743,.T.);
#6324=EDGE_CURVE('',#5070,#4859,#1744,.T.);
#6325=EDGE_CURVE('',#5071,#5062,#1745,.T.);
#6326=EDGE_CURVE('',#5072,#5071,#1746,.T.);
#6327=EDGE_CURVE('',#5061,#5072,#1747,.T.);
#6328=EDGE_CURVE('',#4977,#5073,#1748,.T.);
#6329=EDGE_CURVE('',#5074,#5073,#1749,.T.);
#6330=EDGE_CURVE('',#5075,#5074,#1750,.T.);
#6331=EDGE_CURVE('',#5070,#5075,#1751,.T.);
#6332=EDGE_CURVE('',#5076,#5077,#1752,.T.);
#6333=EDGE_CURVE('',#5078,#5076,#1753,.T.);
#6334=EDGE_CURVE('',#5079,#5078,#1754,.T.);
#6335=EDGE_CURVE('',#5077,#5079,#1755,.T.);
#6336=EDGE_CURVE('',#5080,#5069,#1756,.T.);
#6337=EDGE_CURVE('',#5081,#5080,#4746,.T.);
#6338=EDGE_CURVE('',#5082,#5081,#1757,.T.);
#6339=EDGE_CURVE('',#5083,#5082,#4747,.T.);
#6340=EDGE_CURVE('',#5084,#5083,#1758,.T.);
#6341=EDGE_CURVE('',#5084,#4970,#1759,.T.);
#6342=EDGE_CURVE('',#5085,#5060,#1760,.T.);
#6343=EDGE_CURVE('',#5086,#5085,#4748,.T.);
#6344=EDGE_CURVE('',#5087,#5086,#1761,.T.);
#6345=EDGE_CURVE('',#5088,#5087,#4749,.T.);
#6346=EDGE_CURVE('',#5059,#5088,#1762,.T.);
#6347=EDGE_CURVE('',#4902,#5080,#4750,.T.);
#6348=EDGE_CURVE('',#5088,#4893,#4751,.T.);
#6349=EDGE_CURVE('',#5089,#5090,#1763,.T.);
#6350=EDGE_CURVE('',#5089,#5049,#1764,.T.);
#6351=EDGE_CURVE('',#5090,#5054,#1765,.T.);
#6352=EDGE_CURVE('',#4900,#5091,#4752,.T.);
#6353=EDGE_CURVE('',#5091,#5092,#1766,.T.);
#6354=EDGE_CURVE('',#4901,#5092,#4753,.T.);
#6355=EDGE_CURVE('',#5093,#4895,#4754,.T.);
#6356=EDGE_CURVE('',#4894,#5094,#4755,.T.);
#6357=EDGE_CURVE('',#5094,#5093,#1767,.T.);
#6358=EDGE_CURVE('',#5091,#5095,#1768,.T.);
#6359=EDGE_CURVE('',#5096,#5095,#1769,.T.);
#6360=EDGE_CURVE('',#5096,#5097,#1770,.T.);
#6361=EDGE_CURVE('',#5098,#5097,#1771,.T.);
#6362=EDGE_CURVE('',#5099,#5098,#1772,.T.);
#6363=EDGE_CURVE('',#5100,#5099,#1773,.T.);
#6364=EDGE_CURVE('',#5100,#5101,#1774,.T.);
#6365=EDGE_CURVE('',#5102,#5101,#1775,.T.);
#6366=EDGE_CURVE('',#5102,#5103,#1776,.T.);
#6367=EDGE_CURVE('',#5104,#5103,#1777,.T.);
#6368=EDGE_CURVE('',#5105,#5104,#4756,.T.);
#6369=EDGE_CURVE('',#5106,#5105,#1778,.T.);
#6370=EDGE_CURVE('',#5092,#5106,#4757,.T.);
#6371=EDGE_CURVE('',#5107,#5093,#1779,.T.);
#6372=EDGE_CURVE('',#5108,#5094,#4758,.T.);
#6373=EDGE_CURVE('',#5109,#5108,#1780,.T.);
#6374=EDGE_CURVE('',#5110,#5109,#4759,.T.);
#6375=EDGE_CURVE('',#5111,#5110,#1781,.T.);
#6376=EDGE_CURVE('',#5111,#5112,#1782,.T.);
#6377=EDGE_CURVE('',#5113,#5112,#1783,.T.);
#6378=EDGE_CURVE('',#5113,#5114,#1784,.T.);
#6379=EDGE_CURVE('',#5115,#5114,#1785,.T.);
#6380=EDGE_CURVE('',#5116,#5115,#1786,.T.);
#6381=EDGE_CURVE('',#5117,#5116,#1787,.T.);
#6382=EDGE_CURVE('',#5117,#5118,#1788,.T.);
#6383=EDGE_CURVE('',#5107,#5118,#1789,.T.);
#6384=EDGE_CURVE('',#5119,#5120,#1790,.T.);
#6385=EDGE_CURVE('',#5120,#5121,#1791,.T.);
#6386=EDGE_CURVE('',#5121,#5122,#1792,.T.);
#6387=EDGE_CURVE('',#5122,#5119,#1793,.T.);
#6388=EDGE_CURVE('',#5123,#5124,#1794,.T.);
#6389=EDGE_CURVE('',#5124,#5125,#1795,.T.);
#6390=EDGE_CURVE('',#5125,#5126,#1796,.T.);
#6391=EDGE_CURVE('',#5126,#5127,#1797,.T.);
#6392=EDGE_CURVE('',#5127,#5128,#1798,.T.);
#6393=EDGE_CURVE('',#5128,#5129,#1799,.T.);
#6394=EDGE_CURVE('',#5129,#5123,#1800,.T.);
#6395=EDGE_CURVE('',#5130,#5131,#1801,.T.);
#6396=EDGE_CURVE('',#5131,#5132,#1802,.T.);
#6397=EDGE_CURVE('',#5132,#5133,#1803,.T.);
#6398=EDGE_CURVE('',#5133,#5134,#1804,.T.);
#6399=EDGE_CURVE('',#5134,#5135,#1805,.T.);
#6400=EDGE_CURVE('',#5135,#5130,#1806,.T.);
#6401=EDGE_CURVE('',#5136,#5137,#1807,.T.);
#6402=EDGE_CURVE('',#5137,#5138,#1808,.T.);
#6403=EDGE_CURVE('',#5138,#5139,#1809,.T.);
#6404=EDGE_CURVE('',#5139,#5136,#1810,.T.);
#6405=EDGE_CURVE('',#5140,#5141,#1811,.T.);
#6406=EDGE_CURVE('',#5141,#5142,#1812,.T.);
#6407=EDGE_CURVE('',#5142,#5143,#1813,.T.);
#6408=EDGE_CURVE('',#5143,#5144,#1814,.T.);
#6409=EDGE_CURVE('',#5144,#5145,#1815,.T.);
#6410=EDGE_CURVE('',#5145,#5146,#1816,.T.);
#6411=EDGE_CURVE('',#5146,#5140,#1817,.T.);
#6412=EDGE_CURVE('',#5147,#5148,#1818,.T.);
#6413=EDGE_CURVE('',#5148,#5149,#1819,.T.);
#6414=EDGE_CURVE('',#5149,#5150,#1820,.T.);
#6415=EDGE_CURVE('',#5150,#5151,#1821,.T.);
#6416=EDGE_CURVE('',#5151,#5152,#1822,.T.);
#6417=EDGE_CURVE('',#5152,#5147,#1823,.T.);
#6418=EDGE_CURVE('',#5153,#5154,#1824,.T.);
#6419=EDGE_CURVE('',#5154,#5155,#1825,.T.);
#6420=EDGE_CURVE('',#5155,#5156,#1826,.T.);
#6421=EDGE_CURVE('',#5156,#5157,#1827,.T.);
#6422=EDGE_CURVE('',#5157,#5158,#1828,.T.);
#6423=EDGE_CURVE('',#5158,#5153,#1829,.T.);
#6424=EDGE_CURVE('',#5159,#5160,#1830,.T.);
#6425=EDGE_CURVE('',#5160,#5161,#1831,.T.);
#6426=EDGE_CURVE('',#5161,#5162,#1832,.T.);
#6427=EDGE_CURVE('',#5162,#5163,#1833,.T.);
#6428=EDGE_CURVE('',#5163,#5164,#1834,.T.);
#6429=EDGE_CURVE('',#5164,#5165,#1835,.T.);
#6430=EDGE_CURVE('',#5165,#5159,#1836,.T.);
#6431=EDGE_CURVE('',#5166,#5167,#1837,.T.);
#6432=EDGE_CURVE('',#5167,#5168,#1838,.T.);
#6433=EDGE_CURVE('',#5168,#5169,#1839,.T.);
#6434=EDGE_CURVE('',#5169,#5170,#1840,.T.);
#6435=EDGE_CURVE('',#5170,#5171,#1841,.T.);
#6436=EDGE_CURVE('',#5171,#5166,#1842,.T.);
#6437=EDGE_CURVE('',#5172,#5173,#1843,.T.);
#6438=EDGE_CURVE('',#5173,#5174,#1844,.T.);
#6439=EDGE_CURVE('',#5174,#5175,#1845,.T.);
#6440=EDGE_CURVE('',#5175,#5176,#1846,.T.);
#6441=EDGE_CURVE('',#5176,#5177,#1847,.T.);
#6442=EDGE_CURVE('',#5177,#5172,#1848,.T.);
#6443=EDGE_CURVE('',#5178,#5179,#1849,.T.);
#6444=EDGE_CURVE('',#5179,#5180,#1850,.T.);
#6445=EDGE_CURVE('',#5180,#5181,#1851,.T.);
#6446=EDGE_CURVE('',#5181,#5182,#1852,.T.);
#6447=EDGE_CURVE('',#5182,#5183,#1853,.T.);
#6448=EDGE_CURVE('',#5183,#5178,#1854,.T.);
#6449=EDGE_CURVE('',#5184,#5185,#1855,.T.);
#6450=EDGE_CURVE('',#5185,#5186,#1856,.T.);
#6451=EDGE_CURVE('',#5186,#5187,#1857,.T.);
#6452=EDGE_CURVE('',#5187,#5188,#1858,.T.);
#6453=EDGE_CURVE('',#5188,#5189,#1859,.T.);
#6454=EDGE_CURVE('',#5189,#5190,#1860,.T.);
#6455=EDGE_CURVE('',#5190,#5184,#1861,.T.);
#6456=EDGE_CURVE('',#5191,#5192,#1862,.T.);
#6457=EDGE_CURVE('',#5192,#5193,#1863,.T.);
#6458=EDGE_CURVE('',#5193,#5194,#1864,.T.);
#6459=EDGE_CURVE('',#5194,#5195,#1865,.T.);
#6460=EDGE_CURVE('',#5195,#5196,#1866,.T.);
#6461=EDGE_CURVE('',#5196,#5191,#1867,.T.);
#6462=EDGE_CURVE('',#5197,#5198,#1868,.T.);
#6463=EDGE_CURVE('',#5198,#5199,#1869,.T.);
#6464=EDGE_CURVE('',#5199,#5200,#1870,.T.);
#6465=EDGE_CURVE('',#5200,#5201,#1871,.T.);
#6466=EDGE_CURVE('',#5201,#5202,#1872,.T.);
#6467=EDGE_CURVE('',#5202,#5197,#1873,.T.);
#6468=EDGE_CURVE('',#5203,#5204,#1874,.T.);
#6469=EDGE_CURVE('',#5204,#5205,#1875,.T.);
#6470=EDGE_CURVE('',#5205,#5206,#1876,.T.);
#6471=EDGE_CURVE('',#5206,#5207,#1877,.T.);
#6472=EDGE_CURVE('',#5207,#5208,#1878,.T.);
#6473=EDGE_CURVE('',#5208,#5209,#1879,.T.);
#6474=EDGE_CURVE('',#5209,#5203,#1880,.T.);
#6475=EDGE_CURVE('',#5210,#5211,#1881,.T.);
#6476=EDGE_CURVE('',#5211,#5212,#1882,.T.);
#6477=EDGE_CURVE('',#5212,#5213,#1883,.T.);
#6478=EDGE_CURVE('',#5213,#5210,#1884,.T.);
#6479=EDGE_CURVE('',#5214,#5215,#1885,.T.);
#6480=EDGE_CURVE('',#5215,#5216,#1886,.T.);
#6481=EDGE_CURVE('',#5216,#5217,#1887,.T.);
#6482=EDGE_CURVE('',#5217,#5218,#1888,.T.);
#6483=EDGE_CURVE('',#5218,#5219,#1889,.T.);
#6484=EDGE_CURVE('',#5219,#5220,#1890,.T.);
#6485=EDGE_CURVE('',#5220,#5214,#1891,.T.);
#6486=EDGE_CURVE('',#5221,#5222,#1892,.T.);
#6487=EDGE_CURVE('',#5222,#5223,#1893,.T.);
#6488=EDGE_CURVE('',#5223,#5224,#1894,.T.);
#6489=EDGE_CURVE('',#5224,#5225,#1895,.T.);
#6490=EDGE_CURVE('',#5225,#5226,#1896,.T.);
#6491=EDGE_CURVE('',#5226,#5221,#1897,.T.);
#6492=EDGE_CURVE('',#5227,#5228,#1898,.T.);
#6493=EDGE_CURVE('',#5228,#5229,#1899,.T.);
#6494=EDGE_CURVE('',#5229,#5230,#1900,.T.);
#6495=EDGE_CURVE('',#5230,#5231,#1901,.T.);
#6496=EDGE_CURVE('',#5231,#5232,#1902,.T.);
#6497=EDGE_CURVE('',#5232,#5227,#1903,.T.);
#6498=EDGE_CURVE('',#5233,#5234,#1904,.T.);
#6499=EDGE_CURVE('',#5234,#5235,#1905,.T.);
#6500=EDGE_CURVE('',#5235,#5236,#1906,.T.);
#6501=EDGE_CURVE('',#5236,#5237,#1907,.T.);
#6502=EDGE_CURVE('',#5237,#5233,#1908,.T.);
#6503=EDGE_CURVE('',#5238,#5239,#1909,.T.);
#6504=EDGE_CURVE('',#5239,#5240,#1910,.T.);
#6505=EDGE_CURVE('',#5240,#5241,#1911,.T.);
#6506=EDGE_CURVE('',#5241,#5242,#1912,.T.);
#6507=EDGE_CURVE('',#5242,#5243,#1913,.T.);
#6508=EDGE_CURVE('',#5243,#5238,#1914,.T.);
#6509=EDGE_CURVE('',#5244,#5245,#1915,.T.);
#6510=EDGE_CURVE('',#5245,#5246,#1916,.T.);
#6511=EDGE_CURVE('',#5246,#5247,#1917,.T.);
#6512=EDGE_CURVE('',#5247,#5248,#1918,.T.);
#6513=EDGE_CURVE('',#5248,#5249,#1919,.T.);
#6514=EDGE_CURVE('',#5249,#5244,#1920,.T.);
#6515=EDGE_CURVE('',#5250,#5251,#1921,.T.);
#6516=EDGE_CURVE('',#5251,#5252,#1922,.T.);
#6517=EDGE_CURVE('',#5252,#5253,#1923,.T.);
#6518=EDGE_CURVE('',#5253,#5254,#1924,.T.);
#6519=EDGE_CURVE('',#5254,#5255,#1925,.T.);
#6520=EDGE_CURVE('',#5255,#5256,#1926,.T.);
#6521=EDGE_CURVE('',#5256,#5250,#1927,.T.);
#6522=EDGE_CURVE('',#5257,#5258,#1928,.T.);
#6523=EDGE_CURVE('',#5258,#5259,#1929,.T.);
#6524=EDGE_CURVE('',#5259,#5260,#1930,.T.);
#6525=EDGE_CURVE('',#5260,#5261,#1931,.T.);
#6526=EDGE_CURVE('',#5261,#5262,#1932,.T.);
#6527=EDGE_CURVE('',#5262,#5257,#1933,.T.);
#6528=EDGE_CURVE('',#5263,#5264,#1934,.T.);
#6529=EDGE_CURVE('',#5264,#5265,#1935,.T.);
#6530=EDGE_CURVE('',#5265,#5266,#1936,.T.);
#6531=EDGE_CURVE('',#5266,#5267,#1937,.T.);
#6532=EDGE_CURVE('',#5267,#5268,#1938,.T.);
#6533=EDGE_CURVE('',#5268,#5269,#1939,.T.);
#6534=EDGE_CURVE('',#5269,#5263,#1940,.T.);
#6535=EDGE_CURVE('',#5270,#5271,#1941,.T.);
#6536=EDGE_CURVE('',#5271,#5272,#1942,.T.);
#6537=EDGE_CURVE('',#5272,#5273,#1943,.T.);
#6538=EDGE_CURVE('',#5273,#5274,#1944,.T.);
#6539=EDGE_CURVE('',#5274,#5275,#1945,.T.);
#6540=EDGE_CURVE('',#5275,#5270,#1946,.T.);
#6541=EDGE_CURVE('',#5276,#5277,#1947,.T.);
#6542=EDGE_CURVE('',#5277,#5278,#1948,.T.);
#6543=EDGE_CURVE('',#5278,#5279,#1949,.T.);
#6544=EDGE_CURVE('',#5279,#5280,#1950,.T.);
#6545=EDGE_CURVE('',#5280,#5281,#1951,.T.);
#6546=EDGE_CURVE('',#5281,#5276,#1952,.T.);
#6547=EDGE_CURVE('',#5282,#5283,#1953,.T.);
#6548=EDGE_CURVE('',#5283,#5284,#1954,.T.);
#6549=EDGE_CURVE('',#5284,#5285,#1955,.T.);
#6550=EDGE_CURVE('',#5285,#5286,#1956,.T.);
#6551=EDGE_CURVE('',#5286,#5287,#1957,.T.);
#6552=EDGE_CURVE('',#5287,#5282,#1958,.T.);
#6553=EDGE_CURVE('',#5288,#5289,#1959,.T.);
#6554=EDGE_CURVE('',#5289,#5290,#1960,.T.);
#6555=EDGE_CURVE('',#5290,#5291,#1961,.T.);
#6556=EDGE_CURVE('',#5291,#5292,#1962,.T.);
#6557=EDGE_CURVE('',#5292,#5293,#1963,.T.);
#6558=EDGE_CURVE('',#5293,#5288,#1964,.T.);
#6559=EDGE_CURVE('',#5294,#5295,#1965,.T.);
#6560=EDGE_CURVE('',#5295,#5296,#1966,.T.);
#6561=EDGE_CURVE('',#5296,#5297,#1967,.T.);
#6562=EDGE_CURVE('',#5297,#5298,#1968,.T.);
#6563=EDGE_CURVE('',#5298,#5299,#1969,.T.);
#6564=EDGE_CURVE('',#5299,#5294,#1970,.T.);
#6565=EDGE_CURVE('',#5300,#5301,#1971,.T.);
#6566=EDGE_CURVE('',#5301,#5302,#1972,.T.);
#6567=EDGE_CURVE('',#5302,#5303,#1973,.T.);
#6568=EDGE_CURVE('',#5303,#5304,#1974,.T.);
#6569=EDGE_CURVE('',#5304,#5305,#1975,.T.);
#6570=EDGE_CURVE('',#5305,#5300,#1976,.T.);
#6571=EDGE_CURVE('',#5306,#5307,#1977,.T.);
#6572=EDGE_CURVE('',#5307,#5308,#1978,.T.);
#6573=EDGE_CURVE('',#5308,#5309,#1979,.T.);
#6574=EDGE_CURVE('',#5309,#5310,#1980,.T.);
#6575=EDGE_CURVE('',#5310,#5311,#1981,.T.);
#6576=EDGE_CURVE('',#5311,#5306,#1982,.T.);
#6577=EDGE_CURVE('',#5312,#5313,#1983,.T.);
#6578=EDGE_CURVE('',#5313,#5314,#1984,.T.);
#6579=EDGE_CURVE('',#5314,#5315,#1985,.T.);
#6580=EDGE_CURVE('',#5315,#5316,#1986,.T.);
#6581=EDGE_CURVE('',#5316,#5317,#1987,.T.);
#6582=EDGE_CURVE('',#5317,#5318,#1988,.T.);
#6583=EDGE_CURVE('',#5318,#5312,#1989,.T.);
#6584=EDGE_CURVE('',#5319,#5320,#1990,.T.);
#6585=EDGE_CURVE('',#5320,#5321,#1991,.T.);
#6586=EDGE_CURVE('',#5321,#5322,#1992,.T.);
#6587=EDGE_CURVE('',#5322,#5323,#1993,.T.);
#6588=EDGE_CURVE('',#5323,#5324,#1994,.T.);
#6589=EDGE_CURVE('',#5324,#5319,#1995,.T.);
#6590=EDGE_CURVE('',#5325,#5326,#1996,.T.);
#6591=EDGE_CURVE('',#5326,#5327,#1997,.T.);
#6592=EDGE_CURVE('',#5327,#5328,#1998,.T.);
#6593=EDGE_CURVE('',#5328,#5329,#1999,.T.);
#6594=EDGE_CURVE('',#5329,#5330,#2000,.T.);
#6595=EDGE_CURVE('',#5330,#5331,#2001,.T.);
#6596=EDGE_CURVE('',#5331,#5325,#2002,.T.);
#6597=EDGE_CURVE('',#5332,#5333,#2003,.T.);
#6598=EDGE_CURVE('',#5333,#5334,#2004,.T.);
#6599=EDGE_CURVE('',#5334,#5335,#2005,.T.);
#6600=EDGE_CURVE('',#5335,#5336,#2006,.T.);
#6601=EDGE_CURVE('',#5336,#5337,#2007,.T.);
#6602=EDGE_CURVE('',#5337,#5332,#2008,.T.);
#6603=EDGE_CURVE('',#5338,#5339,#2009,.T.);
#6604=EDGE_CURVE('',#5339,#5340,#2010,.T.);
#6605=EDGE_CURVE('',#5340,#5341,#2011,.T.);
#6606=EDGE_CURVE('',#5341,#5342,#2012,.T.);
#6607=EDGE_CURVE('',#5342,#5343,#2013,.T.);
#6608=EDGE_CURVE('',#5343,#5338,#2014,.T.);
#6609=EDGE_CURVE('',#5344,#5345,#2015,.T.);
#6610=EDGE_CURVE('',#5345,#5346,#2016,.T.);
#6611=EDGE_CURVE('',#5346,#5347,#2017,.T.);
#6612=EDGE_CURVE('',#5347,#5348,#2018,.T.);
#6613=EDGE_CURVE('',#5348,#5349,#2019,.T.);
#6614=EDGE_CURVE('',#5349,#5344,#2020,.T.);
#6615=EDGE_CURVE('',#5350,#5351,#2021,.T.);
#6616=EDGE_CURVE('',#5351,#5352,#2022,.T.);
#6617=EDGE_CURVE('',#5352,#5353,#2023,.T.);
#6618=EDGE_CURVE('',#5353,#5354,#2024,.T.);
#6619=EDGE_CURVE('',#5354,#5355,#2025,.T.);
#6620=EDGE_CURVE('',#5355,#5356,#2026,.T.);
#6621=EDGE_CURVE('',#5356,#5350,#2027,.T.);
#6622=EDGE_CURVE('',#5357,#5358,#2028,.T.);
#6623=EDGE_CURVE('',#5358,#5359,#2029,.T.);
#6624=EDGE_CURVE('',#5359,#5360,#2030,.T.);
#6625=EDGE_CURVE('',#5360,#5361,#2031,.T.);
#6626=EDGE_CURVE('',#5361,#5362,#2032,.T.);
#6627=EDGE_CURVE('',#5362,#5357,#2033,.T.);
#6628=EDGE_CURVE('',#5363,#5364,#2034,.T.);
#6629=EDGE_CURVE('',#5364,#5365,#2035,.T.);
#6630=EDGE_CURVE('',#5365,#5366,#2036,.T.);
#6631=EDGE_CURVE('',#5366,#5367,#2037,.T.);
#6632=EDGE_CURVE('',#5367,#5368,#2038,.T.);
#6633=EDGE_CURVE('',#5368,#5363,#2039,.T.);
#6634=EDGE_CURVE('',#5369,#5370,#2040,.T.);
#6635=EDGE_CURVE('',#5370,#5371,#2041,.T.);
#6636=EDGE_CURVE('',#5371,#5372,#2042,.T.);
#6637=EDGE_CURVE('',#5372,#5373,#2043,.T.);
#6638=EDGE_CURVE('',#5373,#5374,#2044,.T.);
#6639=EDGE_CURVE('',#5374,#5375,#2045,.T.);
#6640=EDGE_CURVE('',#5375,#5369,#2046,.T.);
#6641=EDGE_CURVE('',#5376,#5377,#2047,.T.);
#6642=EDGE_CURVE('',#5377,#5378,#2048,.T.);
#6643=EDGE_CURVE('',#5378,#5379,#2049,.T.);
#6644=EDGE_CURVE('',#5379,#5380,#2050,.T.);
#6645=EDGE_CURVE('',#5380,#5381,#2051,.T.);
#6646=EDGE_CURVE('',#5381,#5376,#2052,.T.);
#6647=EDGE_CURVE('',#5382,#5383,#2053,.T.);
#6648=EDGE_CURVE('',#5383,#5384,#2054,.T.);
#6649=EDGE_CURVE('',#5384,#5385,#2055,.T.);
#6650=EDGE_CURVE('',#5385,#5386,#2056,.T.);
#6651=EDGE_CURVE('',#5386,#5387,#2057,.T.);
#6652=EDGE_CURVE('',#5387,#5382,#2058,.T.);
#6653=EDGE_CURVE('',#5388,#5389,#2059,.T.);
#6654=EDGE_CURVE('',#5389,#5390,#2060,.T.);
#6655=EDGE_CURVE('',#5390,#5391,#2061,.T.);
#6656=EDGE_CURVE('',#5391,#5392,#2062,.T.);
#6657=EDGE_CURVE('',#5392,#5393,#2063,.T.);
#6658=EDGE_CURVE('',#5393,#5388,#2064,.T.);
#6659=EDGE_CURVE('',#5394,#5395,#2065,.T.);
#6660=EDGE_CURVE('',#5395,#5396,#2066,.T.);
#6661=EDGE_CURVE('',#5396,#5397,#2067,.T.);
#6662=EDGE_CURVE('',#5397,#5398,#2068,.T.);
#6663=EDGE_CURVE('',#5398,#5399,#2069,.T.);
#6664=EDGE_CURVE('',#5399,#5394,#2070,.T.);
#6665=EDGE_CURVE('',#5400,#5401,#2071,.T.);
#6666=EDGE_CURVE('',#5401,#5402,#2072,.T.);
#6667=EDGE_CURVE('',#5402,#5403,#2073,.T.);
#6668=EDGE_CURVE('',#5403,#5404,#2074,.T.);
#6669=EDGE_CURVE('',#5404,#5405,#2075,.T.);
#6670=EDGE_CURVE('',#5405,#5400,#2076,.T.);
#6671=EDGE_CURVE('',#5406,#5407,#2077,.T.);
#6672=EDGE_CURVE('',#5407,#5408,#2078,.T.);
#6673=EDGE_CURVE('',#5408,#5409,#2079,.T.);
#6674=EDGE_CURVE('',#5409,#5410,#2080,.T.);
#6675=EDGE_CURVE('',#5410,#5411,#2081,.T.);
#6676=EDGE_CURVE('',#5411,#5412,#2082,.T.);
#6677=EDGE_CURVE('',#5412,#5406,#2083,.T.);
#6678=EDGE_CURVE('',#5413,#5414,#2084,.T.);
#6679=EDGE_CURVE('',#5414,#5415,#2085,.T.);
#6680=EDGE_CURVE('',#5415,#5416,#2086,.T.);
#6681=EDGE_CURVE('',#5416,#5417,#2087,.T.);
#6682=EDGE_CURVE('',#5417,#5418,#2088,.T.);
#6683=EDGE_CURVE('',#5418,#5413,#2089,.T.);
#6684=EDGE_CURVE('',#5419,#5420,#2090,.T.);
#6685=EDGE_CURVE('',#5420,#5421,#2091,.T.);
#6686=EDGE_CURVE('',#5421,#5422,#2092,.T.);
#6687=EDGE_CURVE('',#5422,#5423,#2093,.T.);
#6688=EDGE_CURVE('',#5423,#5424,#2094,.T.);
#6689=EDGE_CURVE('',#5424,#5419,#2095,.T.);
#6690=EDGE_CURVE('',#5425,#5426,#2096,.T.);
#6691=EDGE_CURVE('',#5426,#5427,#2097,.T.);
#6692=EDGE_CURVE('',#5427,#5428,#2098,.T.);
#6693=EDGE_CURVE('',#5428,#5429,#2099,.T.);
#6694=EDGE_CURVE('',#5429,#5425,#2100,.T.);
#6695=EDGE_CURVE('',#5430,#5431,#2101,.T.);
#6696=EDGE_CURVE('',#5431,#5432,#2102,.T.);
#6697=EDGE_CURVE('',#5432,#5433,#2103,.T.);
#6698=EDGE_CURVE('',#5433,#5430,#2104,.T.);
#6699=EDGE_CURVE('',#5434,#5435,#2105,.T.);
#6700=EDGE_CURVE('',#5435,#5436,#2106,.T.);
#6701=EDGE_CURVE('',#5436,#5437,#2107,.T.);
#6702=EDGE_CURVE('',#5437,#5438,#2108,.T.);
#6703=EDGE_CURVE('',#5438,#5439,#2109,.T.);
#6704=EDGE_CURVE('',#5439,#5434,#2110,.T.);
#6705=EDGE_CURVE('',#5440,#5441,#2111,.T.);
#6706=EDGE_CURVE('',#5441,#5442,#2112,.T.);
#6707=EDGE_CURVE('',#5442,#5443,#2113,.T.);
#6708=EDGE_CURVE('',#5443,#5444,#2114,.T.);
#6709=EDGE_CURVE('',#5444,#5445,#2115,.T.);
#6710=EDGE_CURVE('',#5445,#5440,#2116,.T.);
#6711=EDGE_CURVE('',#5446,#5447,#2117,.T.);
#6712=EDGE_CURVE('',#5447,#5448,#2118,.T.);
#6713=EDGE_CURVE('',#5448,#5449,#2119,.T.);
#6714=EDGE_CURVE('',#5449,#5450,#2120,.T.);
#6715=EDGE_CURVE('',#5450,#5451,#2121,.T.);
#6716=EDGE_CURVE('',#5451,#5446,#2122,.T.);
#6717=EDGE_CURVE('',#5452,#5453,#2123,.T.);
#6718=EDGE_CURVE('',#5453,#5454,#2124,.T.);
#6719=EDGE_CURVE('',#5454,#5455,#2125,.T.);
#6720=EDGE_CURVE('',#5455,#5456,#2126,.T.);
#6721=EDGE_CURVE('',#5456,#5457,#2127,.T.);
#6722=EDGE_CURVE('',#5457,#5452,#2128,.T.);
#6723=EDGE_CURVE('',#5458,#5459,#2129,.T.);
#6724=EDGE_CURVE('',#5459,#5460,#2130,.T.);
#6725=EDGE_CURVE('',#5460,#5461,#2131,.T.);
#6726=EDGE_CURVE('',#5461,#5462,#2132,.T.);
#6727=EDGE_CURVE('',#5462,#5463,#2133,.T.);
#6728=EDGE_CURVE('',#5463,#5458,#2134,.T.);
#6729=EDGE_CURVE('',#5464,#5465,#2135,.T.);
#6730=EDGE_CURVE('',#5465,#5466,#2136,.T.);
#6731=EDGE_CURVE('',#5466,#5467,#2137,.T.);
#6732=EDGE_CURVE('',#5467,#5468,#2138,.T.);
#6733=EDGE_CURVE('',#5468,#5469,#2139,.T.);
#6734=EDGE_CURVE('',#5469,#5470,#2140,.T.);
#6735=EDGE_CURVE('',#5470,#5464,#2141,.T.);
#6736=EDGE_CURVE('',#5471,#5472,#2142,.T.);
#6737=EDGE_CURVE('',#5472,#5473,#2143,.T.);
#6738=EDGE_CURVE('',#5473,#5474,#2144,.T.);
#6739=EDGE_CURVE('',#5474,#5475,#2145,.T.);
#6740=EDGE_CURVE('',#5475,#5476,#2146,.T.);
#6741=EDGE_CURVE('',#5476,#5471,#2147,.T.);
#6742=EDGE_CURVE('',#5477,#5478,#2148,.T.);
#6743=EDGE_CURVE('',#5478,#5479,#2149,.T.);
#6744=EDGE_CURVE('',#5479,#5480,#2150,.T.);
#6745=EDGE_CURVE('',#5480,#5481,#2151,.T.);
#6746=EDGE_CURVE('',#5481,#5482,#2152,.T.);
#6747=EDGE_CURVE('',#5482,#5483,#2153,.T.);
#6748=EDGE_CURVE('',#5483,#5477,#2154,.T.);
#6749=EDGE_CURVE('',#5484,#5485,#2155,.T.);
#6750=EDGE_CURVE('',#5485,#5486,#2156,.T.);
#6751=EDGE_CURVE('',#5486,#5487,#2157,.T.);
#6752=EDGE_CURVE('',#5487,#5488,#2158,.T.);
#6753=EDGE_CURVE('',#5488,#5489,#2159,.T.);
#6754=EDGE_CURVE('',#5489,#5484,#2160,.T.);
#6755=EDGE_CURVE('',#5490,#5491,#2161,.T.);
#6756=EDGE_CURVE('',#5491,#5492,#2162,.T.);
#6757=EDGE_CURVE('',#5492,#5493,#2163,.T.);
#6758=EDGE_CURVE('',#5493,#5494,#2164,.T.);
#6759=EDGE_CURVE('',#5494,#5495,#2165,.T.);
#6760=EDGE_CURVE('',#5495,#5490,#2166,.T.);
#6761=EDGE_CURVE('',#5496,#5497,#2167,.T.);
#6762=EDGE_CURVE('',#5497,#5498,#2168,.T.);
#6763=EDGE_CURVE('',#5498,#5499,#2169,.T.);
#6764=EDGE_CURVE('',#5499,#5500,#2170,.T.);
#6765=EDGE_CURVE('',#5500,#5501,#2171,.T.);
#6766=EDGE_CURVE('',#5501,#5502,#2172,.T.);
#6767=EDGE_CURVE('',#5502,#5496,#2173,.T.);
#6768=EDGE_CURVE('',#5503,#5504,#2174,.T.);
#6769=EDGE_CURVE('',#5504,#5505,#2175,.T.);
#6770=EDGE_CURVE('',#5505,#5506,#2176,.T.);
#6771=EDGE_CURVE('',#5506,#5507,#2177,.T.);
#6772=EDGE_CURVE('',#5507,#5503,#2178,.T.);
#6773=EDGE_CURVE('',#5508,#5509,#2179,.T.);
#6774=EDGE_CURVE('',#5509,#5510,#2180,.T.);
#6775=EDGE_CURVE('',#5510,#5511,#2181,.T.);
#6776=EDGE_CURVE('',#5511,#5512,#2182,.T.);
#6777=EDGE_CURVE('',#5512,#5513,#2183,.T.);
#6778=EDGE_CURVE('',#5513,#5508,#2184,.T.);
#6779=EDGE_CURVE('',#5514,#5515,#2185,.T.);
#6780=EDGE_CURVE('',#5515,#5516,#2186,.T.);
#6781=EDGE_CURVE('',#5516,#5517,#2187,.T.);
#6782=EDGE_CURVE('',#5517,#5518,#2188,.T.);
#6783=EDGE_CURVE('',#5518,#5519,#2189,.T.);
#6784=EDGE_CURVE('',#5519,#5514,#2190,.T.);
#6785=EDGE_CURVE('',#5520,#5521,#2191,.T.);
#6786=EDGE_CURVE('',#5521,#5522,#2192,.T.);
#6787=EDGE_CURVE('',#5522,#5523,#2193,.T.);
#6788=EDGE_CURVE('',#5523,#5524,#2194,.T.);
#6789=EDGE_CURVE('',#5524,#5520,#2195,.T.);
#6790=EDGE_CURVE('',#4972,#4947,#2196,.T.);
#6791=EDGE_CURVE('',#4948,#4971,#2197,.T.);
#6792=EDGE_CURVE('',#4949,#5084,#4760,.T.);
#6793=EDGE_CURVE('',#4959,#5085,#4761,.T.);
#6794=EDGE_CURVE('',#4950,#5083,#4762,.T.);
#6795=EDGE_CURVE('',#5525,#5526,#2198,.T.);
#6796=EDGE_CURVE('',#5525,#5068,#2199,.T.);
#6797=EDGE_CURVE('',#5526,#5067,#2200,.T.);
#6798=EDGE_CURVE('',#5090,#5107,#2201,.T.);
#6799=EDGE_CURVE('',#5527,#5040,#2202,.T.);
#6800=EDGE_CURVE('',#4817,#5527,#4763,.T.);
#6801=EDGE_CURVE('',#5528,#5002,#4764,.T.);
#6802=EDGE_CURVE('',#5529,#5528,#2203,.T.);
#6803=EDGE_CURVE('',#5529,#5023,#2204,.T.);
#6804=EDGE_CURVE('',#5112,#5525,#2205,.T.);
#6805=EDGE_CURVE('',#4957,#5111,#4765,.T.);
#6806=EDGE_CURVE('',#4958,#5110,#4766,.T.);
#6807=EDGE_CURVE('',#5103,#4952,#4767,.T.);
#6808=EDGE_CURVE('',#4951,#5104,#4768,.T.);
#6809=EDGE_CURVE('',#4831,#5070,#4769,.T.);
#6810=EDGE_CURVE('',#4830,#4860,#2206,.T.);
#6811=EDGE_CURVE('',#4861,#5530,#2207,.T.);
#6812=EDGE_CURVE('',#5530,#4834,#4770,.T.);
#6813=EDGE_CURVE('',#5527,#5117,#2208,.T.);
#6814=EDGE_CURVE('',#5116,#4818,#4771,.F.);
#6815=EDGE_CURVE('',#5531,#4829,#4772,.T.);
#6816=EDGE_CURVE('',#5098,#4828,#4773,.T.);
#6817=EDGE_CURVE('',#5097,#5531,#2209,.T.);
#6818=EDGE_CURVE('',#4819,#5071,#4774,.F.);
#6819=EDGE_CURVE('',#4840,#4854,#2210,.F.);
#6820=EDGE_CURVE('',#5532,#4833,#4775,.T.);
#6821=EDGE_CURVE('',#5532,#5530,#2211,.T.);
#6822=EDGE_CURVE('',#5533,#4975,#2212,.T.);
#6823=EDGE_CURVE('',#5003,#5533,#4776,.T.);
#6824=EDGE_CURVE('',#5004,#4976,#2213,.T.);
#6825=EDGE_CURVE('',#5073,#5007,#4777,.T.);
#6826=EDGE_CURVE('',#5072,#5000,#4778,.F.);
#6827=EDGE_CURVE('',#5006,#5074,#4779,.T.);
#6828=EDGE_CURVE('',#5533,#5534,#2214,.T.);
#6829=EDGE_CURVE('',#5005,#5534,#4780,.T.);
#6830=EDGE_CURVE('',#5535,#5529,#2215,.T.);
#6831=EDGE_CURVE('',#5535,#5018,#2216,.T.);
#6832=EDGE_CURVE('',#5008,#5536,#4781,.T.);
#6833=EDGE_CURVE('',#5038,#5531,#2217,.T.);
#6834=EDGE_CURVE('',#5095,#5089,#2218,.T.);
#6835=EDGE_CURVE('',#5526,#5102,#2219,.T.);
#6836=EDGE_CURVE('',#5536,#5535,#2220,.T.);
#6837=EDGE_CURVE('',#5536,#5100,#2221,.T.);
#6838=EDGE_CURVE('',#5010,#5099,#4782,.T.);
#6839=EDGE_CURVE('',#5001,#5115,#4783,.F.);
#6840=EDGE_CURVE('',#5114,#5528,#2222,.T.);
#6841=EDGE_CURVE('',#5011,#5537,#4784,.T.);
#6842=EDGE_CURVE('',#5014,#5537,#2223,.T.);
#6843=EDGE_CURVE('',#5101,#5538,#2224,.F.);
#6844=EDGE_CURVE('',#5538,#5539,#2225,.T.);
#6845=EDGE_CURVE('',#5539,#5113,#2226,.F.);
#6846=EDGE_CURVE('',#5114,#5540,#2227,.F.);
#6847=EDGE_CURVE('',#5540,#5541,#2228,.T.);
#6848=EDGE_CURVE('',#5541,#5100,#2229,.F.);
#6849=EDGE_CURVE('',#5118,#5542,#2230,.F.);
#6850=EDGE_CURVE('',#5542,#5543,#2231,.T.);
#6851=EDGE_CURVE('',#5543,#5096,#2232,.F.);
#6852=EDGE_CURVE('',#5097,#5544,#2233,.F.);
#6853=EDGE_CURVE('',#5544,#5545,#2234,.T.);
#6854=EDGE_CURVE('',#5545,#5117,#2235,.F.);
#6855=EDGE_CURVE('',#4818,#5546,#4785,.F.);
#6856=EDGE_CURVE('',#5546,#5116,#4786,.F.);
#6857=EDGE_CURVE('',#5044,#5547,#2236,.T.);
#6858=EDGE_CURVE('',#5547,#4827,#4787,.T.);
#6859=EDGE_CURVE('',#5547,#5098,#4788,.T.);
#6860=EDGE_CURVE('',#5115,#5548,#4789,.F.);
#6861=EDGE_CURVE('',#5548,#5001,#4790,.F.);
#6862=EDGE_CURVE('',#5099,#5537,#4791,.T.);
#6863=EDGE_CURVE('',#5071,#5549,#4792,.F.);
#6864=EDGE_CURVE('',#5549,#4819,#4793,.F.);
#6865=EDGE_CURVE('',#5075,#4832,#4794,.T.);
#6866=EDGE_CURVE('',#5075,#5532,#4795,.T.);
#6867=EDGE_CURVE('',#5546,#5549,#2237,.T.);
#6868=EDGE_CURVE('',#5000,#5550,#4796,.F.);
#6869=EDGE_CURVE('',#5550,#5072,#4797,.F.);
#6870=EDGE_CURVE('',#5534,#5074,#4798,.T.);
#6871=EDGE_CURVE('',#4990,#4917,#2238,.T.);
#6872=EDGE_CURVE('',#5549,#5550,#2239,.T.);
#6873=EDGE_CURVE('',#5550,#5548,#2240,.T.);
#6874=EDGE_CURVE('',#5548,#5546,#2241,.T.);
#6875=EDGE_CURVE('',#5534,#5532,#2242,.T.);
#6876=EDGE_CURVE('',#5551,#5552,#2243,.T.);
#6877=EDGE_CURVE('',#5551,#5234,#2244,.T.);
#6878=EDGE_CURVE('',#5553,#5233,#2245,.T.);
#6879=EDGE_CURVE('',#5554,#5553,#2246,.T.);
#6880=EDGE_CURVE('',#5554,#5203,#2247,.T.);
#6881=EDGE_CURVE('',#5555,#5209,#2248,.T.);
#6882=EDGE_CURVE('',#5556,#5555,#2249,.T.);
#6883=EDGE_CURVE('',#5556,#5406,#2250,.T.);
#6884=EDGE_CURVE('',#5557,#5412,#2251,.T.);
#6885=EDGE_CURVE('',#5558,#5557,#2252,.T.);
#6886=EDGE_CURVE('',#5558,#5369,#2253,.T.);
#6887=EDGE_CURVE('',#5559,#5375,#2254,.T.);
#6888=EDGE_CURVE('',#5560,#5559,#2255,.T.);
#6889=EDGE_CURVE('',#5560,#5477,#2256,.T.);
#6890=EDGE_CURVE('',#5561,#5483,#2257,.T.);
#6891=EDGE_CURVE('',#5562,#5561,#2258,.T.);
#6892=EDGE_CURVE('',#5562,#5160,#2259,.T.);
#6893=EDGE_CURVE('',#5563,#5159,#2260,.T.);
#6894=EDGE_CURVE('',#5564,#5563,#2261,.T.);
#6895=EDGE_CURVE('',#5564,#5123,#2262,.T.);
#6896=EDGE_CURVE('',#5565,#5129,#2263,.T.);
#6897=EDGE_CURVE('',#5566,#5565,#2264,.T.);
#6898=EDGE_CURVE('',#5566,#5312,#2265,.T.);
#6899=EDGE_CURVE('',#5567,#5318,#2266,.T.);
#6900=EDGE_CURVE('',#5568,#5567,#2267,.T.);
#6901=EDGE_CURVE('',#5568,#5325,#2268,.T.);
#6902=EDGE_CURVE('',#5569,#5331,#2269,.T.);
#6903=EDGE_CURVE('',#5570,#5569,#2270,.T.);
#6904=EDGE_CURVE('',#5570,#5520,#2271,.T.);
#6905=EDGE_CURVE('',#5552,#5524,#2272,.T.);
#6906=EDGE_CURVE('',#5571,#5572,#2273,.T.);
#6907=EDGE_CURVE('',#5571,#5506,#2274,.T.);
#6908=EDGE_CURVE('',#5573,#5505,#2275,.T.);
#6909=EDGE_CURVE('',#5574,#5573,#2276,.T.);
#6910=EDGE_CURVE('',#5574,#5142,#2277,.T.);
#6911=EDGE_CURVE('',#5575,#5141,#2278,.T.);
#6912=EDGE_CURVE('',#5576,#5575,#2279,.T.);
#6913=EDGE_CURVE('',#5576,#5352,#2280,.T.);
#6914=EDGE_CURVE('',#5577,#5351,#2281,.T.);
#6915=EDGE_CURVE('',#5578,#5577,#2282,.T.);
#6916=EDGE_CURVE('',#5578,#5498,#2283,.T.);
#6917=EDGE_CURVE('',#5579,#5497,#2284,.T.);
#6918=EDGE_CURVE('',#5580,#5579,#2285,.T.);
#6919=EDGE_CURVE('',#5580,#5267,#2286,.T.);
#6920=EDGE_CURVE('',#5581,#5266,#2287,.T.);
#6921=EDGE_CURVE('',#5582,#5581,#2288,.T.);
#6922=EDGE_CURVE('',#5582,#5466,#2289,.T.);
#6923=EDGE_CURVE('',#5583,#5465,#2290,.T.);
#6924=EDGE_CURVE('',#5584,#5583,#2291,.T.);
#6925=EDGE_CURVE('',#5584,#5186,#2292,.T.);
#6926=EDGE_CURVE('',#5585,#5185,#2293,.T.);
#6927=EDGE_CURVE('',#5586,#5585,#2294,.T.);
#6928=EDGE_CURVE('',#5586,#5252,#2295,.T.);
#6929=EDGE_CURVE('',#5587,#5251,#2296,.T.);
#6930=EDGE_CURVE('',#5588,#5587,#2297,.T.);
#6931=EDGE_CURVE('',#5588,#5216,#2298,.T.);
#6932=EDGE_CURVE('',#5589,#5215,#2299,.T.);
#6933=EDGE_CURVE('',#5590,#5589,#2300,.T.);
#6934=EDGE_CURVE('',#5590,#5427,#2301,.T.);
#6935=EDGE_CURVE('',#5572,#5426,#2302,.T.);
#6936=EDGE_CURVE('',#5572,#5551,#2303,.T.);
#6937=EDGE_CURVE('',#5591,#5425,#2304,.T.);
#6938=EDGE_CURVE('',#5592,#5591,#2305,.T.);
#6939=EDGE_CURVE('',#5592,#5226,#2306,.T.);
#6940=EDGE_CURVE('',#5593,#5225,#2307,.T.);
#6941=EDGE_CURVE('',#5594,#5593,#2308,.T.);
#6942=EDGE_CURVE('',#5594,#5430,#2309,.T.);
#6943=EDGE_CURVE('',#5595,#5433,#2310,.T.);
#6944=EDGE_CURVE('',#5596,#5595,#2311,.T.);
#6945=EDGE_CURVE('',#5596,#5228,#2312,.T.);
#6946=EDGE_CURVE('',#5597,#5227,#2313,.T.);
#6947=EDGE_CURVE('',#5598,#5597,#2314,.T.);
#6948=EDGE_CURVE('',#5598,#5210,#2315,.T.);
#6949=EDGE_CURVE('',#5599,#5213,#2316,.T.);
#6950=EDGE_CURVE('',#5600,#5599,#2317,.T.);
#6951=EDGE_CURVE('',#5600,#5437,#2318,.T.);
#6952=EDGE_CURVE('',#5601,#5436,#2319,.T.);
#6953=EDGE_CURVE('',#5602,#5601,#2320,.T.);
#6954=EDGE_CURVE('',#5602,#5235,#2321,.T.);
#6955=EDGE_CURVE('',#5552,#5571,#2322,.T.);
#6956=EDGE_CURVE('',#5603,#5523,#2323,.T.);
#6957=EDGE_CURVE('',#5604,#5603,#2324,.T.);
#6958=EDGE_CURVE('',#5604,#5319,#2325,.T.);
#6959=EDGE_CURVE('',#5605,#5324,#2326,.T.);
#6960=EDGE_CURVE('',#5606,#5605,#2327,.T.);
#6961=EDGE_CURVE('',#5606,#5122,#2328,.T.);
#6962=EDGE_CURVE('',#5607,#5121,#2329,.T.);
#6963=EDGE_CURVE('',#5608,#5607,#2330,.T.);
#6964=EDGE_CURVE('',#5608,#5342,#2331,.T.);
#6965=EDGE_CURVE('',#5609,#5341,#2332,.T.);
#6966=EDGE_CURVE('',#5610,#5609,#2333,.T.);
#6967=EDGE_CURVE('',#5610,#5139,#2334,.T.);
#6968=EDGE_CURVE('',#5611,#5138,#2335,.T.);
#6969=EDGE_CURVE('',#5612,#5611,#2336,.T.);
#6970=EDGE_CURVE('',#5612,#5346,#2337,.T.);
#6971=EDGE_CURVE('',#5613,#5345,#2338,.T.);
#6972=EDGE_CURVE('',#5614,#5613,#2339,.T.);
#6973=EDGE_CURVE('',#5614,#5507,#2340,.T.);
#6974=EDGE_CURVE('',#5547,#5537,#2341,.T.);
#6975=EDGE_CURVE('',#5545,#5542,#2342,.T.);
#6976=EDGE_CURVE('',#5543,#5544,#2343,.T.);
#6977=EDGE_CURVE('',#5539,#5540,#2344,.T.);
#6978=EDGE_CURVE('',#5541,#5538,#2345,.T.);
#6979=EDGE_CURVE('',#5615,#5616,#2346,.T.);
#6980=EDGE_CURVE('',#5570,#5615,#2347,.T.);
#6981=EDGE_CURVE('',#5617,#5569,#2348,.T.);
#6982=EDGE_CURVE('',#5618,#5617,#2349,.T.);
#6983=EDGE_CURVE('',#5619,#5618,#2350,.T.);
#6984=EDGE_CURVE('',#5620,#5619,#2351,.T.);
#6985=EDGE_CURVE('',#5621,#5620,#2352,.T.);
#6986=EDGE_CURVE('',#5568,#5621,#2353,.T.);
#6987=EDGE_CURVE('',#5622,#5567,#2354,.T.);
#6988=EDGE_CURVE('',#5623,#5622,#2355,.T.);
#6989=EDGE_CURVE('',#5624,#5623,#2356,.T.);
#6990=EDGE_CURVE('',#5625,#5624,#2357,.T.);
#6991=EDGE_CURVE('',#5626,#5625,#2358,.T.);
#6992=EDGE_CURVE('',#5566,#5626,#2359,.T.);
#6993=EDGE_CURVE('',#5627,#5565,#2360,.T.);
#6994=EDGE_CURVE('',#5628,#5627,#2361,.T.);
#6995=EDGE_CURVE('',#5629,#5628,#2362,.T.);
#6996=EDGE_CURVE('',#5630,#5629,#2363,.T.);
#6997=EDGE_CURVE('',#5631,#5630,#2364,.T.);
#6998=EDGE_CURVE('',#5564,#5631,#2365,.T.);
#6999=EDGE_CURVE('',#5632,#5563,#2366,.T.);
#7000=EDGE_CURVE('',#5633,#5632,#2367,.T.);
#7001=EDGE_CURVE('',#5634,#5633,#2368,.T.);
#7002=EDGE_CURVE('',#5635,#5634,#2369,.T.);
#7003=EDGE_CURVE('',#5636,#5635,#2370,.T.);
#7004=EDGE_CURVE('',#5562,#5636,#2371,.T.);
#7005=EDGE_CURVE('',#5637,#5561,#2372,.T.);
#7006=EDGE_CURVE('',#5638,#5637,#2373,.T.);
#7007=EDGE_CURVE('',#5639,#5638,#2374,.T.);
#7008=EDGE_CURVE('',#5640,#5639,#2375,.T.);
#7009=EDGE_CURVE('',#5641,#5640,#2376,.T.);
#7010=EDGE_CURVE('',#5560,#5641,#2377,.T.);
#7011=EDGE_CURVE('',#5642,#5559,#2378,.T.);
#7012=EDGE_CURVE('',#5643,#5642,#2379,.T.);
#7013=EDGE_CURVE('',#5644,#5643,#2380,.T.);
#7014=EDGE_CURVE('',#5645,#5644,#2381,.T.);
#7015=EDGE_CURVE('',#5646,#5645,#2382,.T.);
#7016=EDGE_CURVE('',#5558,#5646,#2383,.T.);
#7017=EDGE_CURVE('',#5647,#5557,#2384,.T.);
#7018=EDGE_CURVE('',#5648,#5647,#2385,.T.);
#7019=EDGE_CURVE('',#5649,#5648,#2386,.T.);
#7020=EDGE_CURVE('',#5650,#5649,#2387,.T.);
#7021=EDGE_CURVE('',#5651,#5650,#2388,.T.);
#7022=EDGE_CURVE('',#5556,#5651,#2389,.T.);
#7023=EDGE_CURVE('',#5652,#5555,#2390,.T.);
#7024=EDGE_CURVE('',#5653,#5652,#2391,.T.);
#7025=EDGE_CURVE('',#5654,#5653,#2392,.T.);
#7026=EDGE_CURVE('',#5655,#5654,#2393,.T.);
#7027=EDGE_CURVE('',#5656,#5655,#2394,.T.);
#7028=EDGE_CURVE('',#5554,#5656,#2395,.T.);
#7029=EDGE_CURVE('',#5657,#5553,#2396,.T.);
#7030=EDGE_CURVE('',#5658,#5657,#2397,.T.);
#7031=EDGE_CURVE('',#5602,#5658,#2398,.T.);
#7032=EDGE_CURVE('',#5659,#5601,#2399,.T.);
#7033=EDGE_CURVE('',#5660,#5659,#2400,.T.);
#7034=EDGE_CURVE('',#5661,#5660,#2401,.T.);
#7035=EDGE_CURVE('',#5662,#5661,#2402,.T.);
#7036=EDGE_CURVE('',#5600,#5662,#2403,.T.);
#7037=EDGE_CURVE('',#5663,#5599,#2404,.T.);
#7038=EDGE_CURVE('',#5664,#5663,#2405,.T.);
#7039=EDGE_CURVE('',#5598,#5664,#2406,.T.);
#7040=EDGE_CURVE('',#5665,#5597,#2407,.T.);
#7041=EDGE_CURVE('',#5666,#5665,#2408,.T.);
#7042=EDGE_CURVE('',#5667,#5666,#2409,.T.);
#7043=EDGE_CURVE('',#5668,#5667,#2410,.T.);
#7044=EDGE_CURVE('',#5596,#5668,#2411,.T.);
#7045=EDGE_CURVE('',#5669,#5595,#2412,.T.);
#7046=EDGE_CURVE('',#5670,#5669,#2413,.T.);
#7047=EDGE_CURVE('',#5594,#5670,#2414,.T.);
#7048=EDGE_CURVE('',#5671,#5593,#2415,.T.);
#7049=EDGE_CURVE('',#5672,#5671,#2416,.T.);
#7050=EDGE_CURVE('',#5673,#5672,#2417,.T.);
#7051=EDGE_CURVE('',#5674,#5673,#2418,.T.);
#7052=EDGE_CURVE('',#5592,#5674,#2419,.T.);
#7053=EDGE_CURVE('',#5675,#5591,#2420,.T.);
#7054=EDGE_CURVE('',#5676,#5675,#2421,.T.);
#7055=EDGE_CURVE('',#5590,#5676,#2422,.T.);
#7056=EDGE_CURVE('',#5677,#5589,#2423,.T.);
#7057=EDGE_CURVE('',#5678,#5677,#2424,.T.);
#7058=EDGE_CURVE('',#5679,#5678,#2425,.T.);
#7059=EDGE_CURVE('',#5680,#5679,#2426,.T.);
#7060=EDGE_CURVE('',#5681,#5680,#2427,.T.);
#7061=EDGE_CURVE('',#5588,#5681,#2428,.T.);
#7062=EDGE_CURVE('',#5682,#5587,#2429,.T.);
#7063=EDGE_CURVE('',#5683,#5682,#2430,.T.);
#7064=EDGE_CURVE('',#5684,#5683,#2431,.T.);
#7065=EDGE_CURVE('',#5685,#5684,#2432,.T.);
#7066=EDGE_CURVE('',#5686,#5685,#2433,.T.);
#7067=EDGE_CURVE('',#5586,#5686,#2434,.T.);
#7068=EDGE_CURVE('',#5687,#5585,#2435,.T.);
#7069=EDGE_CURVE('',#5688,#5687,#2436,.T.);
#7070=EDGE_CURVE('',#5689,#5688,#2437,.T.);
#7071=EDGE_CURVE('',#5690,#5689,#2438,.T.);
#7072=EDGE_CURVE('',#5691,#5690,#2439,.T.);
#7073=EDGE_CURVE('',#5584,#5691,#2440,.T.);
#7074=EDGE_CURVE('',#5692,#5583,#2441,.T.);
#7075=EDGE_CURVE('',#5693,#5692,#2442,.T.);
#7076=EDGE_CURVE('',#5694,#5693,#2443,.T.);
#7077=EDGE_CURVE('',#5695,#5694,#2444,.T.);
#7078=EDGE_CURVE('',#5696,#5695,#2445,.T.);
#7079=EDGE_CURVE('',#5582,#5696,#2446,.T.);
#7080=EDGE_CURVE('',#5697,#5581,#2447,.T.);
#7081=EDGE_CURVE('',#5698,#5697,#2448,.T.);
#7082=EDGE_CURVE('',#5699,#5698,#2449,.T.);
#7083=EDGE_CURVE('',#5700,#5699,#2450,.T.);
#7084=EDGE_CURVE('',#5701,#5700,#2451,.T.);
#7085=EDGE_CURVE('',#5580,#5701,#2452,.T.);
#7086=EDGE_CURVE('',#5702,#5579,#2453,.T.);
#7087=EDGE_CURVE('',#5703,#5702,#2454,.T.);
#7088=EDGE_CURVE('',#5704,#5703,#2455,.T.);
#7089=EDGE_CURVE('',#5705,#5704,#2456,.T.);
#7090=EDGE_CURVE('',#5706,#5705,#2457,.T.);
#7091=EDGE_CURVE('',#5578,#5706,#2458,.T.);
#7092=EDGE_CURVE('',#5707,#5577,#2459,.T.);
#7093=EDGE_CURVE('',#5708,#5707,#2460,.T.);
#7094=EDGE_CURVE('',#5709,#5708,#2461,.T.);
#7095=EDGE_CURVE('',#5710,#5709,#2462,.T.);
#7096=EDGE_CURVE('',#5711,#5710,#2463,.T.);
#7097=EDGE_CURVE('',#5576,#5711,#2464,.T.);
#7098=EDGE_CURVE('',#5712,#5575,#2465,.T.);
#7099=EDGE_CURVE('',#5713,#5712,#2466,.T.);
#7100=EDGE_CURVE('',#5714,#5713,#2467,.T.);
#7101=EDGE_CURVE('',#5715,#5714,#2468,.T.);
#7102=EDGE_CURVE('',#5716,#5715,#2469,.T.);
#7103=EDGE_CURVE('',#5574,#5716,#2470,.T.);
#7104=EDGE_CURVE('',#5717,#5573,#2471,.T.);
#7105=EDGE_CURVE('',#5718,#5717,#2472,.T.);
#7106=EDGE_CURVE('',#5614,#5718,#2473,.T.);
#7107=EDGE_CURVE('',#5719,#5613,#2474,.T.);
#7108=EDGE_CURVE('',#5720,#5719,#2475,.T.);
#7109=EDGE_CURVE('',#5721,#5720,#2476,.T.);
#7110=EDGE_CURVE('',#5722,#5721,#2477,.T.);
#7111=EDGE_CURVE('',#5612,#5722,#2478,.T.);
#7112=EDGE_CURVE('',#5723,#5611,#2479,.T.);
#7113=EDGE_CURVE('',#5724,#5723,#2480,.T.);
#7114=EDGE_CURVE('',#5610,#5724,#2481,.T.);
#7115=EDGE_CURVE('',#5725,#5609,#2482,.T.);
#7116=EDGE_CURVE('',#5726,#5725,#2483,.T.);
#7117=EDGE_CURVE('',#5727,#5726,#2484,.T.);
#7118=EDGE_CURVE('',#5728,#5727,#2485,.T.);
#7119=EDGE_CURVE('',#5608,#5728,#2486,.T.);
#7120=EDGE_CURVE('',#5729,#5607,#2487,.T.);
#7121=EDGE_CURVE('',#5730,#5729,#2488,.T.);
#7122=EDGE_CURVE('',#5606,#5730,#2489,.T.);
#7123=EDGE_CURVE('',#5731,#5605,#2490,.T.);
#7124=EDGE_CURVE('',#5732,#5731,#2491,.T.);
#7125=EDGE_CURVE('',#5733,#5732,#2492,.T.);
#7126=EDGE_CURVE('',#5734,#5733,#2493,.T.);
#7127=EDGE_CURVE('',#5604,#5734,#2494,.T.);
#7128=EDGE_CURVE('',#5616,#5603,#2495,.T.);
#7129=EDGE_CURVE('',#5735,#5736,#2496,.T.);
#7130=EDGE_CURVE('',#5737,#5735,#2497,.T.);
#7131=EDGE_CURVE('',#5738,#5737,#2498,.T.);
#7132=EDGE_CURVE('',#5739,#5738,#2499,.T.);
#7133=EDGE_CURVE('',#5740,#5739,#2500,.T.);
#7134=EDGE_CURVE('',#5736,#5740,#2501,.T.);
#7135=EDGE_CURVE('',#5741,#5742,#2502,.T.);
#7136=EDGE_CURVE('',#5743,#5741,#2503,.T.);
#7137=EDGE_CURVE('',#5744,#5743,#2504,.T.);
#7138=EDGE_CURVE('',#5745,#5744,#2505,.T.);
#7139=EDGE_CURVE('',#5746,#5745,#2506,.T.);
#7140=EDGE_CURVE('',#5742,#5746,#2507,.T.);
#7141=EDGE_CURVE('',#5747,#5748,#2508,.T.);
#7142=EDGE_CURVE('',#5749,#5747,#2509,.T.);
#7143=EDGE_CURVE('',#5750,#5749,#2510,.T.);
#7144=EDGE_CURVE('',#5751,#5750,#2511,.T.);
#7145=EDGE_CURVE('',#5752,#5751,#2512,.T.);
#7146=EDGE_CURVE('',#5748,#5752,#2513,.T.);
#7147=EDGE_CURVE('',#5753,#5754,#2514,.T.);
#7148=EDGE_CURVE('',#5755,#5753,#2515,.T.);
#7149=EDGE_CURVE('',#5756,#5755,#2516,.T.);
#7150=EDGE_CURVE('',#5757,#5756,#2517,.T.);
#7151=EDGE_CURVE('',#5758,#5757,#2518,.T.);
#7152=EDGE_CURVE('',#5754,#5758,#2519,.T.);
#7153=EDGE_CURVE('',#5759,#5760,#2520,.T.);
#7154=EDGE_CURVE('',#5761,#5759,#2521,.T.);
#7155=EDGE_CURVE('',#5762,#5761,#2522,.T.);
#7156=EDGE_CURVE('',#5763,#5762,#2523,.T.);
#7157=EDGE_CURVE('',#5764,#5763,#2524,.T.);
#7158=EDGE_CURVE('',#5760,#5764,#2525,.T.);
#7159=EDGE_CURVE('',#5765,#5766,#2526,.T.);
#7160=EDGE_CURVE('',#5767,#5765,#2527,.T.);
#7161=EDGE_CURVE('',#5768,#5767,#2528,.T.);
#7162=EDGE_CURVE('',#5769,#5768,#2529,.T.);
#7163=EDGE_CURVE('',#5770,#5769,#2530,.T.);
#7164=EDGE_CURVE('',#5766,#5770,#2531,.T.);
#7165=EDGE_CURVE('',#5771,#5772,#2532,.T.);
#7166=EDGE_CURVE('',#5773,#5771,#2533,.T.);
#7167=EDGE_CURVE('',#5774,#5773,#2534,.T.);
#7168=EDGE_CURVE('',#5775,#5774,#2535,.T.);
#7169=EDGE_CURVE('',#5776,#5775,#2536,.T.);
#7170=EDGE_CURVE('',#5772,#5776,#2537,.T.);
#7171=EDGE_CURVE('',#5777,#5778,#2538,.T.);
#7172=EDGE_CURVE('',#5779,#5777,#2539,.T.);
#7173=EDGE_CURVE('',#5780,#5779,#2540,.T.);
#7174=EDGE_CURVE('',#5781,#5780,#2541,.T.);
#7175=EDGE_CURVE('',#5782,#5781,#2542,.T.);
#7176=EDGE_CURVE('',#5778,#5782,#2543,.T.);
#7177=EDGE_CURVE('',#5783,#5784,#2544,.T.);
#7178=EDGE_CURVE('',#5785,#5783,#2545,.T.);
#7179=EDGE_CURVE('',#5786,#5785,#2546,.T.);
#7180=EDGE_CURVE('',#5787,#5786,#2547,.T.);
#7181=EDGE_CURVE('',#5788,#5787,#2548,.T.);
#7182=EDGE_CURVE('',#5784,#5788,#2549,.T.);
#7183=EDGE_CURVE('',#5789,#5790,#2550,.T.);
#7184=EDGE_CURVE('',#5791,#5789,#2551,.T.);
#7185=EDGE_CURVE('',#5792,#5791,#2552,.T.);
#7186=EDGE_CURVE('',#5793,#5792,#2553,.T.);
#7187=EDGE_CURVE('',#5794,#5793,#2554,.T.);
#7188=EDGE_CURVE('',#5790,#5794,#2555,.T.);
#7189=EDGE_CURVE('',#5795,#5796,#2556,.T.);
#7190=EDGE_CURVE('',#5797,#5795,#2557,.T.);
#7191=EDGE_CURVE('',#5798,#5797,#2558,.T.);
#7192=EDGE_CURVE('',#5799,#5798,#2559,.T.);
#7193=EDGE_CURVE('',#5800,#5799,#2560,.T.);
#7194=EDGE_CURVE('',#5796,#5800,#2561,.T.);
#7195=EDGE_CURVE('',#5801,#5802,#2562,.T.);
#7196=EDGE_CURVE('',#5803,#5801,#2563,.T.);
#7197=EDGE_CURVE('',#5804,#5803,#2564,.T.);
#7198=EDGE_CURVE('',#5805,#5804,#2565,.T.);
#7199=EDGE_CURVE('',#5806,#5805,#2566,.T.);
#7200=EDGE_CURVE('',#5802,#5806,#2567,.T.);
#7201=EDGE_CURVE('',#5807,#5808,#2568,.T.);
#7202=EDGE_CURVE('',#5809,#5807,#2569,.T.);
#7203=EDGE_CURVE('',#5810,#5809,#2570,.T.);
#7204=EDGE_CURVE('',#5811,#5810,#2571,.T.);
#7205=EDGE_CURVE('',#5812,#5811,#2572,.T.);
#7206=EDGE_CURVE('',#5808,#5812,#2573,.T.);
#7207=EDGE_CURVE('',#5813,#5814,#2574,.T.);
#7208=EDGE_CURVE('',#5815,#5813,#2575,.T.);
#7209=EDGE_CURVE('',#5816,#5815,#2576,.T.);
#7210=EDGE_CURVE('',#5817,#5816,#2577,.T.);
#7211=EDGE_CURVE('',#5818,#5817,#2578,.T.);
#7212=EDGE_CURVE('',#5814,#5818,#2579,.T.);
#7213=EDGE_CURVE('',#5819,#5820,#2580,.T.);
#7214=EDGE_CURVE('',#5821,#5819,#2581,.T.);
#7215=EDGE_CURVE('',#5822,#5821,#2582,.T.);
#7216=EDGE_CURVE('',#5823,#5822,#2583,.T.);
#7217=EDGE_CURVE('',#5824,#5823,#2584,.T.);
#7218=EDGE_CURVE('',#5820,#5824,#2585,.T.);
#7219=EDGE_CURVE('',#5825,#5826,#2586,.T.);
#7220=EDGE_CURVE('',#5827,#5825,#2587,.T.);
#7221=EDGE_CURVE('',#5828,#5827,#2588,.T.);
#7222=EDGE_CURVE('',#5829,#5828,#2589,.T.);
#7223=EDGE_CURVE('',#5830,#5829,#2590,.T.);
#7224=EDGE_CURVE('',#5826,#5830,#2591,.T.);
#7225=EDGE_CURVE('',#5831,#5832,#2592,.T.);
#7226=EDGE_CURVE('',#5833,#5831,#2593,.T.);
#7227=EDGE_CURVE('',#5834,#5833,#2594,.T.);
#7228=EDGE_CURVE('',#5835,#5834,#2595,.T.);
#7229=EDGE_CURVE('',#5836,#5835,#2596,.T.);
#7230=EDGE_CURVE('',#5832,#5836,#2597,.T.);
#7231=EDGE_CURVE('',#5837,#5838,#2598,.T.);
#7232=EDGE_CURVE('',#5839,#5837,#2599,.T.);
#7233=EDGE_CURVE('',#5840,#5839,#2600,.T.);
#7234=EDGE_CURVE('',#5841,#5840,#2601,.T.);
#7235=EDGE_CURVE('',#5842,#5841,#2602,.T.);
#7236=EDGE_CURVE('',#5838,#5842,#2603,.T.);
#7237=EDGE_CURVE('',#5843,#5844,#2604,.T.);
#7238=EDGE_CURVE('',#5845,#5843,#2605,.T.);
#7239=EDGE_CURVE('',#5846,#5845,#2606,.T.);
#7240=EDGE_CURVE('',#5847,#5846,#2607,.T.);
#7241=EDGE_CURVE('',#5848,#5847,#2608,.T.);
#7242=EDGE_CURVE('',#5844,#5848,#2609,.T.);
#7243=EDGE_CURVE('',#5849,#5850,#2610,.T.);
#7244=EDGE_CURVE('',#5851,#5849,#2611,.T.);
#7245=EDGE_CURVE('',#5852,#5851,#2612,.T.);
#7246=EDGE_CURVE('',#5853,#5852,#2613,.T.);
#7247=EDGE_CURVE('',#5854,#5853,#2614,.T.);
#7248=EDGE_CURVE('',#5850,#5854,#2615,.T.);
#7249=EDGE_CURVE('',#5855,#5856,#2616,.T.);
#7250=EDGE_CURVE('',#5857,#5855,#2617,.T.);
#7251=EDGE_CURVE('',#5858,#5857,#2618,.T.);
#7252=EDGE_CURVE('',#5859,#5858,#2619,.T.);
#7253=EDGE_CURVE('',#5860,#5859,#2620,.T.);
#7254=EDGE_CURVE('',#5856,#5860,#2621,.T.);
#7255=EDGE_CURVE('',#5861,#5862,#2622,.T.);
#7256=EDGE_CURVE('',#5863,#5861,#2623,.T.);
#7257=EDGE_CURVE('',#5864,#5863,#2624,.T.);
#7258=EDGE_CURVE('',#5865,#5864,#2625,.T.);
#7259=EDGE_CURVE('',#5866,#5865,#2626,.T.);
#7260=EDGE_CURVE('',#5862,#5866,#2627,.T.);
#7261=EDGE_CURVE('',#5867,#5868,#2628,.T.);
#7262=EDGE_CURVE('',#5869,#5867,#2629,.T.);
#7263=EDGE_CURVE('',#5870,#5869,#2630,.T.);
#7264=EDGE_CURVE('',#5871,#5870,#2631,.T.);
#7265=EDGE_CURVE('',#5872,#5871,#2632,.T.);
#7266=EDGE_CURVE('',#5868,#5872,#2633,.T.);
#7267=EDGE_CURVE('',#5873,#5874,#2634,.T.);
#7268=EDGE_CURVE('',#5875,#5873,#2635,.T.);
#7269=EDGE_CURVE('',#5876,#5875,#2636,.T.);
#7270=EDGE_CURVE('',#5877,#5876,#2637,.T.);
#7271=EDGE_CURVE('',#5878,#5877,#2638,.T.);
#7272=EDGE_CURVE('',#5874,#5878,#2639,.T.);
#7273=EDGE_CURVE('',#5879,#5880,#2640,.T.);
#7274=EDGE_CURVE('',#5881,#5879,#2641,.T.);
#7275=EDGE_CURVE('',#5882,#5881,#2642,.T.);
#7276=EDGE_CURVE('',#5883,#5882,#2643,.T.);
#7277=EDGE_CURVE('',#5884,#5883,#2644,.T.);
#7278=EDGE_CURVE('',#5880,#5884,#2645,.T.);
#7279=EDGE_CURVE('',#5885,#5886,#2646,.T.);
#7280=EDGE_CURVE('',#5887,#5885,#2647,.T.);
#7281=EDGE_CURVE('',#5888,#5887,#2648,.T.);
#7282=EDGE_CURVE('',#5889,#5888,#2649,.T.);
#7283=EDGE_CURVE('',#5890,#5889,#2650,.T.);
#7284=EDGE_CURVE('',#5886,#5890,#2651,.T.);
#7285=EDGE_CURVE('',#5891,#5892,#2652,.T.);
#7286=EDGE_CURVE('',#5893,#5891,#2653,.T.);
#7287=EDGE_CURVE('',#5894,#5893,#2654,.T.);
#7288=EDGE_CURVE('',#5895,#5894,#2655,.T.);
#7289=EDGE_CURVE('',#5896,#5895,#2656,.T.);
#7290=EDGE_CURVE('',#5892,#5896,#2657,.T.);
#7291=EDGE_CURVE('',#5897,#5898,#2658,.T.);
#7292=EDGE_CURVE('',#5899,#5897,#2659,.T.);
#7293=EDGE_CURVE('',#5900,#5899,#2660,.T.);
#7294=EDGE_CURVE('',#5901,#5900,#2661,.T.);
#7295=EDGE_CURVE('',#5902,#5901,#2662,.T.);
#7296=EDGE_CURVE('',#5898,#5902,#2663,.T.);
#7297=EDGE_CURVE('',#5903,#5904,#2664,.T.);
#7298=EDGE_CURVE('',#5905,#5903,#2665,.T.);
#7299=EDGE_CURVE('',#5906,#5905,#2666,.T.);
#7300=EDGE_CURVE('',#5907,#5906,#2667,.T.);
#7301=EDGE_CURVE('',#5908,#5907,#2668,.T.);
#7302=EDGE_CURVE('',#5904,#5908,#2669,.T.);
#7303=EDGE_CURVE('',#5909,#5910,#2670,.T.);
#7304=EDGE_CURVE('',#5911,#5909,#2671,.T.);
#7305=EDGE_CURVE('',#5912,#5911,#2672,.T.);
#7306=EDGE_CURVE('',#5913,#5912,#2673,.T.);
#7307=EDGE_CURVE('',#5914,#5913,#2674,.T.);
#7308=EDGE_CURVE('',#5910,#5914,#2675,.T.);
#7309=EDGE_CURVE('',#5915,#5916,#2676,.T.);
#7310=EDGE_CURVE('',#5917,#5915,#2677,.T.);
#7311=EDGE_CURVE('',#5918,#5917,#2678,.T.);
#7312=EDGE_CURVE('',#5919,#5918,#2679,.T.);
#7313=EDGE_CURVE('',#5920,#5919,#2680,.T.);
#7314=EDGE_CURVE('',#5916,#5920,#2681,.T.);
#7315=EDGE_CURVE('',#5921,#5922,#2682,.T.);
#7316=EDGE_CURVE('',#5923,#5921,#2683,.T.);
#7317=EDGE_CURVE('',#5924,#5923,#2684,.T.);
#7318=EDGE_CURVE('',#5925,#5924,#2685,.T.);
#7319=EDGE_CURVE('',#5926,#5925,#2686,.T.);
#7320=EDGE_CURVE('',#5922,#5926,#2687,.T.);
#7321=EDGE_CURVE('',#5927,#5928,#2688,.T.);
#7322=EDGE_CURVE('',#5929,#5927,#2689,.T.);
#7323=EDGE_CURVE('',#5930,#5929,#2690,.T.);
#7324=EDGE_CURVE('',#5931,#5930,#2691,.T.);
#7325=EDGE_CURVE('',#5932,#5931,#2692,.T.);
#7326=EDGE_CURVE('',#5928,#5932,#2693,.T.);
#7327=EDGE_CURVE('',#5933,#5934,#2694,.T.);
#7328=EDGE_CURVE('',#5935,#5933,#2695,.T.);
#7329=EDGE_CURVE('',#5936,#5935,#2696,.T.);
#7330=EDGE_CURVE('',#5937,#5936,#2697,.T.);
#7331=EDGE_CURVE('',#5938,#5937,#2698,.T.);
#7332=EDGE_CURVE('',#5934,#5938,#2699,.T.);
#7333=EDGE_CURVE('',#5939,#5940,#2700,.T.);
#7334=EDGE_CURVE('',#5941,#5939,#2701,.T.);
#7335=EDGE_CURVE('',#5942,#5941,#2702,.T.);
#7336=EDGE_CURVE('',#5943,#5942,#2703,.T.);
#7337=EDGE_CURVE('',#5944,#5943,#2704,.T.);
#7338=EDGE_CURVE('',#5940,#5944,#2705,.T.);
#7339=EDGE_CURVE('',#5945,#5946,#2706,.T.);
#7340=EDGE_CURVE('',#5947,#5945,#2707,.T.);
#7341=EDGE_CURVE('',#5948,#5947,#2708,.T.);
#7342=EDGE_CURVE('',#5949,#5948,#2709,.T.);
#7343=EDGE_CURVE('',#5950,#5949,#2710,.T.);
#7344=EDGE_CURVE('',#5946,#5950,#2711,.T.);
#7345=EDGE_CURVE('',#5951,#5952,#2712,.T.);
#7346=EDGE_CURVE('',#5953,#5951,#2713,.T.);
#7347=EDGE_CURVE('',#5954,#5953,#2714,.T.);
#7348=EDGE_CURVE('',#5955,#5954,#2715,.T.);
#7349=EDGE_CURVE('',#5956,#5955,#2716,.T.);
#7350=EDGE_CURVE('',#5952,#5956,#2717,.T.);
#7351=EDGE_CURVE('',#5951,#5182,#2718,.T.);
#7352=EDGE_CURVE('',#5953,#5181,#2719,.T.);
#7353=EDGE_CURVE('',#5952,#5183,#2720,.T.);
#7354=EDGE_CURVE('',#5956,#5178,#2721,.T.);
#7355=EDGE_CURVE('',#5945,#5310,#2722,.T.);
#7356=EDGE_CURVE('',#5947,#5309,#2723,.T.);
#7357=EDGE_CURVE('',#5946,#5311,#2724,.T.);
#7358=EDGE_CURVE('',#5950,#5306,#2725,.T.);
#7359=EDGE_CURVE('',#5939,#5170,#2726,.T.);
#7360=EDGE_CURVE('',#5941,#5169,#2727,.T.);
#7361=EDGE_CURVE('',#5940,#5171,#2728,.T.);
#7362=EDGE_CURVE('',#5944,#5166,#2729,.T.);
#7363=EDGE_CURVE('',#5933,#5201,#2730,.T.);
#7364=EDGE_CURVE('',#5935,#5200,#2731,.T.);
#7365=EDGE_CURVE('',#5934,#5202,#2732,.T.);
#7366=EDGE_CURVE('',#5938,#5197,#2733,.T.);
#7367=EDGE_CURVE('',#5927,#5512,#2734,.T.);
#7368=EDGE_CURVE('',#5929,#5511,#2735,.T.);
#7369=EDGE_CURVE('',#5928,#5513,#2736,.T.);
#7370=EDGE_CURVE('',#5932,#5508,#2737,.T.);
#7371=EDGE_CURVE('',#5921,#5261,#2738,.T.);
#7372=EDGE_CURVE('',#5923,#5260,#2739,.T.);
#7373=EDGE_CURVE('',#5922,#5262,#2740,.T.);
#7374=EDGE_CURVE('',#5926,#5257,#2741,.T.);
#7375=EDGE_CURVE('',#5915,#5195,#2742,.T.);
#7376=EDGE_CURVE('',#5917,#5194,#2743,.T.);
#7377=EDGE_CURVE('',#5916,#5196,#2744,.T.);
#7378=EDGE_CURVE('',#5920,#5191,#2745,.T.);
#7379=EDGE_CURVE('',#5909,#5286,#2746,.T.);
#7380=EDGE_CURVE('',#5911,#5285,#2747,.T.);
#7381=EDGE_CURVE('',#5910,#5287,#2748,.T.);
#7382=EDGE_CURVE('',#5914,#5282,#2749,.T.);
#7383=EDGE_CURVE('',#5903,#5151,#2750,.T.);
#7384=EDGE_CURVE('',#5905,#5150,#2751,.T.);
#7385=EDGE_CURVE('',#5904,#5152,#2752,.T.);
#7386=EDGE_CURVE('',#5908,#5147,#2753,.T.);
#7387=EDGE_CURVE('',#5897,#5336,#2754,.T.);
#7388=EDGE_CURVE('',#5899,#5335,#2755,.T.);
#7389=EDGE_CURVE('',#5898,#5337,#2756,.T.);
#7390=EDGE_CURVE('',#5902,#5332,#2757,.T.);
#7391=EDGE_CURVE('',#5891,#5134,#2758,.T.);
#7392=EDGE_CURVE('',#5893,#5133,#2759,.T.);
#7393=EDGE_CURVE('',#5892,#5135,#2760,.T.);
#7394=EDGE_CURVE('',#5896,#5130,#2761,.T.);
#7395=EDGE_CURVE('',#5885,#5494,#2762,.T.);
#7396=EDGE_CURVE('',#5887,#5493,#2763,.T.);
#7397=EDGE_CURVE('',#5886,#5495,#2764,.T.);
#7398=EDGE_CURVE('',#5890,#5490,#2765,.T.);
#7399=EDGE_CURVE('',#5879,#5444,#2766,.T.);
#7400=EDGE_CURVE('',#5881,#5443,#2767,.T.);
#7401=EDGE_CURVE('',#5880,#5445,#2768,.T.);
#7402=EDGE_CURVE('',#5884,#5440,#2769,.T.);
#7403=EDGE_CURVE('',#5873,#5404,#2770,.T.);
#7404=EDGE_CURVE('',#5875,#5403,#2771,.T.);
#7405=EDGE_CURVE('',#5874,#5405,#2772,.T.);
#7406=EDGE_CURVE('',#5878,#5400,#2773,.T.);
#7407=EDGE_CURVE('',#5867,#5475,#2774,.T.);
#7408=EDGE_CURVE('',#5869,#5474,#2775,.T.);
#7409=EDGE_CURVE('',#5868,#5476,#2776,.T.);
#7410=EDGE_CURVE('',#5872,#5471,#2777,.T.);
#7411=EDGE_CURVE('',#5861,#5423,#2778,.T.);
#7412=EDGE_CURVE('',#5863,#5422,#2779,.T.);
#7413=EDGE_CURVE('',#5862,#5424,#2780,.T.);
#7414=EDGE_CURVE('',#5866,#5419,#2781,.T.);
#7415=EDGE_CURVE('',#5855,#5380,#2782,.T.);
#7416=EDGE_CURVE('',#5857,#5379,#2783,.T.);
#7417=EDGE_CURVE('',#5856,#5381,#2784,.T.);
#7418=EDGE_CURVE('',#5860,#5376,#2785,.T.);
#7419=EDGE_CURVE('',#5849,#5176,#2786,.T.);
#7420=EDGE_CURVE('',#5851,#5175,#2787,.T.);
#7421=EDGE_CURVE('',#5850,#5177,#2788,.T.);
#7422=EDGE_CURVE('',#5854,#5172,#2789,.T.);
#7423=EDGE_CURVE('',#5843,#5488,#2790,.T.);
#7424=EDGE_CURVE('',#5845,#5487,#2791,.T.);
#7425=EDGE_CURVE('',#5844,#5489,#2792,.T.);
#7426=EDGE_CURVE('',#5848,#5484,#2793,.T.);
#7427=EDGE_CURVE('',#5837,#5462,#2794,.T.);
#7428=EDGE_CURVE('',#5839,#5461,#2795,.T.);
#7429=EDGE_CURVE('',#5838,#5463,#2796,.T.);
#7430=EDGE_CURVE('',#5842,#5458,#2797,.T.);
#7431=EDGE_CURVE('',#5831,#5248,#2798,.T.);
#7432=EDGE_CURVE('',#5833,#5247,#2799,.T.);
#7433=EDGE_CURVE('',#5832,#5249,#2800,.T.);
#7434=EDGE_CURVE('',#5836,#5244,#2801,.T.);
#7435=EDGE_CURVE('',#5825,#5367,#2802,.T.);
#7436=EDGE_CURVE('',#5827,#5366,#2803,.T.);
#7437=EDGE_CURVE('',#5826,#5368,#2804,.T.);
#7438=EDGE_CURVE('',#5830,#5363,#2805,.T.);
#7439=EDGE_CURVE('',#5819,#5392,#2806,.T.);
#7440=EDGE_CURVE('',#5821,#5391,#2807,.T.);
#7441=EDGE_CURVE('',#5820,#5393,#2808,.T.);
#7442=EDGE_CURVE('',#5824,#5388,#2809,.T.);
#7443=EDGE_CURVE('',#5813,#5298,#2810,.T.);
#7444=EDGE_CURVE('',#5815,#5297,#2811,.T.);
#7445=EDGE_CURVE('',#5814,#5299,#2812,.T.);
#7446=EDGE_CURVE('',#5818,#5294,#2813,.T.);
#7447=EDGE_CURVE('',#5807,#5157,#2814,.T.);
#7448=EDGE_CURVE('',#5809,#5156,#2815,.T.);
#7449=EDGE_CURVE('',#5808,#5158,#2816,.T.);
#7450=EDGE_CURVE('',#5812,#5153,#2817,.T.);
#7451=EDGE_CURVE('',#5801,#5274,#2818,.T.);
#7452=EDGE_CURVE('',#5803,#5273,#2819,.T.);
#7453=EDGE_CURVE('',#5802,#5275,#2820,.T.);
#7454=EDGE_CURVE('',#5806,#5270,#2821,.T.);
#7455=EDGE_CURVE('',#5795,#5361,#2822,.T.);
#7456=EDGE_CURVE('',#5797,#5360,#2823,.T.);
#7457=EDGE_CURVE('',#5796,#5362,#2824,.T.);
#7458=EDGE_CURVE('',#5800,#5357,#2825,.T.);
#7459=EDGE_CURVE('',#5789,#5456,#2826,.T.);
#7460=EDGE_CURVE('',#5791,#5455,#2827,.T.);
#7461=EDGE_CURVE('',#5790,#5457,#2828,.T.);
#7462=EDGE_CURVE('',#5794,#5452,#2829,.T.);
#7463=EDGE_CURVE('',#5783,#5304,#2830,.T.);
#7464=EDGE_CURVE('',#5785,#5303,#2831,.T.);
#7465=EDGE_CURVE('',#5784,#5305,#2832,.T.);
#7466=EDGE_CURVE('',#5788,#5300,#2833,.T.);
#7467=EDGE_CURVE('',#5777,#5417,#2834,.T.);
#7468=EDGE_CURVE('',#5779,#5416,#2835,.T.);
#7469=EDGE_CURVE('',#5778,#5418,#2836,.T.);
#7470=EDGE_CURVE('',#5782,#5413,#2837,.T.);
#7471=EDGE_CURVE('',#5771,#5292,#2838,.T.);
#7472=EDGE_CURVE('',#5773,#5291,#2839,.T.);
#7473=EDGE_CURVE('',#5772,#5293,#2840,.T.);
#7474=EDGE_CURVE('',#5776,#5288,#2841,.T.);
#7475=EDGE_CURVE('',#5765,#5280,#2842,.T.);
#7476=EDGE_CURVE('',#5767,#5279,#2843,.T.);
#7477=EDGE_CURVE('',#5766,#5281,#2844,.T.);
#7478=EDGE_CURVE('',#5770,#5276,#2845,.T.);
#7479=EDGE_CURVE('',#5759,#5398,#2846,.T.);
#7480=EDGE_CURVE('',#5761,#5397,#2847,.T.);
#7481=EDGE_CURVE('',#5760,#5399,#2848,.T.);
#7482=EDGE_CURVE('',#5764,#5394,#2849,.T.);
#7483=EDGE_CURVE('',#5753,#5242,#2850,.T.);
#7484=EDGE_CURVE('',#5755,#5241,#2851,.T.);
#7485=EDGE_CURVE('',#5754,#5243,#2852,.T.);
#7486=EDGE_CURVE('',#5758,#5238,#2853,.T.);
#7487=EDGE_CURVE('',#5747,#5450,#2854,.T.);
#7488=EDGE_CURVE('',#5749,#5449,#2855,.T.);
#7489=EDGE_CURVE('',#5748,#5451,#2856,.T.);
#7490=EDGE_CURVE('',#5752,#5446,#2857,.T.);
#7491=EDGE_CURVE('',#5741,#5518,#2858,.T.);
#7492=EDGE_CURVE('',#5743,#5517,#2859,.T.);
#7493=EDGE_CURVE('',#5742,#5519,#2860,.T.);
#7494=EDGE_CURVE('',#5746,#5514,#2861,.T.);
#7495=EDGE_CURVE('',#5735,#5386,#2862,.T.);
#7496=EDGE_CURVE('',#5737,#5385,#2863,.T.);
#7497=EDGE_CURVE('',#5736,#5387,#2864,.T.);
#7498=EDGE_CURVE('',#5740,#5382,#2865,.T.);
#7499=EDGE_CURVE('',#5717,#5504,#2866,.T.);
#7500=EDGE_CURVE('',#5716,#5143,#2867,.T.);
#7501=EDGE_CURVE('',#5715,#5144,#2868,.T.);
#7502=EDGE_CURVE('',#5714,#5145,#2869,.T.);
#7503=EDGE_CURVE('',#5718,#5503,#2870,.T.);
#7504=EDGE_CURVE('',#5713,#5146,#2871,.T.);
#7505=EDGE_CURVE('',#5719,#5344,#2872,.T.);
#7506=EDGE_CURVE('',#5712,#5140,#2873,.T.);
#7507=EDGE_CURVE('',#5711,#5353,#2874,.T.);
#7508=EDGE_CURVE('',#5710,#5354,#2875,.T.);
#7509=EDGE_CURVE('',#5722,#5347,#2876,.T.);
#7510=EDGE_CURVE('',#5709,#5355,#2877,.T.);
#7511=EDGE_CURVE('',#5723,#5137,#2878,.T.);
#7512=EDGE_CURVE('',#5708,#5356,#2879,.T.);
#7513=EDGE_CURVE('',#5707,#5350,#2880,.T.);
#7514=EDGE_CURVE('',#5724,#5136,#2881,.T.);
#7515=EDGE_CURVE('',#5725,#5340,#2882,.T.);
#7516=EDGE_CURVE('',#5706,#5499,#2883,.T.);
#7517=EDGE_CURVE('',#5705,#5500,#2884,.T.);
#7518=EDGE_CURVE('',#5704,#5501,#2885,.T.);
#7519=EDGE_CURVE('',#5703,#5502,#2886,.T.);
#7520=EDGE_CURVE('',#5702,#5496,#2887,.T.);
#7521=EDGE_CURVE('',#5728,#5343,#2888,.T.);
#7522=EDGE_CURVE('',#5729,#5120,#2889,.T.);
#7523=EDGE_CURVE('',#5701,#5268,#2890,.T.);
#7524=EDGE_CURVE('',#5700,#5269,#2891,.T.);
#7525=EDGE_CURVE('',#5730,#5119,#2892,.T.);
#7526=EDGE_CURVE('',#5699,#5263,#2893,.T.);
#7527=EDGE_CURVE('',#5731,#5323,#2894,.T.);
#7528=EDGE_CURVE('',#5698,#5264,#2895,.T.);
#7529=EDGE_CURVE('',#5697,#5265,#2896,.T.);
#7530=EDGE_CURVE('',#5696,#5467,#2897,.T.);
#7531=EDGE_CURVE('',#5734,#5320,#2898,.T.);
#7532=EDGE_CURVE('',#5695,#5468,#2899,.T.);
#7533=EDGE_CURVE('',#5616,#5522,#2900,.T.);
#7534=EDGE_CURVE('',#5694,#5469,#2901,.T.);
#7535=EDGE_CURVE('',#5693,#5470,#2902,.T.);
#7536=EDGE_CURVE('',#5692,#5464,#2903,.T.);
#7537=EDGE_CURVE('',#5615,#5521,#2904,.T.);
#7538=EDGE_CURVE('',#5691,#5187,#2905,.T.);
#7539=EDGE_CURVE('',#5690,#5188,#2906,.T.);
#7540=EDGE_CURVE('',#5689,#5189,#2907,.T.);
#7541=EDGE_CURVE('',#5688,#5190,#2908,.T.);
#7542=EDGE_CURVE('',#5687,#5184,#2909,.T.);
#7543=EDGE_CURVE('',#5686,#5253,#2910,.T.);
#7544=EDGE_CURVE('',#5685,#5254,#2911,.T.);
#7545=EDGE_CURVE('',#5684,#5255,#2912,.T.);
#7546=EDGE_CURVE('',#5683,#5256,#2913,.T.);
#7547=EDGE_CURVE('',#5682,#5250,#2914,.T.);
#7548=EDGE_CURVE('',#5681,#5217,#2915,.T.);
#7549=EDGE_CURVE('',#5680,#5218,#2916,.T.);
#7550=EDGE_CURVE('',#5679,#5219,#2917,.T.);
#7551=EDGE_CURVE('',#5678,#5220,#2918,.T.);
#7552=EDGE_CURVE('',#5677,#5214,#2919,.T.);
#7553=EDGE_CURVE('',#5676,#5428,#2920,.T.);
#7554=EDGE_CURVE('',#5675,#5429,#2921,.T.);
#7555=EDGE_CURVE('',#5674,#5221,#2922,.T.);
#7556=EDGE_CURVE('',#5673,#5222,#2923,.T.);
#7557=EDGE_CURVE('',#5672,#5223,#2924,.T.);
#7558=EDGE_CURVE('',#5671,#5224,#2925,.T.);
#7559=EDGE_CURVE('',#5670,#5431,#2926,.T.);
#7560=EDGE_CURVE('',#5669,#5432,#2927,.T.);
#7561=EDGE_CURVE('',#5668,#5229,#2928,.T.);
#7562=EDGE_CURVE('',#5667,#5230,#2929,.T.);
#7563=EDGE_CURVE('',#5666,#5231,#2930,.T.);
#7564=EDGE_CURVE('',#5665,#5232,#2931,.T.);
#7565=EDGE_CURVE('',#5664,#5211,#2932,.T.);
#7566=EDGE_CURVE('',#5663,#5212,#2933,.T.);
#7567=EDGE_CURVE('',#5662,#5438,#2934,.T.);
#7568=EDGE_CURVE('',#5661,#5439,#2935,.T.);
#7569=EDGE_CURVE('',#5660,#5434,#2936,.T.);
#7570=EDGE_CURVE('',#5659,#5435,#2937,.T.);
#7571=EDGE_CURVE('',#5658,#5236,#2938,.T.);
#7572=EDGE_CURVE('',#5657,#5237,#2939,.T.);
#7573=EDGE_CURVE('',#5108,#5957,#4799,.T.);
#7574=EDGE_CURVE('',#5957,#5958,#2940,.T.);
#7575=EDGE_CURVE('',#5958,#5109,#4800,.T.);
#7576=EDGE_CURVE('',#5958,#4958,#4801,.T.);
#7577=EDGE_CURVE('',#5959,#5105,#4802,.T.);
#7578=EDGE_CURVE('',#4951,#5959,#4803,.T.);
#7579=EDGE_CURVE('',#5960,#5106,#4804,.T.);
#7580=EDGE_CURVE('',#5959,#5960,#2941,.T.);
#7581=EDGE_CURVE('',#5960,#4901,#4805,.T.);
#7582=EDGE_CURVE('',#4894,#5957,#4806,.T.);
#7583=EDGE_CURVE('',#5961,#4950,#4807,.T.);
#7584=EDGE_CURVE('',#5961,#5959,#2942,.T.);
#7585=EDGE_CURVE('',#5958,#5962,#2943,.T.);
#7586=EDGE_CURVE('',#4959,#5962,#4808,.T.);
#7587=EDGE_CURVE('',#5963,#5957,#2944,.T.);
#7588=EDGE_CURVE('',#5962,#5963,#2945,.T.);
#7589=EDGE_CURVE('',#5964,#5081,#4809,.T.);
#7590=EDGE_CURVE('',#4902,#5964,#4810,.T.);
#7591=EDGE_CURVE('',#5961,#5082,#4811,.T.);
#7592=EDGE_CURVE('',#5964,#5961,#2946,.T.);
#7593=EDGE_CURVE('',#5962,#5086,#4812,.T.);
#7594=EDGE_CURVE('',#5963,#5087,#4813,.T.);
#7595=EDGE_CURVE('',#5963,#4893,#4814,.T.);
#7596=EDGE_CURVE('',#5960,#5964,#2947,.T.);
#7597=EDGE_CURVE('',#5076,#5552,#15,.T.);
#7598=EDGE_CURVE('',#5078,#5571,#16,.T.);
#7599=EDGE_CURVE('',#5077,#5551,#17,.T.);
#7600=EDGE_CURVE('',#5079,#5572,#18,.T.);
#7601=EDGE_CURVE('',#5745,#5515,#2948,.T.);
#7602=EDGE_CURVE('',#5744,#5516,#2949,.T.);
#7603=EDGE_CURVE('',#5931,#5509,#2950,.T.);
#7604=EDGE_CURVE('',#5930,#5510,#2951,.T.);
#7605=EDGE_CURVE('',#5889,#5491,#2952,.T.);
#7606=EDGE_CURVE('',#5888,#5492,#2953,.T.);
#7607=EDGE_CURVE('',#5847,#5485,#2954,.T.);
#7608=EDGE_CURVE('',#5846,#5486,#2955,.T.);
#7609=EDGE_CURVE('',#5637,#5482,#2956,.T.);
#7610=EDGE_CURVE('',#5638,#5481,#2957,.T.);
#7611=EDGE_CURVE('',#5641,#5478,#2958,.T.);
#7612=EDGE_CURVE('',#5640,#5479,#2959,.T.);
#7613=EDGE_CURVE('',#5639,#5480,#2960,.T.);
#7614=EDGE_CURVE('',#5871,#5472,#2961,.T.);
#7615=EDGE_CURVE('',#5870,#5473,#2962,.T.);
#7616=EDGE_CURVE('',#5841,#5459,#2963,.T.);
#7617=EDGE_CURVE('',#5840,#5460,#2964,.T.);
#7618=EDGE_CURVE('',#5793,#5453,#2965,.T.);
#7619=EDGE_CURVE('',#5792,#5454,#2966,.T.);
#7620=EDGE_CURVE('',#5751,#5447,#2967,.T.);
#7621=EDGE_CURVE('',#5750,#5448,#2968,.T.);
#7622=EDGE_CURVE('',#5883,#5441,#2969,.T.);
#7623=EDGE_CURVE('',#5882,#5442,#2970,.T.);
#7624=EDGE_CURVE('',#5865,#5420,#2971,.T.);
#7625=EDGE_CURVE('',#5864,#5421,#2972,.T.);
#7626=EDGE_CURVE('',#5781,#5414,#2973,.T.);
#7627=EDGE_CURVE('',#5780,#5415,#2974,.T.);
#7628=EDGE_CURVE('',#5647,#5411,#2975,.T.);
#7629=EDGE_CURVE('',#5648,#5410,#2976,.T.);
#7630=EDGE_CURVE('',#5651,#5407,#2977,.T.);
#7631=EDGE_CURVE('',#5650,#5408,#2978,.T.);
#7632=EDGE_CURVE('',#5649,#5409,#2979,.T.);
#7633=EDGE_CURVE('',#5877,#5401,#2980,.T.);
#7634=EDGE_CURVE('',#5876,#5402,#2981,.T.);
#7635=EDGE_CURVE('',#5763,#5395,#2982,.T.);
#7636=EDGE_CURVE('',#5762,#5396,#2983,.T.);
#7637=EDGE_CURVE('',#5823,#5389,#2984,.T.);
#7638=EDGE_CURVE('',#5822,#5390,#2985,.T.);
#7639=EDGE_CURVE('',#5739,#5383,#2986,.T.);
#7640=EDGE_CURVE('',#5738,#5384,#2987,.T.);
#7641=EDGE_CURVE('',#5859,#5377,#2988,.T.);
#7642=EDGE_CURVE('',#5858,#5378,#2989,.T.);
#7643=EDGE_CURVE('',#5642,#5374,#2990,.T.);
#7644=EDGE_CURVE('',#5643,#5373,#2991,.T.);
#7645=EDGE_CURVE('',#5646,#5370,#2992,.T.);
#7646=EDGE_CURVE('',#5645,#5371,#2993,.T.);
#7647=EDGE_CURVE('',#5644,#5372,#2994,.T.);
#7648=EDGE_CURVE('',#5829,#5364,#2995,.T.);
#7649=EDGE_CURVE('',#5828,#5365,#2996,.T.);
#7650=EDGE_CURVE('',#5799,#5358,#2997,.T.);
#7651=EDGE_CURVE('',#5798,#5359,#2998,.T.);
#7652=EDGE_CURVE('',#5721,#5348,#2999,.T.);
#7653=EDGE_CURVE('',#5720,#5349,#3000,.T.);
#7654=EDGE_CURVE('',#5727,#5338,#3001,.T.);
#7655=EDGE_CURVE('',#5726,#5339,#3002,.T.);
#7656=EDGE_CURVE('',#5901,#5333,#3003,.T.);
#7657=EDGE_CURVE('',#5900,#5334,#3004,.T.);
#7658=EDGE_CURVE('',#5617,#5330,#3005,.T.);
#7659=EDGE_CURVE('',#5618,#5329,#3006,.T.);
#7660=EDGE_CURVE('',#5621,#5326,#3007,.T.);
#7661=EDGE_CURVE('',#5620,#5327,#3008,.T.);
#7662=EDGE_CURVE('',#5619,#5328,#3009,.T.);
#7663=EDGE_CURVE('',#5732,#5322,#3010,.T.);
#7664=EDGE_CURVE('',#5733,#5321,#3011,.T.);
#7665=EDGE_CURVE('',#5622,#5317,#3012,.T.);
#7666=EDGE_CURVE('',#5623,#5316,#3013,.T.);
#7667=EDGE_CURVE('',#5626,#5313,#3014,.T.);
#7668=EDGE_CURVE('',#5625,#5314,#3015,.T.);
#7669=EDGE_CURVE('',#5624,#5315,#3016,.T.);
#7670=EDGE_CURVE('',#5949,#5307,#3017,.T.);
#7671=EDGE_CURVE('',#5948,#5308,#3018,.T.);
#7672=EDGE_CURVE('',#5787,#5301,#3019,.T.);
#7673=EDGE_CURVE('',#5786,#5302,#3020,.T.);
#7674=EDGE_CURVE('',#5817,#5295,#3021,.T.);
#7675=EDGE_CURVE('',#5816,#5296,#3022,.T.);
#7676=EDGE_CURVE('',#5775,#5289,#3023,.T.);
#7677=EDGE_CURVE('',#5774,#5290,#3024,.T.);
#7678=EDGE_CURVE('',#5913,#5283,#3025,.T.);
#7679=EDGE_CURVE('',#5912,#5284,#3026,.T.);
#7680=EDGE_CURVE('',#5769,#5277,#3027,.T.);
#7681=EDGE_CURVE('',#5768,#5278,#3028,.T.);
#7682=EDGE_CURVE('',#5805,#5271,#3029,.T.);
#7683=EDGE_CURVE('',#5804,#5272,#3030,.T.);
#7684=EDGE_CURVE('',#5925,#5258,#3031,.T.);
#7685=EDGE_CURVE('',#5924,#5259,#3032,.T.);
#7686=EDGE_CURVE('',#5835,#5245,#3033,.T.);
#7687=EDGE_CURVE('',#5834,#5246,#3034,.T.);
#7688=EDGE_CURVE('',#5757,#5239,#3035,.T.);
#7689=EDGE_CURVE('',#5756,#5240,#3036,.T.);
#7690=EDGE_CURVE('',#5652,#5208,#3037,.T.);
#7691=EDGE_CURVE('',#5653,#5207,#3038,.T.);
#7692=EDGE_CURVE('',#5656,#5204,#3039,.T.);
#7693=EDGE_CURVE('',#5655,#5205,#3040,.T.);
#7694=EDGE_CURVE('',#5654,#5206,#3041,.T.);
#7695=EDGE_CURVE('',#5937,#5198,#3042,.T.);
#7696=EDGE_CURVE('',#5936,#5199,#3043,.T.);
#7697=EDGE_CURVE('',#5919,#5192,#3044,.T.);
#7698=EDGE_CURVE('',#5918,#5193,#3045,.T.);
#7699=EDGE_CURVE('',#5955,#5179,#3046,.T.);
#7700=EDGE_CURVE('',#5954,#5180,#3047,.T.);
#7701=EDGE_CURVE('',#5853,#5173,#3048,.T.);
#7702=EDGE_CURVE('',#5852,#5174,#3049,.T.);
#7703=EDGE_CURVE('',#5943,#5167,#3050,.T.);
#7704=EDGE_CURVE('',#5942,#5168,#3051,.T.);
#7705=EDGE_CURVE('',#5633,#5164,#3052,.T.);
#7706=EDGE_CURVE('',#5634,#5163,#3053,.T.);
#7707=EDGE_CURVE('',#5632,#5165,#3054,.T.);
#7708=EDGE_CURVE('',#5636,#5161,#3055,.T.);
#7709=EDGE_CURVE('',#5635,#5162,#3056,.T.);
#7710=EDGE_CURVE('',#5811,#5154,#3057,.T.);
#7711=EDGE_CURVE('',#5810,#5155,#3058,.T.);
#7712=EDGE_CURVE('',#5907,#5148,#3059,.T.);
#7713=EDGE_CURVE('',#5906,#5149,#3060,.T.);
#7714=EDGE_CURVE('',#5895,#5131,#3061,.T.);
#7715=EDGE_CURVE('',#5894,#5132,#3062,.T.);
#7716=EDGE_CURVE('',#5627,#5128,#3063,.T.);
#7717=EDGE_CURVE('',#5628,#5127,#3064,.T.);
#7718=EDGE_CURVE('',#5631,#5124,#3065,.T.);
#7719=EDGE_CURVE('',#5630,#5125,#3066,.T.);
#7720=EDGE_CURVE('',#5629,#5126,#3067,.T.);
#7721=ORIENTED_EDGE('',*,*,#5965,.F.);
#7722=ORIENTED_EDGE('',*,*,#5966,.F.);
#7723=ORIENTED_EDGE('',*,*,#5967,.F.);
#7724=ORIENTED_EDGE('',*,*,#5968,.F.);
#7725=ORIENTED_EDGE('',*,*,#5969,.F.);
#7726=ORIENTED_EDGE('',*,*,#5970,.F.);
#7727=ORIENTED_EDGE('',*,*,#5971,.F.);
#7728=ORIENTED_EDGE('',*,*,#5972,.T.);
#7729=ORIENTED_EDGE('',*,*,#5973,.F.);
#7730=ORIENTED_EDGE('',*,*,#5974,.F.);
#7731=ORIENTED_EDGE('',*,*,#5975,.F.);
#7732=ORIENTED_EDGE('',*,*,#5976,.F.);
#7733=ORIENTED_EDGE('',*,*,#5977,.F.);
#7734=ORIENTED_EDGE('',*,*,#5978,.F.);
#7735=ORIENTED_EDGE('',*,*,#5979,.T.);
#7736=ORIENTED_EDGE('',*,*,#5980,.T.);
#7737=ORIENTED_EDGE('',*,*,#5981,.F.);
#7738=ORIENTED_EDGE('',*,*,#5982,.F.);
#7739=ORIENTED_EDGE('',*,*,#5983,.F.);
#7740=ORIENTED_EDGE('',*,*,#5984,.T.);
#7741=ORIENTED_EDGE('',*,*,#5985,.F.);
#7742=ORIENTED_EDGE('',*,*,#5986,.F.);
#7743=ORIENTED_EDGE('',*,*,#5987,.T.);
#7744=ORIENTED_EDGE('',*,*,#5988,.F.);
#7745=ORIENTED_EDGE('',*,*,#5989,.T.);
#7746=ORIENTED_EDGE('',*,*,#5986,.T.);
#7747=ORIENTED_EDGE('',*,*,#5990,.T.);
#7748=ORIENTED_EDGE('',*,*,#5991,.T.);
#7749=ORIENTED_EDGE('',*,*,#5992,.T.);
#7750=ORIENTED_EDGE('',*,*,#5992,.F.);
#7751=ORIENTED_EDGE('',*,*,#5993,.F.);
#7752=ORIENTED_EDGE('',*,*,#5994,.T.);
#7753=ORIENTED_EDGE('',*,*,#5995,.F.);
#7754=ORIENTED_EDGE('',*,*,#5996,.F.);
#7755=ORIENTED_EDGE('',*,*,#5997,.F.);
#7756=ORIENTED_EDGE('',*,*,#5998,.T.);
#7757=ORIENTED_EDGE('',*,*,#5999,.F.);
#7758=ORIENTED_EDGE('',*,*,#6000,.T.);
#7759=ORIENTED_EDGE('',*,*,#6001,.F.);
#7760=ORIENTED_EDGE('',*,*,#6002,.T.);
#7761=ORIENTED_EDGE('',*,*,#6003,.F.);
#7762=ORIENTED_EDGE('',*,*,#6004,.T.);
#7763=ORIENTED_EDGE('',*,*,#6005,.T.);
#7764=ORIENTED_EDGE('',*,*,#6006,.T.);
#7765=ORIENTED_EDGE('',*,*,#6007,.F.);
#7766=ORIENTED_EDGE('',*,*,#5988,.T.);
#7767=ORIENTED_EDGE('',*,*,#6005,.F.);
#7768=ORIENTED_EDGE('',*,*,#6008,.F.);
#7769=ORIENTED_EDGE('',*,*,#6009,.T.);
#7770=ORIENTED_EDGE('',*,*,#6010,.F.);
#7771=ORIENTED_EDGE('',*,*,#6011,.T.);
#7772=ORIENTED_EDGE('',*,*,#6012,.F.);
#7773=ORIENTED_EDGE('',*,*,#6013,.T.);
#7774=ORIENTED_EDGE('',*,*,#6014,.T.);
#7775=ORIENTED_EDGE('',*,*,#6015,.F.);
#7776=ORIENTED_EDGE('',*,*,#6016,.F.);
#7777=ORIENTED_EDGE('',*,*,#6017,.F.);
#7778=ORIENTED_EDGE('',*,*,#6018,.T.);
#7779=ORIENTED_EDGE('',*,*,#6019,.T.);
#7780=ORIENTED_EDGE('',*,*,#6020,.F.);
#7781=ORIENTED_EDGE('',*,*,#6021,.T.);
#7782=ORIENTED_EDGE('',*,*,#6022,.F.);
#7783=ORIENTED_EDGE('',*,*,#6023,.T.);
#7784=ORIENTED_EDGE('',*,*,#6024,.T.);
#7785=ORIENTED_EDGE('',*,*,#6025,.F.);
#7786=ORIENTED_EDGE('',*,*,#6026,.T.);
#7787=ORIENTED_EDGE('',*,*,#6027,.T.);
#7788=ORIENTED_EDGE('',*,*,#6028,.F.);
#7789=ORIENTED_EDGE('',*,*,#6029,.T.);
#7790=ORIENTED_EDGE('',*,*,#6030,.F.);
#7791=ORIENTED_EDGE('',*,*,#6031,.T.);
#7792=ORIENTED_EDGE('',*,*,#6032,.T.);
#7793=ORIENTED_EDGE('',*,*,#6033,.T.);
#7794=ORIENTED_EDGE('',*,*,#6034,.T.);
#7795=ORIENTED_EDGE('',*,*,#6035,.T.);
#7796=ORIENTED_EDGE('',*,*,#6016,.T.);
#7797=ORIENTED_EDGE('',*,*,#6036,.F.);
#7798=ORIENTED_EDGE('',*,*,#6037,.F.);
#7799=ORIENTED_EDGE('',*,*,#6038,.T.);
#7800=ORIENTED_EDGE('',*,*,#6039,.F.);
#7801=ORIENTED_EDGE('',*,*,#6040,.T.);
#7802=ORIENTED_EDGE('',*,*,#6041,.F.);
#7803=ORIENTED_EDGE('',*,*,#6042,.T.);
#7804=ORIENTED_EDGE('',*,*,#6043,.F.);
#7805=ORIENTED_EDGE('',*,*,#6034,.F.);
#7806=ORIENTED_EDGE('',*,*,#6044,.F.);
#7807=ORIENTED_EDGE('',*,*,#6045,.T.);
#7808=ORIENTED_EDGE('',*,*,#6046,.F.);
#7809=ORIENTED_EDGE('',*,*,#6047,.T.);
#7810=ORIENTED_EDGE('',*,*,#6048,.F.);
#7811=ORIENTED_EDGE('',*,*,#6049,.F.);
#7812=ORIENTED_EDGE('',*,*,#6050,.F.);
#7813=ORIENTED_EDGE('',*,*,#6051,.F.);
#7814=ORIENTED_EDGE('',*,*,#6052,.F.);
#7815=ORIENTED_EDGE('',*,*,#6053,.T.);
#7816=ORIENTED_EDGE('',*,*,#6054,.F.);
#7817=ORIENTED_EDGE('',*,*,#6055,.F.);
#7818=ORIENTED_EDGE('',*,*,#6056,.F.);
#7819=ORIENTED_EDGE('',*,*,#6057,.F.);
#7820=ORIENTED_EDGE('',*,*,#6058,.F.);
#7821=ORIENTED_EDGE('',*,*,#6059,.F.);
#7822=ORIENTED_EDGE('',*,*,#6060,.F.);
#7823=ORIENTED_EDGE('',*,*,#6061,.F.);
#7824=ORIENTED_EDGE('',*,*,#6062,.F.);
#7825=ORIENTED_EDGE('',*,*,#6063,.F.);
#7826=ORIENTED_EDGE('',*,*,#6064,.T.);
#7827=ORIENTED_EDGE('',*,*,#6065,.F.);
#7828=ORIENTED_EDGE('',*,*,#6066,.T.);
#7829=ORIENTED_EDGE('',*,*,#6062,.T.);
#7830=ORIENTED_EDGE('',*,*,#6067,.T.);
#7831=ORIENTED_EDGE('',*,*,#6068,.T.);
#7832=ORIENTED_EDGE('',*,*,#6068,.F.);
#7833=ORIENTED_EDGE('',*,*,#6069,.F.);
#7834=ORIENTED_EDGE('',*,*,#6070,.T.);
#7835=ORIENTED_EDGE('',*,*,#6071,.F.);
#7836=ORIENTED_EDGE('',*,*,#6072,.T.);
#7837=ORIENTED_EDGE('',*,*,#6073,.T.);
#7838=ORIENTED_EDGE('',*,*,#6074,.T.);
#7839=ORIENTED_EDGE('',*,*,#6075,.F.);
#7840=ORIENTED_EDGE('',*,*,#6076,.T.);
#7841=ORIENTED_EDGE('',*,*,#6073,.F.);
#7842=ORIENTED_EDGE('',*,*,#6077,.F.);
#7843=ORIENTED_EDGE('',*,*,#6078,.T.);
#7844=ORIENTED_EDGE('',*,*,#6079,.F.);
#7845=ORIENTED_EDGE('',*,*,#6080,.F.);
#7846=ORIENTED_EDGE('',*,*,#6081,.F.);
#7847=ORIENTED_EDGE('',*,*,#6082,.T.);
#7848=ORIENTED_EDGE('',*,*,#6083,.F.);
#7849=ORIENTED_EDGE('',*,*,#6084,.F.);
#7850=ORIENTED_EDGE('',*,*,#6085,.F.);
#7851=ORIENTED_EDGE('',*,*,#6086,.T.);
#7852=ORIENTED_EDGE('',*,*,#6087,.F.);
#7853=ORIENTED_EDGE('',*,*,#6088,.T.);
#7854=ORIENTED_EDGE('',*,*,#6089,.F.);
#7855=ORIENTED_EDGE('',*,*,#6090,.T.);
#7856=ORIENTED_EDGE('',*,*,#6091,.F.);
#7857=ORIENTED_EDGE('',*,*,#6092,.T.);
#7858=ORIENTED_EDGE('',*,*,#6093,.T.);
#7859=ORIENTED_EDGE('',*,*,#6094,.T.);
#7860=ORIENTED_EDGE('',*,*,#6080,.T.);
#7861=ORIENTED_EDGE('',*,*,#6095,.F.);
#7862=ORIENTED_EDGE('',*,*,#6096,.T.);
#7863=ORIENTED_EDGE('',*,*,#6097,.T.);
#7864=ORIENTED_EDGE('',*,*,#6098,.F.);
#7865=ORIENTED_EDGE('',*,*,#6099,.F.);
#7866=ORIENTED_EDGE('',*,*,#6100,.F.);
#7867=ORIENTED_EDGE('',*,*,#6101,.T.);
#7868=ORIENTED_EDGE('',*,*,#6102,.T.);
#7869=ORIENTED_EDGE('',*,*,#6093,.F.);
#7870=ORIENTED_EDGE('',*,*,#6103,.F.);
#7871=ORIENTED_EDGE('',*,*,#6104,.F.);
#7872=ORIENTED_EDGE('',*,*,#6105,.F.);
#7873=ORIENTED_EDGE('',*,*,#6106,.F.);
#7874=ORIENTED_EDGE('',*,*,#6107,.F.);
#7875=ORIENTED_EDGE('',*,*,#6108,.T.);
#7876=ORIENTED_EDGE('',*,*,#6109,.T.);
#7877=ORIENTED_EDGE('',*,*,#6110,.F.);
#7878=ORIENTED_EDGE('',*,*,#6111,.F.);
#7879=ORIENTED_EDGE('',*,*,#6112,.F.);
#7880=ORIENTED_EDGE('',*,*,#6113,.F.);
#7881=ORIENTED_EDGE('',*,*,#6114,.T.);
#7882=ORIENTED_EDGE('',*,*,#6115,.T.);
#7883=ORIENTED_EDGE('',*,*,#6116,.F.);
#7884=ORIENTED_EDGE('',*,*,#6117,.T.);
#7885=ORIENTED_EDGE('',*,*,#6118,.F.);
#7886=ORIENTED_EDGE('',*,*,#6119,.F.);
#7887=ORIENTED_EDGE('',*,*,#6120,.F.);
#7888=ORIENTED_EDGE('',*,*,#6121,.F.);
#7889=ORIENTED_EDGE('',*,*,#6122,.F.);
#7890=ORIENTED_EDGE('',*,*,#6123,.T.);
#7891=ORIENTED_EDGE('',*,*,#6124,.T.);
#7892=ORIENTED_EDGE('',*,*,#6125,.T.);
#7893=ORIENTED_EDGE('',*,*,#6126,.T.);
#7894=ORIENTED_EDGE('',*,*,#6127,.T.);
#7895=ORIENTED_EDGE('',*,*,#6106,.T.);
#7896=ORIENTED_EDGE('',*,*,#6126,.F.);
#7897=ORIENTED_EDGE('',*,*,#6128,.F.);
#7898=ORIENTED_EDGE('',*,*,#6129,.T.);
#7899=ORIENTED_EDGE('',*,*,#6130,.F.);
#7900=ORIENTED_EDGE('',*,*,#6131,.T.);
#7901=ORIENTED_EDGE('',*,*,#6132,.F.);
#7902=ORIENTED_EDGE('',*,*,#6133,.T.);
#7903=ORIENTED_EDGE('',*,*,#6134,.T.);
#7904=ORIENTED_EDGE('',*,*,#6135,.F.);
#7905=ORIENTED_EDGE('',*,*,#6136,.F.);
#7906=ORIENTED_EDGE('',*,*,#6137,.F.);
#7907=ORIENTED_EDGE('',*,*,#6138,.T.);
#7908=ORIENTED_EDGE('',*,*,#6139,.T.);
#7909=ORIENTED_EDGE('',*,*,#6140,.F.);
#7910=ORIENTED_EDGE('',*,*,#6141,.T.);
#7911=ORIENTED_EDGE('',*,*,#6142,.F.);
#7912=ORIENTED_EDGE('',*,*,#6143,.T.);
#7913=ORIENTED_EDGE('',*,*,#6144,.T.);
#7914=ORIENTED_EDGE('',*,*,#6145,.F.);
#7915=ORIENTED_EDGE('',*,*,#6146,.T.);
#7916=ORIENTED_EDGE('',*,*,#6147,.T.);
#7917=ORIENTED_EDGE('',*,*,#6148,.F.);
#7918=ORIENTED_EDGE('',*,*,#6149,.T.);
#7919=ORIENTED_EDGE('',*,*,#6150,.F.);
#7920=ORIENTED_EDGE('',*,*,#6151,.T.);
#7921=ORIENTED_EDGE('',*,*,#6152,.T.);
#7922=ORIENTED_EDGE('',*,*,#6153,.T.);
#7923=ORIENTED_EDGE('',*,*,#6136,.T.);
#7924=ORIENTED_EDGE('',*,*,#6154,.T.);
#7925=ORIENTED_EDGE('',*,*,#6155,.T.);
#7926=ORIENTED_EDGE('',*,*,#6156,.T.);
#7927=ORIENTED_EDGE('',*,*,#6157,.F.);
#7928=ORIENTED_EDGE('',*,*,#6158,.T.);
#7929=ORIENTED_EDGE('',*,*,#6159,.F.);
#7930=ORIENTED_EDGE('',*,*,#6160,.F.);
#7931=ORIENTED_EDGE('',*,*,#6161,.F.);
#7932=ORIENTED_EDGE('',*,*,#6162,.T.);
#7933=ORIENTED_EDGE('',*,*,#6163,.F.);
#7934=ORIENTED_EDGE('',*,*,#6164,.F.);
#7935=ORIENTED_EDGE('',*,*,#6165,.F.);
#7936=ORIENTED_EDGE('',*,*,#6166,.F.);
#7937=ORIENTED_EDGE('',*,*,#6167,.F.);
#7938=ORIENTED_EDGE('',*,*,#6155,.F.);
#7939=ORIENTED_EDGE('',*,*,#6168,.F.);
#7940=ORIENTED_EDGE('',*,*,#6076,.F.);
#7941=ORIENTED_EDGE('',*,*,#6169,.F.);
#7942=ORIENTED_EDGE('',*,*,#6170,.F.);
#7943=ORIENTED_EDGE('',*,*,#6171,.F.);
#7944=ORIENTED_EDGE('',*,*,#6172,.F.);
#7945=ORIENTED_EDGE('',*,*,#6173,.F.);
#7946=ORIENTED_EDGE('',*,*,#6174,.F.);
#7947=ORIENTED_EDGE('',*,*,#6175,.F.);
#7948=ORIENTED_EDGE('',*,*,#6176,.F.);
#7949=ORIENTED_EDGE('',*,*,#6177,.F.);
#7950=ORIENTED_EDGE('',*,*,#6178,.F.);
#7951=ORIENTED_EDGE('',*,*,#6179,.T.);
#7952=ORIENTED_EDGE('',*,*,#6178,.T.);
#7953=ORIENTED_EDGE('',*,*,#6180,.T.);
#7954=ORIENTED_EDGE('',*,*,#6181,.T.);
#7955=ORIENTED_EDGE('',*,*,#6182,.T.);
#7956=ORIENTED_EDGE('',*,*,#6182,.F.);
#7957=ORIENTED_EDGE('',*,*,#6183,.F.);
#7958=ORIENTED_EDGE('',*,*,#6184,.T.);
#7959=ORIENTED_EDGE('',*,*,#6185,.F.);
#7960=ORIENTED_EDGE('',*,*,#6186,.T.);
#7961=ORIENTED_EDGE('',*,*,#6187,.T.);
#7962=ORIENTED_EDGE('',*,*,#6188,.T.);
#7963=ORIENTED_EDGE('',*,*,#6189,.F.);
#7964=ORIENTED_EDGE('',*,*,#6190,.T.);
#7965=ORIENTED_EDGE('',*,*,#6191,.T.);
#7966=ORIENTED_EDGE('',*,*,#6192,.F.);
#7967=ORIENTED_EDGE('',*,*,#6193,.F.);
#7968=ORIENTED_EDGE('',*,*,#6194,.T.);
#7969=ORIENTED_EDGE('',*,*,#6195,.F.);
#7970=ORIENTED_EDGE('',*,*,#6196,.T.);
#7971=ORIENTED_EDGE('',*,*,#6197,.T.);
#7972=ORIENTED_EDGE('',*,*,#6198,.T.);
#7973=ORIENTED_EDGE('',*,*,#6192,.T.);
#7974=ORIENTED_EDGE('',*,*,#6197,.F.);
#7975=ORIENTED_EDGE('',*,*,#6199,.F.);
#7976=ORIENTED_EDGE('',*,*,#6200,.T.);
#7977=ORIENTED_EDGE('',*,*,#6201,.F.);
#7978=ORIENTED_EDGE('',*,*,#6202,.T.);
#7979=ORIENTED_EDGE('',*,*,#6203,.T.);
#7980=ORIENTED_EDGE('',*,*,#6204,.T.);
#7981=ORIENTED_EDGE('',*,*,#6205,.T.);
#7982=ORIENTED_EDGE('',*,*,#6203,.F.);
#7983=ORIENTED_EDGE('',*,*,#6206,.F.);
#7984=ORIENTED_EDGE('',*,*,#6207,.T.);
#7985=ORIENTED_EDGE('',*,*,#6208,.F.);
#7986=ORIENTED_EDGE('',*,*,#6209,.F.);
#7987=ORIENTED_EDGE('',*,*,#6210,.F.);
#7988=ORIENTED_EDGE('',*,*,#6211,.T.);
#7989=ORIENTED_EDGE('',*,*,#6212,.F.);
#7990=ORIENTED_EDGE('',*,*,#6213,.T.);
#7991=ORIENTED_EDGE('',*,*,#6214,.F.);
#7992=ORIENTED_EDGE('',*,*,#6205,.F.);
#7993=ORIENTED_EDGE('',*,*,#6215,.F.);
#7994=ORIENTED_EDGE('',*,*,#6216,.F.);
#7995=ORIENTED_EDGE('',*,*,#5975,.T.);
#7996=ORIENTED_EDGE('',*,*,#6217,.T.);
#7997=ORIENTED_EDGE('',*,*,#6218,.F.);
#7998=ORIENTED_EDGE('',*,*,#6219,.F.);
#7999=ORIENTED_EDGE('',*,*,#6220,.T.);
#8000=ORIENTED_EDGE('',*,*,#6221,.F.);
#8001=ORIENTED_EDGE('',*,*,#6222,.T.);
#8002=ORIENTED_EDGE('',*,*,#6223,.T.);
#8003=ORIENTED_EDGE('',*,*,#6224,.T.);
#8004=ORIENTED_EDGE('',*,*,#6225,.F.);
#8005=ORIENTED_EDGE('',*,*,#6226,.T.);
#8006=ORIENTED_EDGE('',*,*,#6227,.T.);
#8007=ORIENTED_EDGE('',*,*,#6228,.T.);
#8008=ORIENTED_EDGE('',*,*,#6229,.T.);
#8009=ORIENTED_EDGE('',*,*,#6230,.T.);
#8010=ORIENTED_EDGE('',*,*,#6218,.T.);
#8011=ORIENTED_EDGE('',*,*,#6229,.F.);
#8012=ORIENTED_EDGE('',*,*,#6231,.F.);
#8013=ORIENTED_EDGE('',*,*,#6232,.F.);
#8014=ORIENTED_EDGE('',*,*,#6233,.F.);
#8015=ORIENTED_EDGE('',*,*,#6195,.T.);
#8016=ORIENTED_EDGE('',*,*,#6234,.T.);
#8017=ORIENTED_EDGE('',*,*,#6231,.T.);
#8018=ORIENTED_EDGE('',*,*,#6235,.T.);
#8019=ORIENTED_EDGE('',*,*,#6236,.F.);
#8020=ORIENTED_EDGE('',*,*,#5974,.T.);
#8021=ORIENTED_EDGE('',*,*,#6237,.F.);
#8022=ORIENTED_EDGE('',*,*,#6158,.F.);
#8023=ORIENTED_EDGE('',*,*,#6232,.T.);
#8024=ORIENTED_EDGE('',*,*,#6234,.F.);
#8025=ORIENTED_EDGE('',*,*,#6194,.F.);
#8026=ORIENTED_EDGE('',*,*,#6238,.T.);
#8027=ORIENTED_EDGE('',*,*,#6207,.F.);
#8028=ORIENTED_EDGE('',*,*,#6239,.F.);
#8029=ORIENTED_EDGE('',*,*,#6220,.F.);
#8030=ORIENTED_EDGE('',*,*,#6240,.T.);
#8031=ORIENTED_EDGE('',*,*,#6200,.F.);
#8032=ORIENTED_EDGE('',*,*,#6241,.F.);
#8033=ORIENTED_EDGE('',*,*,#6184,.F.);
#8034=ORIENTED_EDGE('',*,*,#6242,.T.);
#8035=ORIENTED_EDGE('',*,*,#6116,.T.);
#8036=ORIENTED_EDGE('',*,*,#6243,.T.);
#8037=ORIENTED_EDGE('',*,*,#6052,.T.);
#8038=ORIENTED_EDGE('',*,*,#6244,.T.);
#8039=ORIENTED_EDGE('',*,*,#6243,.F.);
#8040=ORIENTED_EDGE('',*,*,#6115,.F.);
#8041=ORIENTED_EDGE('',*,*,#6245,.F.);
#8042=ORIENTED_EDGE('',*,*,#6053,.F.);
#8043=ORIENTED_EDGE('',*,*,#6054,.T.);
#8044=ORIENTED_EDGE('',*,*,#6245,.T.);
#8045=ORIENTED_EDGE('',*,*,#6114,.F.);
#8046=ORIENTED_EDGE('',*,*,#6246,.T.);
#8047=ORIENTED_EDGE('',*,*,#6214,.T.);
#8048=ORIENTED_EDGE('',*,*,#6247,.T.);
#8049=ORIENTED_EDGE('',*,*,#6223,.F.);
#8050=ORIENTED_EDGE('',*,*,#6248,.T.);
#8051=ORIENTED_EDGE('',*,*,#6221,.T.);
#8052=ORIENTED_EDGE('',*,*,#6239,.T.);
#8053=ORIENTED_EDGE('',*,*,#6206,.T.);
#8054=ORIENTED_EDGE('',*,*,#6249,.T.);
#8055=ORIENTED_EDGE('',*,*,#6225,.T.);
#8056=ORIENTED_EDGE('',*,*,#6250,.T.);
#8057=ORIENTED_EDGE('',*,*,#6212,.T.);
#8058=ORIENTED_EDGE('',*,*,#6251,.T.);
#8059=ORIENTED_EDGE('',*,*,#6247,.F.);
#8060=ORIENTED_EDGE('',*,*,#6213,.F.);
#8061=ORIENTED_EDGE('',*,*,#6250,.F.);
#8062=ORIENTED_EDGE('',*,*,#6224,.F.);
#8063=ORIENTED_EDGE('',*,*,#6008,.T.);
#8064=ORIENTED_EDGE('',*,*,#6252,.T.);
#8065=ORIENTED_EDGE('',*,*,#6024,.F.);
#8066=ORIENTED_EDGE('',*,*,#6253,.T.);
#8067=ORIENTED_EDGE('',*,*,#6253,.F.);
#8068=ORIENTED_EDGE('',*,*,#6023,.F.);
#8069=ORIENTED_EDGE('',*,*,#6254,.F.);
#8070=ORIENTED_EDGE('',*,*,#6009,.F.);
#8071=ORIENTED_EDGE('',*,*,#6022,.T.);
#8072=ORIENTED_EDGE('',*,*,#6255,.T.);
#8073=ORIENTED_EDGE('',*,*,#6010,.T.);
#8074=ORIENTED_EDGE('',*,*,#6254,.T.);
#8075=ORIENTED_EDGE('',*,*,#6011,.F.);
#8076=ORIENTED_EDGE('',*,*,#6255,.F.);
#8077=ORIENTED_EDGE('',*,*,#6021,.F.);
#8078=ORIENTED_EDGE('',*,*,#6256,.F.);
#8079=ORIENTED_EDGE('',*,*,#6257,.F.);
#8080=ORIENTED_EDGE('',*,*,#6047,.F.);
#8081=ORIENTED_EDGE('',*,*,#6258,.F.);
#8082=ORIENTED_EDGE('',*,*,#6121,.T.);
#8083=ORIENTED_EDGE('',*,*,#6259,.F.);
#8084=ORIENTED_EDGE('',*,*,#6260,.F.);
#8085=ORIENTED_EDGE('',*,*,#6131,.F.);
#8086=ORIENTED_EDGE('',*,*,#6261,.F.);
#8087=ORIENTED_EDGE('',*,*,#6141,.F.);
#8088=ORIENTED_EDGE('',*,*,#6262,.F.);
#8089=ORIENTED_EDGE('',*,*,#6263,.F.);
#8090=ORIENTED_EDGE('',*,*,#6162,.F.);
#8091=ORIENTED_EDGE('',*,*,#6264,.F.);
#8092=ORIENTED_EDGE('',*,*,#5970,.T.);
#8093=ORIENTED_EDGE('',*,*,#6265,.F.);
#8094=ORIENTED_EDGE('',*,*,#6266,.F.);
#8095=ORIENTED_EDGE('',*,*,#6088,.F.);
#8096=ORIENTED_EDGE('',*,*,#6267,.F.);
#8097=ORIENTED_EDGE('',*,*,#6149,.F.);
#8098=ORIENTED_EDGE('',*,*,#6268,.F.);
#8099=ORIENTED_EDGE('',*,*,#6040,.F.);
#8100=ORIENTED_EDGE('',*,*,#6269,.F.);
#8101=ORIENTED_EDGE('',*,*,#6099,.T.);
#8102=ORIENTED_EDGE('',*,*,#6270,.F.);
#8103=ORIENTED_EDGE('',*,*,#6000,.F.);
#8104=ORIENTED_EDGE('',*,*,#6271,.F.);
#8105=ORIENTED_EDGE('',*,*,#6029,.F.);
#8106=ORIENTED_EDGE('',*,*,#6272,.F.);
#8107=ORIENTED_EDGE('',*,*,#6028,.T.);
#8108=ORIENTED_EDGE('',*,*,#6273,.T.);
#8109=ORIENTED_EDGE('',*,*,#6001,.T.);
#8110=ORIENTED_EDGE('',*,*,#6272,.T.);
#8111=ORIENTED_EDGE('',*,*,#6273,.F.);
#8112=ORIENTED_EDGE('',*,*,#6027,.F.);
#8113=ORIENTED_EDGE('',*,*,#6274,.F.);
#8114=ORIENTED_EDGE('',*,*,#6002,.F.);
#8115=ORIENTED_EDGE('',*,*,#6003,.T.);
#8116=ORIENTED_EDGE('',*,*,#6274,.T.);
#8117=ORIENTED_EDGE('',*,*,#6026,.F.);
#8118=ORIENTED_EDGE('',*,*,#6275,.T.);
#8119=ORIENTED_EDGE('',*,*,#5997,.T.);
#8120=ORIENTED_EDGE('',*,*,#6276,.T.);
#8121=ORIENTED_EDGE('',*,*,#6032,.F.);
#8122=ORIENTED_EDGE('',*,*,#6277,.T.);
#8123=ORIENTED_EDGE('',*,*,#6277,.F.);
#8124=ORIENTED_EDGE('',*,*,#6031,.F.);
#8125=ORIENTED_EDGE('',*,*,#6278,.F.);
#8126=ORIENTED_EDGE('',*,*,#5998,.F.);
#8127=ORIENTED_EDGE('',*,*,#6030,.T.);
#8128=ORIENTED_EDGE('',*,*,#6271,.T.);
#8129=ORIENTED_EDGE('',*,*,#5999,.T.);
#8130=ORIENTED_EDGE('',*,*,#6278,.T.);
#8131=ORIENTED_EDGE('',*,*,#6063,.T.);
#8132=ORIENTED_EDGE('',*,*,#6279,.T.);
#8133=ORIENTED_EDGE('',*,*,#5995,.T.);
#8134=ORIENTED_EDGE('',*,*,#6280,.T.);
#8135=ORIENTED_EDGE('',*,*,#5989,.F.);
#8136=ORIENTED_EDGE('',*,*,#6279,.F.);
#8137=ORIENTED_EDGE('',*,*,#6066,.F.);
#8138=ORIENTED_EDGE('',*,*,#6281,.F.);
#8139=ORIENTED_EDGE('',*,*,#6092,.F.);
#8140=ORIENTED_EDGE('',*,*,#6282,.F.);
#8141=ORIENTED_EDGE('',*,*,#6072,.F.);
#8142=ORIENTED_EDGE('',*,*,#6168,.T.);
#8143=ORIENTED_EDGE('',*,*,#6154,.F.);
#8144=ORIENTED_EDGE('',*,*,#6283,.F.);
#8145=ORIENTED_EDGE('',*,*,#6125,.F.);
#8146=ORIENTED_EDGE('',*,*,#6284,.F.);
#8147=ORIENTED_EDGE('',*,*,#6033,.F.);
#8148=ORIENTED_EDGE('',*,*,#6252,.F.);
#8149=ORIENTED_EDGE('',*,*,#6004,.F.);
#8150=ORIENTED_EDGE('',*,*,#5987,.F.);
#8151=ORIENTED_EDGE('',*,*,#5996,.T.);
#8152=ORIENTED_EDGE('',*,*,#6275,.F.);
#8153=ORIENTED_EDGE('',*,*,#6025,.T.);
#8154=ORIENTED_EDGE('',*,*,#6276,.F.);
#8155=ORIENTED_EDGE('',*,*,#6285,.F.);
#8156=ORIENTED_EDGE('',*,*,#6095,.T.);
#8157=ORIENTED_EDGE('',*,*,#6286,.F.);
#8158=ORIENTED_EDGE('',*,*,#6036,.T.);
#8159=ORIENTED_EDGE('',*,*,#6145,.T.);
#8160=ORIENTED_EDGE('',*,*,#6287,.F.);
#8161=ORIENTED_EDGE('',*,*,#6084,.T.);
#8162=ORIENTED_EDGE('',*,*,#6288,.F.);
#8163=ORIENTED_EDGE('',*,*,#6037,.T.);
#8164=ORIENTED_EDGE('',*,*,#6286,.T.);
#8165=ORIENTED_EDGE('',*,*,#6102,.F.);
#8166=ORIENTED_EDGE('',*,*,#6289,.T.);
#8167=ORIENTED_EDGE('',*,*,#6289,.F.);
#8168=ORIENTED_EDGE('',*,*,#6101,.F.);
#8169=ORIENTED_EDGE('',*,*,#6290,.F.);
#8170=ORIENTED_EDGE('',*,*,#6038,.F.);
#8171=ORIENTED_EDGE('',*,*,#6103,.T.);
#8172=ORIENTED_EDGE('',*,*,#6281,.T.);
#8173=ORIENTED_EDGE('',*,*,#6071,.T.);
#8174=ORIENTED_EDGE('',*,*,#6291,.T.);
#8175=ORIENTED_EDGE('',*,*,#6100,.T.);
#8176=ORIENTED_EDGE('',*,*,#6269,.T.);
#8177=ORIENTED_EDGE('',*,*,#6039,.T.);
#8178=ORIENTED_EDGE('',*,*,#6290,.T.);
#8179=ORIENTED_EDGE('',*,*,#6044,.T.);
#8180=ORIENTED_EDGE('',*,*,#6284,.T.);
#8181=ORIENTED_EDGE('',*,*,#6124,.F.);
#8182=ORIENTED_EDGE('',*,*,#6292,.T.);
#8183=ORIENTED_EDGE('',*,*,#6292,.F.);
#8184=ORIENTED_EDGE('',*,*,#6123,.F.);
#8185=ORIENTED_EDGE('',*,*,#6293,.F.);
#8186=ORIENTED_EDGE('',*,*,#6045,.F.);
#8187=ORIENTED_EDGE('',*,*,#6043,.T.);
#8188=ORIENTED_EDGE('',*,*,#6294,.T.);
#8189=ORIENTED_EDGE('',*,*,#6096,.F.);
#8190=ORIENTED_EDGE('',*,*,#6285,.T.);
#8191=ORIENTED_EDGE('',*,*,#6098,.T.);
#8192=ORIENTED_EDGE('',*,*,#6295,.T.);
#8193=ORIENTED_EDGE('',*,*,#6041,.T.);
#8194=ORIENTED_EDGE('',*,*,#6270,.T.);
#8195=ORIENTED_EDGE('',*,*,#6294,.F.);
#8196=ORIENTED_EDGE('',*,*,#6042,.F.);
#8197=ORIENTED_EDGE('',*,*,#6295,.F.);
#8198=ORIENTED_EDGE('',*,*,#6097,.F.);
#8199=ORIENTED_EDGE('',*,*,#6122,.T.);
#8200=ORIENTED_EDGE('',*,*,#6258,.T.);
#8201=ORIENTED_EDGE('',*,*,#6046,.T.);
#8202=ORIENTED_EDGE('',*,*,#6293,.T.);
#8203=ORIENTED_EDGE('',*,*,#6185,.T.);
#8204=ORIENTED_EDGE('',*,*,#6241,.T.);
#8205=ORIENTED_EDGE('',*,*,#6199,.T.);
#8206=ORIENTED_EDGE('',*,*,#6296,.T.);
#8207=ORIENTED_EDGE('',*,*,#6157,.T.);
#8208=ORIENTED_EDGE('',*,*,#6297,.T.);
#8209=ORIENTED_EDGE('',*,*,#5965,.T.);
#8210=ORIENTED_EDGE('',*,*,#6236,.T.);
#8211=ORIENTED_EDGE('',*,*,#6189,.T.);
#8212=ORIENTED_EDGE('',*,*,#6298,.T.);
#8213=ORIENTED_EDGE('',*,*,#6299,.T.);
#8214=ORIENTED_EDGE('',*,*,#6300,.T.);
#8215=ORIENTED_EDGE('',*,*,#6298,.F.);
#8216=ORIENTED_EDGE('',*,*,#6188,.F.);
#8217=ORIENTED_EDGE('',*,*,#6301,.F.);
#8218=ORIENTED_EDGE('',*,*,#6302,.F.);
#8219=ORIENTED_EDGE('',*,*,#6303,.T.);
#8220=ORIENTED_EDGE('',*,*,#6301,.T.);
#8221=ORIENTED_EDGE('',*,*,#6187,.F.);
#8222=ORIENTED_EDGE('',*,*,#6304,.T.);
#8223=ORIENTED_EDGE('',*,*,#6085,.T.);
#8224=ORIENTED_EDGE('',*,*,#6287,.T.);
#8225=ORIENTED_EDGE('',*,*,#6152,.F.);
#8226=ORIENTED_EDGE('',*,*,#6305,.T.);
#8227=ORIENTED_EDGE('',*,*,#6305,.F.);
#8228=ORIENTED_EDGE('',*,*,#6151,.F.);
#8229=ORIENTED_EDGE('',*,*,#6306,.F.);
#8230=ORIENTED_EDGE('',*,*,#6086,.F.);
#8231=ORIENTED_EDGE('',*,*,#6077,.T.);
#8232=ORIENTED_EDGE('',*,*,#6282,.T.);
#8233=ORIENTED_EDGE('',*,*,#6083,.T.);
#8234=ORIENTED_EDGE('',*,*,#6307,.T.);
#8235=ORIENTED_EDGE('',*,*,#6161,.T.);
#8236=ORIENTED_EDGE('',*,*,#6308,.T.);
#8237=ORIENTED_EDGE('',*,*,#5971,.T.);
#8238=ORIENTED_EDGE('',*,*,#6264,.T.);
#8239=ORIENTED_EDGE('',*,*,#6308,.F.);
#8240=ORIENTED_EDGE('',*,*,#6160,.T.);
#8241=ORIENTED_EDGE('',*,*,#6309,.F.);
#8242=ORIENTED_EDGE('',*,*,#5972,.F.);
#8243=ORIENTED_EDGE('',*,*,#5994,.F.);
#8244=ORIENTED_EDGE('',*,*,#6310,.F.);
#8245=ORIENTED_EDGE('',*,*,#6064,.F.);
#8246=ORIENTED_EDGE('',*,*,#6280,.F.);
#8247=ORIENTED_EDGE('',*,*,#6070,.F.);
#8248=ORIENTED_EDGE('',*,*,#6311,.F.);
#8249=ORIENTED_EDGE('',*,*,#6104,.T.);
#8250=ORIENTED_EDGE('',*,*,#6291,.F.);
#8251=ORIENTED_EDGE('',*,*,#6082,.F.);
#8252=ORIENTED_EDGE('',*,*,#6312,.F.);
#8253=ORIENTED_EDGE('',*,*,#6078,.F.);
#8254=ORIENTED_EDGE('',*,*,#6307,.F.);
#8255=ORIENTED_EDGE('',*,*,#6150,.T.);
#8256=ORIENTED_EDGE('',*,*,#6267,.T.);
#8257=ORIENTED_EDGE('',*,*,#6087,.T.);
#8258=ORIENTED_EDGE('',*,*,#6306,.T.);
#8259=ORIENTED_EDGE('',*,*,#6128,.T.);
#8260=ORIENTED_EDGE('',*,*,#6283,.T.);
#8261=ORIENTED_EDGE('',*,*,#6144,.F.);
#8262=ORIENTED_EDGE('',*,*,#6313,.T.);
#8263=ORIENTED_EDGE('',*,*,#6313,.F.);
#8264=ORIENTED_EDGE('',*,*,#6143,.F.);
#8265=ORIENTED_EDGE('',*,*,#6314,.F.);
#8266=ORIENTED_EDGE('',*,*,#6129,.F.);
#8267=ORIENTED_EDGE('',*,*,#6091,.T.);
#8268=ORIENTED_EDGE('',*,*,#6315,.T.);
#8269=ORIENTED_EDGE('',*,*,#6146,.F.);
#8270=ORIENTED_EDGE('',*,*,#6288,.T.);
#8271=ORIENTED_EDGE('',*,*,#6142,.T.);
#8272=ORIENTED_EDGE('',*,*,#6261,.T.);
#8273=ORIENTED_EDGE('',*,*,#6130,.T.);
#8274=ORIENTED_EDGE('',*,*,#6314,.T.);
#8275=ORIENTED_EDGE('',*,*,#6148,.T.);
#8276=ORIENTED_EDGE('',*,*,#6316,.T.);
#8277=ORIENTED_EDGE('',*,*,#6089,.T.);
#8278=ORIENTED_EDGE('',*,*,#6268,.T.);
#8279=ORIENTED_EDGE('',*,*,#6315,.F.);
#8280=ORIENTED_EDGE('',*,*,#6090,.F.);
#8281=ORIENTED_EDGE('',*,*,#6316,.F.);
#8282=ORIENTED_EDGE('',*,*,#6147,.F.);
#8283=ORIENTED_EDGE('',*,*,#6317,.F.);
#8284=ORIENTED_EDGE('',*,*,#6318,.T.);
#8285=ORIENTED_EDGE('',*,*,#6319,.T.);
#8286=ORIENTED_EDGE('',*,*,#6299,.F.);
#8287=ORIENTED_EDGE('',*,*,#6302,.T.);
#8288=ORIENTED_EDGE('',*,*,#6303,.F.);
#8289=ORIENTED_EDGE('',*,*,#6320,.F.);
#8290=ORIENTED_EDGE('',*,*,#6321,.F.);
#8291=ORIENTED_EDGE('',*,*,#6019,.F.);
#8292=ORIENTED_EDGE('',*,*,#6322,.F.);
#8293=ORIENTED_EDGE('',*,*,#6059,.T.);
#8294=ORIENTED_EDGE('',*,*,#6323,.F.);
#8295=ORIENTED_EDGE('',*,*,#6060,.T.);
#8296=ORIENTED_EDGE('',*,*,#6322,.T.);
#8297=ORIENTED_EDGE('',*,*,#6018,.F.);
#8298=ORIENTED_EDGE('',*,*,#6324,.T.);
#8299=ORIENTED_EDGE('',*,*,#6012,.T.);
#8300=ORIENTED_EDGE('',*,*,#6266,.T.);
#8301=ORIENTED_EDGE('',*,*,#6325,.F.);
#8302=ORIENTED_EDGE('',*,*,#6326,.F.);
#8303=ORIENTED_EDGE('',*,*,#6327,.F.);
#8304=ORIENTED_EDGE('',*,*,#6262,.T.);
#8305=ORIENTED_EDGE('',*,*,#6140,.T.);
#8306=ORIENTED_EDGE('',*,*,#6328,.T.);
#8307=ORIENTED_EDGE('',*,*,#6329,.F.);
#8308=ORIENTED_EDGE('',*,*,#6330,.F.);
#8309=ORIENTED_EDGE('',*,*,#6331,.F.);
#8310=ORIENTED_EDGE('',*,*,#6332,.F.);
#8311=ORIENTED_EDGE('',*,*,#6333,.F.);
#8312=ORIENTED_EDGE('',*,*,#6334,.F.);
#8313=ORIENTED_EDGE('',*,*,#6335,.F.);
#8314=ORIENTED_EDGE('',*,*,#6256,.T.);
#8315=ORIENTED_EDGE('',*,*,#6020,.T.);
#8316=ORIENTED_EDGE('',*,*,#6321,.T.);
#8317=ORIENTED_EDGE('',*,*,#6336,.F.);
#8318=ORIENTED_EDGE('',*,*,#6337,.F.);
#8319=ORIENTED_EDGE('',*,*,#6338,.F.);
#8320=ORIENTED_EDGE('',*,*,#6339,.F.);
#8321=ORIENTED_EDGE('',*,*,#6340,.F.);
#8322=ORIENTED_EDGE('',*,*,#6341,.T.);
#8323=ORIENTED_EDGE('',*,*,#6132,.T.);
#8324=ORIENTED_EDGE('',*,*,#6260,.T.);
#8325=ORIENTED_EDGE('',*,*,#6342,.F.);
#8326=ORIENTED_EDGE('',*,*,#6343,.F.);
#8327=ORIENTED_EDGE('',*,*,#6344,.F.);
#8328=ORIENTED_EDGE('',*,*,#6345,.F.);
#8329=ORIENTED_EDGE('',*,*,#6346,.F.);
#8330=ORIENTED_EDGE('',*,*,#6320,.T.);
#8331=ORIENTED_EDGE('',*,*,#6058,.T.);
#8332=ORIENTED_EDGE('',*,*,#6347,.T.);
#8333=ORIENTED_EDGE('',*,*,#6336,.T.);
#8334=ORIENTED_EDGE('',*,*,#6257,.T.);
#8335=ORIENTED_EDGE('',*,*,#6346,.T.);
#8336=ORIENTED_EDGE('',*,*,#6348,.T.);
#8337=ORIENTED_EDGE('',*,*,#6048,.T.);
#8338=ORIENTED_EDGE('',*,*,#6349,.F.);
#8339=ORIENTED_EDGE('',*,*,#6350,.T.);
#8340=ORIENTED_EDGE('',*,*,#6227,.F.);
#8341=ORIENTED_EDGE('',*,*,#6351,.F.);
#8342=ORIENTED_EDGE('',*,*,#6352,.T.);
#8343=ORIENTED_EDGE('',*,*,#6353,.T.);
#8344=ORIENTED_EDGE('',*,*,#6354,.F.);
#8345=ORIENTED_EDGE('',*,*,#6056,.T.);
#8346=ORIENTED_EDGE('',*,*,#6355,.T.);
#8347=ORIENTED_EDGE('',*,*,#6050,.T.);
#8348=ORIENTED_EDGE('',*,*,#6356,.T.);
#8349=ORIENTED_EDGE('',*,*,#6357,.T.);
#8350=ORIENTED_EDGE('',*,*,#6358,.T.);
#8351=ORIENTED_EDGE('',*,*,#6359,.F.);
#8352=ORIENTED_EDGE('',*,*,#6360,.T.);
#8353=ORIENTED_EDGE('',*,*,#6361,.F.);
#8354=ORIENTED_EDGE('',*,*,#6362,.F.);
#8355=ORIENTED_EDGE('',*,*,#6363,.F.);
#8356=ORIENTED_EDGE('',*,*,#6364,.T.);
#8357=ORIENTED_EDGE('',*,*,#6365,.F.);
#8358=ORIENTED_EDGE('',*,*,#6366,.T.);
#8359=ORIENTED_EDGE('',*,*,#6367,.F.);
#8360=ORIENTED_EDGE('',*,*,#6368,.F.);
#8361=ORIENTED_EDGE('',*,*,#6369,.F.);
#8362=ORIENTED_EDGE('',*,*,#6370,.F.);
#8363=ORIENTED_EDGE('',*,*,#6353,.F.);
#8364=ORIENTED_EDGE('',*,*,#6371,.T.);
#8365=ORIENTED_EDGE('',*,*,#6357,.F.);
#8366=ORIENTED_EDGE('',*,*,#6372,.F.);
#8367=ORIENTED_EDGE('',*,*,#6373,.F.);
#8368=ORIENTED_EDGE('',*,*,#6374,.F.);
#8369=ORIENTED_EDGE('',*,*,#6375,.F.);
#8370=ORIENTED_EDGE('',*,*,#6376,.T.);
#8371=ORIENTED_EDGE('',*,*,#6377,.F.);
#8372=ORIENTED_EDGE('',*,*,#6378,.T.);
#8373=ORIENTED_EDGE('',*,*,#6379,.F.);
#8374=ORIENTED_EDGE('',*,*,#6380,.F.);
#8375=ORIENTED_EDGE('',*,*,#6381,.F.);
#8376=ORIENTED_EDGE('',*,*,#6382,.T.);
#8377=ORIENTED_EDGE('',*,*,#6383,.F.);
#8378=ORIENTED_EDGE('',*,*,#6384,.T.);
#8379=ORIENTED_EDGE('',*,*,#6385,.T.);
#8380=ORIENTED_EDGE('',*,*,#6386,.T.);
#8381=ORIENTED_EDGE('',*,*,#6387,.T.);
#8382=ORIENTED_EDGE('',*,*,#6388,.T.);
#8383=ORIENTED_EDGE('',*,*,#6389,.T.);
#8384=ORIENTED_EDGE('',*,*,#6390,.T.);
#8385=ORIENTED_EDGE('',*,*,#6391,.T.);
#8386=ORIENTED_EDGE('',*,*,#6392,.T.);
#8387=ORIENTED_EDGE('',*,*,#6393,.T.);
#8388=ORIENTED_EDGE('',*,*,#6394,.T.);
#8389=ORIENTED_EDGE('',*,*,#6395,.T.);
#8390=ORIENTED_EDGE('',*,*,#6396,.T.);
#8391=ORIENTED_EDGE('',*,*,#6397,.T.);
#8392=ORIENTED_EDGE('',*,*,#6398,.T.);
#8393=ORIENTED_EDGE('',*,*,#6399,.T.);
#8394=ORIENTED_EDGE('',*,*,#6400,.T.);
#8395=ORIENTED_EDGE('',*,*,#6401,.T.);
#8396=ORIENTED_EDGE('',*,*,#6402,.T.);
#8397=ORIENTED_EDGE('',*,*,#6403,.T.);
#8398=ORIENTED_EDGE('',*,*,#6404,.T.);
#8399=ORIENTED_EDGE('',*,*,#6405,.T.);
#8400=ORIENTED_EDGE('',*,*,#6406,.T.);
#8401=ORIENTED_EDGE('',*,*,#6407,.T.);
#8402=ORIENTED_EDGE('',*,*,#6408,.T.);
#8403=ORIENTED_EDGE('',*,*,#6409,.T.);
#8404=ORIENTED_EDGE('',*,*,#6410,.T.);
#8405=ORIENTED_EDGE('',*,*,#6411,.T.);
#8406=ORIENTED_EDGE('',*,*,#6412,.T.);
#8407=ORIENTED_EDGE('',*,*,#6413,.T.);
#8408=ORIENTED_EDGE('',*,*,#6414,.T.);
#8409=ORIENTED_EDGE('',*,*,#6415,.T.);
#8410=ORIENTED_EDGE('',*,*,#6416,.T.);
#8411=ORIENTED_EDGE('',*,*,#6417,.T.);
#8412=ORIENTED_EDGE('',*,*,#6418,.T.);
#8413=ORIENTED_EDGE('',*,*,#6419,.T.);
#8414=ORIENTED_EDGE('',*,*,#6420,.T.);
#8415=ORIENTED_EDGE('',*,*,#6421,.T.);
#8416=ORIENTED_EDGE('',*,*,#6422,.T.);
#8417=ORIENTED_EDGE('',*,*,#6423,.T.);
#8418=ORIENTED_EDGE('',*,*,#6424,.T.);
#8419=ORIENTED_EDGE('',*,*,#6425,.T.);
#8420=ORIENTED_EDGE('',*,*,#6426,.T.);
#8421=ORIENTED_EDGE('',*,*,#6427,.T.);
#8422=ORIENTED_EDGE('',*,*,#6428,.T.);
#8423=ORIENTED_EDGE('',*,*,#6429,.T.);
#8424=ORIENTED_EDGE('',*,*,#6430,.T.);
#8425=ORIENTED_EDGE('',*,*,#6431,.T.);
#8426=ORIENTED_EDGE('',*,*,#6432,.T.);
#8427=ORIENTED_EDGE('',*,*,#6433,.T.);
#8428=ORIENTED_EDGE('',*,*,#6434,.T.);
#8429=ORIENTED_EDGE('',*,*,#6435,.T.);
#8430=ORIENTED_EDGE('',*,*,#6436,.T.);
#8431=ORIENTED_EDGE('',*,*,#6437,.T.);
#8432=ORIENTED_EDGE('',*,*,#6438,.T.);
#8433=ORIENTED_EDGE('',*,*,#6439,.T.);
#8434=ORIENTED_EDGE('',*,*,#6440,.T.);
#8435=ORIENTED_EDGE('',*,*,#6441,.T.);
#8436=ORIENTED_EDGE('',*,*,#6442,.T.);
#8437=ORIENTED_EDGE('',*,*,#6443,.T.);
#8438=ORIENTED_EDGE('',*,*,#6444,.T.);
#8439=ORIENTED_EDGE('',*,*,#6445,.T.);
#8440=ORIENTED_EDGE('',*,*,#6446,.T.);
#8441=ORIENTED_EDGE('',*,*,#6447,.T.);
#8442=ORIENTED_EDGE('',*,*,#6448,.T.);
#8443=ORIENTED_EDGE('',*,*,#6449,.T.);
#8444=ORIENTED_EDGE('',*,*,#6450,.T.);
#8445=ORIENTED_EDGE('',*,*,#6451,.T.);
#8446=ORIENTED_EDGE('',*,*,#6452,.T.);
#8447=ORIENTED_EDGE('',*,*,#6453,.T.);
#8448=ORIENTED_EDGE('',*,*,#6454,.T.);
#8449=ORIENTED_EDGE('',*,*,#6455,.T.);
#8450=ORIENTED_EDGE('',*,*,#6456,.T.);
#8451=ORIENTED_EDGE('',*,*,#6457,.T.);
#8452=ORIENTED_EDGE('',*,*,#6458,.T.);
#8453=ORIENTED_EDGE('',*,*,#6459,.T.);
#8454=ORIENTED_EDGE('',*,*,#6460,.T.);
#8455=ORIENTED_EDGE('',*,*,#6461,.T.);
#8456=ORIENTED_EDGE('',*,*,#6462,.T.);
#8457=ORIENTED_EDGE('',*,*,#6463,.T.);
#8458=ORIENTED_EDGE('',*,*,#6464,.T.);
#8459=ORIENTED_EDGE('',*,*,#6465,.T.);
#8460=ORIENTED_EDGE('',*,*,#6466,.T.);
#8461=ORIENTED_EDGE('',*,*,#6467,.T.);
#8462=ORIENTED_EDGE('',*,*,#6468,.T.);
#8463=ORIENTED_EDGE('',*,*,#6469,.T.);
#8464=ORIENTED_EDGE('',*,*,#6470,.T.);
#8465=ORIENTED_EDGE('',*,*,#6471,.T.);
#8466=ORIENTED_EDGE('',*,*,#6472,.T.);
#8467=ORIENTED_EDGE('',*,*,#6473,.T.);
#8468=ORIENTED_EDGE('',*,*,#6474,.T.);
#8469=ORIENTED_EDGE('',*,*,#6475,.T.);
#8470=ORIENTED_EDGE('',*,*,#6476,.T.);
#8471=ORIENTED_EDGE('',*,*,#6477,.T.);
#8472=ORIENTED_EDGE('',*,*,#6478,.T.);
#8473=ORIENTED_EDGE('',*,*,#6479,.T.);
#8474=ORIENTED_EDGE('',*,*,#6480,.T.);
#8475=ORIENTED_EDGE('',*,*,#6481,.T.);
#8476=ORIENTED_EDGE('',*,*,#6482,.T.);
#8477=ORIENTED_EDGE('',*,*,#6483,.T.);
#8478=ORIENTED_EDGE('',*,*,#6484,.T.);
#8479=ORIENTED_EDGE('',*,*,#6485,.T.);
#8480=ORIENTED_EDGE('',*,*,#6486,.T.);
#8481=ORIENTED_EDGE('',*,*,#6487,.T.);
#8482=ORIENTED_EDGE('',*,*,#6488,.T.);
#8483=ORIENTED_EDGE('',*,*,#6489,.T.);
#8484=ORIENTED_EDGE('',*,*,#6490,.T.);
#8485=ORIENTED_EDGE('',*,*,#6491,.T.);
#8486=ORIENTED_EDGE('',*,*,#6492,.T.);
#8487=ORIENTED_EDGE('',*,*,#6493,.T.);
#8488=ORIENTED_EDGE('',*,*,#6494,.T.);
#8489=ORIENTED_EDGE('',*,*,#6495,.T.);
#8490=ORIENTED_EDGE('',*,*,#6496,.T.);
#8491=ORIENTED_EDGE('',*,*,#6497,.T.);
#8492=ORIENTED_EDGE('',*,*,#6498,.T.);
#8493=ORIENTED_EDGE('',*,*,#6499,.T.);
#8494=ORIENTED_EDGE('',*,*,#6500,.T.);
#8495=ORIENTED_EDGE('',*,*,#6501,.T.);
#8496=ORIENTED_EDGE('',*,*,#6502,.T.);
#8497=ORIENTED_EDGE('',*,*,#6503,.T.);
#8498=ORIENTED_EDGE('',*,*,#6504,.T.);
#8499=ORIENTED_EDGE('',*,*,#6505,.T.);
#8500=ORIENTED_EDGE('',*,*,#6506,.T.);
#8501=ORIENTED_EDGE('',*,*,#6507,.T.);
#8502=ORIENTED_EDGE('',*,*,#6508,.T.);
#8503=ORIENTED_EDGE('',*,*,#6509,.T.);
#8504=ORIENTED_EDGE('',*,*,#6510,.T.);
#8505=ORIENTED_EDGE('',*,*,#6511,.T.);
#8506=ORIENTED_EDGE('',*,*,#6512,.T.);
#8507=ORIENTED_EDGE('',*,*,#6513,.T.);
#8508=ORIENTED_EDGE('',*,*,#6514,.T.);
#8509=ORIENTED_EDGE('',*,*,#6515,.T.);
#8510=ORIENTED_EDGE('',*,*,#6516,.T.);
#8511=ORIENTED_EDGE('',*,*,#6517,.T.);
#8512=ORIENTED_EDGE('',*,*,#6518,.T.);
#8513=ORIENTED_EDGE('',*,*,#6519,.T.);
#8514=ORIENTED_EDGE('',*,*,#6520,.T.);
#8515=ORIENTED_EDGE('',*,*,#6521,.T.);
#8516=ORIENTED_EDGE('',*,*,#6522,.T.);
#8517=ORIENTED_EDGE('',*,*,#6523,.T.);
#8518=ORIENTED_EDGE('',*,*,#6524,.T.);
#8519=ORIENTED_EDGE('',*,*,#6525,.T.);
#8520=ORIENTED_EDGE('',*,*,#6526,.T.);
#8521=ORIENTED_EDGE('',*,*,#6527,.T.);
#8522=ORIENTED_EDGE('',*,*,#6528,.T.);
#8523=ORIENTED_EDGE('',*,*,#6529,.T.);
#8524=ORIENTED_EDGE('',*,*,#6530,.T.);
#8525=ORIENTED_EDGE('',*,*,#6531,.T.);
#8526=ORIENTED_EDGE('',*,*,#6532,.T.);
#8527=ORIENTED_EDGE('',*,*,#6533,.T.);
#8528=ORIENTED_EDGE('',*,*,#6534,.T.);
#8529=ORIENTED_EDGE('',*,*,#6535,.T.);
#8530=ORIENTED_EDGE('',*,*,#6536,.T.);
#8531=ORIENTED_EDGE('',*,*,#6537,.T.);
#8532=ORIENTED_EDGE('',*,*,#6538,.T.);
#8533=ORIENTED_EDGE('',*,*,#6539,.T.);
#8534=ORIENTED_EDGE('',*,*,#6540,.T.);
#8535=ORIENTED_EDGE('',*,*,#6541,.T.);
#8536=ORIENTED_EDGE('',*,*,#6542,.T.);
#8537=ORIENTED_EDGE('',*,*,#6543,.T.);
#8538=ORIENTED_EDGE('',*,*,#6544,.T.);
#8539=ORIENTED_EDGE('',*,*,#6545,.T.);
#8540=ORIENTED_EDGE('',*,*,#6546,.T.);
#8541=ORIENTED_EDGE('',*,*,#6547,.T.);
#8542=ORIENTED_EDGE('',*,*,#6548,.T.);
#8543=ORIENTED_EDGE('',*,*,#6549,.T.);
#8544=ORIENTED_EDGE('',*,*,#6550,.T.);
#8545=ORIENTED_EDGE('',*,*,#6551,.T.);
#8546=ORIENTED_EDGE('',*,*,#6552,.T.);
#8547=ORIENTED_EDGE('',*,*,#6553,.T.);
#8548=ORIENTED_EDGE('',*,*,#6554,.T.);
#8549=ORIENTED_EDGE('',*,*,#6555,.T.);
#8550=ORIENTED_EDGE('',*,*,#6556,.T.);
#8551=ORIENTED_EDGE('',*,*,#6557,.T.);
#8552=ORIENTED_EDGE('',*,*,#6558,.T.);
#8553=ORIENTED_EDGE('',*,*,#6559,.T.);
#8554=ORIENTED_EDGE('',*,*,#6560,.T.);
#8555=ORIENTED_EDGE('',*,*,#6561,.T.);
#8556=ORIENTED_EDGE('',*,*,#6562,.T.);
#8557=ORIENTED_EDGE('',*,*,#6563,.T.);
#8558=ORIENTED_EDGE('',*,*,#6564,.T.);
#8559=ORIENTED_EDGE('',*,*,#6565,.T.);
#8560=ORIENTED_EDGE('',*,*,#6566,.T.);
#8561=ORIENTED_EDGE('',*,*,#6567,.T.);
#8562=ORIENTED_EDGE('',*,*,#6568,.T.);
#8563=ORIENTED_EDGE('',*,*,#6569,.T.);
#8564=ORIENTED_EDGE('',*,*,#6570,.T.);
#8565=ORIENTED_EDGE('',*,*,#6571,.T.);
#8566=ORIENTED_EDGE('',*,*,#6572,.T.);
#8567=ORIENTED_EDGE('',*,*,#6573,.T.);
#8568=ORIENTED_EDGE('',*,*,#6574,.T.);
#8569=ORIENTED_EDGE('',*,*,#6575,.T.);
#8570=ORIENTED_EDGE('',*,*,#6576,.T.);
#8571=ORIENTED_EDGE('',*,*,#6577,.T.);
#8572=ORIENTED_EDGE('',*,*,#6578,.T.);
#8573=ORIENTED_EDGE('',*,*,#6579,.T.);
#8574=ORIENTED_EDGE('',*,*,#6580,.T.);
#8575=ORIENTED_EDGE('',*,*,#6581,.T.);
#8576=ORIENTED_EDGE('',*,*,#6582,.T.);
#8577=ORIENTED_EDGE('',*,*,#6583,.T.);
#8578=ORIENTED_EDGE('',*,*,#6584,.T.);
#8579=ORIENTED_EDGE('',*,*,#6585,.T.);
#8580=ORIENTED_EDGE('',*,*,#6586,.T.);
#8581=ORIENTED_EDGE('',*,*,#6587,.T.);
#8582=ORIENTED_EDGE('',*,*,#6588,.T.);
#8583=ORIENTED_EDGE('',*,*,#6589,.T.);
#8584=ORIENTED_EDGE('',*,*,#6590,.T.);
#8585=ORIENTED_EDGE('',*,*,#6591,.T.);
#8586=ORIENTED_EDGE('',*,*,#6592,.T.);
#8587=ORIENTED_EDGE('',*,*,#6593,.T.);
#8588=ORIENTED_EDGE('',*,*,#6594,.T.);
#8589=ORIENTED_EDGE('',*,*,#6595,.T.);
#8590=ORIENTED_EDGE('',*,*,#6596,.T.);
#8591=ORIENTED_EDGE('',*,*,#6597,.T.);
#8592=ORIENTED_EDGE('',*,*,#6598,.T.);
#8593=ORIENTED_EDGE('',*,*,#6599,.T.);
#8594=ORIENTED_EDGE('',*,*,#6600,.T.);
#8595=ORIENTED_EDGE('',*,*,#6601,.T.);
#8596=ORIENTED_EDGE('',*,*,#6602,.T.);
#8597=ORIENTED_EDGE('',*,*,#6603,.T.);
#8598=ORIENTED_EDGE('',*,*,#6604,.T.);
#8599=ORIENTED_EDGE('',*,*,#6605,.T.);
#8600=ORIENTED_EDGE('',*,*,#6606,.T.);
#8601=ORIENTED_EDGE('',*,*,#6607,.T.);
#8602=ORIENTED_EDGE('',*,*,#6608,.T.);
#8603=ORIENTED_EDGE('',*,*,#6609,.T.);
#8604=ORIENTED_EDGE('',*,*,#6610,.T.);
#8605=ORIENTED_EDGE('',*,*,#6611,.T.);
#8606=ORIENTED_EDGE('',*,*,#6612,.T.);
#8607=ORIENTED_EDGE('',*,*,#6613,.T.);
#8608=ORIENTED_EDGE('',*,*,#6614,.T.);
#8609=ORIENTED_EDGE('',*,*,#6615,.T.);
#8610=ORIENTED_EDGE('',*,*,#6616,.T.);
#8611=ORIENTED_EDGE('',*,*,#6617,.T.);
#8612=ORIENTED_EDGE('',*,*,#6618,.T.);
#8613=ORIENTED_EDGE('',*,*,#6619,.T.);
#8614=ORIENTED_EDGE('',*,*,#6620,.T.);
#8615=ORIENTED_EDGE('',*,*,#6621,.T.);
#8616=ORIENTED_EDGE('',*,*,#6622,.T.);
#8617=ORIENTED_EDGE('',*,*,#6623,.T.);
#8618=ORIENTED_EDGE('',*,*,#6624,.T.);
#8619=ORIENTED_EDGE('',*,*,#6625,.T.);
#8620=ORIENTED_EDGE('',*,*,#6626,.T.);
#8621=ORIENTED_EDGE('',*,*,#6627,.T.);
#8622=ORIENTED_EDGE('',*,*,#6628,.T.);
#8623=ORIENTED_EDGE('',*,*,#6629,.T.);
#8624=ORIENTED_EDGE('',*,*,#6630,.T.);
#8625=ORIENTED_EDGE('',*,*,#6631,.T.);
#8626=ORIENTED_EDGE('',*,*,#6632,.T.);
#8627=ORIENTED_EDGE('',*,*,#6633,.T.);
#8628=ORIENTED_EDGE('',*,*,#6634,.T.);
#8629=ORIENTED_EDGE('',*,*,#6635,.T.);
#8630=ORIENTED_EDGE('',*,*,#6636,.T.);
#8631=ORIENTED_EDGE('',*,*,#6637,.T.);
#8632=ORIENTED_EDGE('',*,*,#6638,.T.);
#8633=ORIENTED_EDGE('',*,*,#6639,.T.);
#8634=ORIENTED_EDGE('',*,*,#6640,.T.);
#8635=ORIENTED_EDGE('',*,*,#6641,.T.);
#8636=ORIENTED_EDGE('',*,*,#6642,.T.);
#8637=ORIENTED_EDGE('',*,*,#6643,.T.);
#8638=ORIENTED_EDGE('',*,*,#6644,.T.);
#8639=ORIENTED_EDGE('',*,*,#6645,.T.);
#8640=ORIENTED_EDGE('',*,*,#6646,.T.);
#8641=ORIENTED_EDGE('',*,*,#6647,.T.);
#8642=ORIENTED_EDGE('',*,*,#6648,.T.);
#8643=ORIENTED_EDGE('',*,*,#6649,.T.);
#8644=ORIENTED_EDGE('',*,*,#6650,.T.);
#8645=ORIENTED_EDGE('',*,*,#6651,.T.);
#8646=ORIENTED_EDGE('',*,*,#6652,.T.);
#8647=ORIENTED_EDGE('',*,*,#6653,.T.);
#8648=ORIENTED_EDGE('',*,*,#6654,.T.);
#8649=ORIENTED_EDGE('',*,*,#6655,.T.);
#8650=ORIENTED_EDGE('',*,*,#6656,.T.);
#8651=ORIENTED_EDGE('',*,*,#6657,.T.);
#8652=ORIENTED_EDGE('',*,*,#6658,.T.);
#8653=ORIENTED_EDGE('',*,*,#6659,.T.);
#8654=ORIENTED_EDGE('',*,*,#6660,.T.);
#8655=ORIENTED_EDGE('',*,*,#6661,.T.);
#8656=ORIENTED_EDGE('',*,*,#6662,.T.);
#8657=ORIENTED_EDGE('',*,*,#6663,.T.);
#8658=ORIENTED_EDGE('',*,*,#6664,.T.);
#8659=ORIENTED_EDGE('',*,*,#6665,.T.);
#8660=ORIENTED_EDGE('',*,*,#6666,.T.);
#8661=ORIENTED_EDGE('',*,*,#6667,.T.);
#8662=ORIENTED_EDGE('',*,*,#6668,.T.);
#8663=ORIENTED_EDGE('',*,*,#6669,.T.);
#8664=ORIENTED_EDGE('',*,*,#6670,.T.);
#8665=ORIENTED_EDGE('',*,*,#6671,.T.);
#8666=ORIENTED_EDGE('',*,*,#6672,.T.);
#8667=ORIENTED_EDGE('',*,*,#6673,.T.);
#8668=ORIENTED_EDGE('',*,*,#6674,.T.);
#8669=ORIENTED_EDGE('',*,*,#6675,.T.);
#8670=ORIENTED_EDGE('',*,*,#6676,.T.);
#8671=ORIENTED_EDGE('',*,*,#6677,.T.);
#8672=ORIENTED_EDGE('',*,*,#6678,.T.);
#8673=ORIENTED_EDGE('',*,*,#6679,.T.);
#8674=ORIENTED_EDGE('',*,*,#6680,.T.);
#8675=ORIENTED_EDGE('',*,*,#6681,.T.);
#8676=ORIENTED_EDGE('',*,*,#6682,.T.);
#8677=ORIENTED_EDGE('',*,*,#6683,.T.);
#8678=ORIENTED_EDGE('',*,*,#6684,.T.);
#8679=ORIENTED_EDGE('',*,*,#6685,.T.);
#8680=ORIENTED_EDGE('',*,*,#6686,.T.);
#8681=ORIENTED_EDGE('',*,*,#6687,.T.);
#8682=ORIENTED_EDGE('',*,*,#6688,.T.);
#8683=ORIENTED_EDGE('',*,*,#6689,.T.);
#8684=ORIENTED_EDGE('',*,*,#6690,.T.);
#8685=ORIENTED_EDGE('',*,*,#6691,.T.);
#8686=ORIENTED_EDGE('',*,*,#6692,.T.);
#8687=ORIENTED_EDGE('',*,*,#6693,.T.);
#8688=ORIENTED_EDGE('',*,*,#6694,.T.);
#8689=ORIENTED_EDGE('',*,*,#6695,.T.);
#8690=ORIENTED_EDGE('',*,*,#6696,.T.);
#8691=ORIENTED_EDGE('',*,*,#6697,.T.);
#8692=ORIENTED_EDGE('',*,*,#6698,.T.);
#8693=ORIENTED_EDGE('',*,*,#6699,.T.);
#8694=ORIENTED_EDGE('',*,*,#6700,.T.);
#8695=ORIENTED_EDGE('',*,*,#6701,.T.);
#8696=ORIENTED_EDGE('',*,*,#6702,.T.);
#8697=ORIENTED_EDGE('',*,*,#6703,.T.);
#8698=ORIENTED_EDGE('',*,*,#6704,.T.);
#8699=ORIENTED_EDGE('',*,*,#6705,.T.);
#8700=ORIENTED_EDGE('',*,*,#6706,.T.);
#8701=ORIENTED_EDGE('',*,*,#6707,.T.);
#8702=ORIENTED_EDGE('',*,*,#6708,.T.);
#8703=ORIENTED_EDGE('',*,*,#6709,.T.);
#8704=ORIENTED_EDGE('',*,*,#6710,.T.);
#8705=ORIENTED_EDGE('',*,*,#6711,.T.);
#8706=ORIENTED_EDGE('',*,*,#6712,.T.);
#8707=ORIENTED_EDGE('',*,*,#6713,.T.);
#8708=ORIENTED_EDGE('',*,*,#6714,.T.);
#8709=ORIENTED_EDGE('',*,*,#6715,.T.);
#8710=ORIENTED_EDGE('',*,*,#6716,.T.);
#8711=ORIENTED_EDGE('',*,*,#6717,.T.);
#8712=ORIENTED_EDGE('',*,*,#6718,.T.);
#8713=ORIENTED_EDGE('',*,*,#6719,.T.);
#8714=ORIENTED_EDGE('',*,*,#6720,.T.);
#8715=ORIENTED_EDGE('',*,*,#6721,.T.);
#8716=ORIENTED_EDGE('',*,*,#6722,.T.);
#8717=ORIENTED_EDGE('',*,*,#6723,.T.);
#8718=ORIENTED_EDGE('',*,*,#6724,.T.);
#8719=ORIENTED_EDGE('',*,*,#6725,.T.);
#8720=ORIENTED_EDGE('',*,*,#6726,.T.);
#8721=ORIENTED_EDGE('',*,*,#6727,.T.);
#8722=ORIENTED_EDGE('',*,*,#6728,.T.);
#8723=ORIENTED_EDGE('',*,*,#6729,.T.);
#8724=ORIENTED_EDGE('',*,*,#6730,.T.);
#8725=ORIENTED_EDGE('',*,*,#6731,.T.);
#8726=ORIENTED_EDGE('',*,*,#6732,.T.);
#8727=ORIENTED_EDGE('',*,*,#6733,.T.);
#8728=ORIENTED_EDGE('',*,*,#6734,.T.);
#8729=ORIENTED_EDGE('',*,*,#6735,.T.);
#8730=ORIENTED_EDGE('',*,*,#6736,.T.);
#8731=ORIENTED_EDGE('',*,*,#6737,.T.);
#8732=ORIENTED_EDGE('',*,*,#6738,.T.);
#8733=ORIENTED_EDGE('',*,*,#6739,.T.);
#8734=ORIENTED_EDGE('',*,*,#6740,.T.);
#8735=ORIENTED_EDGE('',*,*,#6741,.T.);
#8736=ORIENTED_EDGE('',*,*,#6742,.T.);
#8737=ORIENTED_EDGE('',*,*,#6743,.T.);
#8738=ORIENTED_EDGE('',*,*,#6744,.T.);
#8739=ORIENTED_EDGE('',*,*,#6745,.T.);
#8740=ORIENTED_EDGE('',*,*,#6746,.T.);
#8741=ORIENTED_EDGE('',*,*,#6747,.T.);
#8742=ORIENTED_EDGE('',*,*,#6748,.T.);
#8743=ORIENTED_EDGE('',*,*,#6749,.T.);
#8744=ORIENTED_EDGE('',*,*,#6750,.T.);
#8745=ORIENTED_EDGE('',*,*,#6751,.T.);
#8746=ORIENTED_EDGE('',*,*,#6752,.T.);
#8747=ORIENTED_EDGE('',*,*,#6753,.T.);
#8748=ORIENTED_EDGE('',*,*,#6754,.T.);
#8749=ORIENTED_EDGE('',*,*,#6755,.T.);
#8750=ORIENTED_EDGE('',*,*,#6756,.T.);
#8751=ORIENTED_EDGE('',*,*,#6757,.T.);
#8752=ORIENTED_EDGE('',*,*,#6758,.T.);
#8753=ORIENTED_EDGE('',*,*,#6759,.T.);
#8754=ORIENTED_EDGE('',*,*,#6760,.T.);
#8755=ORIENTED_EDGE('',*,*,#6761,.T.);
#8756=ORIENTED_EDGE('',*,*,#6762,.T.);
#8757=ORIENTED_EDGE('',*,*,#6763,.T.);
#8758=ORIENTED_EDGE('',*,*,#6764,.T.);
#8759=ORIENTED_EDGE('',*,*,#6765,.T.);
#8760=ORIENTED_EDGE('',*,*,#6766,.T.);
#8761=ORIENTED_EDGE('',*,*,#6767,.T.);
#8762=ORIENTED_EDGE('',*,*,#6768,.T.);
#8763=ORIENTED_EDGE('',*,*,#6769,.T.);
#8764=ORIENTED_EDGE('',*,*,#6770,.T.);
#8765=ORIENTED_EDGE('',*,*,#6771,.T.);
#8766=ORIENTED_EDGE('',*,*,#6772,.T.);
#8767=ORIENTED_EDGE('',*,*,#6773,.T.);
#8768=ORIENTED_EDGE('',*,*,#6774,.T.);
#8769=ORIENTED_EDGE('',*,*,#6775,.T.);
#8770=ORIENTED_EDGE('',*,*,#6776,.T.);
#8771=ORIENTED_EDGE('',*,*,#6777,.T.);
#8772=ORIENTED_EDGE('',*,*,#6778,.T.);
#8773=ORIENTED_EDGE('',*,*,#6779,.T.);
#8774=ORIENTED_EDGE('',*,*,#6780,.T.);
#8775=ORIENTED_EDGE('',*,*,#6781,.T.);
#8776=ORIENTED_EDGE('',*,*,#6782,.T.);
#8777=ORIENTED_EDGE('',*,*,#6783,.T.);
#8778=ORIENTED_EDGE('',*,*,#6784,.T.);
#8779=ORIENTED_EDGE('',*,*,#6785,.T.);
#8780=ORIENTED_EDGE('',*,*,#6786,.T.);
#8781=ORIENTED_EDGE('',*,*,#6787,.T.);
#8782=ORIENTED_EDGE('',*,*,#6788,.T.);
#8783=ORIENTED_EDGE('',*,*,#6789,.T.);
#8784=ORIENTED_EDGE('',*,*,#6790,.F.);
#8785=ORIENTED_EDGE('',*,*,#6134,.F.);
#8786=ORIENTED_EDGE('',*,*,#6791,.F.);
#8787=ORIENTED_EDGE('',*,*,#6108,.F.);
#8788=ORIENTED_EDGE('',*,*,#6792,.F.);
#8789=ORIENTED_EDGE('',*,*,#6109,.F.);
#8790=ORIENTED_EDGE('',*,*,#6791,.T.);
#8791=ORIENTED_EDGE('',*,*,#6133,.F.);
#8792=ORIENTED_EDGE('',*,*,#6341,.F.);
#8793=ORIENTED_EDGE('',*,*,#6259,.T.);
#8794=ORIENTED_EDGE('',*,*,#6120,.T.);
#8795=ORIENTED_EDGE('',*,*,#6793,.T.);
#8796=ORIENTED_EDGE('',*,*,#6342,.T.);
#8797=ORIENTED_EDGE('',*,*,#6792,.T.);
#8798=ORIENTED_EDGE('',*,*,#6340,.T.);
#8799=ORIENTED_EDGE('',*,*,#6794,.F.);
#8800=ORIENTED_EDGE('',*,*,#6110,.T.);
#8801=ORIENTED_EDGE('',*,*,#6795,.F.);
#8802=ORIENTED_EDGE('',*,*,#6796,.T.);
#8803=ORIENTED_EDGE('',*,*,#6318,.F.);
#8804=ORIENTED_EDGE('',*,*,#6797,.F.);
#8805=ORIENTED_EDGE('',*,*,#6051,.T.);
#8806=ORIENTED_EDGE('',*,*,#6355,.F.);
#8807=ORIENTED_EDGE('',*,*,#6371,.F.);
#8808=ORIENTED_EDGE('',*,*,#6798,.F.);
#8809=ORIENTED_EDGE('',*,*,#6351,.T.);
#8810=ORIENTED_EDGE('',*,*,#6226,.F.);
#8811=ORIENTED_EDGE('',*,*,#6251,.F.);
#8812=ORIENTED_EDGE('',*,*,#6211,.F.);
#8813=ORIENTED_EDGE('',*,*,#6799,.F.);
#8814=ORIENTED_EDGE('',*,*,#6800,.F.);
#8815=ORIENTED_EDGE('',*,*,#5966,.T.);
#8816=ORIENTED_EDGE('',*,*,#6297,.F.);
#8817=ORIENTED_EDGE('',*,*,#6166,.T.);
#8818=ORIENTED_EDGE('',*,*,#6801,.F.);
#8819=ORIENTED_EDGE('',*,*,#6802,.F.);
#8820=ORIENTED_EDGE('',*,*,#6803,.T.);
#8821=ORIENTED_EDGE('',*,*,#6190,.F.);
#8822=ORIENTED_EDGE('',*,*,#6300,.F.);
#8823=ORIENTED_EDGE('',*,*,#6319,.F.);
#8824=ORIENTED_EDGE('',*,*,#6796,.F.);
#8825=ORIENTED_EDGE('',*,*,#6804,.F.);
#8826=ORIENTED_EDGE('',*,*,#6376,.F.);
#8827=ORIENTED_EDGE('',*,*,#6805,.F.);
#8828=ORIENTED_EDGE('',*,*,#6117,.F.);
#8829=ORIENTED_EDGE('',*,*,#6244,.F.);
#8830=ORIENTED_EDGE('',*,*,#6805,.T.);
#8831=ORIENTED_EDGE('',*,*,#6375,.T.);
#8832=ORIENTED_EDGE('',*,*,#6806,.F.);
#8833=ORIENTED_EDGE('',*,*,#6118,.T.);
#8834=ORIENTED_EDGE('',*,*,#6807,.T.);
#8835=ORIENTED_EDGE('',*,*,#6112,.T.);
#8836=ORIENTED_EDGE('',*,*,#6808,.T.);
#8837=ORIENTED_EDGE('',*,*,#6367,.T.);
#8838=ORIENTED_EDGE('',*,*,#6324,.F.);
#8839=ORIENTED_EDGE('',*,*,#6809,.F.);
#8840=ORIENTED_EDGE('',*,*,#5980,.F.);
#8841=ORIENTED_EDGE('',*,*,#6810,.T.);
#8842=ORIENTED_EDGE('',*,*,#6013,.F.);
#8843=ORIENTED_EDGE('',*,*,#6811,.F.);
#8844=ORIENTED_EDGE('',*,*,#6014,.F.);
#8845=ORIENTED_EDGE('',*,*,#6810,.F.);
#8846=ORIENTED_EDGE('',*,*,#5984,.F.);
#8847=ORIENTED_EDGE('',*,*,#6812,.F.);
#8848=ORIENTED_EDGE('',*,*,#6800,.T.);
#8849=ORIENTED_EDGE('',*,*,#6813,.T.);
#8850=ORIENTED_EDGE('',*,*,#6381,.T.);
#8851=ORIENTED_EDGE('',*,*,#6814,.T.);
#8852=ORIENTED_EDGE('',*,*,#5967,.T.);
#8853=ORIENTED_EDGE('',*,*,#6815,.T.);
#8854=ORIENTED_EDGE('',*,*,#5978,.T.);
#8855=ORIENTED_EDGE('',*,*,#6816,.F.);
#8856=ORIENTED_EDGE('',*,*,#6361,.T.);
#8857=ORIENTED_EDGE('',*,*,#6817,.T.);
#8858=ORIENTED_EDGE('',*,*,#6265,.T.);
#8859=ORIENTED_EDGE('',*,*,#5969,.T.);
#8860=ORIENTED_EDGE('',*,*,#6818,.T.);
#8861=ORIENTED_EDGE('',*,*,#6325,.T.);
#8862=ORIENTED_EDGE('',*,*,#6819,.F.);
#8863=ORIENTED_EDGE('',*,*,#5990,.F.);
#8864=ORIENTED_EDGE('',*,*,#5985,.T.);
#8865=ORIENTED_EDGE('',*,*,#6007,.T.);
#8866=ORIENTED_EDGE('',*,*,#6812,.T.);
#8867=ORIENTED_EDGE('',*,*,#5983,.T.);
#8868=ORIENTED_EDGE('',*,*,#6820,.F.);
#8869=ORIENTED_EDGE('',*,*,#6821,.T.);
#8870=ORIENTED_EDGE('',*,*,#6822,.F.);
#8871=ORIENTED_EDGE('',*,*,#6823,.F.);
#8872=ORIENTED_EDGE('',*,*,#6169,.T.);
#8873=ORIENTED_EDGE('',*,*,#6824,.T.);
#8874=ORIENTED_EDGE('',*,*,#6138,.F.);
#8875=ORIENTED_EDGE('',*,*,#6328,.F.);
#8876=ORIENTED_EDGE('',*,*,#6139,.F.);
#8877=ORIENTED_EDGE('',*,*,#6824,.F.);
#8878=ORIENTED_EDGE('',*,*,#6173,.T.);
#8879=ORIENTED_EDGE('',*,*,#6825,.F.);
#8880=ORIENTED_EDGE('',*,*,#6263,.T.);
#8881=ORIENTED_EDGE('',*,*,#6327,.T.);
#8882=ORIENTED_EDGE('',*,*,#6826,.T.);
#8883=ORIENTED_EDGE('',*,*,#6163,.T.);
#8884=ORIENTED_EDGE('',*,*,#6825,.T.);
#8885=ORIENTED_EDGE('',*,*,#6172,.T.);
#8886=ORIENTED_EDGE('',*,*,#6827,.T.);
#8887=ORIENTED_EDGE('',*,*,#6329,.T.);
#8888=ORIENTED_EDGE('',*,*,#6823,.T.);
#8889=ORIENTED_EDGE('',*,*,#6828,.T.);
#8890=ORIENTED_EDGE('',*,*,#6829,.F.);
#8891=ORIENTED_EDGE('',*,*,#6170,.T.);
#8892=ORIENTED_EDGE('',*,*,#6830,.F.);
#8893=ORIENTED_EDGE('',*,*,#6831,.T.);
#8894=ORIENTED_EDGE('',*,*,#6191,.F.);
#8895=ORIENTED_EDGE('',*,*,#6803,.F.);
#8896=ORIENTED_EDGE('',*,*,#6832,.F.);
#8897=ORIENTED_EDGE('',*,*,#6174,.T.);
#8898=ORIENTED_EDGE('',*,*,#6179,.F.);
#8899=ORIENTED_EDGE('',*,*,#6296,.F.);
#8900=ORIENTED_EDGE('',*,*,#6196,.F.);
#8901=ORIENTED_EDGE('',*,*,#6235,.F.);
#8902=ORIENTED_EDGE('',*,*,#6228,.F.);
#8903=ORIENTED_EDGE('',*,*,#6249,.F.);
#8904=ORIENTED_EDGE('',*,*,#6202,.F.);
#8905=ORIENTED_EDGE('',*,*,#6217,.F.);
#8906=ORIENTED_EDGE('',*,*,#5979,.F.);
#8907=ORIENTED_EDGE('',*,*,#6815,.F.);
#8908=ORIENTED_EDGE('',*,*,#6833,.F.);
#8909=ORIENTED_EDGE('',*,*,#6209,.T.);
#8910=ORIENTED_EDGE('',*,*,#6248,.F.);
#8911=ORIENTED_EDGE('',*,*,#6222,.F.);
#8912=ORIENTED_EDGE('',*,*,#6350,.F.);
#8913=ORIENTED_EDGE('',*,*,#6834,.F.);
#8914=ORIENTED_EDGE('',*,*,#6358,.F.);
#8915=ORIENTED_EDGE('',*,*,#6352,.F.);
#8916=ORIENTED_EDGE('',*,*,#6055,.T.);
#8917=ORIENTED_EDGE('',*,*,#6246,.F.);
#8918=ORIENTED_EDGE('',*,*,#6113,.T.);
#8919=ORIENTED_EDGE('',*,*,#6807,.F.);
#8920=ORIENTED_EDGE('',*,*,#6366,.F.);
#8921=ORIENTED_EDGE('',*,*,#6835,.F.);
#8922=ORIENTED_EDGE('',*,*,#6797,.T.);
#8923=ORIENTED_EDGE('',*,*,#6317,.T.);
#8924=ORIENTED_EDGE('',*,*,#6304,.F.);
#8925=ORIENTED_EDGE('',*,*,#6186,.F.);
#8926=ORIENTED_EDGE('',*,*,#6831,.F.);
#8927=ORIENTED_EDGE('',*,*,#6836,.F.);
#8928=ORIENTED_EDGE('',*,*,#6832,.T.);
#8929=ORIENTED_EDGE('',*,*,#6837,.T.);
#8930=ORIENTED_EDGE('',*,*,#6363,.T.);
#8931=ORIENTED_EDGE('',*,*,#6838,.F.);
#8932=ORIENTED_EDGE('',*,*,#6175,.T.);
#8933=ORIENTED_EDGE('',*,*,#6801,.T.);
#8934=ORIENTED_EDGE('',*,*,#6165,.T.);
#8935=ORIENTED_EDGE('',*,*,#6839,.T.);
#8936=ORIENTED_EDGE('',*,*,#6379,.T.);
#8937=ORIENTED_EDGE('',*,*,#6840,.T.);
#8938=ORIENTED_EDGE('',*,*,#6177,.T.);
#8939=ORIENTED_EDGE('',*,*,#6841,.T.);
#8940=ORIENTED_EDGE('',*,*,#6842,.F.);
#8941=ORIENTED_EDGE('',*,*,#6180,.F.);
#8942=ORIENTED_EDGE('',*,*,#6835,.T.);
#8943=ORIENTED_EDGE('',*,*,#6365,.T.);
#8944=ORIENTED_EDGE('',*,*,#6843,.T.);
#8945=ORIENTED_EDGE('',*,*,#6844,.T.);
#8946=ORIENTED_EDGE('',*,*,#6845,.T.);
#8947=ORIENTED_EDGE('',*,*,#6377,.T.);
#8948=ORIENTED_EDGE('',*,*,#6804,.T.);
#8949=ORIENTED_EDGE('',*,*,#6795,.T.);
#8950=ORIENTED_EDGE('',*,*,#6802,.T.);
#8951=ORIENTED_EDGE('',*,*,#6840,.F.);
#8952=ORIENTED_EDGE('',*,*,#6846,.T.);
#8953=ORIENTED_EDGE('',*,*,#6847,.T.);
#8954=ORIENTED_EDGE('',*,*,#6848,.T.);
#8955=ORIENTED_EDGE('',*,*,#6837,.F.);
#8956=ORIENTED_EDGE('',*,*,#6836,.T.);
#8957=ORIENTED_EDGE('',*,*,#6830,.T.);
#8958=ORIENTED_EDGE('',*,*,#6798,.T.);
#8959=ORIENTED_EDGE('',*,*,#6383,.T.);
#8960=ORIENTED_EDGE('',*,*,#6849,.T.);
#8961=ORIENTED_EDGE('',*,*,#6850,.T.);
#8962=ORIENTED_EDGE('',*,*,#6851,.T.);
#8963=ORIENTED_EDGE('',*,*,#6359,.T.);
#8964=ORIENTED_EDGE('',*,*,#6834,.T.);
#8965=ORIENTED_EDGE('',*,*,#6349,.T.);
#8966=ORIENTED_EDGE('',*,*,#6833,.T.);
#8967=ORIENTED_EDGE('',*,*,#6817,.F.);
#8968=ORIENTED_EDGE('',*,*,#6852,.T.);
#8969=ORIENTED_EDGE('',*,*,#6853,.T.);
#8970=ORIENTED_EDGE('',*,*,#6854,.T.);
#8971=ORIENTED_EDGE('',*,*,#6813,.F.);
#8972=ORIENTED_EDGE('',*,*,#6799,.T.);
#8973=ORIENTED_EDGE('',*,*,#6210,.T.);
#8974=ORIENTED_EDGE('',*,*,#6855,.F.);
#8975=ORIENTED_EDGE('',*,*,#6814,.F.);
#8976=ORIENTED_EDGE('',*,*,#6856,.F.);
#8977=ORIENTED_EDGE('',*,*,#6216,.T.);
#8978=ORIENTED_EDGE('',*,*,#6857,.T.);
#8979=ORIENTED_EDGE('',*,*,#6858,.T.);
#8980=ORIENTED_EDGE('',*,*,#5976,.T.);
#8981=ORIENTED_EDGE('',*,*,#6816,.T.);
#8982=ORIENTED_EDGE('',*,*,#5977,.T.);
#8983=ORIENTED_EDGE('',*,*,#6858,.F.);
#8984=ORIENTED_EDGE('',*,*,#6859,.T.);
#8985=ORIENTED_EDGE('',*,*,#6860,.F.);
#8986=ORIENTED_EDGE('',*,*,#6839,.F.);
#8987=ORIENTED_EDGE('',*,*,#6861,.F.);
#8988=ORIENTED_EDGE('',*,*,#6838,.T.);
#8989=ORIENTED_EDGE('',*,*,#6862,.T.);
#8990=ORIENTED_EDGE('',*,*,#6841,.F.);
#8991=ORIENTED_EDGE('',*,*,#6176,.T.);
#8992=ORIENTED_EDGE('',*,*,#6863,.F.);
#8993=ORIENTED_EDGE('',*,*,#6818,.F.);
#8994=ORIENTED_EDGE('',*,*,#6864,.F.);
#8995=ORIENTED_EDGE('',*,*,#6809,.T.);
#8996=ORIENTED_EDGE('',*,*,#6331,.T.);
#8997=ORIENTED_EDGE('',*,*,#6865,.T.);
#8998=ORIENTED_EDGE('',*,*,#5981,.T.);
#8999=ORIENTED_EDGE('',*,*,#6820,.T.);
#9000=ORIENTED_EDGE('',*,*,#5982,.T.);
#9001=ORIENTED_EDGE('',*,*,#6865,.F.);
#9002=ORIENTED_EDGE('',*,*,#6866,.T.);
#9003=ORIENTED_EDGE('',*,*,#6855,.T.);
#9004=ORIENTED_EDGE('',*,*,#6867,.T.);
#9005=ORIENTED_EDGE('',*,*,#6864,.T.);
#9006=ORIENTED_EDGE('',*,*,#5968,.T.);
#9007=ORIENTED_EDGE('',*,*,#6868,.F.);
#9008=ORIENTED_EDGE('',*,*,#6826,.F.);
#9009=ORIENTED_EDGE('',*,*,#6869,.F.);
#9010=ORIENTED_EDGE('',*,*,#6829,.T.);
#9011=ORIENTED_EDGE('',*,*,#6870,.T.);
#9012=ORIENTED_EDGE('',*,*,#6827,.F.);
#9013=ORIENTED_EDGE('',*,*,#6171,.T.);
#9014=ORIENTED_EDGE('',*,*,#6871,.F.);
#9015=ORIENTED_EDGE('',*,*,#6156,.F.);
#9016=ORIENTED_EDGE('',*,*,#6167,.T.);
#9017=ORIENTED_EDGE('',*,*,#6075,.T.);
#9018=ORIENTED_EDGE('',*,*,#6863,.T.);
#9019=ORIENTED_EDGE('',*,*,#6872,.T.);
#9020=ORIENTED_EDGE('',*,*,#6869,.T.);
#9021=ORIENTED_EDGE('',*,*,#6326,.T.);
#9022=ORIENTED_EDGE('',*,*,#6868,.T.);
#9023=ORIENTED_EDGE('',*,*,#6873,.T.);
#9024=ORIENTED_EDGE('',*,*,#6861,.T.);
#9025=ORIENTED_EDGE('',*,*,#6164,.T.);
#9026=ORIENTED_EDGE('',*,*,#6860,.T.);
#9027=ORIENTED_EDGE('',*,*,#6874,.T.);
#9028=ORIENTED_EDGE('',*,*,#6856,.T.);
#9029=ORIENTED_EDGE('',*,*,#6380,.T.);
#9030=ORIENTED_EDGE('',*,*,#6866,.F.);
#9031=ORIENTED_EDGE('',*,*,#6330,.T.);
#9032=ORIENTED_EDGE('',*,*,#6870,.F.);
#9033=ORIENTED_EDGE('',*,*,#6875,.T.);
#9034=ORIENTED_EDGE('',*,*,#6065,.T.);
#9035=ORIENTED_EDGE('',*,*,#6310,.T.);
#9036=ORIENTED_EDGE('',*,*,#5993,.T.);
#9037=ORIENTED_EDGE('',*,*,#5991,.F.);
#9038=ORIENTED_EDGE('',*,*,#6819,.T.);
#9039=ORIENTED_EDGE('',*,*,#6006,.F.);
#9040=ORIENTED_EDGE('',*,*,#6015,.T.);
#9041=ORIENTED_EDGE('',*,*,#6811,.T.);
#9042=ORIENTED_EDGE('',*,*,#6821,.F.);
#9043=ORIENTED_EDGE('',*,*,#6875,.F.);
#9044=ORIENTED_EDGE('',*,*,#6828,.F.);
#9045=ORIENTED_EDGE('',*,*,#6822,.T.);
#9046=ORIENTED_EDGE('',*,*,#6137,.T.);
#9047=ORIENTED_EDGE('',*,*,#6153,.F.);
#9048=ORIENTED_EDGE('',*,*,#6871,.T.);
#9049=ORIENTED_EDGE('',*,*,#6074,.F.);
#9050=ORIENTED_EDGE('',*,*,#6079,.T.);
#9051=ORIENTED_EDGE('',*,*,#6312,.T.);
#9052=ORIENTED_EDGE('',*,*,#6081,.T.);
#9053=ORIENTED_EDGE('',*,*,#6094,.F.);
#9054=ORIENTED_EDGE('',*,*,#6105,.T.);
#9055=ORIENTED_EDGE('',*,*,#6311,.T.);
#9056=ORIENTED_EDGE('',*,*,#6069,.T.);
#9057=ORIENTED_EDGE('',*,*,#6067,.F.);
#9058=ORIENTED_EDGE('',*,*,#6035,.F.);
#9059=ORIENTED_EDGE('',*,*,#6061,.T.);
#9060=ORIENTED_EDGE('',*,*,#6323,.T.);
#9061=ORIENTED_EDGE('',*,*,#6017,.T.);
#9062=ORIENTED_EDGE('',*,*,#6790,.T.);
#9063=ORIENTED_EDGE('',*,*,#6107,.T.);
#9064=ORIENTED_EDGE('',*,*,#6127,.F.);
#9065=ORIENTED_EDGE('',*,*,#6135,.T.);
#9066=ORIENTED_EDGE('',*,*,#6867,.F.);
#9067=ORIENTED_EDGE('',*,*,#6874,.F.);
#9068=ORIENTED_EDGE('',*,*,#6873,.F.);
#9069=ORIENTED_EDGE('',*,*,#6872,.F.);
#9070=ORIENTED_EDGE('',*,*,#6876,.F.);
#9071=ORIENTED_EDGE('',*,*,#6877,.T.);
#9072=ORIENTED_EDGE('',*,*,#6498,.F.);
#9073=ORIENTED_EDGE('',*,*,#6878,.F.);
#9074=ORIENTED_EDGE('',*,*,#6879,.F.);
#9075=ORIENTED_EDGE('',*,*,#6880,.T.);
#9076=ORIENTED_EDGE('',*,*,#6474,.F.);
#9077=ORIENTED_EDGE('',*,*,#6881,.F.);
#9078=ORIENTED_EDGE('',*,*,#6882,.F.);
#9079=ORIENTED_EDGE('',*,*,#6883,.T.);
#9080=ORIENTED_EDGE('',*,*,#6677,.F.);
#9081=ORIENTED_EDGE('',*,*,#6884,.F.);
#9082=ORIENTED_EDGE('',*,*,#6885,.F.);
#9083=ORIENTED_EDGE('',*,*,#6886,.T.);
#9084=ORIENTED_EDGE('',*,*,#6640,.F.);
#9085=ORIENTED_EDGE('',*,*,#6887,.F.);
#9086=ORIENTED_EDGE('',*,*,#6888,.F.);
#9087=ORIENTED_EDGE('',*,*,#6889,.T.);
#9088=ORIENTED_EDGE('',*,*,#6748,.F.);
#9089=ORIENTED_EDGE('',*,*,#6890,.F.);
#9090=ORIENTED_EDGE('',*,*,#6891,.F.);
#9091=ORIENTED_EDGE('',*,*,#6892,.T.);
#9092=ORIENTED_EDGE('',*,*,#6424,.F.);
#9093=ORIENTED_EDGE('',*,*,#6893,.F.);
#9094=ORIENTED_EDGE('',*,*,#6894,.F.);
#9095=ORIENTED_EDGE('',*,*,#6895,.T.);
#9096=ORIENTED_EDGE('',*,*,#6394,.F.);
#9097=ORIENTED_EDGE('',*,*,#6896,.F.);
#9098=ORIENTED_EDGE('',*,*,#6897,.F.);
#9099=ORIENTED_EDGE('',*,*,#6898,.T.);
#9100=ORIENTED_EDGE('',*,*,#6583,.F.);
#9101=ORIENTED_EDGE('',*,*,#6899,.F.);
#9102=ORIENTED_EDGE('',*,*,#6900,.F.);
#9103=ORIENTED_EDGE('',*,*,#6901,.T.);
#9104=ORIENTED_EDGE('',*,*,#6596,.F.);
#9105=ORIENTED_EDGE('',*,*,#6902,.F.);
#9106=ORIENTED_EDGE('',*,*,#6903,.F.);
#9107=ORIENTED_EDGE('',*,*,#6904,.T.);
#9108=ORIENTED_EDGE('',*,*,#6789,.F.);
#9109=ORIENTED_EDGE('',*,*,#6905,.F.);
#9110=ORIENTED_EDGE('',*,*,#6906,.F.);
#9111=ORIENTED_EDGE('',*,*,#6907,.T.);
#9112=ORIENTED_EDGE('',*,*,#6770,.F.);
#9113=ORIENTED_EDGE('',*,*,#6908,.F.);
#9114=ORIENTED_EDGE('',*,*,#6909,.F.);
#9115=ORIENTED_EDGE('',*,*,#6910,.T.);
#9116=ORIENTED_EDGE('',*,*,#6406,.F.);
#9117=ORIENTED_EDGE('',*,*,#6911,.F.);
#9118=ORIENTED_EDGE('',*,*,#6912,.F.);
#9119=ORIENTED_EDGE('',*,*,#6913,.T.);
#9120=ORIENTED_EDGE('',*,*,#6616,.F.);
#9121=ORIENTED_EDGE('',*,*,#6914,.F.);
#9122=ORIENTED_EDGE('',*,*,#6915,.F.);
#9123=ORIENTED_EDGE('',*,*,#6916,.T.);
#9124=ORIENTED_EDGE('',*,*,#6762,.F.);
#9125=ORIENTED_EDGE('',*,*,#6917,.F.);
#9126=ORIENTED_EDGE('',*,*,#6918,.F.);
#9127=ORIENTED_EDGE('',*,*,#6919,.T.);
#9128=ORIENTED_EDGE('',*,*,#6531,.F.);
#9129=ORIENTED_EDGE('',*,*,#6920,.F.);
#9130=ORIENTED_EDGE('',*,*,#6921,.F.);
#9131=ORIENTED_EDGE('',*,*,#6922,.T.);
#9132=ORIENTED_EDGE('',*,*,#6730,.F.);
#9133=ORIENTED_EDGE('',*,*,#6923,.F.);
#9134=ORIENTED_EDGE('',*,*,#6924,.F.);
#9135=ORIENTED_EDGE('',*,*,#6925,.T.);
#9136=ORIENTED_EDGE('',*,*,#6450,.F.);
#9137=ORIENTED_EDGE('',*,*,#6926,.F.);
#9138=ORIENTED_EDGE('',*,*,#6927,.F.);
#9139=ORIENTED_EDGE('',*,*,#6928,.T.);
#9140=ORIENTED_EDGE('',*,*,#6516,.F.);
#9141=ORIENTED_EDGE('',*,*,#6929,.F.);
#9142=ORIENTED_EDGE('',*,*,#6930,.F.);
#9143=ORIENTED_EDGE('',*,*,#6931,.T.);
#9144=ORIENTED_EDGE('',*,*,#6480,.F.);
#9145=ORIENTED_EDGE('',*,*,#6932,.F.);
#9146=ORIENTED_EDGE('',*,*,#6933,.F.);
#9147=ORIENTED_EDGE('',*,*,#6934,.T.);
#9148=ORIENTED_EDGE('',*,*,#6691,.F.);
#9149=ORIENTED_EDGE('',*,*,#6935,.F.);
#9150=ORIENTED_EDGE('',*,*,#6936,.F.);
#9151=ORIENTED_EDGE('',*,*,#6935,.T.);
#9152=ORIENTED_EDGE('',*,*,#6690,.F.);
#9153=ORIENTED_EDGE('',*,*,#6937,.F.);
#9154=ORIENTED_EDGE('',*,*,#6938,.F.);
#9155=ORIENTED_EDGE('',*,*,#6939,.T.);
#9156=ORIENTED_EDGE('',*,*,#6490,.F.);
#9157=ORIENTED_EDGE('',*,*,#6940,.F.);
#9158=ORIENTED_EDGE('',*,*,#6941,.F.);
#9159=ORIENTED_EDGE('',*,*,#6942,.T.);
#9160=ORIENTED_EDGE('',*,*,#6698,.F.);
#9161=ORIENTED_EDGE('',*,*,#6943,.F.);
#9162=ORIENTED_EDGE('',*,*,#6944,.F.);
#9163=ORIENTED_EDGE('',*,*,#6945,.T.);
#9164=ORIENTED_EDGE('',*,*,#6492,.F.);
#9165=ORIENTED_EDGE('',*,*,#6946,.F.);
#9166=ORIENTED_EDGE('',*,*,#6947,.F.);
#9167=ORIENTED_EDGE('',*,*,#6948,.T.);
#9168=ORIENTED_EDGE('',*,*,#6478,.F.);
#9169=ORIENTED_EDGE('',*,*,#6949,.F.);
#9170=ORIENTED_EDGE('',*,*,#6950,.F.);
#9171=ORIENTED_EDGE('',*,*,#6951,.T.);
#9172=ORIENTED_EDGE('',*,*,#6701,.F.);
#9173=ORIENTED_EDGE('',*,*,#6952,.F.);
#9174=ORIENTED_EDGE('',*,*,#6953,.F.);
#9175=ORIENTED_EDGE('',*,*,#6954,.T.);
#9176=ORIENTED_EDGE('',*,*,#6499,.F.);
#9177=ORIENTED_EDGE('',*,*,#6877,.F.);
#9178=ORIENTED_EDGE('',*,*,#6955,.F.);
#9179=ORIENTED_EDGE('',*,*,#6905,.T.);
#9180=ORIENTED_EDGE('',*,*,#6788,.F.);
#9181=ORIENTED_EDGE('',*,*,#6956,.F.);
#9182=ORIENTED_EDGE('',*,*,#6957,.F.);
#9183=ORIENTED_EDGE('',*,*,#6958,.T.);
#9184=ORIENTED_EDGE('',*,*,#6589,.F.);
#9185=ORIENTED_EDGE('',*,*,#6959,.F.);
#9186=ORIENTED_EDGE('',*,*,#6960,.F.);
#9187=ORIENTED_EDGE('',*,*,#6961,.T.);
#9188=ORIENTED_EDGE('',*,*,#6386,.F.);
#9189=ORIENTED_EDGE('',*,*,#6962,.F.);
#9190=ORIENTED_EDGE('',*,*,#6963,.F.);
#9191=ORIENTED_EDGE('',*,*,#6964,.T.);
#9192=ORIENTED_EDGE('',*,*,#6606,.F.);
#9193=ORIENTED_EDGE('',*,*,#6965,.F.);
#9194=ORIENTED_EDGE('',*,*,#6966,.F.);
#9195=ORIENTED_EDGE('',*,*,#6967,.T.);
#9196=ORIENTED_EDGE('',*,*,#6403,.F.);
#9197=ORIENTED_EDGE('',*,*,#6968,.F.);
#9198=ORIENTED_EDGE('',*,*,#6969,.F.);
#9199=ORIENTED_EDGE('',*,*,#6970,.T.);
#9200=ORIENTED_EDGE('',*,*,#6610,.F.);
#9201=ORIENTED_EDGE('',*,*,#6971,.F.);
#9202=ORIENTED_EDGE('',*,*,#6972,.F.);
#9203=ORIENTED_EDGE('',*,*,#6973,.T.);
#9204=ORIENTED_EDGE('',*,*,#6771,.F.);
#9205=ORIENTED_EDGE('',*,*,#6907,.F.);
#9206=ORIENTED_EDGE('',*,*,#6859,.F.);
#9207=ORIENTED_EDGE('',*,*,#6974,.T.);
#9208=ORIENTED_EDGE('',*,*,#6862,.F.);
#9209=ORIENTED_EDGE('',*,*,#6362,.T.);
#9210=ORIENTED_EDGE('',*,*,#6233,.T.);
#9211=ORIENTED_EDGE('',*,*,#6238,.F.);
#9212=ORIENTED_EDGE('',*,*,#6193,.T.);
#9213=ORIENTED_EDGE('',*,*,#6198,.F.);
#9214=ORIENTED_EDGE('',*,*,#6201,.T.);
#9215=ORIENTED_EDGE('',*,*,#6242,.F.);
#9216=ORIENTED_EDGE('',*,*,#6183,.T.);
#9217=ORIENTED_EDGE('',*,*,#6181,.F.);
#9218=ORIENTED_EDGE('',*,*,#6842,.T.);
#9219=ORIENTED_EDGE('',*,*,#6974,.F.);
#9220=ORIENTED_EDGE('',*,*,#6857,.F.);
#9221=ORIENTED_EDGE('',*,*,#6215,.T.);
#9222=ORIENTED_EDGE('',*,*,#6204,.F.);
#9223=ORIENTED_EDGE('',*,*,#6208,.T.);
#9224=ORIENTED_EDGE('',*,*,#6240,.F.);
#9225=ORIENTED_EDGE('',*,*,#6219,.T.);
#9226=ORIENTED_EDGE('',*,*,#6230,.F.);
#9227=ORIENTED_EDGE('',*,*,#6382,.F.);
#9228=ORIENTED_EDGE('',*,*,#6854,.F.);
#9229=ORIENTED_EDGE('',*,*,#6975,.T.);
#9230=ORIENTED_EDGE('',*,*,#6849,.F.);
#9231=ORIENTED_EDGE('',*,*,#6360,.F.);
#9232=ORIENTED_EDGE('',*,*,#6851,.F.);
#9233=ORIENTED_EDGE('',*,*,#6976,.T.);
#9234=ORIENTED_EDGE('',*,*,#6852,.F.);
#9235=ORIENTED_EDGE('',*,*,#6976,.F.);
#9236=ORIENTED_EDGE('',*,*,#6850,.F.);
#9237=ORIENTED_EDGE('',*,*,#6975,.F.);
#9238=ORIENTED_EDGE('',*,*,#6853,.F.);
#9239=ORIENTED_EDGE('',*,*,#6378,.F.);
#9240=ORIENTED_EDGE('',*,*,#6845,.F.);
#9241=ORIENTED_EDGE('',*,*,#6977,.T.);
#9242=ORIENTED_EDGE('',*,*,#6846,.F.);
#9243=ORIENTED_EDGE('',*,*,#6364,.F.);
#9244=ORIENTED_EDGE('',*,*,#6848,.F.);
#9245=ORIENTED_EDGE('',*,*,#6978,.T.);
#9246=ORIENTED_EDGE('',*,*,#6843,.F.);
#9247=ORIENTED_EDGE('',*,*,#6847,.F.);
#9248=ORIENTED_EDGE('',*,*,#6977,.F.);
#9249=ORIENTED_EDGE('',*,*,#6844,.F.);
#9250=ORIENTED_EDGE('',*,*,#6978,.F.);
#9251=ORIENTED_EDGE('',*,*,#6159,.T.);
#9252=ORIENTED_EDGE('',*,*,#6237,.T.);
#9253=ORIENTED_EDGE('',*,*,#5973,.T.);
#9254=ORIENTED_EDGE('',*,*,#6309,.T.);
#9255=ORIENTED_EDGE('',*,*,#6979,.F.);
#9256=ORIENTED_EDGE('',*,*,#6980,.F.);
#9257=ORIENTED_EDGE('',*,*,#6903,.T.);
#9258=ORIENTED_EDGE('',*,*,#6981,.F.);
#9259=ORIENTED_EDGE('',*,*,#6982,.F.);
#9260=ORIENTED_EDGE('',*,*,#6983,.F.);
#9261=ORIENTED_EDGE('',*,*,#6984,.F.);
#9262=ORIENTED_EDGE('',*,*,#6985,.F.);
#9263=ORIENTED_EDGE('',*,*,#6986,.F.);
#9264=ORIENTED_EDGE('',*,*,#6900,.T.);
#9265=ORIENTED_EDGE('',*,*,#6987,.F.);
#9266=ORIENTED_EDGE('',*,*,#6988,.F.);
#9267=ORIENTED_EDGE('',*,*,#6989,.F.);
#9268=ORIENTED_EDGE('',*,*,#6990,.F.);
#9269=ORIENTED_EDGE('',*,*,#6991,.F.);
#9270=ORIENTED_EDGE('',*,*,#6992,.F.);
#9271=ORIENTED_EDGE('',*,*,#6897,.T.);
#9272=ORIENTED_EDGE('',*,*,#6993,.F.);
#9273=ORIENTED_EDGE('',*,*,#6994,.F.);
#9274=ORIENTED_EDGE('',*,*,#6995,.F.);
#9275=ORIENTED_EDGE('',*,*,#6996,.F.);
#9276=ORIENTED_EDGE('',*,*,#6997,.F.);
#9277=ORIENTED_EDGE('',*,*,#6998,.F.);
#9278=ORIENTED_EDGE('',*,*,#6894,.T.);
#9279=ORIENTED_EDGE('',*,*,#6999,.F.);
#9280=ORIENTED_EDGE('',*,*,#7000,.F.);
#9281=ORIENTED_EDGE('',*,*,#7001,.F.);
#9282=ORIENTED_EDGE('',*,*,#7002,.F.);
#9283=ORIENTED_EDGE('',*,*,#7003,.F.);
#9284=ORIENTED_EDGE('',*,*,#7004,.F.);
#9285=ORIENTED_EDGE('',*,*,#6891,.T.);
#9286=ORIENTED_EDGE('',*,*,#7005,.F.);
#9287=ORIENTED_EDGE('',*,*,#7006,.F.);
#9288=ORIENTED_EDGE('',*,*,#7007,.F.);
#9289=ORIENTED_EDGE('',*,*,#7008,.F.);
#9290=ORIENTED_EDGE('',*,*,#7009,.F.);
#9291=ORIENTED_EDGE('',*,*,#7010,.F.);
#9292=ORIENTED_EDGE('',*,*,#6888,.T.);
#9293=ORIENTED_EDGE('',*,*,#7011,.F.);
#9294=ORIENTED_EDGE('',*,*,#7012,.F.);
#9295=ORIENTED_EDGE('',*,*,#7013,.F.);
#9296=ORIENTED_EDGE('',*,*,#7014,.F.);
#9297=ORIENTED_EDGE('',*,*,#7015,.F.);
#9298=ORIENTED_EDGE('',*,*,#7016,.F.);
#9299=ORIENTED_EDGE('',*,*,#6885,.T.);
#9300=ORIENTED_EDGE('',*,*,#7017,.F.);
#9301=ORIENTED_EDGE('',*,*,#7018,.F.);
#9302=ORIENTED_EDGE('',*,*,#7019,.F.);
#9303=ORIENTED_EDGE('',*,*,#7020,.F.);
#9304=ORIENTED_EDGE('',*,*,#7021,.F.);
#9305=ORIENTED_EDGE('',*,*,#7022,.F.);
#9306=ORIENTED_EDGE('',*,*,#6882,.T.);
#9307=ORIENTED_EDGE('',*,*,#7023,.F.);
#9308=ORIENTED_EDGE('',*,*,#7024,.F.);
#9309=ORIENTED_EDGE('',*,*,#7025,.F.);
#9310=ORIENTED_EDGE('',*,*,#7026,.F.);
#9311=ORIENTED_EDGE('',*,*,#7027,.F.);
#9312=ORIENTED_EDGE('',*,*,#7028,.F.);
#9313=ORIENTED_EDGE('',*,*,#6879,.T.);
#9314=ORIENTED_EDGE('',*,*,#7029,.F.);
#9315=ORIENTED_EDGE('',*,*,#7030,.F.);
#9316=ORIENTED_EDGE('',*,*,#7031,.F.);
#9317=ORIENTED_EDGE('',*,*,#6953,.T.);
#9318=ORIENTED_EDGE('',*,*,#7032,.F.);
#9319=ORIENTED_EDGE('',*,*,#7033,.F.);
#9320=ORIENTED_EDGE('',*,*,#7034,.F.);
#9321=ORIENTED_EDGE('',*,*,#7035,.F.);
#9322=ORIENTED_EDGE('',*,*,#7036,.F.);
#9323=ORIENTED_EDGE('',*,*,#6950,.T.);
#9324=ORIENTED_EDGE('',*,*,#7037,.F.);
#9325=ORIENTED_EDGE('',*,*,#7038,.F.);
#9326=ORIENTED_EDGE('',*,*,#7039,.F.);
#9327=ORIENTED_EDGE('',*,*,#6947,.T.);
#9328=ORIENTED_EDGE('',*,*,#7040,.F.);
#9329=ORIENTED_EDGE('',*,*,#7041,.F.);
#9330=ORIENTED_EDGE('',*,*,#7042,.F.);
#9331=ORIENTED_EDGE('',*,*,#7043,.F.);
#9332=ORIENTED_EDGE('',*,*,#7044,.F.);
#9333=ORIENTED_EDGE('',*,*,#6944,.T.);
#9334=ORIENTED_EDGE('',*,*,#7045,.F.);
#9335=ORIENTED_EDGE('',*,*,#7046,.F.);
#9336=ORIENTED_EDGE('',*,*,#7047,.F.);
#9337=ORIENTED_EDGE('',*,*,#6941,.T.);
#9338=ORIENTED_EDGE('',*,*,#7048,.F.);
#9339=ORIENTED_EDGE('',*,*,#7049,.F.);
#9340=ORIENTED_EDGE('',*,*,#7050,.F.);
#9341=ORIENTED_EDGE('',*,*,#7051,.F.);
#9342=ORIENTED_EDGE('',*,*,#7052,.F.);
#9343=ORIENTED_EDGE('',*,*,#6938,.T.);
#9344=ORIENTED_EDGE('',*,*,#7053,.F.);
#9345=ORIENTED_EDGE('',*,*,#7054,.F.);
#9346=ORIENTED_EDGE('',*,*,#7055,.F.);
#9347=ORIENTED_EDGE('',*,*,#6933,.T.);
#9348=ORIENTED_EDGE('',*,*,#7056,.F.);
#9349=ORIENTED_EDGE('',*,*,#7057,.F.);
#9350=ORIENTED_EDGE('',*,*,#7058,.F.);
#9351=ORIENTED_EDGE('',*,*,#7059,.F.);
#9352=ORIENTED_EDGE('',*,*,#7060,.F.);
#9353=ORIENTED_EDGE('',*,*,#7061,.F.);
#9354=ORIENTED_EDGE('',*,*,#6930,.T.);
#9355=ORIENTED_EDGE('',*,*,#7062,.F.);
#9356=ORIENTED_EDGE('',*,*,#7063,.F.);
#9357=ORIENTED_EDGE('',*,*,#7064,.F.);
#9358=ORIENTED_EDGE('',*,*,#7065,.F.);
#9359=ORIENTED_EDGE('',*,*,#7066,.F.);
#9360=ORIENTED_EDGE('',*,*,#7067,.F.);
#9361=ORIENTED_EDGE('',*,*,#6927,.T.);
#9362=ORIENTED_EDGE('',*,*,#7068,.F.);
#9363=ORIENTED_EDGE('',*,*,#7069,.F.);
#9364=ORIENTED_EDGE('',*,*,#7070,.F.);
#9365=ORIENTED_EDGE('',*,*,#7071,.F.);
#9366=ORIENTED_EDGE('',*,*,#7072,.F.);
#9367=ORIENTED_EDGE('',*,*,#7073,.F.);
#9368=ORIENTED_EDGE('',*,*,#6924,.T.);
#9369=ORIENTED_EDGE('',*,*,#7074,.F.);
#9370=ORIENTED_EDGE('',*,*,#7075,.F.);
#9371=ORIENTED_EDGE('',*,*,#7076,.F.);
#9372=ORIENTED_EDGE('',*,*,#7077,.F.);
#9373=ORIENTED_EDGE('',*,*,#7078,.F.);
#9374=ORIENTED_EDGE('',*,*,#7079,.F.);
#9375=ORIENTED_EDGE('',*,*,#6921,.T.);
#9376=ORIENTED_EDGE('',*,*,#7080,.F.);
#9377=ORIENTED_EDGE('',*,*,#7081,.F.);
#9378=ORIENTED_EDGE('',*,*,#7082,.F.);
#9379=ORIENTED_EDGE('',*,*,#7083,.F.);
#9380=ORIENTED_EDGE('',*,*,#7084,.F.);
#9381=ORIENTED_EDGE('',*,*,#7085,.F.);
#9382=ORIENTED_EDGE('',*,*,#6918,.T.);
#9383=ORIENTED_EDGE('',*,*,#7086,.F.);
#9384=ORIENTED_EDGE('',*,*,#7087,.F.);
#9385=ORIENTED_EDGE('',*,*,#7088,.F.);
#9386=ORIENTED_EDGE('',*,*,#7089,.F.);
#9387=ORIENTED_EDGE('',*,*,#7090,.F.);
#9388=ORIENTED_EDGE('',*,*,#7091,.F.);
#9389=ORIENTED_EDGE('',*,*,#6915,.T.);
#9390=ORIENTED_EDGE('',*,*,#7092,.F.);
#9391=ORIENTED_EDGE('',*,*,#7093,.F.);
#9392=ORIENTED_EDGE('',*,*,#7094,.F.);
#9393=ORIENTED_EDGE('',*,*,#7095,.F.);
#9394=ORIENTED_EDGE('',*,*,#7096,.F.);
#9395=ORIENTED_EDGE('',*,*,#7097,.F.);
#9396=ORIENTED_EDGE('',*,*,#6912,.T.);
#9397=ORIENTED_EDGE('',*,*,#7098,.F.);
#9398=ORIENTED_EDGE('',*,*,#7099,.F.);
#9399=ORIENTED_EDGE('',*,*,#7100,.F.);
#9400=ORIENTED_EDGE('',*,*,#7101,.F.);
#9401=ORIENTED_EDGE('',*,*,#7102,.F.);
#9402=ORIENTED_EDGE('',*,*,#7103,.F.);
#9403=ORIENTED_EDGE('',*,*,#6909,.T.);
#9404=ORIENTED_EDGE('',*,*,#7104,.F.);
#9405=ORIENTED_EDGE('',*,*,#7105,.F.);
#9406=ORIENTED_EDGE('',*,*,#7106,.F.);
#9407=ORIENTED_EDGE('',*,*,#6972,.T.);
#9408=ORIENTED_EDGE('',*,*,#7107,.F.);
#9409=ORIENTED_EDGE('',*,*,#7108,.F.);
#9410=ORIENTED_EDGE('',*,*,#7109,.F.);
#9411=ORIENTED_EDGE('',*,*,#7110,.F.);
#9412=ORIENTED_EDGE('',*,*,#7111,.F.);
#9413=ORIENTED_EDGE('',*,*,#6969,.T.);
#9414=ORIENTED_EDGE('',*,*,#7112,.F.);
#9415=ORIENTED_EDGE('',*,*,#7113,.F.);
#9416=ORIENTED_EDGE('',*,*,#7114,.F.);
#9417=ORIENTED_EDGE('',*,*,#6966,.T.);
#9418=ORIENTED_EDGE('',*,*,#7115,.F.);
#9419=ORIENTED_EDGE('',*,*,#7116,.F.);
#9420=ORIENTED_EDGE('',*,*,#7117,.F.);
#9421=ORIENTED_EDGE('',*,*,#7118,.F.);
#9422=ORIENTED_EDGE('',*,*,#7119,.F.);
#9423=ORIENTED_EDGE('',*,*,#6963,.T.);
#9424=ORIENTED_EDGE('',*,*,#7120,.F.);
#9425=ORIENTED_EDGE('',*,*,#7121,.F.);
#9426=ORIENTED_EDGE('',*,*,#7122,.F.);
#9427=ORIENTED_EDGE('',*,*,#6960,.T.);
#9428=ORIENTED_EDGE('',*,*,#7123,.F.);
#9429=ORIENTED_EDGE('',*,*,#7124,.F.);
#9430=ORIENTED_EDGE('',*,*,#7125,.F.);
#9431=ORIENTED_EDGE('',*,*,#7126,.F.);
#9432=ORIENTED_EDGE('',*,*,#7127,.F.);
#9433=ORIENTED_EDGE('',*,*,#6957,.T.);
#9434=ORIENTED_EDGE('',*,*,#7128,.F.);
#9435=ORIENTED_EDGE('',*,*,#7129,.F.);
#9436=ORIENTED_EDGE('',*,*,#7130,.F.);
#9437=ORIENTED_EDGE('',*,*,#7131,.F.);
#9438=ORIENTED_EDGE('',*,*,#7132,.F.);
#9439=ORIENTED_EDGE('',*,*,#7133,.F.);
#9440=ORIENTED_EDGE('',*,*,#7134,.F.);
#9441=ORIENTED_EDGE('',*,*,#7135,.F.);
#9442=ORIENTED_EDGE('',*,*,#7136,.F.);
#9443=ORIENTED_EDGE('',*,*,#7137,.F.);
#9444=ORIENTED_EDGE('',*,*,#7138,.F.);
#9445=ORIENTED_EDGE('',*,*,#7139,.F.);
#9446=ORIENTED_EDGE('',*,*,#7140,.F.);
#9447=ORIENTED_EDGE('',*,*,#7141,.F.);
#9448=ORIENTED_EDGE('',*,*,#7142,.F.);
#9449=ORIENTED_EDGE('',*,*,#7143,.F.);
#9450=ORIENTED_EDGE('',*,*,#7144,.F.);
#9451=ORIENTED_EDGE('',*,*,#7145,.F.);
#9452=ORIENTED_EDGE('',*,*,#7146,.F.);
#9453=ORIENTED_EDGE('',*,*,#7147,.F.);
#9454=ORIENTED_EDGE('',*,*,#7148,.F.);
#9455=ORIENTED_EDGE('',*,*,#7149,.F.);
#9456=ORIENTED_EDGE('',*,*,#7150,.F.);
#9457=ORIENTED_EDGE('',*,*,#7151,.F.);
#9458=ORIENTED_EDGE('',*,*,#7152,.F.);
#9459=ORIENTED_EDGE('',*,*,#7153,.F.);
#9460=ORIENTED_EDGE('',*,*,#7154,.F.);
#9461=ORIENTED_EDGE('',*,*,#7155,.F.);
#9462=ORIENTED_EDGE('',*,*,#7156,.F.);
#9463=ORIENTED_EDGE('',*,*,#7157,.F.);
#9464=ORIENTED_EDGE('',*,*,#7158,.F.);
#9465=ORIENTED_EDGE('',*,*,#7159,.F.);
#9466=ORIENTED_EDGE('',*,*,#7160,.F.);
#9467=ORIENTED_EDGE('',*,*,#7161,.F.);
#9468=ORIENTED_EDGE('',*,*,#7162,.F.);
#9469=ORIENTED_EDGE('',*,*,#7163,.F.);
#9470=ORIENTED_EDGE('',*,*,#7164,.F.);
#9471=ORIENTED_EDGE('',*,*,#7165,.F.);
#9472=ORIENTED_EDGE('',*,*,#7166,.F.);
#9473=ORIENTED_EDGE('',*,*,#7167,.F.);
#9474=ORIENTED_EDGE('',*,*,#7168,.F.);
#9475=ORIENTED_EDGE('',*,*,#7169,.F.);
#9476=ORIENTED_EDGE('',*,*,#7170,.F.);
#9477=ORIENTED_EDGE('',*,*,#7171,.F.);
#9478=ORIENTED_EDGE('',*,*,#7172,.F.);
#9479=ORIENTED_EDGE('',*,*,#7173,.F.);
#9480=ORIENTED_EDGE('',*,*,#7174,.F.);
#9481=ORIENTED_EDGE('',*,*,#7175,.F.);
#9482=ORIENTED_EDGE('',*,*,#7176,.F.);
#9483=ORIENTED_EDGE('',*,*,#7177,.F.);
#9484=ORIENTED_EDGE('',*,*,#7178,.F.);
#9485=ORIENTED_EDGE('',*,*,#7179,.F.);
#9486=ORIENTED_EDGE('',*,*,#7180,.F.);
#9487=ORIENTED_EDGE('',*,*,#7181,.F.);
#9488=ORIENTED_EDGE('',*,*,#7182,.F.);
#9489=ORIENTED_EDGE('',*,*,#7183,.F.);
#9490=ORIENTED_EDGE('',*,*,#7184,.F.);
#9491=ORIENTED_EDGE('',*,*,#7185,.F.);
#9492=ORIENTED_EDGE('',*,*,#7186,.F.);
#9493=ORIENTED_EDGE('',*,*,#7187,.F.);
#9494=ORIENTED_EDGE('',*,*,#7188,.F.);
#9495=ORIENTED_EDGE('',*,*,#7189,.F.);
#9496=ORIENTED_EDGE('',*,*,#7190,.F.);
#9497=ORIENTED_EDGE('',*,*,#7191,.F.);
#9498=ORIENTED_EDGE('',*,*,#7192,.F.);
#9499=ORIENTED_EDGE('',*,*,#7193,.F.);
#9500=ORIENTED_EDGE('',*,*,#7194,.F.);
#9501=ORIENTED_EDGE('',*,*,#7195,.F.);
#9502=ORIENTED_EDGE('',*,*,#7196,.F.);
#9503=ORIENTED_EDGE('',*,*,#7197,.F.);
#9504=ORIENTED_EDGE('',*,*,#7198,.F.);
#9505=ORIENTED_EDGE('',*,*,#7199,.F.);
#9506=ORIENTED_EDGE('',*,*,#7200,.F.);
#9507=ORIENTED_EDGE('',*,*,#7201,.F.);
#9508=ORIENTED_EDGE('',*,*,#7202,.F.);
#9509=ORIENTED_EDGE('',*,*,#7203,.F.);
#9510=ORIENTED_EDGE('',*,*,#7204,.F.);
#9511=ORIENTED_EDGE('',*,*,#7205,.F.);
#9512=ORIENTED_EDGE('',*,*,#7206,.F.);
#9513=ORIENTED_EDGE('',*,*,#7207,.F.);
#9514=ORIENTED_EDGE('',*,*,#7208,.F.);
#9515=ORIENTED_EDGE('',*,*,#7209,.F.);
#9516=ORIENTED_EDGE('',*,*,#7210,.F.);
#9517=ORIENTED_EDGE('',*,*,#7211,.F.);
#9518=ORIENTED_EDGE('',*,*,#7212,.F.);
#9519=ORIENTED_EDGE('',*,*,#7213,.F.);
#9520=ORIENTED_EDGE('',*,*,#7214,.F.);
#9521=ORIENTED_EDGE('',*,*,#7215,.F.);
#9522=ORIENTED_EDGE('',*,*,#7216,.F.);
#9523=ORIENTED_EDGE('',*,*,#7217,.F.);
#9524=ORIENTED_EDGE('',*,*,#7218,.F.);
#9525=ORIENTED_EDGE('',*,*,#7219,.F.);
#9526=ORIENTED_EDGE('',*,*,#7220,.F.);
#9527=ORIENTED_EDGE('',*,*,#7221,.F.);
#9528=ORIENTED_EDGE('',*,*,#7222,.F.);
#9529=ORIENTED_EDGE('',*,*,#7223,.F.);
#9530=ORIENTED_EDGE('',*,*,#7224,.F.);
#9531=ORIENTED_EDGE('',*,*,#7225,.F.);
#9532=ORIENTED_EDGE('',*,*,#7226,.F.);
#9533=ORIENTED_EDGE('',*,*,#7227,.F.);
#9534=ORIENTED_EDGE('',*,*,#7228,.F.);
#9535=ORIENTED_EDGE('',*,*,#7229,.F.);
#9536=ORIENTED_EDGE('',*,*,#7230,.F.);
#9537=ORIENTED_EDGE('',*,*,#7231,.F.);
#9538=ORIENTED_EDGE('',*,*,#7232,.F.);
#9539=ORIENTED_EDGE('',*,*,#7233,.F.);
#9540=ORIENTED_EDGE('',*,*,#7234,.F.);
#9541=ORIENTED_EDGE('',*,*,#7235,.F.);
#9542=ORIENTED_EDGE('',*,*,#7236,.F.);
#9543=ORIENTED_EDGE('',*,*,#7237,.F.);
#9544=ORIENTED_EDGE('',*,*,#7238,.F.);
#9545=ORIENTED_EDGE('',*,*,#7239,.F.);
#9546=ORIENTED_EDGE('',*,*,#7240,.F.);
#9547=ORIENTED_EDGE('',*,*,#7241,.F.);
#9548=ORIENTED_EDGE('',*,*,#7242,.F.);
#9549=ORIENTED_EDGE('',*,*,#7243,.F.);
#9550=ORIENTED_EDGE('',*,*,#7244,.F.);
#9551=ORIENTED_EDGE('',*,*,#7245,.F.);
#9552=ORIENTED_EDGE('',*,*,#7246,.F.);
#9553=ORIENTED_EDGE('',*,*,#7247,.F.);
#9554=ORIENTED_EDGE('',*,*,#7248,.F.);
#9555=ORIENTED_EDGE('',*,*,#7249,.F.);
#9556=ORIENTED_EDGE('',*,*,#7250,.F.);
#9557=ORIENTED_EDGE('',*,*,#7251,.F.);
#9558=ORIENTED_EDGE('',*,*,#7252,.F.);
#9559=ORIENTED_EDGE('',*,*,#7253,.F.);
#9560=ORIENTED_EDGE('',*,*,#7254,.F.);
#9561=ORIENTED_EDGE('',*,*,#7255,.F.);
#9562=ORIENTED_EDGE('',*,*,#7256,.F.);
#9563=ORIENTED_EDGE('',*,*,#7257,.F.);
#9564=ORIENTED_EDGE('',*,*,#7258,.F.);
#9565=ORIENTED_EDGE('',*,*,#7259,.F.);
#9566=ORIENTED_EDGE('',*,*,#7260,.F.);
#9567=ORIENTED_EDGE('',*,*,#7261,.F.);
#9568=ORIENTED_EDGE('',*,*,#7262,.F.);
#9569=ORIENTED_EDGE('',*,*,#7263,.F.);
#9570=ORIENTED_EDGE('',*,*,#7264,.F.);
#9571=ORIENTED_EDGE('',*,*,#7265,.F.);
#9572=ORIENTED_EDGE('',*,*,#7266,.F.);
#9573=ORIENTED_EDGE('',*,*,#7267,.F.);
#9574=ORIENTED_EDGE('',*,*,#7268,.F.);
#9575=ORIENTED_EDGE('',*,*,#7269,.F.);
#9576=ORIENTED_EDGE('',*,*,#7270,.F.);
#9577=ORIENTED_EDGE('',*,*,#7271,.F.);
#9578=ORIENTED_EDGE('',*,*,#7272,.F.);
#9579=ORIENTED_EDGE('',*,*,#7273,.F.);
#9580=ORIENTED_EDGE('',*,*,#7274,.F.);
#9581=ORIENTED_EDGE('',*,*,#7275,.F.);
#9582=ORIENTED_EDGE('',*,*,#7276,.F.);
#9583=ORIENTED_EDGE('',*,*,#7277,.F.);
#9584=ORIENTED_EDGE('',*,*,#7278,.F.);
#9585=ORIENTED_EDGE('',*,*,#7279,.F.);
#9586=ORIENTED_EDGE('',*,*,#7280,.F.);
#9587=ORIENTED_EDGE('',*,*,#7281,.F.);
#9588=ORIENTED_EDGE('',*,*,#7282,.F.);
#9589=ORIENTED_EDGE('',*,*,#7283,.F.);
#9590=ORIENTED_EDGE('',*,*,#7284,.F.);
#9591=ORIENTED_EDGE('',*,*,#7285,.F.);
#9592=ORIENTED_EDGE('',*,*,#7286,.F.);
#9593=ORIENTED_EDGE('',*,*,#7287,.F.);
#9594=ORIENTED_EDGE('',*,*,#7288,.F.);
#9595=ORIENTED_EDGE('',*,*,#7289,.F.);
#9596=ORIENTED_EDGE('',*,*,#7290,.F.);
#9597=ORIENTED_EDGE('',*,*,#7291,.F.);
#9598=ORIENTED_EDGE('',*,*,#7292,.F.);
#9599=ORIENTED_EDGE('',*,*,#7293,.F.);
#9600=ORIENTED_EDGE('',*,*,#7294,.F.);
#9601=ORIENTED_EDGE('',*,*,#7295,.F.);
#9602=ORIENTED_EDGE('',*,*,#7296,.F.);
#9603=ORIENTED_EDGE('',*,*,#7297,.F.);
#9604=ORIENTED_EDGE('',*,*,#7298,.F.);
#9605=ORIENTED_EDGE('',*,*,#7299,.F.);
#9606=ORIENTED_EDGE('',*,*,#7300,.F.);
#9607=ORIENTED_EDGE('',*,*,#7301,.F.);
#9608=ORIENTED_EDGE('',*,*,#7302,.F.);
#9609=ORIENTED_EDGE('',*,*,#7303,.F.);
#9610=ORIENTED_EDGE('',*,*,#7304,.F.);
#9611=ORIENTED_EDGE('',*,*,#7305,.F.);
#9612=ORIENTED_EDGE('',*,*,#7306,.F.);
#9613=ORIENTED_EDGE('',*,*,#7307,.F.);
#9614=ORIENTED_EDGE('',*,*,#7308,.F.);
#9615=ORIENTED_EDGE('',*,*,#7309,.F.);
#9616=ORIENTED_EDGE('',*,*,#7310,.F.);
#9617=ORIENTED_EDGE('',*,*,#7311,.F.);
#9618=ORIENTED_EDGE('',*,*,#7312,.F.);
#9619=ORIENTED_EDGE('',*,*,#7313,.F.);
#9620=ORIENTED_EDGE('',*,*,#7314,.F.);
#9621=ORIENTED_EDGE('',*,*,#7315,.F.);
#9622=ORIENTED_EDGE('',*,*,#7316,.F.);
#9623=ORIENTED_EDGE('',*,*,#7317,.F.);
#9624=ORIENTED_EDGE('',*,*,#7318,.F.);
#9625=ORIENTED_EDGE('',*,*,#7319,.F.);
#9626=ORIENTED_EDGE('',*,*,#7320,.F.);
#9627=ORIENTED_EDGE('',*,*,#7321,.F.);
#9628=ORIENTED_EDGE('',*,*,#7322,.F.);
#9629=ORIENTED_EDGE('',*,*,#7323,.F.);
#9630=ORIENTED_EDGE('',*,*,#7324,.F.);
#9631=ORIENTED_EDGE('',*,*,#7325,.F.);
#9632=ORIENTED_EDGE('',*,*,#7326,.F.);
#9633=ORIENTED_EDGE('',*,*,#7327,.F.);
#9634=ORIENTED_EDGE('',*,*,#7328,.F.);
#9635=ORIENTED_EDGE('',*,*,#7329,.F.);
#9636=ORIENTED_EDGE('',*,*,#7330,.F.);
#9637=ORIENTED_EDGE('',*,*,#7331,.F.);
#9638=ORIENTED_EDGE('',*,*,#7332,.F.);
#9639=ORIENTED_EDGE('',*,*,#7333,.F.);
#9640=ORIENTED_EDGE('',*,*,#7334,.F.);
#9641=ORIENTED_EDGE('',*,*,#7335,.F.);
#9642=ORIENTED_EDGE('',*,*,#7336,.F.);
#9643=ORIENTED_EDGE('',*,*,#7337,.F.);
#9644=ORIENTED_EDGE('',*,*,#7338,.F.);
#9645=ORIENTED_EDGE('',*,*,#7339,.F.);
#9646=ORIENTED_EDGE('',*,*,#7340,.F.);
#9647=ORIENTED_EDGE('',*,*,#7341,.F.);
#9648=ORIENTED_EDGE('',*,*,#7342,.F.);
#9649=ORIENTED_EDGE('',*,*,#7343,.F.);
#9650=ORIENTED_EDGE('',*,*,#7344,.F.);
#9651=ORIENTED_EDGE('',*,*,#7345,.F.);
#9652=ORIENTED_EDGE('',*,*,#7346,.F.);
#9653=ORIENTED_EDGE('',*,*,#7347,.F.);
#9654=ORIENTED_EDGE('',*,*,#7348,.F.);
#9655=ORIENTED_EDGE('',*,*,#7349,.F.);
#9656=ORIENTED_EDGE('',*,*,#7350,.F.);
#9657=ORIENTED_EDGE('',*,*,#7346,.T.);
#9658=ORIENTED_EDGE('',*,*,#7351,.T.);
#9659=ORIENTED_EDGE('',*,*,#6446,.F.);
#9660=ORIENTED_EDGE('',*,*,#7352,.F.);
#9661=ORIENTED_EDGE('',*,*,#7345,.T.);
#9662=ORIENTED_EDGE('',*,*,#7353,.T.);
#9663=ORIENTED_EDGE('',*,*,#6447,.F.);
#9664=ORIENTED_EDGE('',*,*,#7351,.F.);
#9665=ORIENTED_EDGE('',*,*,#7350,.T.);
#9666=ORIENTED_EDGE('',*,*,#7354,.T.);
#9667=ORIENTED_EDGE('',*,*,#6448,.F.);
#9668=ORIENTED_EDGE('',*,*,#7353,.F.);
#9669=ORIENTED_EDGE('',*,*,#7340,.T.);
#9670=ORIENTED_EDGE('',*,*,#7355,.T.);
#9671=ORIENTED_EDGE('',*,*,#6574,.F.);
#9672=ORIENTED_EDGE('',*,*,#7356,.F.);
#9673=ORIENTED_EDGE('',*,*,#7339,.T.);
#9674=ORIENTED_EDGE('',*,*,#7357,.T.);
#9675=ORIENTED_EDGE('',*,*,#6575,.F.);
#9676=ORIENTED_EDGE('',*,*,#7355,.F.);
#9677=ORIENTED_EDGE('',*,*,#7344,.T.);
#9678=ORIENTED_EDGE('',*,*,#7358,.T.);
#9679=ORIENTED_EDGE('',*,*,#6576,.F.);
#9680=ORIENTED_EDGE('',*,*,#7357,.F.);
#9681=ORIENTED_EDGE('',*,*,#7334,.T.);
#9682=ORIENTED_EDGE('',*,*,#7359,.T.);
#9683=ORIENTED_EDGE('',*,*,#6434,.F.);
#9684=ORIENTED_EDGE('',*,*,#7360,.F.);
#9685=ORIENTED_EDGE('',*,*,#7333,.T.);
#9686=ORIENTED_EDGE('',*,*,#7361,.T.);
#9687=ORIENTED_EDGE('',*,*,#6435,.F.);
#9688=ORIENTED_EDGE('',*,*,#7359,.F.);
#9689=ORIENTED_EDGE('',*,*,#7338,.T.);
#9690=ORIENTED_EDGE('',*,*,#7362,.T.);
#9691=ORIENTED_EDGE('',*,*,#6436,.F.);
#9692=ORIENTED_EDGE('',*,*,#7361,.F.);
#9693=ORIENTED_EDGE('',*,*,#7328,.T.);
#9694=ORIENTED_EDGE('',*,*,#7363,.T.);
#9695=ORIENTED_EDGE('',*,*,#6465,.F.);
#9696=ORIENTED_EDGE('',*,*,#7364,.F.);
#9697=ORIENTED_EDGE('',*,*,#7327,.T.);
#9698=ORIENTED_EDGE('',*,*,#7365,.T.);
#9699=ORIENTED_EDGE('',*,*,#6466,.F.);
#9700=ORIENTED_EDGE('',*,*,#7363,.F.);
#9701=ORIENTED_EDGE('',*,*,#7332,.T.);
#9702=ORIENTED_EDGE('',*,*,#7366,.T.);
#9703=ORIENTED_EDGE('',*,*,#6467,.F.);
#9704=ORIENTED_EDGE('',*,*,#7365,.F.);
#9705=ORIENTED_EDGE('',*,*,#7322,.T.);
#9706=ORIENTED_EDGE('',*,*,#7367,.T.);
#9707=ORIENTED_EDGE('',*,*,#6776,.F.);
#9708=ORIENTED_EDGE('',*,*,#7368,.F.);
#9709=ORIENTED_EDGE('',*,*,#7321,.T.);
#9710=ORIENTED_EDGE('',*,*,#7369,.T.);
#9711=ORIENTED_EDGE('',*,*,#6777,.F.);
#9712=ORIENTED_EDGE('',*,*,#7367,.F.);
#9713=ORIENTED_EDGE('',*,*,#7326,.T.);
#9714=ORIENTED_EDGE('',*,*,#7370,.T.);
#9715=ORIENTED_EDGE('',*,*,#6778,.F.);
#9716=ORIENTED_EDGE('',*,*,#7369,.F.);
#9717=ORIENTED_EDGE('',*,*,#7316,.T.);
#9718=ORIENTED_EDGE('',*,*,#7371,.T.);
#9719=ORIENTED_EDGE('',*,*,#6525,.F.);
#9720=ORIENTED_EDGE('',*,*,#7372,.F.);
#9721=ORIENTED_EDGE('',*,*,#7315,.T.);
#9722=ORIENTED_EDGE('',*,*,#7373,.T.);
#9723=ORIENTED_EDGE('',*,*,#6526,.F.);
#9724=ORIENTED_EDGE('',*,*,#7371,.F.);
#9725=ORIENTED_EDGE('',*,*,#7320,.T.);
#9726=ORIENTED_EDGE('',*,*,#7374,.T.);
#9727=ORIENTED_EDGE('',*,*,#6527,.F.);
#9728=ORIENTED_EDGE('',*,*,#7373,.F.);
#9729=ORIENTED_EDGE('',*,*,#7310,.T.);
#9730=ORIENTED_EDGE('',*,*,#7375,.T.);
#9731=ORIENTED_EDGE('',*,*,#6459,.F.);
#9732=ORIENTED_EDGE('',*,*,#7376,.F.);
#9733=ORIENTED_EDGE('',*,*,#7309,.T.);
#9734=ORIENTED_EDGE('',*,*,#7377,.T.);
#9735=ORIENTED_EDGE('',*,*,#6460,.F.);
#9736=ORIENTED_EDGE('',*,*,#7375,.F.);
#9737=ORIENTED_EDGE('',*,*,#7314,.T.);
#9738=ORIENTED_EDGE('',*,*,#7378,.T.);
#9739=ORIENTED_EDGE('',*,*,#6461,.F.);
#9740=ORIENTED_EDGE('',*,*,#7377,.F.);
#9741=ORIENTED_EDGE('',*,*,#7304,.T.);
#9742=ORIENTED_EDGE('',*,*,#7379,.T.);
#9743=ORIENTED_EDGE('',*,*,#6550,.F.);
#9744=ORIENTED_EDGE('',*,*,#7380,.F.);
#9745=ORIENTED_EDGE('',*,*,#7303,.T.);
#9746=ORIENTED_EDGE('',*,*,#7381,.T.);
#9747=ORIENTED_EDGE('',*,*,#6551,.F.);
#9748=ORIENTED_EDGE('',*,*,#7379,.F.);
#9749=ORIENTED_EDGE('',*,*,#7308,.T.);
#9750=ORIENTED_EDGE('',*,*,#7382,.T.);
#9751=ORIENTED_EDGE('',*,*,#6552,.F.);
#9752=ORIENTED_EDGE('',*,*,#7381,.F.);
#9753=ORIENTED_EDGE('',*,*,#7298,.T.);
#9754=ORIENTED_EDGE('',*,*,#7383,.T.);
#9755=ORIENTED_EDGE('',*,*,#6415,.F.);
#9756=ORIENTED_EDGE('',*,*,#7384,.F.);
#9757=ORIENTED_EDGE('',*,*,#7297,.T.);
#9758=ORIENTED_EDGE('',*,*,#7385,.T.);
#9759=ORIENTED_EDGE('',*,*,#6416,.F.);
#9760=ORIENTED_EDGE('',*,*,#7383,.F.);
#9761=ORIENTED_EDGE('',*,*,#7302,.T.);
#9762=ORIENTED_EDGE('',*,*,#7386,.T.);
#9763=ORIENTED_EDGE('',*,*,#6417,.F.);
#9764=ORIENTED_EDGE('',*,*,#7385,.F.);
#9765=ORIENTED_EDGE('',*,*,#7292,.T.);
#9766=ORIENTED_EDGE('',*,*,#7387,.T.);
#9767=ORIENTED_EDGE('',*,*,#6600,.F.);
#9768=ORIENTED_EDGE('',*,*,#7388,.F.);
#9769=ORIENTED_EDGE('',*,*,#7291,.T.);
#9770=ORIENTED_EDGE('',*,*,#7389,.T.);
#9771=ORIENTED_EDGE('',*,*,#6601,.F.);
#9772=ORIENTED_EDGE('',*,*,#7387,.F.);
#9773=ORIENTED_EDGE('',*,*,#7296,.T.);
#9774=ORIENTED_EDGE('',*,*,#7390,.T.);
#9775=ORIENTED_EDGE('',*,*,#6602,.F.);
#9776=ORIENTED_EDGE('',*,*,#7389,.F.);
#9777=ORIENTED_EDGE('',*,*,#7286,.T.);
#9778=ORIENTED_EDGE('',*,*,#7391,.T.);
#9779=ORIENTED_EDGE('',*,*,#6398,.F.);
#9780=ORIENTED_EDGE('',*,*,#7392,.F.);
#9781=ORIENTED_EDGE('',*,*,#7285,.T.);
#9782=ORIENTED_EDGE('',*,*,#7393,.T.);
#9783=ORIENTED_EDGE('',*,*,#6399,.F.);
#9784=ORIENTED_EDGE('',*,*,#7391,.F.);
#9785=ORIENTED_EDGE('',*,*,#7290,.T.);
#9786=ORIENTED_EDGE('',*,*,#7394,.T.);
#9787=ORIENTED_EDGE('',*,*,#6400,.F.);
#9788=ORIENTED_EDGE('',*,*,#7393,.F.);
#9789=ORIENTED_EDGE('',*,*,#7280,.T.);
#9790=ORIENTED_EDGE('',*,*,#7395,.T.);
#9791=ORIENTED_EDGE('',*,*,#6758,.F.);
#9792=ORIENTED_EDGE('',*,*,#7396,.F.);
#9793=ORIENTED_EDGE('',*,*,#7279,.T.);
#9794=ORIENTED_EDGE('',*,*,#7397,.T.);
#9795=ORIENTED_EDGE('',*,*,#6759,.F.);
#9796=ORIENTED_EDGE('',*,*,#7395,.F.);
#9797=ORIENTED_EDGE('',*,*,#7284,.T.);
#9798=ORIENTED_EDGE('',*,*,#7398,.T.);
#9799=ORIENTED_EDGE('',*,*,#6760,.F.);
#9800=ORIENTED_EDGE('',*,*,#7397,.F.);
#9801=ORIENTED_EDGE('',*,*,#7274,.T.);
#9802=ORIENTED_EDGE('',*,*,#7399,.T.);
#9803=ORIENTED_EDGE('',*,*,#6708,.F.);
#9804=ORIENTED_EDGE('',*,*,#7400,.F.);
#9805=ORIENTED_EDGE('',*,*,#7273,.T.);
#9806=ORIENTED_EDGE('',*,*,#7401,.T.);
#9807=ORIENTED_EDGE('',*,*,#6709,.F.);
#9808=ORIENTED_EDGE('',*,*,#7399,.F.);
#9809=ORIENTED_EDGE('',*,*,#7278,.T.);
#9810=ORIENTED_EDGE('',*,*,#7402,.T.);
#9811=ORIENTED_EDGE('',*,*,#6710,.F.);
#9812=ORIENTED_EDGE('',*,*,#7401,.F.);
#9813=ORIENTED_EDGE('',*,*,#7268,.T.);
#9814=ORIENTED_EDGE('',*,*,#7403,.T.);
#9815=ORIENTED_EDGE('',*,*,#6668,.F.);
#9816=ORIENTED_EDGE('',*,*,#7404,.F.);
#9817=ORIENTED_EDGE('',*,*,#7267,.T.);
#9818=ORIENTED_EDGE('',*,*,#7405,.T.);
#9819=ORIENTED_EDGE('',*,*,#6669,.F.);
#9820=ORIENTED_EDGE('',*,*,#7403,.F.);
#9821=ORIENTED_EDGE('',*,*,#7272,.T.);
#9822=ORIENTED_EDGE('',*,*,#7406,.T.);
#9823=ORIENTED_EDGE('',*,*,#6670,.F.);
#9824=ORIENTED_EDGE('',*,*,#7405,.F.);
#9825=ORIENTED_EDGE('',*,*,#7262,.T.);
#9826=ORIENTED_EDGE('',*,*,#7407,.T.);
#9827=ORIENTED_EDGE('',*,*,#6739,.F.);
#9828=ORIENTED_EDGE('',*,*,#7408,.F.);
#9829=ORIENTED_EDGE('',*,*,#7261,.T.);
#9830=ORIENTED_EDGE('',*,*,#7409,.T.);
#9831=ORIENTED_EDGE('',*,*,#6740,.F.);
#9832=ORIENTED_EDGE('',*,*,#7407,.F.);
#9833=ORIENTED_EDGE('',*,*,#7266,.T.);
#9834=ORIENTED_EDGE('',*,*,#7410,.T.);
#9835=ORIENTED_EDGE('',*,*,#6741,.F.);
#9836=ORIENTED_EDGE('',*,*,#7409,.F.);
#9837=ORIENTED_EDGE('',*,*,#7256,.T.);
#9838=ORIENTED_EDGE('',*,*,#7411,.T.);
#9839=ORIENTED_EDGE('',*,*,#6687,.F.);
#9840=ORIENTED_EDGE('',*,*,#7412,.F.);
#9841=ORIENTED_EDGE('',*,*,#7255,.T.);
#9842=ORIENTED_EDGE('',*,*,#7413,.T.);
#9843=ORIENTED_EDGE('',*,*,#6688,.F.);
#9844=ORIENTED_EDGE('',*,*,#7411,.F.);
#9845=ORIENTED_EDGE('',*,*,#7260,.T.);
#9846=ORIENTED_EDGE('',*,*,#7414,.T.);
#9847=ORIENTED_EDGE('',*,*,#6689,.F.);
#9848=ORIENTED_EDGE('',*,*,#7413,.F.);
#9849=ORIENTED_EDGE('',*,*,#7250,.T.);
#9850=ORIENTED_EDGE('',*,*,#7415,.T.);
#9851=ORIENTED_EDGE('',*,*,#6644,.F.);
#9852=ORIENTED_EDGE('',*,*,#7416,.F.);
#9853=ORIENTED_EDGE('',*,*,#7249,.T.);
#9854=ORIENTED_EDGE('',*,*,#7417,.T.);
#9855=ORIENTED_EDGE('',*,*,#6645,.F.);
#9856=ORIENTED_EDGE('',*,*,#7415,.F.);
#9857=ORIENTED_EDGE('',*,*,#7254,.T.);
#9858=ORIENTED_EDGE('',*,*,#7418,.T.);
#9859=ORIENTED_EDGE('',*,*,#6646,.F.);
#9860=ORIENTED_EDGE('',*,*,#7417,.F.);
#9861=ORIENTED_EDGE('',*,*,#7244,.T.);
#9862=ORIENTED_EDGE('',*,*,#7419,.T.);
#9863=ORIENTED_EDGE('',*,*,#6440,.F.);
#9864=ORIENTED_EDGE('',*,*,#7420,.F.);
#9865=ORIENTED_EDGE('',*,*,#7243,.T.);
#9866=ORIENTED_EDGE('',*,*,#7421,.T.);
#9867=ORIENTED_EDGE('',*,*,#6441,.F.);
#9868=ORIENTED_EDGE('',*,*,#7419,.F.);
#9869=ORIENTED_EDGE('',*,*,#7248,.T.);
#9870=ORIENTED_EDGE('',*,*,#7422,.T.);
#9871=ORIENTED_EDGE('',*,*,#6442,.F.);
#9872=ORIENTED_EDGE('',*,*,#7421,.F.);
#9873=ORIENTED_EDGE('',*,*,#7238,.T.);
#9874=ORIENTED_EDGE('',*,*,#7423,.T.);
#9875=ORIENTED_EDGE('',*,*,#6752,.F.);
#9876=ORIENTED_EDGE('',*,*,#7424,.F.);
#9877=ORIENTED_EDGE('',*,*,#7237,.T.);
#9878=ORIENTED_EDGE('',*,*,#7425,.T.);
#9879=ORIENTED_EDGE('',*,*,#6753,.F.);
#9880=ORIENTED_EDGE('',*,*,#7423,.F.);
#9881=ORIENTED_EDGE('',*,*,#7242,.T.);
#9882=ORIENTED_EDGE('',*,*,#7426,.T.);
#9883=ORIENTED_EDGE('',*,*,#6754,.F.);
#9884=ORIENTED_EDGE('',*,*,#7425,.F.);
#9885=ORIENTED_EDGE('',*,*,#7232,.T.);
#9886=ORIENTED_EDGE('',*,*,#7427,.T.);
#9887=ORIENTED_EDGE('',*,*,#6726,.F.);
#9888=ORIENTED_EDGE('',*,*,#7428,.F.);
#9889=ORIENTED_EDGE('',*,*,#7231,.T.);
#9890=ORIENTED_EDGE('',*,*,#7429,.T.);
#9891=ORIENTED_EDGE('',*,*,#6727,.F.);
#9892=ORIENTED_EDGE('',*,*,#7427,.F.);
#9893=ORIENTED_EDGE('',*,*,#7236,.T.);
#9894=ORIENTED_EDGE('',*,*,#7430,.T.);
#9895=ORIENTED_EDGE('',*,*,#6728,.F.);
#9896=ORIENTED_EDGE('',*,*,#7429,.F.);
#9897=ORIENTED_EDGE('',*,*,#7226,.T.);
#9898=ORIENTED_EDGE('',*,*,#7431,.T.);
#9899=ORIENTED_EDGE('',*,*,#6512,.F.);
#9900=ORIENTED_EDGE('',*,*,#7432,.F.);
#9901=ORIENTED_EDGE('',*,*,#7225,.T.);
#9902=ORIENTED_EDGE('',*,*,#7433,.T.);
#9903=ORIENTED_EDGE('',*,*,#6513,.F.);
#9904=ORIENTED_EDGE('',*,*,#7431,.F.);
#9905=ORIENTED_EDGE('',*,*,#7230,.T.);
#9906=ORIENTED_EDGE('',*,*,#7434,.T.);
#9907=ORIENTED_EDGE('',*,*,#6514,.F.);
#9908=ORIENTED_EDGE('',*,*,#7433,.F.);
#9909=ORIENTED_EDGE('',*,*,#7220,.T.);
#9910=ORIENTED_EDGE('',*,*,#7435,.T.);
#9911=ORIENTED_EDGE('',*,*,#6631,.F.);
#9912=ORIENTED_EDGE('',*,*,#7436,.F.);
#9913=ORIENTED_EDGE('',*,*,#7219,.T.);
#9914=ORIENTED_EDGE('',*,*,#7437,.T.);
#9915=ORIENTED_EDGE('',*,*,#6632,.F.);
#9916=ORIENTED_EDGE('',*,*,#7435,.F.);
#9917=ORIENTED_EDGE('',*,*,#7224,.T.);
#9918=ORIENTED_EDGE('',*,*,#7438,.T.);
#9919=ORIENTED_EDGE('',*,*,#6633,.F.);
#9920=ORIENTED_EDGE('',*,*,#7437,.F.);
#9921=ORIENTED_EDGE('',*,*,#7214,.T.);
#9922=ORIENTED_EDGE('',*,*,#7439,.T.);
#9923=ORIENTED_EDGE('',*,*,#6656,.F.);
#9924=ORIENTED_EDGE('',*,*,#7440,.F.);
#9925=ORIENTED_EDGE('',*,*,#7213,.T.);
#9926=ORIENTED_EDGE('',*,*,#7441,.T.);
#9927=ORIENTED_EDGE('',*,*,#6657,.F.);
#9928=ORIENTED_EDGE('',*,*,#7439,.F.);
#9929=ORIENTED_EDGE('',*,*,#7218,.T.);
#9930=ORIENTED_EDGE('',*,*,#7442,.T.);
#9931=ORIENTED_EDGE('',*,*,#6658,.F.);
#9932=ORIENTED_EDGE('',*,*,#7441,.F.);
#9933=ORIENTED_EDGE('',*,*,#7208,.T.);
#9934=ORIENTED_EDGE('',*,*,#7443,.T.);
#9935=ORIENTED_EDGE('',*,*,#6562,.F.);
#9936=ORIENTED_EDGE('',*,*,#7444,.F.);
#9937=ORIENTED_EDGE('',*,*,#7207,.T.);
#9938=ORIENTED_EDGE('',*,*,#7445,.T.);
#9939=ORIENTED_EDGE('',*,*,#6563,.F.);
#9940=ORIENTED_EDGE('',*,*,#7443,.F.);
#9941=ORIENTED_EDGE('',*,*,#7212,.T.);
#9942=ORIENTED_EDGE('',*,*,#7446,.T.);
#9943=ORIENTED_EDGE('',*,*,#6564,.F.);
#9944=ORIENTED_EDGE('',*,*,#7445,.F.);
#9945=ORIENTED_EDGE('',*,*,#7202,.T.);
#9946=ORIENTED_EDGE('',*,*,#7447,.T.);
#9947=ORIENTED_EDGE('',*,*,#6421,.F.);
#9948=ORIENTED_EDGE('',*,*,#7448,.F.);
#9949=ORIENTED_EDGE('',*,*,#7201,.T.);
#9950=ORIENTED_EDGE('',*,*,#7449,.T.);
#9951=ORIENTED_EDGE('',*,*,#6422,.F.);
#9952=ORIENTED_EDGE('',*,*,#7447,.F.);
#9953=ORIENTED_EDGE('',*,*,#7206,.T.);
#9954=ORIENTED_EDGE('',*,*,#7450,.T.);
#9955=ORIENTED_EDGE('',*,*,#6423,.F.);
#9956=ORIENTED_EDGE('',*,*,#7449,.F.);
#9957=ORIENTED_EDGE('',*,*,#7196,.T.);
#9958=ORIENTED_EDGE('',*,*,#7451,.T.);
#9959=ORIENTED_EDGE('',*,*,#6538,.F.);
#9960=ORIENTED_EDGE('',*,*,#7452,.F.);
#9961=ORIENTED_EDGE('',*,*,#7195,.T.);
#9962=ORIENTED_EDGE('',*,*,#7453,.T.);
#9963=ORIENTED_EDGE('',*,*,#6539,.F.);
#9964=ORIENTED_EDGE('',*,*,#7451,.F.);
#9965=ORIENTED_EDGE('',*,*,#7200,.T.);
#9966=ORIENTED_EDGE('',*,*,#7454,.T.);
#9967=ORIENTED_EDGE('',*,*,#6540,.F.);
#9968=ORIENTED_EDGE('',*,*,#7453,.F.);
#9969=ORIENTED_EDGE('',*,*,#7190,.T.);
#9970=ORIENTED_EDGE('',*,*,#7455,.T.);
#9971=ORIENTED_EDGE('',*,*,#6625,.F.);
#9972=ORIENTED_EDGE('',*,*,#7456,.F.);
#9973=ORIENTED_EDGE('',*,*,#7189,.T.);
#9974=ORIENTED_EDGE('',*,*,#7457,.T.);
#9975=ORIENTED_EDGE('',*,*,#6626,.F.);
#9976=ORIENTED_EDGE('',*,*,#7455,.F.);
#9977=ORIENTED_EDGE('',*,*,#7194,.T.);
#9978=ORIENTED_EDGE('',*,*,#7458,.T.);
#9979=ORIENTED_EDGE('',*,*,#6627,.F.);
#9980=ORIENTED_EDGE('',*,*,#7457,.F.);
#9981=ORIENTED_EDGE('',*,*,#7184,.T.);
#9982=ORIENTED_EDGE('',*,*,#7459,.T.);
#9983=ORIENTED_EDGE('',*,*,#6720,.F.);
#9984=ORIENTED_EDGE('',*,*,#7460,.F.);
#9985=ORIENTED_EDGE('',*,*,#7183,.T.);
#9986=ORIENTED_EDGE('',*,*,#7461,.T.);
#9987=ORIENTED_EDGE('',*,*,#6721,.F.);
#9988=ORIENTED_EDGE('',*,*,#7459,.F.);
#9989=ORIENTED_EDGE('',*,*,#7188,.T.);
#9990=ORIENTED_EDGE('',*,*,#7462,.T.);
#9991=ORIENTED_EDGE('',*,*,#6722,.F.);
#9992=ORIENTED_EDGE('',*,*,#7461,.F.);
#9993=ORIENTED_EDGE('',*,*,#7178,.T.);
#9994=ORIENTED_EDGE('',*,*,#7463,.T.);
#9995=ORIENTED_EDGE('',*,*,#6568,.F.);
#9996=ORIENTED_EDGE('',*,*,#7464,.F.);
#9997=ORIENTED_EDGE('',*,*,#7177,.T.);
#9998=ORIENTED_EDGE('',*,*,#7465,.T.);
#9999=ORIENTED_EDGE('',*,*,#6569,.F.);
#10000=ORIENTED_EDGE('',*,*,#7463,.F.);
#10001=ORIENTED_EDGE('',*,*,#7182,.T.);
#10002=ORIENTED_EDGE('',*,*,#7466,.T.);
#10003=ORIENTED_EDGE('',*,*,#6570,.F.);
#10004=ORIENTED_EDGE('',*,*,#7465,.F.);
#10005=ORIENTED_EDGE('',*,*,#7172,.T.);
#10006=ORIENTED_EDGE('',*,*,#7467,.T.);
#10007=ORIENTED_EDGE('',*,*,#6681,.F.);
#10008=ORIENTED_EDGE('',*,*,#7468,.F.);
#10009=ORIENTED_EDGE('',*,*,#7171,.T.);
#10010=ORIENTED_EDGE('',*,*,#7469,.T.);
#10011=ORIENTED_EDGE('',*,*,#6682,.F.);
#10012=ORIENTED_EDGE('',*,*,#7467,.F.);
#10013=ORIENTED_EDGE('',*,*,#7176,.T.);
#10014=ORIENTED_EDGE('',*,*,#7470,.T.);
#10015=ORIENTED_EDGE('',*,*,#6683,.F.);
#10016=ORIENTED_EDGE('',*,*,#7469,.F.);
#10017=ORIENTED_EDGE('',*,*,#7166,.T.);
#10018=ORIENTED_EDGE('',*,*,#7471,.T.);
#10019=ORIENTED_EDGE('',*,*,#6556,.F.);
#10020=ORIENTED_EDGE('',*,*,#7472,.F.);
#10021=ORIENTED_EDGE('',*,*,#7165,.T.);
#10022=ORIENTED_EDGE('',*,*,#7473,.T.);
#10023=ORIENTED_EDGE('',*,*,#6557,.F.);
#10024=ORIENTED_EDGE('',*,*,#7471,.F.);
#10025=ORIENTED_EDGE('',*,*,#7170,.T.);
#10026=ORIENTED_EDGE('',*,*,#7474,.T.);
#10027=ORIENTED_EDGE('',*,*,#6558,.F.);
#10028=ORIENTED_EDGE('',*,*,#7473,.F.);
#10029=ORIENTED_EDGE('',*,*,#7160,.T.);
#10030=ORIENTED_EDGE('',*,*,#7475,.T.);
#10031=ORIENTED_EDGE('',*,*,#6544,.F.);
#10032=ORIENTED_EDGE('',*,*,#7476,.F.);
#10033=ORIENTED_EDGE('',*,*,#7159,.T.);
#10034=ORIENTED_EDGE('',*,*,#7477,.T.);
#10035=ORIENTED_EDGE('',*,*,#6545,.F.);
#10036=ORIENTED_EDGE('',*,*,#7475,.F.);
#10037=ORIENTED_EDGE('',*,*,#7164,.T.);
#10038=ORIENTED_EDGE('',*,*,#7478,.T.);
#10039=ORIENTED_EDGE('',*,*,#6546,.F.);
#10040=ORIENTED_EDGE('',*,*,#7477,.F.);
#10041=ORIENTED_EDGE('',*,*,#7154,.T.);
#10042=ORIENTED_EDGE('',*,*,#7479,.T.);
#10043=ORIENTED_EDGE('',*,*,#6662,.F.);
#10044=ORIENTED_EDGE('',*,*,#7480,.F.);
#10045=ORIENTED_EDGE('',*,*,#7153,.T.);
#10046=ORIENTED_EDGE('',*,*,#7481,.T.);
#10047=ORIENTED_EDGE('',*,*,#6663,.F.);
#10048=ORIENTED_EDGE('',*,*,#7479,.F.);
#10049=ORIENTED_EDGE('',*,*,#7158,.T.);
#10050=ORIENTED_EDGE('',*,*,#7482,.T.);
#10051=ORIENTED_EDGE('',*,*,#6664,.F.);
#10052=ORIENTED_EDGE('',*,*,#7481,.F.);
#10053=ORIENTED_EDGE('',*,*,#7148,.T.);
#10054=ORIENTED_EDGE('',*,*,#7483,.T.);
#10055=ORIENTED_EDGE('',*,*,#6506,.F.);
#10056=ORIENTED_EDGE('',*,*,#7484,.F.);
#10057=ORIENTED_EDGE('',*,*,#7147,.T.);
#10058=ORIENTED_EDGE('',*,*,#7485,.T.);
#10059=ORIENTED_EDGE('',*,*,#6507,.F.);
#10060=ORIENTED_EDGE('',*,*,#7483,.F.);
#10061=ORIENTED_EDGE('',*,*,#7152,.T.);
#10062=ORIENTED_EDGE('',*,*,#7486,.T.);
#10063=ORIENTED_EDGE('',*,*,#6508,.F.);
#10064=ORIENTED_EDGE('',*,*,#7485,.F.);
#10065=ORIENTED_EDGE('',*,*,#7142,.T.);
#10066=ORIENTED_EDGE('',*,*,#7487,.T.);
#10067=ORIENTED_EDGE('',*,*,#6714,.F.);
#10068=ORIENTED_EDGE('',*,*,#7488,.F.);
#10069=ORIENTED_EDGE('',*,*,#7141,.T.);
#10070=ORIENTED_EDGE('',*,*,#7489,.T.);
#10071=ORIENTED_EDGE('',*,*,#6715,.F.);
#10072=ORIENTED_EDGE('',*,*,#7487,.F.);
#10073=ORIENTED_EDGE('',*,*,#7146,.T.);
#10074=ORIENTED_EDGE('',*,*,#7490,.T.);
#10075=ORIENTED_EDGE('',*,*,#6716,.F.);
#10076=ORIENTED_EDGE('',*,*,#7489,.F.);
#10077=ORIENTED_EDGE('',*,*,#7136,.T.);
#10078=ORIENTED_EDGE('',*,*,#7491,.T.);
#10079=ORIENTED_EDGE('',*,*,#6782,.F.);
#10080=ORIENTED_EDGE('',*,*,#7492,.F.);
#10081=ORIENTED_EDGE('',*,*,#7135,.T.);
#10082=ORIENTED_EDGE('',*,*,#7493,.T.);
#10083=ORIENTED_EDGE('',*,*,#6783,.F.);
#10084=ORIENTED_EDGE('',*,*,#7491,.F.);
#10085=ORIENTED_EDGE('',*,*,#7140,.T.);
#10086=ORIENTED_EDGE('',*,*,#7494,.T.);
#10087=ORIENTED_EDGE('',*,*,#6784,.F.);
#10088=ORIENTED_EDGE('',*,*,#7493,.F.);
#10089=ORIENTED_EDGE('',*,*,#7130,.T.);
#10090=ORIENTED_EDGE('',*,*,#7495,.T.);
#10091=ORIENTED_EDGE('',*,*,#6650,.F.);
#10092=ORIENTED_EDGE('',*,*,#7496,.F.);
#10093=ORIENTED_EDGE('',*,*,#7129,.T.);
#10094=ORIENTED_EDGE('',*,*,#7497,.T.);
#10095=ORIENTED_EDGE('',*,*,#6651,.F.);
#10096=ORIENTED_EDGE('',*,*,#7495,.F.);
#10097=ORIENTED_EDGE('',*,*,#7134,.T.);
#10098=ORIENTED_EDGE('',*,*,#7498,.T.);
#10099=ORIENTED_EDGE('',*,*,#6652,.F.);
#10100=ORIENTED_EDGE('',*,*,#7497,.F.);
#10101=ORIENTED_EDGE('',*,*,#7104,.T.);
#10102=ORIENTED_EDGE('',*,*,#6908,.T.);
#10103=ORIENTED_EDGE('',*,*,#6769,.F.);
#10104=ORIENTED_EDGE('',*,*,#7499,.F.);
#10105=ORIENTED_EDGE('',*,*,#7103,.T.);
#10106=ORIENTED_EDGE('',*,*,#7500,.T.);
#10107=ORIENTED_EDGE('',*,*,#6407,.F.);
#10108=ORIENTED_EDGE('',*,*,#6910,.F.);
#10109=ORIENTED_EDGE('',*,*,#7102,.T.);
#10110=ORIENTED_EDGE('',*,*,#7501,.T.);
#10111=ORIENTED_EDGE('',*,*,#6408,.F.);
#10112=ORIENTED_EDGE('',*,*,#7500,.F.);
#10113=ORIENTED_EDGE('',*,*,#7101,.T.);
#10114=ORIENTED_EDGE('',*,*,#7502,.T.);
#10115=ORIENTED_EDGE('',*,*,#6409,.F.);
#10116=ORIENTED_EDGE('',*,*,#7501,.F.);
#10117=ORIENTED_EDGE('',*,*,#7106,.T.);
#10118=ORIENTED_EDGE('',*,*,#7503,.T.);
#10119=ORIENTED_EDGE('',*,*,#6772,.F.);
#10120=ORIENTED_EDGE('',*,*,#6973,.F.);
#10121=ORIENTED_EDGE('',*,*,#7100,.T.);
#10122=ORIENTED_EDGE('',*,*,#7504,.T.);
#10123=ORIENTED_EDGE('',*,*,#6410,.F.);
#10124=ORIENTED_EDGE('',*,*,#7502,.F.);
#10125=ORIENTED_EDGE('',*,*,#7107,.T.);
#10126=ORIENTED_EDGE('',*,*,#6971,.T.);
#10127=ORIENTED_EDGE('',*,*,#6609,.F.);
#10128=ORIENTED_EDGE('',*,*,#7505,.F.);
#10129=ORIENTED_EDGE('',*,*,#7099,.T.);
#10130=ORIENTED_EDGE('',*,*,#7506,.T.);
#10131=ORIENTED_EDGE('',*,*,#6411,.F.);
#10132=ORIENTED_EDGE('',*,*,#7504,.F.);
#10133=ORIENTED_EDGE('',*,*,#7098,.T.);
#10134=ORIENTED_EDGE('',*,*,#6911,.T.);
#10135=ORIENTED_EDGE('',*,*,#6405,.F.);
#10136=ORIENTED_EDGE('',*,*,#7506,.F.);
#10137=ORIENTED_EDGE('',*,*,#7097,.T.);
#10138=ORIENTED_EDGE('',*,*,#7507,.T.);
#10139=ORIENTED_EDGE('',*,*,#6617,.F.);
#10140=ORIENTED_EDGE('',*,*,#6913,.F.);
#10141=ORIENTED_EDGE('',*,*,#7096,.T.);
#10142=ORIENTED_EDGE('',*,*,#7508,.T.);
#10143=ORIENTED_EDGE('',*,*,#6618,.F.);
#10144=ORIENTED_EDGE('',*,*,#7507,.F.);
#10145=ORIENTED_EDGE('',*,*,#7111,.T.);
#10146=ORIENTED_EDGE('',*,*,#7509,.T.);
#10147=ORIENTED_EDGE('',*,*,#6611,.F.);
#10148=ORIENTED_EDGE('',*,*,#6970,.F.);
#10149=ORIENTED_EDGE('',*,*,#7095,.T.);
#10150=ORIENTED_EDGE('',*,*,#7510,.T.);
#10151=ORIENTED_EDGE('',*,*,#6619,.F.);
#10152=ORIENTED_EDGE('',*,*,#7508,.F.);
#10153=ORIENTED_EDGE('',*,*,#7112,.T.);
#10154=ORIENTED_EDGE('',*,*,#6968,.T.);
#10155=ORIENTED_EDGE('',*,*,#6402,.F.);
#10156=ORIENTED_EDGE('',*,*,#7511,.F.);
#10157=ORIENTED_EDGE('',*,*,#7094,.T.);
#10158=ORIENTED_EDGE('',*,*,#7512,.T.);
#10159=ORIENTED_EDGE('',*,*,#6620,.F.);
#10160=ORIENTED_EDGE('',*,*,#7510,.F.);
#10161=ORIENTED_EDGE('',*,*,#7093,.T.);
#10162=ORIENTED_EDGE('',*,*,#7513,.T.);
#10163=ORIENTED_EDGE('',*,*,#6621,.F.);
#10164=ORIENTED_EDGE('',*,*,#7512,.F.);
#10165=ORIENTED_EDGE('',*,*,#7092,.T.);
#10166=ORIENTED_EDGE('',*,*,#6914,.T.);
#10167=ORIENTED_EDGE('',*,*,#6615,.F.);
#10168=ORIENTED_EDGE('',*,*,#7513,.F.);
#10169=ORIENTED_EDGE('',*,*,#7114,.T.);
#10170=ORIENTED_EDGE('',*,*,#7514,.T.);
#10171=ORIENTED_EDGE('',*,*,#6404,.F.);
#10172=ORIENTED_EDGE('',*,*,#6967,.F.);
#10173=ORIENTED_EDGE('',*,*,#7115,.T.);
#10174=ORIENTED_EDGE('',*,*,#6965,.T.);
#10175=ORIENTED_EDGE('',*,*,#6605,.F.);
#10176=ORIENTED_EDGE('',*,*,#7515,.F.);
#10177=ORIENTED_EDGE('',*,*,#7091,.T.);
#10178=ORIENTED_EDGE('',*,*,#7516,.T.);
#10179=ORIENTED_EDGE('',*,*,#6763,.F.);
#10180=ORIENTED_EDGE('',*,*,#6916,.F.);
#10181=ORIENTED_EDGE('',*,*,#7090,.T.);
#10182=ORIENTED_EDGE('',*,*,#7517,.T.);
#10183=ORIENTED_EDGE('',*,*,#6764,.F.);
#10184=ORIENTED_EDGE('',*,*,#7516,.F.);
#10185=ORIENTED_EDGE('',*,*,#7089,.T.);
#10186=ORIENTED_EDGE('',*,*,#7518,.T.);
#10187=ORIENTED_EDGE('',*,*,#6765,.F.);
#10188=ORIENTED_EDGE('',*,*,#7517,.F.);
#10189=ORIENTED_EDGE('',*,*,#7088,.T.);
#10190=ORIENTED_EDGE('',*,*,#7519,.T.);
#10191=ORIENTED_EDGE('',*,*,#6766,.F.);
#10192=ORIENTED_EDGE('',*,*,#7518,.F.);
#10193=ORIENTED_EDGE('',*,*,#7087,.T.);
#10194=ORIENTED_EDGE('',*,*,#7520,.T.);
#10195=ORIENTED_EDGE('',*,*,#6767,.F.);
#10196=ORIENTED_EDGE('',*,*,#7519,.F.);
#10197=ORIENTED_EDGE('',*,*,#7119,.T.);
#10198=ORIENTED_EDGE('',*,*,#7521,.T.);
#10199=ORIENTED_EDGE('',*,*,#6607,.F.);
#10200=ORIENTED_EDGE('',*,*,#6964,.F.);
#10201=ORIENTED_EDGE('',*,*,#7086,.T.);
#10202=ORIENTED_EDGE('',*,*,#6917,.T.);
#10203=ORIENTED_EDGE('',*,*,#6761,.F.);
#10204=ORIENTED_EDGE('',*,*,#7520,.F.);
#10205=ORIENTED_EDGE('',*,*,#7120,.T.);
#10206=ORIENTED_EDGE('',*,*,#6962,.T.);
#10207=ORIENTED_EDGE('',*,*,#6385,.F.);
#10208=ORIENTED_EDGE('',*,*,#7522,.F.);
#10209=ORIENTED_EDGE('',*,*,#7085,.T.);
#10210=ORIENTED_EDGE('',*,*,#7523,.T.);
#10211=ORIENTED_EDGE('',*,*,#6532,.F.);
#10212=ORIENTED_EDGE('',*,*,#6919,.F.);
#10213=ORIENTED_EDGE('',*,*,#7084,.T.);
#10214=ORIENTED_EDGE('',*,*,#7524,.T.);
#10215=ORIENTED_EDGE('',*,*,#6533,.F.);
#10216=ORIENTED_EDGE('',*,*,#7523,.F.);
#10217=ORIENTED_EDGE('',*,*,#7122,.T.);
#10218=ORIENTED_EDGE('',*,*,#7525,.T.);
#10219=ORIENTED_EDGE('',*,*,#6387,.F.);
#10220=ORIENTED_EDGE('',*,*,#6961,.F.);
#10221=ORIENTED_EDGE('',*,*,#7083,.T.);
#10222=ORIENTED_EDGE('',*,*,#7526,.T.);
#10223=ORIENTED_EDGE('',*,*,#6534,.F.);
#10224=ORIENTED_EDGE('',*,*,#7524,.F.);
#10225=ORIENTED_EDGE('',*,*,#7123,.T.);
#10226=ORIENTED_EDGE('',*,*,#6959,.T.);
#10227=ORIENTED_EDGE('',*,*,#6588,.F.);
#10228=ORIENTED_EDGE('',*,*,#7527,.F.);
#10229=ORIENTED_EDGE('',*,*,#7082,.T.);
#10230=ORIENTED_EDGE('',*,*,#7528,.T.);
#10231=ORIENTED_EDGE('',*,*,#6528,.F.);
#10232=ORIENTED_EDGE('',*,*,#7526,.F.);
#10233=ORIENTED_EDGE('',*,*,#7081,.T.);
#10234=ORIENTED_EDGE('',*,*,#7529,.T.);
#10235=ORIENTED_EDGE('',*,*,#6529,.F.);
#10236=ORIENTED_EDGE('',*,*,#7528,.F.);
#10237=ORIENTED_EDGE('',*,*,#7080,.T.);
#10238=ORIENTED_EDGE('',*,*,#6920,.T.);
#10239=ORIENTED_EDGE('',*,*,#6530,.F.);
#10240=ORIENTED_EDGE('',*,*,#7529,.F.);
#10241=ORIENTED_EDGE('',*,*,#7079,.T.);
#10242=ORIENTED_EDGE('',*,*,#7530,.T.);
#10243=ORIENTED_EDGE('',*,*,#6731,.F.);
#10244=ORIENTED_EDGE('',*,*,#6922,.F.);
#10245=ORIENTED_EDGE('',*,*,#7127,.T.);
#10246=ORIENTED_EDGE('',*,*,#7531,.T.);
#10247=ORIENTED_EDGE('',*,*,#6584,.F.);
#10248=ORIENTED_EDGE('',*,*,#6958,.F.);
#10249=ORIENTED_EDGE('',*,*,#7078,.T.);
#10250=ORIENTED_EDGE('',*,*,#7532,.T.);
#10251=ORIENTED_EDGE('',*,*,#6732,.F.);
#10252=ORIENTED_EDGE('',*,*,#7530,.F.);
#10253=ORIENTED_EDGE('',*,*,#7128,.T.);
#10254=ORIENTED_EDGE('',*,*,#6956,.T.);
#10255=ORIENTED_EDGE('',*,*,#6787,.F.);
#10256=ORIENTED_EDGE('',*,*,#7533,.F.);
#10257=ORIENTED_EDGE('',*,*,#7077,.T.);
#10258=ORIENTED_EDGE('',*,*,#7534,.T.);
#10259=ORIENTED_EDGE('',*,*,#6733,.F.);
#10260=ORIENTED_EDGE('',*,*,#7532,.F.);
#10261=ORIENTED_EDGE('',*,*,#7076,.T.);
#10262=ORIENTED_EDGE('',*,*,#7535,.T.);
#10263=ORIENTED_EDGE('',*,*,#6734,.F.);
#10264=ORIENTED_EDGE('',*,*,#7534,.F.);
#10265=ORIENTED_EDGE('',*,*,#7075,.T.);
#10266=ORIENTED_EDGE('',*,*,#7536,.T.);
#10267=ORIENTED_EDGE('',*,*,#6735,.F.);
#10268=ORIENTED_EDGE('',*,*,#7535,.F.);
#10269=ORIENTED_EDGE('',*,*,#6980,.T.);
#10270=ORIENTED_EDGE('',*,*,#7537,.T.);
#10271=ORIENTED_EDGE('',*,*,#6785,.F.);
#10272=ORIENTED_EDGE('',*,*,#6904,.F.);
#10273=ORIENTED_EDGE('',*,*,#7074,.T.);
#10274=ORIENTED_EDGE('',*,*,#6923,.T.);
#10275=ORIENTED_EDGE('',*,*,#6729,.F.);
#10276=ORIENTED_EDGE('',*,*,#7536,.F.);
#10277=ORIENTED_EDGE('',*,*,#7073,.T.);
#10278=ORIENTED_EDGE('',*,*,#7538,.T.);
#10279=ORIENTED_EDGE('',*,*,#6451,.F.);
#10280=ORIENTED_EDGE('',*,*,#6925,.F.);
#10281=ORIENTED_EDGE('',*,*,#7072,.T.);
#10282=ORIENTED_EDGE('',*,*,#7539,.T.);
#10283=ORIENTED_EDGE('',*,*,#6452,.F.);
#10284=ORIENTED_EDGE('',*,*,#7538,.F.);
#10285=ORIENTED_EDGE('',*,*,#7071,.T.);
#10286=ORIENTED_EDGE('',*,*,#7540,.T.);
#10287=ORIENTED_EDGE('',*,*,#6453,.F.);
#10288=ORIENTED_EDGE('',*,*,#7539,.F.);
#10289=ORIENTED_EDGE('',*,*,#7070,.T.);
#10290=ORIENTED_EDGE('',*,*,#7541,.T.);
#10291=ORIENTED_EDGE('',*,*,#6454,.F.);
#10292=ORIENTED_EDGE('',*,*,#7540,.F.);
#10293=ORIENTED_EDGE('',*,*,#7069,.T.);
#10294=ORIENTED_EDGE('',*,*,#7542,.T.);
#10295=ORIENTED_EDGE('',*,*,#6455,.F.);
#10296=ORIENTED_EDGE('',*,*,#7541,.F.);
#10297=ORIENTED_EDGE('',*,*,#7068,.T.);
#10298=ORIENTED_EDGE('',*,*,#6926,.T.);
#10299=ORIENTED_EDGE('',*,*,#6449,.F.);
#10300=ORIENTED_EDGE('',*,*,#7542,.F.);
#10301=ORIENTED_EDGE('',*,*,#7067,.T.);
#10302=ORIENTED_EDGE('',*,*,#7543,.T.);
#10303=ORIENTED_EDGE('',*,*,#6517,.F.);
#10304=ORIENTED_EDGE('',*,*,#6928,.F.);
#10305=ORIENTED_EDGE('',*,*,#7066,.T.);
#10306=ORIENTED_EDGE('',*,*,#7544,.T.);
#10307=ORIENTED_EDGE('',*,*,#6518,.F.);
#10308=ORIENTED_EDGE('',*,*,#7543,.F.);
#10309=ORIENTED_EDGE('',*,*,#7065,.T.);
#10310=ORIENTED_EDGE('',*,*,#7545,.T.);
#10311=ORIENTED_EDGE('',*,*,#6519,.F.);
#10312=ORIENTED_EDGE('',*,*,#7544,.F.);
#10313=ORIENTED_EDGE('',*,*,#7064,.T.);
#10314=ORIENTED_EDGE('',*,*,#7546,.T.);
#10315=ORIENTED_EDGE('',*,*,#6520,.F.);
#10316=ORIENTED_EDGE('',*,*,#7545,.F.);
#10317=ORIENTED_EDGE('',*,*,#7063,.T.);
#10318=ORIENTED_EDGE('',*,*,#7547,.T.);
#10319=ORIENTED_EDGE('',*,*,#6521,.F.);
#10320=ORIENTED_EDGE('',*,*,#7546,.F.);
#10321=ORIENTED_EDGE('',*,*,#7062,.T.);
#10322=ORIENTED_EDGE('',*,*,#6929,.T.);
#10323=ORIENTED_EDGE('',*,*,#6515,.F.);
#10324=ORIENTED_EDGE('',*,*,#7547,.F.);
#10325=ORIENTED_EDGE('',*,*,#7061,.T.);
#10326=ORIENTED_EDGE('',*,*,#7548,.T.);
#10327=ORIENTED_EDGE('',*,*,#6481,.F.);
#10328=ORIENTED_EDGE('',*,*,#6931,.F.);
#10329=ORIENTED_EDGE('',*,*,#7060,.T.);
#10330=ORIENTED_EDGE('',*,*,#7549,.T.);
#10331=ORIENTED_EDGE('',*,*,#6482,.F.);
#10332=ORIENTED_EDGE('',*,*,#7548,.F.);
#10333=ORIENTED_EDGE('',*,*,#7059,.T.);
#10334=ORIENTED_EDGE('',*,*,#7550,.T.);
#10335=ORIENTED_EDGE('',*,*,#6483,.F.);
#10336=ORIENTED_EDGE('',*,*,#7549,.F.);
#10337=ORIENTED_EDGE('',*,*,#7058,.T.);
#10338=ORIENTED_EDGE('',*,*,#7551,.T.);
#10339=ORIENTED_EDGE('',*,*,#6484,.F.);
#10340=ORIENTED_EDGE('',*,*,#7550,.F.);
#10341=ORIENTED_EDGE('',*,*,#7057,.T.);
#10342=ORIENTED_EDGE('',*,*,#7552,.T.);
#10343=ORIENTED_EDGE('',*,*,#6485,.F.);
#10344=ORIENTED_EDGE('',*,*,#7551,.F.);
#10345=ORIENTED_EDGE('',*,*,#7056,.T.);
#10346=ORIENTED_EDGE('',*,*,#6932,.T.);
#10347=ORIENTED_EDGE('',*,*,#6479,.F.);
#10348=ORIENTED_EDGE('',*,*,#7552,.F.);
#10349=ORIENTED_EDGE('',*,*,#7055,.T.);
#10350=ORIENTED_EDGE('',*,*,#7553,.T.);
#10351=ORIENTED_EDGE('',*,*,#6692,.F.);
#10352=ORIENTED_EDGE('',*,*,#6934,.F.);
#10353=ORIENTED_EDGE('',*,*,#7054,.T.);
#10354=ORIENTED_EDGE('',*,*,#7554,.T.);
#10355=ORIENTED_EDGE('',*,*,#6693,.F.);
#10356=ORIENTED_EDGE('',*,*,#7553,.F.);
#10357=ORIENTED_EDGE('',*,*,#7053,.T.);
#10358=ORIENTED_EDGE('',*,*,#6937,.T.);
#10359=ORIENTED_EDGE('',*,*,#6694,.F.);
#10360=ORIENTED_EDGE('',*,*,#7554,.F.);
#10361=ORIENTED_EDGE('',*,*,#7052,.T.);
#10362=ORIENTED_EDGE('',*,*,#7555,.T.);
#10363=ORIENTED_EDGE('',*,*,#6491,.F.);
#10364=ORIENTED_EDGE('',*,*,#6939,.F.);
#10365=ORIENTED_EDGE('',*,*,#7051,.T.);
#10366=ORIENTED_EDGE('',*,*,#7556,.T.);
#10367=ORIENTED_EDGE('',*,*,#6486,.F.);
#10368=ORIENTED_EDGE('',*,*,#7555,.F.);
#10369=ORIENTED_EDGE('',*,*,#7050,.T.);
#10370=ORIENTED_EDGE('',*,*,#7557,.T.);
#10371=ORIENTED_EDGE('',*,*,#6487,.F.);
#10372=ORIENTED_EDGE('',*,*,#7556,.F.);
#10373=ORIENTED_EDGE('',*,*,#7049,.T.);
#10374=ORIENTED_EDGE('',*,*,#7558,.T.);
#10375=ORIENTED_EDGE('',*,*,#6488,.F.);
#10376=ORIENTED_EDGE('',*,*,#7557,.F.);
#10377=ORIENTED_EDGE('',*,*,#7048,.T.);
#10378=ORIENTED_EDGE('',*,*,#6940,.T.);
#10379=ORIENTED_EDGE('',*,*,#6489,.F.);
#10380=ORIENTED_EDGE('',*,*,#7558,.F.);
#10381=ORIENTED_EDGE('',*,*,#7047,.T.);
#10382=ORIENTED_EDGE('',*,*,#7559,.T.);
#10383=ORIENTED_EDGE('',*,*,#6695,.F.);
#10384=ORIENTED_EDGE('',*,*,#6942,.F.);
#10385=ORIENTED_EDGE('',*,*,#7046,.T.);
#10386=ORIENTED_EDGE('',*,*,#7560,.T.);
#10387=ORIENTED_EDGE('',*,*,#6696,.F.);
#10388=ORIENTED_EDGE('',*,*,#7559,.F.);
#10389=ORIENTED_EDGE('',*,*,#7045,.T.);
#10390=ORIENTED_EDGE('',*,*,#6943,.T.);
#10391=ORIENTED_EDGE('',*,*,#6697,.F.);
#10392=ORIENTED_EDGE('',*,*,#7560,.F.);
#10393=ORIENTED_EDGE('',*,*,#7044,.T.);
#10394=ORIENTED_EDGE('',*,*,#7561,.T.);
#10395=ORIENTED_EDGE('',*,*,#6493,.F.);
#10396=ORIENTED_EDGE('',*,*,#6945,.F.);
#10397=ORIENTED_EDGE('',*,*,#7043,.T.);
#10398=ORIENTED_EDGE('',*,*,#7562,.T.);
#10399=ORIENTED_EDGE('',*,*,#6494,.F.);
#10400=ORIENTED_EDGE('',*,*,#7561,.F.);
#10401=ORIENTED_EDGE('',*,*,#7042,.T.);
#10402=ORIENTED_EDGE('',*,*,#7563,.T.);
#10403=ORIENTED_EDGE('',*,*,#6495,.F.);
#10404=ORIENTED_EDGE('',*,*,#7562,.F.);
#10405=ORIENTED_EDGE('',*,*,#7041,.T.);
#10406=ORIENTED_EDGE('',*,*,#7564,.T.);
#10407=ORIENTED_EDGE('',*,*,#6496,.F.);
#10408=ORIENTED_EDGE('',*,*,#7563,.F.);
#10409=ORIENTED_EDGE('',*,*,#7040,.T.);
#10410=ORIENTED_EDGE('',*,*,#6946,.T.);
#10411=ORIENTED_EDGE('',*,*,#6497,.F.);
#10412=ORIENTED_EDGE('',*,*,#7564,.F.);
#10413=ORIENTED_EDGE('',*,*,#7039,.T.);
#10414=ORIENTED_EDGE('',*,*,#7565,.T.);
#10415=ORIENTED_EDGE('',*,*,#6475,.F.);
#10416=ORIENTED_EDGE('',*,*,#6948,.F.);
#10417=ORIENTED_EDGE('',*,*,#7038,.T.);
#10418=ORIENTED_EDGE('',*,*,#7566,.T.);
#10419=ORIENTED_EDGE('',*,*,#6476,.F.);
#10420=ORIENTED_EDGE('',*,*,#7565,.F.);
#10421=ORIENTED_EDGE('',*,*,#7037,.T.);
#10422=ORIENTED_EDGE('',*,*,#6949,.T.);
#10423=ORIENTED_EDGE('',*,*,#6477,.F.);
#10424=ORIENTED_EDGE('',*,*,#7566,.F.);
#10425=ORIENTED_EDGE('',*,*,#7036,.T.);
#10426=ORIENTED_EDGE('',*,*,#7567,.T.);
#10427=ORIENTED_EDGE('',*,*,#6702,.F.);
#10428=ORIENTED_EDGE('',*,*,#6951,.F.);
#10429=ORIENTED_EDGE('',*,*,#7035,.T.);
#10430=ORIENTED_EDGE('',*,*,#7568,.T.);
#10431=ORIENTED_EDGE('',*,*,#6703,.F.);
#10432=ORIENTED_EDGE('',*,*,#7567,.F.);
#10433=ORIENTED_EDGE('',*,*,#7034,.T.);
#10434=ORIENTED_EDGE('',*,*,#7569,.T.);
#10435=ORIENTED_EDGE('',*,*,#6704,.F.);
#10436=ORIENTED_EDGE('',*,*,#7568,.F.);
#10437=ORIENTED_EDGE('',*,*,#7033,.T.);
#10438=ORIENTED_EDGE('',*,*,#7570,.T.);
#10439=ORIENTED_EDGE('',*,*,#6699,.F.);
#10440=ORIENTED_EDGE('',*,*,#7569,.F.);
#10441=ORIENTED_EDGE('',*,*,#7032,.T.);
#10442=ORIENTED_EDGE('',*,*,#6952,.T.);
#10443=ORIENTED_EDGE('',*,*,#6700,.F.);
#10444=ORIENTED_EDGE('',*,*,#7570,.F.);
#10445=ORIENTED_EDGE('',*,*,#7031,.T.);
#10446=ORIENTED_EDGE('',*,*,#7571,.T.);
#10447=ORIENTED_EDGE('',*,*,#6500,.F.);
#10448=ORIENTED_EDGE('',*,*,#6954,.F.);
#10449=ORIENTED_EDGE('',*,*,#7030,.T.);
#10450=ORIENTED_EDGE('',*,*,#7572,.T.);
#10451=ORIENTED_EDGE('',*,*,#6501,.F.);
#10452=ORIENTED_EDGE('',*,*,#7571,.F.);
#10453=ORIENTED_EDGE('',*,*,#7029,.T.);
#10454=ORIENTED_EDGE('',*,*,#6878,.T.);
#10455=ORIENTED_EDGE('',*,*,#6502,.F.);
#10456=ORIENTED_EDGE('',*,*,#7572,.F.);
#10457=ORIENTED_EDGE('',*,*,#7573,.T.);
#10458=ORIENTED_EDGE('',*,*,#7574,.T.);
#10459=ORIENTED_EDGE('',*,*,#7575,.T.);
#10460=ORIENTED_EDGE('',*,*,#6373,.T.);
#10461=ORIENTED_EDGE('',*,*,#6806,.T.);
#10462=ORIENTED_EDGE('',*,*,#6374,.T.);
#10463=ORIENTED_EDGE('',*,*,#7575,.F.);
#10464=ORIENTED_EDGE('',*,*,#7576,.T.);
#10465=ORIENTED_EDGE('',*,*,#7577,.T.);
#10466=ORIENTED_EDGE('',*,*,#6368,.T.);
#10467=ORIENTED_EDGE('',*,*,#6808,.F.);
#10468=ORIENTED_EDGE('',*,*,#7578,.T.);
#10469=ORIENTED_EDGE('',*,*,#7579,.T.);
#10470=ORIENTED_EDGE('',*,*,#6369,.T.);
#10471=ORIENTED_EDGE('',*,*,#7577,.F.);
#10472=ORIENTED_EDGE('',*,*,#7580,.T.);
#10473=ORIENTED_EDGE('',*,*,#6354,.T.);
#10474=ORIENTED_EDGE('',*,*,#6370,.T.);
#10475=ORIENTED_EDGE('',*,*,#7579,.F.);
#10476=ORIENTED_EDGE('',*,*,#7581,.T.);
#10477=ORIENTED_EDGE('',*,*,#6356,.F.);
#10478=ORIENTED_EDGE('',*,*,#7582,.T.);
#10479=ORIENTED_EDGE('',*,*,#7573,.F.);
#10480=ORIENTED_EDGE('',*,*,#6372,.T.);
#10481=ORIENTED_EDGE('',*,*,#7578,.F.);
#10482=ORIENTED_EDGE('',*,*,#6111,.T.);
#10483=ORIENTED_EDGE('',*,*,#7583,.F.);
#10484=ORIENTED_EDGE('',*,*,#7584,.T.);
#10485=ORIENTED_EDGE('',*,*,#7576,.F.);
#10486=ORIENTED_EDGE('',*,*,#7585,.T.);
#10487=ORIENTED_EDGE('',*,*,#7586,.F.);
#10488=ORIENTED_EDGE('',*,*,#6119,.T.);
#10489=ORIENTED_EDGE('',*,*,#7574,.F.);
#10490=ORIENTED_EDGE('',*,*,#7587,.F.);
#10491=ORIENTED_EDGE('',*,*,#7588,.F.);
#10492=ORIENTED_EDGE('',*,*,#7585,.F.);
#10493=ORIENTED_EDGE('',*,*,#7589,.T.);
#10494=ORIENTED_EDGE('',*,*,#6337,.T.);
#10495=ORIENTED_EDGE('',*,*,#6347,.F.);
#10496=ORIENTED_EDGE('',*,*,#7590,.T.);
#10497=ORIENTED_EDGE('',*,*,#7591,.T.);
#10498=ORIENTED_EDGE('',*,*,#6338,.T.);
#10499=ORIENTED_EDGE('',*,*,#7589,.F.);
#10500=ORIENTED_EDGE('',*,*,#7592,.T.);
#10501=ORIENTED_EDGE('',*,*,#6794,.T.);
#10502=ORIENTED_EDGE('',*,*,#6339,.T.);
#10503=ORIENTED_EDGE('',*,*,#7591,.F.);
#10504=ORIENTED_EDGE('',*,*,#7583,.T.);
#10505=ORIENTED_EDGE('',*,*,#7593,.T.);
#10506=ORIENTED_EDGE('',*,*,#6343,.T.);
#10507=ORIENTED_EDGE('',*,*,#6793,.F.);
#10508=ORIENTED_EDGE('',*,*,#7586,.T.);
#10509=ORIENTED_EDGE('',*,*,#7594,.T.);
#10510=ORIENTED_EDGE('',*,*,#6344,.T.);
#10511=ORIENTED_EDGE('',*,*,#7593,.F.);
#10512=ORIENTED_EDGE('',*,*,#7588,.T.);
#10513=ORIENTED_EDGE('',*,*,#7594,.F.);
#10514=ORIENTED_EDGE('',*,*,#7595,.T.);
#10515=ORIENTED_EDGE('',*,*,#6348,.F.);
#10516=ORIENTED_EDGE('',*,*,#6345,.T.);
#10517=ORIENTED_EDGE('',*,*,#7580,.F.);
#10518=ORIENTED_EDGE('',*,*,#7584,.F.);
#10519=ORIENTED_EDGE('',*,*,#7592,.F.);
#10520=ORIENTED_EDGE('',*,*,#7596,.F.);
#10521=ORIENTED_EDGE('',*,*,#7581,.F.);
#10522=ORIENTED_EDGE('',*,*,#7596,.T.);
#10523=ORIENTED_EDGE('',*,*,#7590,.F.);
#10524=ORIENTED_EDGE('',*,*,#6057,.T.);
#10525=ORIENTED_EDGE('',*,*,#6333,.T.);
#10526=ORIENTED_EDGE('',*,*,#7597,.T.);
#10527=ORIENTED_EDGE('',*,*,#6955,.T.);
#10528=ORIENTED_EDGE('',*,*,#7598,.F.);
#10529=ORIENTED_EDGE('',*,*,#6332,.T.);
#10530=ORIENTED_EDGE('',*,*,#7599,.T.);
#10531=ORIENTED_EDGE('',*,*,#6876,.T.);
#10532=ORIENTED_EDGE('',*,*,#7597,.F.);
#10533=ORIENTED_EDGE('',*,*,#6335,.T.);
#10534=ORIENTED_EDGE('',*,*,#7600,.T.);
#10535=ORIENTED_EDGE('',*,*,#6936,.T.);
#10536=ORIENTED_EDGE('',*,*,#7599,.F.);
#10537=ORIENTED_EDGE('',*,*,#6334,.T.);
#10538=ORIENTED_EDGE('',*,*,#7598,.T.);
#10539=ORIENTED_EDGE('',*,*,#6906,.T.);
#10540=ORIENTED_EDGE('',*,*,#7600,.F.);
#10541=ORIENTED_EDGE('',*,*,#7582,.F.);
#10542=ORIENTED_EDGE('',*,*,#6049,.T.);
#10543=ORIENTED_EDGE('',*,*,#7595,.F.);
#10544=ORIENTED_EDGE('',*,*,#7587,.T.);
#10545=ORIENTED_EDGE('',*,*,#6979,.T.);
#10546=ORIENTED_EDGE('',*,*,#7533,.T.);
#10547=ORIENTED_EDGE('',*,*,#6786,.F.);
#10548=ORIENTED_EDGE('',*,*,#7537,.F.);
#10549=ORIENTED_EDGE('',*,*,#7139,.T.);
#10550=ORIENTED_EDGE('',*,*,#7601,.T.);
#10551=ORIENTED_EDGE('',*,*,#6779,.F.);
#10552=ORIENTED_EDGE('',*,*,#7494,.F.);
#10553=ORIENTED_EDGE('',*,*,#7138,.T.);
#10554=ORIENTED_EDGE('',*,*,#7602,.T.);
#10555=ORIENTED_EDGE('',*,*,#6780,.F.);
#10556=ORIENTED_EDGE('',*,*,#7601,.F.);
#10557=ORIENTED_EDGE('',*,*,#7137,.T.);
#10558=ORIENTED_EDGE('',*,*,#7492,.T.);
#10559=ORIENTED_EDGE('',*,*,#6781,.F.);
#10560=ORIENTED_EDGE('',*,*,#7602,.F.);
#10561=ORIENTED_EDGE('',*,*,#7325,.T.);
#10562=ORIENTED_EDGE('',*,*,#7603,.T.);
#10563=ORIENTED_EDGE('',*,*,#6773,.F.);
#10564=ORIENTED_EDGE('',*,*,#7370,.F.);
#10565=ORIENTED_EDGE('',*,*,#7324,.T.);
#10566=ORIENTED_EDGE('',*,*,#7604,.T.);
#10567=ORIENTED_EDGE('',*,*,#6774,.F.);
#10568=ORIENTED_EDGE('',*,*,#7603,.F.);
#10569=ORIENTED_EDGE('',*,*,#7323,.T.);
#10570=ORIENTED_EDGE('',*,*,#7368,.T.);
#10571=ORIENTED_EDGE('',*,*,#6775,.F.);
#10572=ORIENTED_EDGE('',*,*,#7604,.F.);
#10573=ORIENTED_EDGE('',*,*,#7105,.T.);
#10574=ORIENTED_EDGE('',*,*,#7499,.T.);
#10575=ORIENTED_EDGE('',*,*,#6768,.F.);
#10576=ORIENTED_EDGE('',*,*,#7503,.F.);
#10577=ORIENTED_EDGE('',*,*,#7283,.T.);
#10578=ORIENTED_EDGE('',*,*,#7605,.T.);
#10579=ORIENTED_EDGE('',*,*,#6755,.F.);
#10580=ORIENTED_EDGE('',*,*,#7398,.F.);
#10581=ORIENTED_EDGE('',*,*,#7282,.T.);
#10582=ORIENTED_EDGE('',*,*,#7606,.T.);
#10583=ORIENTED_EDGE('',*,*,#6756,.F.);
#10584=ORIENTED_EDGE('',*,*,#7605,.F.);
#10585=ORIENTED_EDGE('',*,*,#7281,.T.);
#10586=ORIENTED_EDGE('',*,*,#7396,.T.);
#10587=ORIENTED_EDGE('',*,*,#6757,.F.);
#10588=ORIENTED_EDGE('',*,*,#7606,.F.);
#10589=ORIENTED_EDGE('',*,*,#7241,.T.);
#10590=ORIENTED_EDGE('',*,*,#7607,.T.);
#10591=ORIENTED_EDGE('',*,*,#6749,.F.);
#10592=ORIENTED_EDGE('',*,*,#7426,.F.);
#10593=ORIENTED_EDGE('',*,*,#7240,.T.);
#10594=ORIENTED_EDGE('',*,*,#7608,.T.);
#10595=ORIENTED_EDGE('',*,*,#6750,.F.);
#10596=ORIENTED_EDGE('',*,*,#7607,.F.);
#10597=ORIENTED_EDGE('',*,*,#7239,.T.);
#10598=ORIENTED_EDGE('',*,*,#7424,.T.);
#10599=ORIENTED_EDGE('',*,*,#6751,.F.);
#10600=ORIENTED_EDGE('',*,*,#7608,.F.);
#10601=ORIENTED_EDGE('',*,*,#7006,.T.);
#10602=ORIENTED_EDGE('',*,*,#7609,.T.);
#10603=ORIENTED_EDGE('',*,*,#6746,.F.);
#10604=ORIENTED_EDGE('',*,*,#7610,.F.);
#10605=ORIENTED_EDGE('',*,*,#7005,.T.);
#10606=ORIENTED_EDGE('',*,*,#6890,.T.);
#10607=ORIENTED_EDGE('',*,*,#6747,.F.);
#10608=ORIENTED_EDGE('',*,*,#7609,.F.);
#10609=ORIENTED_EDGE('',*,*,#7010,.T.);
#10610=ORIENTED_EDGE('',*,*,#7611,.T.);
#10611=ORIENTED_EDGE('',*,*,#6742,.F.);
#10612=ORIENTED_EDGE('',*,*,#6889,.F.);
#10613=ORIENTED_EDGE('',*,*,#7009,.T.);
#10614=ORIENTED_EDGE('',*,*,#7612,.T.);
#10615=ORIENTED_EDGE('',*,*,#6743,.F.);
#10616=ORIENTED_EDGE('',*,*,#7611,.F.);
#10617=ORIENTED_EDGE('',*,*,#7008,.T.);
#10618=ORIENTED_EDGE('',*,*,#7613,.T.);
#10619=ORIENTED_EDGE('',*,*,#6744,.F.);
#10620=ORIENTED_EDGE('',*,*,#7612,.F.);
#10621=ORIENTED_EDGE('',*,*,#7007,.T.);
#10622=ORIENTED_EDGE('',*,*,#7610,.T.);
#10623=ORIENTED_EDGE('',*,*,#6745,.F.);
#10624=ORIENTED_EDGE('',*,*,#7613,.F.);
#10625=ORIENTED_EDGE('',*,*,#7265,.T.);
#10626=ORIENTED_EDGE('',*,*,#7614,.T.);
#10627=ORIENTED_EDGE('',*,*,#6736,.F.);
#10628=ORIENTED_EDGE('',*,*,#7410,.F.);
#10629=ORIENTED_EDGE('',*,*,#7264,.T.);
#10630=ORIENTED_EDGE('',*,*,#7615,.T.);
#10631=ORIENTED_EDGE('',*,*,#6737,.F.);
#10632=ORIENTED_EDGE('',*,*,#7614,.F.);
#10633=ORIENTED_EDGE('',*,*,#7263,.T.);
#10634=ORIENTED_EDGE('',*,*,#7408,.T.);
#10635=ORIENTED_EDGE('',*,*,#6738,.F.);
#10636=ORIENTED_EDGE('',*,*,#7615,.F.);
#10637=ORIENTED_EDGE('',*,*,#7235,.T.);
#10638=ORIENTED_EDGE('',*,*,#7616,.T.);
#10639=ORIENTED_EDGE('',*,*,#6723,.F.);
#10640=ORIENTED_EDGE('',*,*,#7430,.F.);
#10641=ORIENTED_EDGE('',*,*,#7234,.T.);
#10642=ORIENTED_EDGE('',*,*,#7617,.T.);
#10643=ORIENTED_EDGE('',*,*,#6724,.F.);
#10644=ORIENTED_EDGE('',*,*,#7616,.F.);
#10645=ORIENTED_EDGE('',*,*,#7233,.T.);
#10646=ORIENTED_EDGE('',*,*,#7428,.T.);
#10647=ORIENTED_EDGE('',*,*,#6725,.F.);
#10648=ORIENTED_EDGE('',*,*,#7617,.F.);
#10649=ORIENTED_EDGE('',*,*,#7187,.T.);
#10650=ORIENTED_EDGE('',*,*,#7618,.T.);
#10651=ORIENTED_EDGE('',*,*,#6717,.F.);
#10652=ORIENTED_EDGE('',*,*,#7462,.F.);
#10653=ORIENTED_EDGE('',*,*,#7186,.T.);
#10654=ORIENTED_EDGE('',*,*,#7619,.T.);
#10655=ORIENTED_EDGE('',*,*,#6718,.F.);
#10656=ORIENTED_EDGE('',*,*,#7618,.F.);
#10657=ORIENTED_EDGE('',*,*,#7185,.T.);
#10658=ORIENTED_EDGE('',*,*,#7460,.T.);
#10659=ORIENTED_EDGE('',*,*,#6719,.F.);
#10660=ORIENTED_EDGE('',*,*,#7619,.F.);
#10661=ORIENTED_EDGE('',*,*,#7145,.T.);
#10662=ORIENTED_EDGE('',*,*,#7620,.T.);
#10663=ORIENTED_EDGE('',*,*,#6711,.F.);
#10664=ORIENTED_EDGE('',*,*,#7490,.F.);
#10665=ORIENTED_EDGE('',*,*,#7144,.T.);
#10666=ORIENTED_EDGE('',*,*,#7621,.T.);
#10667=ORIENTED_EDGE('',*,*,#6712,.F.);
#10668=ORIENTED_EDGE('',*,*,#7620,.F.);
#10669=ORIENTED_EDGE('',*,*,#7143,.T.);
#10670=ORIENTED_EDGE('',*,*,#7488,.T.);
#10671=ORIENTED_EDGE('',*,*,#6713,.F.);
#10672=ORIENTED_EDGE('',*,*,#7621,.F.);
#10673=ORIENTED_EDGE('',*,*,#7277,.T.);
#10674=ORIENTED_EDGE('',*,*,#7622,.T.);
#10675=ORIENTED_EDGE('',*,*,#6705,.F.);
#10676=ORIENTED_EDGE('',*,*,#7402,.F.);
#10677=ORIENTED_EDGE('',*,*,#7276,.T.);
#10678=ORIENTED_EDGE('',*,*,#7623,.T.);
#10679=ORIENTED_EDGE('',*,*,#6706,.F.);
#10680=ORIENTED_EDGE('',*,*,#7622,.F.);
#10681=ORIENTED_EDGE('',*,*,#7275,.T.);
#10682=ORIENTED_EDGE('',*,*,#7400,.T.);
#10683=ORIENTED_EDGE('',*,*,#6707,.F.);
#10684=ORIENTED_EDGE('',*,*,#7623,.F.);
#10685=ORIENTED_EDGE('',*,*,#7259,.T.);
#10686=ORIENTED_EDGE('',*,*,#7624,.T.);
#10687=ORIENTED_EDGE('',*,*,#6684,.F.);
#10688=ORIENTED_EDGE('',*,*,#7414,.F.);
#10689=ORIENTED_EDGE('',*,*,#7258,.T.);
#10690=ORIENTED_EDGE('',*,*,#7625,.T.);
#10691=ORIENTED_EDGE('',*,*,#6685,.F.);
#10692=ORIENTED_EDGE('',*,*,#7624,.F.);
#10693=ORIENTED_EDGE('',*,*,#7257,.T.);
#10694=ORIENTED_EDGE('',*,*,#7412,.T.);
#10695=ORIENTED_EDGE('',*,*,#6686,.F.);
#10696=ORIENTED_EDGE('',*,*,#7625,.F.);
#10697=ORIENTED_EDGE('',*,*,#7175,.T.);
#10698=ORIENTED_EDGE('',*,*,#7626,.T.);
#10699=ORIENTED_EDGE('',*,*,#6678,.F.);
#10700=ORIENTED_EDGE('',*,*,#7470,.F.);
#10701=ORIENTED_EDGE('',*,*,#7174,.T.);
#10702=ORIENTED_EDGE('',*,*,#7627,.T.);
#10703=ORIENTED_EDGE('',*,*,#6679,.F.);
#10704=ORIENTED_EDGE('',*,*,#7626,.F.);
#10705=ORIENTED_EDGE('',*,*,#7173,.T.);
#10706=ORIENTED_EDGE('',*,*,#7468,.T.);
#10707=ORIENTED_EDGE('',*,*,#6680,.F.);
#10708=ORIENTED_EDGE('',*,*,#7627,.F.);
#10709=ORIENTED_EDGE('',*,*,#7018,.T.);
#10710=ORIENTED_EDGE('',*,*,#7628,.T.);
#10711=ORIENTED_EDGE('',*,*,#6675,.F.);
#10712=ORIENTED_EDGE('',*,*,#7629,.F.);
#10713=ORIENTED_EDGE('',*,*,#7017,.T.);
#10714=ORIENTED_EDGE('',*,*,#6884,.T.);
#10715=ORIENTED_EDGE('',*,*,#6676,.F.);
#10716=ORIENTED_EDGE('',*,*,#7628,.F.);
#10717=ORIENTED_EDGE('',*,*,#7022,.T.);
#10718=ORIENTED_EDGE('',*,*,#7630,.T.);
#10719=ORIENTED_EDGE('',*,*,#6671,.F.);
#10720=ORIENTED_EDGE('',*,*,#6883,.F.);
#10721=ORIENTED_EDGE('',*,*,#7021,.T.);
#10722=ORIENTED_EDGE('',*,*,#7631,.T.);
#10723=ORIENTED_EDGE('',*,*,#6672,.F.);
#10724=ORIENTED_EDGE('',*,*,#7630,.F.);
#10725=ORIENTED_EDGE('',*,*,#7020,.T.);
#10726=ORIENTED_EDGE('',*,*,#7632,.T.);
#10727=ORIENTED_EDGE('',*,*,#6673,.F.);
#10728=ORIENTED_EDGE('',*,*,#7631,.F.);
#10729=ORIENTED_EDGE('',*,*,#7019,.T.);
#10730=ORIENTED_EDGE('',*,*,#7629,.T.);
#10731=ORIENTED_EDGE('',*,*,#6674,.F.);
#10732=ORIENTED_EDGE('',*,*,#7632,.F.);
#10733=ORIENTED_EDGE('',*,*,#7271,.T.);
#10734=ORIENTED_EDGE('',*,*,#7633,.T.);
#10735=ORIENTED_EDGE('',*,*,#6665,.F.);
#10736=ORIENTED_EDGE('',*,*,#7406,.F.);
#10737=ORIENTED_EDGE('',*,*,#7270,.T.);
#10738=ORIENTED_EDGE('',*,*,#7634,.T.);
#10739=ORIENTED_EDGE('',*,*,#6666,.F.);
#10740=ORIENTED_EDGE('',*,*,#7633,.F.);
#10741=ORIENTED_EDGE('',*,*,#7269,.T.);
#10742=ORIENTED_EDGE('',*,*,#7404,.T.);
#10743=ORIENTED_EDGE('',*,*,#6667,.F.);
#10744=ORIENTED_EDGE('',*,*,#7634,.F.);
#10745=ORIENTED_EDGE('',*,*,#7157,.T.);
#10746=ORIENTED_EDGE('',*,*,#7635,.T.);
#10747=ORIENTED_EDGE('',*,*,#6659,.F.);
#10748=ORIENTED_EDGE('',*,*,#7482,.F.);
#10749=ORIENTED_EDGE('',*,*,#7156,.T.);
#10750=ORIENTED_EDGE('',*,*,#7636,.T.);
#10751=ORIENTED_EDGE('',*,*,#6660,.F.);
#10752=ORIENTED_EDGE('',*,*,#7635,.F.);
#10753=ORIENTED_EDGE('',*,*,#7155,.T.);
#10754=ORIENTED_EDGE('',*,*,#7480,.T.);
#10755=ORIENTED_EDGE('',*,*,#6661,.F.);
#10756=ORIENTED_EDGE('',*,*,#7636,.F.);
#10757=ORIENTED_EDGE('',*,*,#7217,.T.);
#10758=ORIENTED_EDGE('',*,*,#7637,.T.);
#10759=ORIENTED_EDGE('',*,*,#6653,.F.);
#10760=ORIENTED_EDGE('',*,*,#7442,.F.);
#10761=ORIENTED_EDGE('',*,*,#7216,.T.);
#10762=ORIENTED_EDGE('',*,*,#7638,.T.);
#10763=ORIENTED_EDGE('',*,*,#6654,.F.);
#10764=ORIENTED_EDGE('',*,*,#7637,.F.);
#10765=ORIENTED_EDGE('',*,*,#7215,.T.);
#10766=ORIENTED_EDGE('',*,*,#7440,.T.);
#10767=ORIENTED_EDGE('',*,*,#6655,.F.);
#10768=ORIENTED_EDGE('',*,*,#7638,.F.);
#10769=ORIENTED_EDGE('',*,*,#7133,.T.);
#10770=ORIENTED_EDGE('',*,*,#7639,.T.);
#10771=ORIENTED_EDGE('',*,*,#6647,.F.);
#10772=ORIENTED_EDGE('',*,*,#7498,.F.);
#10773=ORIENTED_EDGE('',*,*,#7132,.T.);
#10774=ORIENTED_EDGE('',*,*,#7640,.T.);
#10775=ORIENTED_EDGE('',*,*,#6648,.F.);
#10776=ORIENTED_EDGE('',*,*,#7639,.F.);
#10777=ORIENTED_EDGE('',*,*,#7131,.T.);
#10778=ORIENTED_EDGE('',*,*,#7496,.T.);
#10779=ORIENTED_EDGE('',*,*,#6649,.F.);
#10780=ORIENTED_EDGE('',*,*,#7640,.F.);
#10781=ORIENTED_EDGE('',*,*,#7253,.T.);
#10782=ORIENTED_EDGE('',*,*,#7641,.T.);
#10783=ORIENTED_EDGE('',*,*,#6641,.F.);
#10784=ORIENTED_EDGE('',*,*,#7418,.F.);
#10785=ORIENTED_EDGE('',*,*,#7252,.T.);
#10786=ORIENTED_EDGE('',*,*,#7642,.T.);
#10787=ORIENTED_EDGE('',*,*,#6642,.F.);
#10788=ORIENTED_EDGE('',*,*,#7641,.F.);
#10789=ORIENTED_EDGE('',*,*,#7251,.T.);
#10790=ORIENTED_EDGE('',*,*,#7416,.T.);
#10791=ORIENTED_EDGE('',*,*,#6643,.F.);
#10792=ORIENTED_EDGE('',*,*,#7642,.F.);
#10793=ORIENTED_EDGE('',*,*,#7012,.T.);
#10794=ORIENTED_EDGE('',*,*,#7643,.T.);
#10795=ORIENTED_EDGE('',*,*,#6638,.F.);
#10796=ORIENTED_EDGE('',*,*,#7644,.F.);
#10797=ORIENTED_EDGE('',*,*,#7011,.T.);
#10798=ORIENTED_EDGE('',*,*,#6887,.T.);
#10799=ORIENTED_EDGE('',*,*,#6639,.F.);
#10800=ORIENTED_EDGE('',*,*,#7643,.F.);
#10801=ORIENTED_EDGE('',*,*,#7016,.T.);
#10802=ORIENTED_EDGE('',*,*,#7645,.T.);
#10803=ORIENTED_EDGE('',*,*,#6634,.F.);
#10804=ORIENTED_EDGE('',*,*,#6886,.F.);
#10805=ORIENTED_EDGE('',*,*,#7015,.T.);
#10806=ORIENTED_EDGE('',*,*,#7646,.T.);
#10807=ORIENTED_EDGE('',*,*,#6635,.F.);
#10808=ORIENTED_EDGE('',*,*,#7645,.F.);
#10809=ORIENTED_EDGE('',*,*,#7014,.T.);
#10810=ORIENTED_EDGE('',*,*,#7647,.T.);
#10811=ORIENTED_EDGE('',*,*,#6636,.F.);
#10812=ORIENTED_EDGE('',*,*,#7646,.F.);
#10813=ORIENTED_EDGE('',*,*,#7013,.T.);
#10814=ORIENTED_EDGE('',*,*,#7644,.T.);
#10815=ORIENTED_EDGE('',*,*,#6637,.F.);
#10816=ORIENTED_EDGE('',*,*,#7647,.F.);
#10817=ORIENTED_EDGE('',*,*,#7223,.T.);
#10818=ORIENTED_EDGE('',*,*,#7648,.T.);
#10819=ORIENTED_EDGE('',*,*,#6628,.F.);
#10820=ORIENTED_EDGE('',*,*,#7438,.F.);
#10821=ORIENTED_EDGE('',*,*,#7222,.T.);
#10822=ORIENTED_EDGE('',*,*,#7649,.T.);
#10823=ORIENTED_EDGE('',*,*,#6629,.F.);
#10824=ORIENTED_EDGE('',*,*,#7648,.F.);
#10825=ORIENTED_EDGE('',*,*,#7221,.T.);
#10826=ORIENTED_EDGE('',*,*,#7436,.T.);
#10827=ORIENTED_EDGE('',*,*,#6630,.F.);
#10828=ORIENTED_EDGE('',*,*,#7649,.F.);
#10829=ORIENTED_EDGE('',*,*,#7193,.T.);
#10830=ORIENTED_EDGE('',*,*,#7650,.T.);
#10831=ORIENTED_EDGE('',*,*,#6622,.F.);
#10832=ORIENTED_EDGE('',*,*,#7458,.F.);
#10833=ORIENTED_EDGE('',*,*,#7192,.T.);
#10834=ORIENTED_EDGE('',*,*,#7651,.T.);
#10835=ORIENTED_EDGE('',*,*,#6623,.F.);
#10836=ORIENTED_EDGE('',*,*,#7650,.F.);
#10837=ORIENTED_EDGE('',*,*,#7191,.T.);
#10838=ORIENTED_EDGE('',*,*,#7456,.T.);
#10839=ORIENTED_EDGE('',*,*,#6624,.F.);
#10840=ORIENTED_EDGE('',*,*,#7651,.F.);
#10841=ORIENTED_EDGE('',*,*,#7110,.T.);
#10842=ORIENTED_EDGE('',*,*,#7652,.T.);
#10843=ORIENTED_EDGE('',*,*,#6612,.F.);
#10844=ORIENTED_EDGE('',*,*,#7509,.F.);
#10845=ORIENTED_EDGE('',*,*,#7109,.T.);
#10846=ORIENTED_EDGE('',*,*,#7653,.T.);
#10847=ORIENTED_EDGE('',*,*,#6613,.F.);
#10848=ORIENTED_EDGE('',*,*,#7652,.F.);
#10849=ORIENTED_EDGE('',*,*,#7108,.T.);
#10850=ORIENTED_EDGE('',*,*,#7505,.T.);
#10851=ORIENTED_EDGE('',*,*,#6614,.F.);
#10852=ORIENTED_EDGE('',*,*,#7653,.F.);
#10853=ORIENTED_EDGE('',*,*,#7118,.T.);
#10854=ORIENTED_EDGE('',*,*,#7654,.T.);
#10855=ORIENTED_EDGE('',*,*,#6608,.F.);
#10856=ORIENTED_EDGE('',*,*,#7521,.F.);
#10857=ORIENTED_EDGE('',*,*,#7117,.T.);
#10858=ORIENTED_EDGE('',*,*,#7655,.T.);
#10859=ORIENTED_EDGE('',*,*,#6603,.F.);
#10860=ORIENTED_EDGE('',*,*,#7654,.F.);
#10861=ORIENTED_EDGE('',*,*,#7116,.T.);
#10862=ORIENTED_EDGE('',*,*,#7515,.T.);
#10863=ORIENTED_EDGE('',*,*,#6604,.F.);
#10864=ORIENTED_EDGE('',*,*,#7655,.F.);
#10865=ORIENTED_EDGE('',*,*,#7295,.T.);
#10866=ORIENTED_EDGE('',*,*,#7656,.T.);
#10867=ORIENTED_EDGE('',*,*,#6597,.F.);
#10868=ORIENTED_EDGE('',*,*,#7390,.F.);
#10869=ORIENTED_EDGE('',*,*,#7294,.T.);
#10870=ORIENTED_EDGE('',*,*,#7657,.T.);
#10871=ORIENTED_EDGE('',*,*,#6598,.F.);
#10872=ORIENTED_EDGE('',*,*,#7656,.F.);
#10873=ORIENTED_EDGE('',*,*,#7293,.T.);
#10874=ORIENTED_EDGE('',*,*,#7388,.T.);
#10875=ORIENTED_EDGE('',*,*,#6599,.F.);
#10876=ORIENTED_EDGE('',*,*,#7657,.F.);
#10877=ORIENTED_EDGE('',*,*,#6982,.T.);
#10878=ORIENTED_EDGE('',*,*,#7658,.T.);
#10879=ORIENTED_EDGE('',*,*,#6594,.F.);
#10880=ORIENTED_EDGE('',*,*,#7659,.F.);
#10881=ORIENTED_EDGE('',*,*,#6981,.T.);
#10882=ORIENTED_EDGE('',*,*,#6902,.T.);
#10883=ORIENTED_EDGE('',*,*,#6595,.F.);
#10884=ORIENTED_EDGE('',*,*,#7658,.F.);
#10885=ORIENTED_EDGE('',*,*,#6986,.T.);
#10886=ORIENTED_EDGE('',*,*,#7660,.T.);
#10887=ORIENTED_EDGE('',*,*,#6590,.F.);
#10888=ORIENTED_EDGE('',*,*,#6901,.F.);
#10889=ORIENTED_EDGE('',*,*,#6985,.T.);
#10890=ORIENTED_EDGE('',*,*,#7661,.T.);
#10891=ORIENTED_EDGE('',*,*,#6591,.F.);
#10892=ORIENTED_EDGE('',*,*,#7660,.F.);
#10893=ORIENTED_EDGE('',*,*,#6984,.T.);
#10894=ORIENTED_EDGE('',*,*,#7662,.T.);
#10895=ORIENTED_EDGE('',*,*,#6592,.F.);
#10896=ORIENTED_EDGE('',*,*,#7661,.F.);
#10897=ORIENTED_EDGE('',*,*,#6983,.T.);
#10898=ORIENTED_EDGE('',*,*,#7659,.T.);
#10899=ORIENTED_EDGE('',*,*,#6593,.F.);
#10900=ORIENTED_EDGE('',*,*,#7662,.F.);
#10901=ORIENTED_EDGE('',*,*,#7124,.T.);
#10902=ORIENTED_EDGE('',*,*,#7527,.T.);
#10903=ORIENTED_EDGE('',*,*,#6587,.F.);
#10904=ORIENTED_EDGE('',*,*,#7663,.F.);
#10905=ORIENTED_EDGE('',*,*,#7126,.T.);
#10906=ORIENTED_EDGE('',*,*,#7664,.T.);
#10907=ORIENTED_EDGE('',*,*,#6585,.F.);
#10908=ORIENTED_EDGE('',*,*,#7531,.F.);
#10909=ORIENTED_EDGE('',*,*,#7125,.T.);
#10910=ORIENTED_EDGE('',*,*,#7663,.T.);
#10911=ORIENTED_EDGE('',*,*,#6586,.F.);
#10912=ORIENTED_EDGE('',*,*,#7664,.F.);
#10913=ORIENTED_EDGE('',*,*,#6988,.T.);
#10914=ORIENTED_EDGE('',*,*,#7665,.T.);
#10915=ORIENTED_EDGE('',*,*,#6581,.F.);
#10916=ORIENTED_EDGE('',*,*,#7666,.F.);
#10917=ORIENTED_EDGE('',*,*,#6987,.T.);
#10918=ORIENTED_EDGE('',*,*,#6899,.T.);
#10919=ORIENTED_EDGE('',*,*,#6582,.F.);
#10920=ORIENTED_EDGE('',*,*,#7665,.F.);
#10921=ORIENTED_EDGE('',*,*,#6992,.T.);
#10922=ORIENTED_EDGE('',*,*,#7667,.T.);
#10923=ORIENTED_EDGE('',*,*,#6577,.F.);
#10924=ORIENTED_EDGE('',*,*,#6898,.F.);
#10925=ORIENTED_EDGE('',*,*,#6991,.T.);
#10926=ORIENTED_EDGE('',*,*,#7668,.T.);
#10927=ORIENTED_EDGE('',*,*,#6578,.F.);
#10928=ORIENTED_EDGE('',*,*,#7667,.F.);
#10929=ORIENTED_EDGE('',*,*,#6990,.T.);
#10930=ORIENTED_EDGE('',*,*,#7669,.T.);
#10931=ORIENTED_EDGE('',*,*,#6579,.F.);
#10932=ORIENTED_EDGE('',*,*,#7668,.F.);
#10933=ORIENTED_EDGE('',*,*,#6989,.T.);
#10934=ORIENTED_EDGE('',*,*,#7666,.T.);
#10935=ORIENTED_EDGE('',*,*,#6580,.F.);
#10936=ORIENTED_EDGE('',*,*,#7669,.F.);
#10937=ORIENTED_EDGE('',*,*,#7343,.T.);
#10938=ORIENTED_EDGE('',*,*,#7670,.T.);
#10939=ORIENTED_EDGE('',*,*,#6571,.F.);
#10940=ORIENTED_EDGE('',*,*,#7358,.F.);
#10941=ORIENTED_EDGE('',*,*,#7342,.T.);
#10942=ORIENTED_EDGE('',*,*,#7671,.T.);
#10943=ORIENTED_EDGE('',*,*,#6572,.F.);
#10944=ORIENTED_EDGE('',*,*,#7670,.F.);
#10945=ORIENTED_EDGE('',*,*,#7341,.T.);
#10946=ORIENTED_EDGE('',*,*,#7356,.T.);
#10947=ORIENTED_EDGE('',*,*,#6573,.F.);
#10948=ORIENTED_EDGE('',*,*,#7671,.F.);
#10949=ORIENTED_EDGE('',*,*,#7181,.T.);
#10950=ORIENTED_EDGE('',*,*,#7672,.T.);
#10951=ORIENTED_EDGE('',*,*,#6565,.F.);
#10952=ORIENTED_EDGE('',*,*,#7466,.F.);
#10953=ORIENTED_EDGE('',*,*,#7180,.T.);
#10954=ORIENTED_EDGE('',*,*,#7673,.T.);
#10955=ORIENTED_EDGE('',*,*,#6566,.F.);
#10956=ORIENTED_EDGE('',*,*,#7672,.F.);
#10957=ORIENTED_EDGE('',*,*,#7179,.T.);
#10958=ORIENTED_EDGE('',*,*,#7464,.T.);
#10959=ORIENTED_EDGE('',*,*,#6567,.F.);
#10960=ORIENTED_EDGE('',*,*,#7673,.F.);
#10961=ORIENTED_EDGE('',*,*,#7211,.T.);
#10962=ORIENTED_EDGE('',*,*,#7674,.T.);
#10963=ORIENTED_EDGE('',*,*,#6559,.F.);
#10964=ORIENTED_EDGE('',*,*,#7446,.F.);
#10965=ORIENTED_EDGE('',*,*,#7210,.T.);
#10966=ORIENTED_EDGE('',*,*,#7675,.T.);
#10967=ORIENTED_EDGE('',*,*,#6560,.F.);
#10968=ORIENTED_EDGE('',*,*,#7674,.F.);
#10969=ORIENTED_EDGE('',*,*,#7209,.T.);
#10970=ORIENTED_EDGE('',*,*,#7444,.T.);
#10971=ORIENTED_EDGE('',*,*,#6561,.F.);
#10972=ORIENTED_EDGE('',*,*,#7675,.F.);
#10973=ORIENTED_EDGE('',*,*,#7169,.T.);
#10974=ORIENTED_EDGE('',*,*,#7676,.T.);
#10975=ORIENTED_EDGE('',*,*,#6553,.F.);
#10976=ORIENTED_EDGE('',*,*,#7474,.F.);
#10977=ORIENTED_EDGE('',*,*,#7168,.T.);
#10978=ORIENTED_EDGE('',*,*,#7677,.T.);
#10979=ORIENTED_EDGE('',*,*,#6554,.F.);
#10980=ORIENTED_EDGE('',*,*,#7676,.F.);
#10981=ORIENTED_EDGE('',*,*,#7167,.T.);
#10982=ORIENTED_EDGE('',*,*,#7472,.T.);
#10983=ORIENTED_EDGE('',*,*,#6555,.F.);
#10984=ORIENTED_EDGE('',*,*,#7677,.F.);
#10985=ORIENTED_EDGE('',*,*,#7307,.T.);
#10986=ORIENTED_EDGE('',*,*,#7678,.T.);
#10987=ORIENTED_EDGE('',*,*,#6547,.F.);
#10988=ORIENTED_EDGE('',*,*,#7382,.F.);
#10989=ORIENTED_EDGE('',*,*,#7306,.T.);
#10990=ORIENTED_EDGE('',*,*,#7679,.T.);
#10991=ORIENTED_EDGE('',*,*,#6548,.F.);
#10992=ORIENTED_EDGE('',*,*,#7678,.F.);
#10993=ORIENTED_EDGE('',*,*,#7305,.T.);
#10994=ORIENTED_EDGE('',*,*,#7380,.T.);
#10995=ORIENTED_EDGE('',*,*,#6549,.F.);
#10996=ORIENTED_EDGE('',*,*,#7679,.F.);
#10997=ORIENTED_EDGE('',*,*,#7163,.T.);
#10998=ORIENTED_EDGE('',*,*,#7680,.T.);
#10999=ORIENTED_EDGE('',*,*,#6541,.F.);
#11000=ORIENTED_EDGE('',*,*,#7478,.F.);
#11001=ORIENTED_EDGE('',*,*,#7162,.T.);
#11002=ORIENTED_EDGE('',*,*,#7681,.T.);
#11003=ORIENTED_EDGE('',*,*,#6542,.F.);
#11004=ORIENTED_EDGE('',*,*,#7680,.F.);
#11005=ORIENTED_EDGE('',*,*,#7161,.T.);
#11006=ORIENTED_EDGE('',*,*,#7476,.T.);
#11007=ORIENTED_EDGE('',*,*,#6543,.F.);
#11008=ORIENTED_EDGE('',*,*,#7681,.F.);
#11009=ORIENTED_EDGE('',*,*,#7199,.T.);
#11010=ORIENTED_EDGE('',*,*,#7682,.T.);
#11011=ORIENTED_EDGE('',*,*,#6535,.F.);
#11012=ORIENTED_EDGE('',*,*,#7454,.F.);
#11013=ORIENTED_EDGE('',*,*,#7198,.T.);
#11014=ORIENTED_EDGE('',*,*,#7683,.T.);
#11015=ORIENTED_EDGE('',*,*,#6536,.F.);
#11016=ORIENTED_EDGE('',*,*,#7682,.F.);
#11017=ORIENTED_EDGE('',*,*,#7197,.T.);
#11018=ORIENTED_EDGE('',*,*,#7452,.T.);
#11019=ORIENTED_EDGE('',*,*,#6537,.F.);
#11020=ORIENTED_EDGE('',*,*,#7683,.F.);
#11021=ORIENTED_EDGE('',*,*,#7319,.T.);
#11022=ORIENTED_EDGE('',*,*,#7684,.T.);
#11023=ORIENTED_EDGE('',*,*,#6522,.F.);
#11024=ORIENTED_EDGE('',*,*,#7374,.F.);
#11025=ORIENTED_EDGE('',*,*,#7318,.T.);
#11026=ORIENTED_EDGE('',*,*,#7685,.T.);
#11027=ORIENTED_EDGE('',*,*,#6523,.F.);
#11028=ORIENTED_EDGE('',*,*,#7684,.F.);
#11029=ORIENTED_EDGE('',*,*,#7317,.T.);
#11030=ORIENTED_EDGE('',*,*,#7372,.T.);
#11031=ORIENTED_EDGE('',*,*,#6524,.F.);
#11032=ORIENTED_EDGE('',*,*,#7685,.F.);
#11033=ORIENTED_EDGE('',*,*,#7229,.T.);
#11034=ORIENTED_EDGE('',*,*,#7686,.T.);
#11035=ORIENTED_EDGE('',*,*,#6509,.F.);
#11036=ORIENTED_EDGE('',*,*,#7434,.F.);
#11037=ORIENTED_EDGE('',*,*,#7228,.T.);
#11038=ORIENTED_EDGE('',*,*,#7687,.T.);
#11039=ORIENTED_EDGE('',*,*,#6510,.F.);
#11040=ORIENTED_EDGE('',*,*,#7686,.F.);
#11041=ORIENTED_EDGE('',*,*,#7227,.T.);
#11042=ORIENTED_EDGE('',*,*,#7432,.T.);
#11043=ORIENTED_EDGE('',*,*,#6511,.F.);
#11044=ORIENTED_EDGE('',*,*,#7687,.F.);
#11045=ORIENTED_EDGE('',*,*,#7151,.T.);
#11046=ORIENTED_EDGE('',*,*,#7688,.T.);
#11047=ORIENTED_EDGE('',*,*,#6503,.F.);
#11048=ORIENTED_EDGE('',*,*,#7486,.F.);
#11049=ORIENTED_EDGE('',*,*,#7150,.T.);
#11050=ORIENTED_EDGE('',*,*,#7689,.T.);
#11051=ORIENTED_EDGE('',*,*,#6504,.F.);
#11052=ORIENTED_EDGE('',*,*,#7688,.F.);
#11053=ORIENTED_EDGE('',*,*,#7149,.T.);
#11054=ORIENTED_EDGE('',*,*,#7484,.T.);
#11055=ORIENTED_EDGE('',*,*,#6505,.F.);
#11056=ORIENTED_EDGE('',*,*,#7689,.F.);
#11057=ORIENTED_EDGE('',*,*,#7024,.T.);
#11058=ORIENTED_EDGE('',*,*,#7690,.T.);
#11059=ORIENTED_EDGE('',*,*,#6472,.F.);
#11060=ORIENTED_EDGE('',*,*,#7691,.F.);
#11061=ORIENTED_EDGE('',*,*,#7023,.T.);
#11062=ORIENTED_EDGE('',*,*,#6881,.T.);
#11063=ORIENTED_EDGE('',*,*,#6473,.F.);
#11064=ORIENTED_EDGE('',*,*,#7690,.F.);
#11065=ORIENTED_EDGE('',*,*,#7028,.T.);
#11066=ORIENTED_EDGE('',*,*,#7692,.T.);
#11067=ORIENTED_EDGE('',*,*,#6468,.F.);
#11068=ORIENTED_EDGE('',*,*,#6880,.F.);
#11069=ORIENTED_EDGE('',*,*,#7027,.T.);
#11070=ORIENTED_EDGE('',*,*,#7693,.T.);
#11071=ORIENTED_EDGE('',*,*,#6469,.F.);
#11072=ORIENTED_EDGE('',*,*,#7692,.F.);
#11073=ORIENTED_EDGE('',*,*,#7026,.T.);
#11074=ORIENTED_EDGE('',*,*,#7694,.T.);
#11075=ORIENTED_EDGE('',*,*,#6470,.F.);
#11076=ORIENTED_EDGE('',*,*,#7693,.F.);
#11077=ORIENTED_EDGE('',*,*,#7025,.T.);
#11078=ORIENTED_EDGE('',*,*,#7691,.T.);
#11079=ORIENTED_EDGE('',*,*,#6471,.F.);
#11080=ORIENTED_EDGE('',*,*,#7694,.F.);
#11081=ORIENTED_EDGE('',*,*,#7331,.T.);
#11082=ORIENTED_EDGE('',*,*,#7695,.T.);
#11083=ORIENTED_EDGE('',*,*,#6462,.F.);
#11084=ORIENTED_EDGE('',*,*,#7366,.F.);
#11085=ORIENTED_EDGE('',*,*,#7330,.T.);
#11086=ORIENTED_EDGE('',*,*,#7696,.T.);
#11087=ORIENTED_EDGE('',*,*,#6463,.F.);
#11088=ORIENTED_EDGE('',*,*,#7695,.F.);
#11089=ORIENTED_EDGE('',*,*,#7329,.T.);
#11090=ORIENTED_EDGE('',*,*,#7364,.T.);
#11091=ORIENTED_EDGE('',*,*,#6464,.F.);
#11092=ORIENTED_EDGE('',*,*,#7696,.F.);
#11093=ORIENTED_EDGE('',*,*,#7313,.T.);
#11094=ORIENTED_EDGE('',*,*,#7697,.T.);
#11095=ORIENTED_EDGE('',*,*,#6456,.F.);
#11096=ORIENTED_EDGE('',*,*,#7378,.F.);
#11097=ORIENTED_EDGE('',*,*,#7312,.T.);
#11098=ORIENTED_EDGE('',*,*,#7698,.T.);
#11099=ORIENTED_EDGE('',*,*,#6457,.F.);
#11100=ORIENTED_EDGE('',*,*,#7697,.F.);
#11101=ORIENTED_EDGE('',*,*,#7311,.T.);
#11102=ORIENTED_EDGE('',*,*,#7376,.T.);
#11103=ORIENTED_EDGE('',*,*,#6458,.F.);
#11104=ORIENTED_EDGE('',*,*,#7698,.F.);
#11105=ORIENTED_EDGE('',*,*,#7349,.T.);
#11106=ORIENTED_EDGE('',*,*,#7699,.T.);
#11107=ORIENTED_EDGE('',*,*,#6443,.F.);
#11108=ORIENTED_EDGE('',*,*,#7354,.F.);
#11109=ORIENTED_EDGE('',*,*,#7348,.T.);
#11110=ORIENTED_EDGE('',*,*,#7700,.T.);
#11111=ORIENTED_EDGE('',*,*,#6444,.F.);
#11112=ORIENTED_EDGE('',*,*,#7699,.F.);
#11113=ORIENTED_EDGE('',*,*,#7347,.T.);
#11114=ORIENTED_EDGE('',*,*,#7352,.T.);
#11115=ORIENTED_EDGE('',*,*,#6445,.F.);
#11116=ORIENTED_EDGE('',*,*,#7700,.F.);
#11117=ORIENTED_EDGE('',*,*,#7247,.T.);
#11118=ORIENTED_EDGE('',*,*,#7701,.T.);
#11119=ORIENTED_EDGE('',*,*,#6437,.F.);
#11120=ORIENTED_EDGE('',*,*,#7422,.F.);
#11121=ORIENTED_EDGE('',*,*,#7246,.T.);
#11122=ORIENTED_EDGE('',*,*,#7702,.T.);
#11123=ORIENTED_EDGE('',*,*,#6438,.F.);
#11124=ORIENTED_EDGE('',*,*,#7701,.F.);
#11125=ORIENTED_EDGE('',*,*,#7245,.T.);
#11126=ORIENTED_EDGE('',*,*,#7420,.T.);
#11127=ORIENTED_EDGE('',*,*,#6439,.F.);
#11128=ORIENTED_EDGE('',*,*,#7702,.F.);
#11129=ORIENTED_EDGE('',*,*,#7337,.T.);
#11130=ORIENTED_EDGE('',*,*,#7703,.T.);
#11131=ORIENTED_EDGE('',*,*,#6431,.F.);
#11132=ORIENTED_EDGE('',*,*,#7362,.F.);
#11133=ORIENTED_EDGE('',*,*,#7336,.T.);
#11134=ORIENTED_EDGE('',*,*,#7704,.T.);
#11135=ORIENTED_EDGE('',*,*,#6432,.F.);
#11136=ORIENTED_EDGE('',*,*,#7703,.F.);
#11137=ORIENTED_EDGE('',*,*,#7335,.T.);
#11138=ORIENTED_EDGE('',*,*,#7360,.T.);
#11139=ORIENTED_EDGE('',*,*,#6433,.F.);
#11140=ORIENTED_EDGE('',*,*,#7704,.F.);
#11141=ORIENTED_EDGE('',*,*,#7001,.T.);
#11142=ORIENTED_EDGE('',*,*,#7705,.T.);
#11143=ORIENTED_EDGE('',*,*,#6428,.F.);
#11144=ORIENTED_EDGE('',*,*,#7706,.F.);
#11145=ORIENTED_EDGE('',*,*,#7000,.T.);
#11146=ORIENTED_EDGE('',*,*,#7707,.T.);
#11147=ORIENTED_EDGE('',*,*,#6429,.F.);
#11148=ORIENTED_EDGE('',*,*,#7705,.F.);
#11149=ORIENTED_EDGE('',*,*,#6999,.T.);
#11150=ORIENTED_EDGE('',*,*,#6893,.T.);
#11151=ORIENTED_EDGE('',*,*,#6430,.F.);
#11152=ORIENTED_EDGE('',*,*,#7707,.F.);
#11153=ORIENTED_EDGE('',*,*,#7004,.T.);
#11154=ORIENTED_EDGE('',*,*,#7708,.T.);
#11155=ORIENTED_EDGE('',*,*,#6425,.F.);
#11156=ORIENTED_EDGE('',*,*,#6892,.F.);
#11157=ORIENTED_EDGE('',*,*,#7003,.T.);
#11158=ORIENTED_EDGE('',*,*,#7709,.T.);
#11159=ORIENTED_EDGE('',*,*,#6426,.F.);
#11160=ORIENTED_EDGE('',*,*,#7708,.F.);
#11161=ORIENTED_EDGE('',*,*,#7002,.T.);
#11162=ORIENTED_EDGE('',*,*,#7706,.T.);
#11163=ORIENTED_EDGE('',*,*,#6427,.F.);
#11164=ORIENTED_EDGE('',*,*,#7709,.F.);
#11165=ORIENTED_EDGE('',*,*,#7205,.T.);
#11166=ORIENTED_EDGE('',*,*,#7710,.T.);
#11167=ORIENTED_EDGE('',*,*,#6418,.F.);
#11168=ORIENTED_EDGE('',*,*,#7450,.F.);
#11169=ORIENTED_EDGE('',*,*,#7204,.T.);
#11170=ORIENTED_EDGE('',*,*,#7711,.T.);
#11171=ORIENTED_EDGE('',*,*,#6419,.F.);
#11172=ORIENTED_EDGE('',*,*,#7710,.F.);
#11173=ORIENTED_EDGE('',*,*,#7203,.T.);
#11174=ORIENTED_EDGE('',*,*,#7448,.T.);
#11175=ORIENTED_EDGE('',*,*,#6420,.F.);
#11176=ORIENTED_EDGE('',*,*,#7711,.F.);
#11177=ORIENTED_EDGE('',*,*,#7301,.T.);
#11178=ORIENTED_EDGE('',*,*,#7712,.T.);
#11179=ORIENTED_EDGE('',*,*,#6412,.F.);
#11180=ORIENTED_EDGE('',*,*,#7386,.F.);
#11181=ORIENTED_EDGE('',*,*,#7300,.T.);
#11182=ORIENTED_EDGE('',*,*,#7713,.T.);
#11183=ORIENTED_EDGE('',*,*,#6413,.F.);
#11184=ORIENTED_EDGE('',*,*,#7712,.F.);
#11185=ORIENTED_EDGE('',*,*,#7299,.T.);
#11186=ORIENTED_EDGE('',*,*,#7384,.T.);
#11187=ORIENTED_EDGE('',*,*,#6414,.F.);
#11188=ORIENTED_EDGE('',*,*,#7713,.F.);
#11189=ORIENTED_EDGE('',*,*,#7113,.T.);
#11190=ORIENTED_EDGE('',*,*,#7511,.T.);
#11191=ORIENTED_EDGE('',*,*,#6401,.F.);
#11192=ORIENTED_EDGE('',*,*,#7514,.F.);
#11193=ORIENTED_EDGE('',*,*,#7289,.T.);
#11194=ORIENTED_EDGE('',*,*,#7714,.T.);
#11195=ORIENTED_EDGE('',*,*,#6395,.F.);
#11196=ORIENTED_EDGE('',*,*,#7394,.F.);
#11197=ORIENTED_EDGE('',*,*,#7288,.T.);
#11198=ORIENTED_EDGE('',*,*,#7715,.T.);
#11199=ORIENTED_EDGE('',*,*,#6396,.F.);
#11200=ORIENTED_EDGE('',*,*,#7714,.F.);
#11201=ORIENTED_EDGE('',*,*,#7287,.T.);
#11202=ORIENTED_EDGE('',*,*,#7392,.T.);
#11203=ORIENTED_EDGE('',*,*,#6397,.F.);
#11204=ORIENTED_EDGE('',*,*,#7715,.F.);
#11205=ORIENTED_EDGE('',*,*,#6994,.T.);
#11206=ORIENTED_EDGE('',*,*,#7716,.T.);
#11207=ORIENTED_EDGE('',*,*,#6392,.F.);
#11208=ORIENTED_EDGE('',*,*,#7717,.F.);
#11209=ORIENTED_EDGE('',*,*,#6993,.T.);
#11210=ORIENTED_EDGE('',*,*,#6896,.T.);
#11211=ORIENTED_EDGE('',*,*,#6393,.F.);
#11212=ORIENTED_EDGE('',*,*,#7716,.F.);
#11213=ORIENTED_EDGE('',*,*,#6998,.T.);
#11214=ORIENTED_EDGE('',*,*,#7718,.T.);
#11215=ORIENTED_EDGE('',*,*,#6388,.F.);
#11216=ORIENTED_EDGE('',*,*,#6895,.F.);
#11217=ORIENTED_EDGE('',*,*,#6997,.T.);
#11218=ORIENTED_EDGE('',*,*,#7719,.T.);
#11219=ORIENTED_EDGE('',*,*,#6389,.F.);
#11220=ORIENTED_EDGE('',*,*,#7718,.F.);
#11221=ORIENTED_EDGE('',*,*,#6996,.T.);
#11222=ORIENTED_EDGE('',*,*,#7720,.T.);
#11223=ORIENTED_EDGE('',*,*,#6390,.F.);
#11224=ORIENTED_EDGE('',*,*,#7719,.F.);
#11225=ORIENTED_EDGE('',*,*,#6995,.T.);
#11226=ORIENTED_EDGE('',*,*,#7717,.T.);
#11227=ORIENTED_EDGE('',*,*,#6391,.F.);
#11228=ORIENTED_EDGE('',*,*,#7720,.F.);
#11229=ORIENTED_EDGE('',*,*,#7121,.T.);
#11230=ORIENTED_EDGE('',*,*,#7522,.T.);
#11231=ORIENTED_EDGE('',*,*,#6384,.F.);
#11232=ORIENTED_EDGE('',*,*,#7525,.F.);
#11233=PLANE('',#12259);
#11234=PLANE('',#12267);
#11235=PLANE('',#12269);
#11236=PLANE('',#12277);
#11237=PLANE('',#12280);
#11238=PLANE('',#12283);
#11239=PLANE('',#12291);
#11240=PLANE('',#12296);
#11241=PLANE('',#12301);
#11242=PLANE('',#12306);
#11243=PLANE('',#12311);
#11244=PLANE('',#12313);
#11245=PLANE('',#12315);
#11246=PLANE('',#12323);
#11247=PLANE('',#12328);
#11248=PLANE('',#12330);
#11249=PLANE('',#12338);
#11250=PLANE('',#12341);
#11251=PLANE('',#12344);
#11252=PLANE('',#12352);
#11253=PLANE('',#12360);
#11254=PLANE('',#12362);
#11255=PLANE('',#12365);
#11256=PLANE('',#12370);
#11257=PLANE('',#12375);
#11258=PLANE('',#12377);
#11259=PLANE('',#12380);
#11260=PLANE('',#12382);
#11261=PLANE('',#12384);
#11262=PLANE('',#12390);
#11263=PLANE('',#12393);
#11264=PLANE('',#12395);
#11265=PLANE('',#12400);
#11266=PLANE('',#12402);
#11267=PLANE('',#12404);
#11268=PLANE('',#12410);
#11269=PLANE('',#12413);
#11270=PLANE('',#12416);
#11271=PLANE('',#12418);
#11272=PLANE('',#12422);
#11273=PLANE('',#12425);
#11274=PLANE('',#12431);
#11275=PLANE('',#12435);
#11276=PLANE('',#12438);
#11277=PLANE('',#12441);
#11278=PLANE('',#12445);
#11279=PLANE('',#12446);
#11280=PLANE('',#12447);
#11281=PLANE('',#12449);
#11282=PLANE('',#12450);
#11283=PLANE('',#12459);
#11284=PLANE('',#12466);
#11285=PLANE('',#12469);
#11286=PLANE('',#12472);
#11287=PLANE('',#12473);
#11288=PLANE('',#12479);
#11289=PLANE('',#12480);
#11290=PLANE('',#12489);
#11291=PLANE('',#12491);
#11292=PLANE('',#12503);
#11293=PLANE('',#12505);
#11294=PLANE('',#12513);
#11295=PLANE('',#12514);
#11296=PLANE('',#12522);
#11297=PLANE('',#12523);
#11298=PLANE('',#12524);
#11299=PLANE('',#12525);
#11300=PLANE('',#12556);
#11301=PLANE('',#12557);
#11302=PLANE('',#12558);
#11303=PLANE('',#12559);
#11304=PLANE('',#12560);
#11305=PLANE('',#12561);
#11306=PLANE('',#12563);
#11307=PLANE('',#12564);
#11308=PLANE('',#12565);
#11309=PLANE('',#12566);
#11310=PLANE('',#12567);
#11311=PLANE('',#12568);
#11312=PLANE('',#12569);
#11313=PLANE('',#12570);
#11314=PLANE('',#12571);
#11315=PLANE('',#12572);
#11316=PLANE('',#12573);
#11317=PLANE('',#12574);
#11318=PLANE('',#12575);
#11319=PLANE('',#12576);
#11320=PLANE('',#12577);
#11321=PLANE('',#12578);
#11322=PLANE('',#12579);
#11323=PLANE('',#12580);
#11324=PLANE('',#12581);
#11325=PLANE('',#12582);
#11326=PLANE('',#12583);
#11327=PLANE('',#12584);
#11328=PLANE('',#12585);
#11329=PLANE('',#12586);
#11330=PLANE('',#12587);
#11331=PLANE('',#12588);
#11332=PLANE('',#12589);
#11333=PLANE('',#12590);
#11334=PLANE('',#12591);
#11335=PLANE('',#12592);
#11336=PLANE('',#12593);
#11337=PLANE('',#12594);
#11338=PLANE('',#12595);
#11339=PLANE('',#12596);
#11340=PLANE('',#12597);
#11341=PLANE('',#12598);
#11342=PLANE('',#12599);
#11343=PLANE('',#12600);
#11344=PLANE('',#12601);
#11345=PLANE('',#12602);
#11346=PLANE('',#12603);
#11347=PLANE('',#12604);
#11348=PLANE('',#12605);
#11349=PLANE('',#12606);
#11350=PLANE('',#12607);
#11351=PLANE('',#12608);
#11352=PLANE('',#12609);
#11353=PLANE('',#12610);
#11354=PLANE('',#12611);
#11355=PLANE('',#12612);
#11356=PLANE('',#12613);
#11357=PLANE('',#12614);
#11358=PLANE('',#12615);
#11359=PLANE('',#12616);
#11360=PLANE('',#12617);
#11361=PLANE('',#12618);
#11362=PLANE('',#12619);
#11363=PLANE('',#12620);
#11364=PLANE('',#12621);
#11365=PLANE('',#12622);
#11366=PLANE('',#12623);
#11367=PLANE('',#12624);
#11368=PLANE('',#12625);
#11369=PLANE('',#12626);
#11370=PLANE('',#12627);
#11371=PLANE('',#12628);
#11372=PLANE('',#12629);
#11373=PLANE('',#12630);
#11374=PLANE('',#12631);
#11375=PLANE('',#12632);
#11376=PLANE('',#12633);
#11377=PLANE('',#12634);
#11378=PLANE('',#12635);
#11379=PLANE('',#12636);
#11380=PLANE('',#12637);
#11381=PLANE('',#12638);
#11382=PLANE('',#12639);
#11383=PLANE('',#12640);
#11384=PLANE('',#12641);
#11385=PLANE('',#12642);
#11386=PLANE('',#12643);
#11387=PLANE('',#12644);
#11388=PLANE('',#12645);
#11389=PLANE('',#12646);
#11390=PLANE('',#12647);
#11391=PLANE('',#12648);
#11392=PLANE('',#12649);
#11393=PLANE('',#12650);
#11394=PLANE('',#12651);
#11395=PLANE('',#12652);
#11396=PLANE('',#12653);
#11397=PLANE('',#12654);
#11398=PLANE('',#12655);
#11399=PLANE('',#12656);
#11400=PLANE('',#12657);
#11401=PLANE('',#12658);
#11402=PLANE('',#12659);
#11403=PLANE('',#12660);
#11404=PLANE('',#12661);
#11405=PLANE('',#12662);
#11406=PLANE('',#12663);
#11407=PLANE('',#12664);
#11408=PLANE('',#12665);
#11409=PLANE('',#12666);
#11410=PLANE('',#12667);
#11411=PLANE('',#12668);
#11412=PLANE('',#12669);
#11413=PLANE('',#12670);
#11414=PLANE('',#12671);
#11415=PLANE('',#12672);
#11416=PLANE('',#12673);
#11417=PLANE('',#12674);
#11418=PLANE('',#12675);
#11419=PLANE('',#12676);
#11420=PLANE('',#12677);
#11421=PLANE('',#12678);
#11422=PLANE('',#12679);
#11423=PLANE('',#12680);
#11424=PLANE('',#12681);
#11425=PLANE('',#12682);
#11426=PLANE('',#12683);
#11427=PLANE('',#12684);
#11428=PLANE('',#12685);
#11429=PLANE('',#12686);
#11430=PLANE('',#12687);
#11431=PLANE('',#12688);
#11432=PLANE('',#12689);
#11433=PLANE('',#12690);
#11434=PLANE('',#12691);
#11435=PLANE('',#12692);
#11436=PLANE('',#12693);
#11437=PLANE('',#12694);
#11438=PLANE('',#12695);
#11439=PLANE('',#12696);
#11440=PLANE('',#12697);
#11441=PLANE('',#12698);
#11442=PLANE('',#12699);
#11443=PLANE('',#12700);
#11444=PLANE('',#12701);
#11445=PLANE('',#12702);
#11446=PLANE('',#12703);
#11447=PLANE('',#12704);
#11448=PLANE('',#12705);
#11449=PLANE('',#12706);
#11450=PLANE('',#12707);
#11451=PLANE('',#12708);
#11452=PLANE('',#12709);
#11453=PLANE('',#12710);
#11454=PLANE('',#12711);
#11455=PLANE('',#12712);
#11456=PLANE('',#12713);
#11457=PLANE('',#12714);
#11458=PLANE('',#12715);
#11459=PLANE('',#12716);
#11460=PLANE('',#12717);
#11461=PLANE('',#12718);
#11462=PLANE('',#12719);
#11463=PLANE('',#12720);
#11464=PLANE('',#12721);
#11465=PLANE('',#12722);
#11466=PLANE('',#12723);
#11467=PLANE('',#12724);
#11468=PLANE('',#12725);
#11469=PLANE('',#12726);
#11470=PLANE('',#12727);
#11471=PLANE('',#12728);
#11472=PLANE('',#12729);
#11473=PLANE('',#12730);
#11474=PLANE('',#12731);
#11475=PLANE('',#12732);
#11476=PLANE('',#12733);
#11477=PLANE('',#12734);
#11478=PLANE('',#12735);
#11479=PLANE('',#12736);
#11480=PLANE('',#12737);
#11481=PLANE('',#12738);
#11482=PLANE('',#12739);
#11483=PLANE('',#12740);
#11484=PLANE('',#12741);
#11485=PLANE('',#12742);
#11486=PLANE('',#12743);
#11487=PLANE('',#12744);
#11488=PLANE('',#12745);
#11489=PLANE('',#12746);
#11490=PLANE('',#12747);
#11491=PLANE('',#12748);
#11492=PLANE('',#12749);
#11493=PLANE('',#12750);
#11494=PLANE('',#12751);
#11495=PLANE('',#12752);
#11496=PLANE('',#12753);
#11497=PLANE('',#12754);
#11498=PLANE('',#12755);
#11499=PLANE('',#12756);
#11500=PLANE('',#12757);
#11501=PLANE('',#12758);
#11502=PLANE('',#12759);
#11503=PLANE('',#12760);
#11504=PLANE('',#12761);
#11505=PLANE('',#12762);
#11506=PLANE('',#12763);
#11507=PLANE('',#12764);
#11508=PLANE('',#12765);
#11509=PLANE('',#12766);
#11510=PLANE('',#12767);
#11511=PLANE('',#12768);
#11512=PLANE('',#12769);
#11513=PLANE('',#12770);
#11514=PLANE('',#12771);
#11515=PLANE('',#12790);
#11516=PLANE('',#12803);
#11517=PLANE('',#12814);
#11518=PLANE('',#12815);
#11519=PLANE('',#12816);
#11520=PLANE('',#12817);
#11521=PLANE('',#12818);
#11522=PLANE('',#12819);
#11523=PLANE('',#12820);
#11524=PLANE('',#12821);
#11525=PLANE('',#12822);
#11526=PLANE('',#12823);
#11527=PLANE('',#12824);
#11528=PLANE('',#12825);
#11529=PLANE('',#12826);
#11530=PLANE('',#12827);
#11531=PLANE('',#12828);
#11532=PLANE('',#12829);
#11533=PLANE('',#12830);
#11534=PLANE('',#12831);
#11535=PLANE('',#12832);
#11536=PLANE('',#12833);
#11537=PLANE('',#12834);
#11538=PLANE('',#12835);
#11539=PLANE('',#12836);
#11540=PLANE('',#12837);
#11541=PLANE('',#12838);
#11542=PLANE('',#12839);
#11543=PLANE('',#12840);
#11544=PLANE('',#12841);
#11545=PLANE('',#12842);
#11546=PLANE('',#12843);
#11547=PLANE('',#12844);
#11548=PLANE('',#12845);
#11549=PLANE('',#12846);
#11550=PLANE('',#12847);
#11551=PLANE('',#12848);
#11552=PLANE('',#12849);
#11553=PLANE('',#12850);
#11554=PLANE('',#12851);
#11555=PLANE('',#12852);
#11556=PLANE('',#12853);
#11557=PLANE('',#12854);
#11558=PLANE('',#12855);
#11559=PLANE('',#12856);
#11560=PLANE('',#12857);
#11561=PLANE('',#12858);
#11562=PLANE('',#12859);
#11563=PLANE('',#12860);
#11564=PLANE('',#12861);
#11565=PLANE('',#12862);
#11566=PLANE('',#12863);
#11567=PLANE('',#12864);
#11568=PLANE('',#12865);
#11569=PLANE('',#12866);
#11570=PLANE('',#12867);
#11571=PLANE('',#12868);
#11572=PLANE('',#12869);
#11573=PLANE('',#12870);
#11574=PLANE('',#12871);
#11575=PLANE('',#12872);
#11576=PLANE('',#12873);
#11577=PLANE('',#12874);
#11578=PLANE('',#12875);
#11579=PLANE('',#12876);
#11580=PLANE('',#12877);
#11581=PLANE('',#12878);
#11582=PLANE('',#12879);
#11583=PLANE('',#12880);
#11584=PLANE('',#12881);
#11585=PLANE('',#12882);
#11586=PLANE('',#12883);
#11587=PLANE('',#12884);
#11588=PLANE('',#12885);
#11589=PLANE('',#12886);
#11590=PLANE('',#12887);
#11591=PLANE('',#12888);
#11592=PLANE('',#12889);
#11593=PLANE('',#12890);
#11594=PLANE('',#12891);
#11595=PLANE('',#12892);
#11596=PLANE('',#12893);
#11597=PLANE('',#12894);
#11598=PLANE('',#12895);
#11599=PLANE('',#12896);
#11600=PLANE('',#12897);
#11601=PLANE('',#12898);
#11602=PLANE('',#12899);
#11603=PLANE('',#12900);
#11604=PLANE('',#12901);
#11605=PLANE('',#12902);
#11606=PLANE('',#12903);
#11607=PLANE('',#12904);
#11608=PLANE('',#12905);
#11609=PLANE('',#12906);
#11610=PLANE('',#12907);
#11611=PLANE('',#12908);
#11612=PLANE('',#12909);
#11613=PLANE('',#12910);
#11614=PLANE('',#12911);
#11615=PLANE('',#12912);
#11616=PLANE('',#12913);
#11617=PLANE('',#12914);
#11618=PLANE('',#12915);
#11619=PLANE('',#12916);
#11620=PLANE('',#12917);
#11621=PLANE('',#12918);
#11622=PLANE('',#12919);
#11623=PLANE('',#12920);
#11624=PLANE('',#12921);
#11625=PLANE('',#12922);
#11626=PLANE('',#12923);
#11627=PLANE('',#12924);
#11628=PLANE('',#12925);
#11629=PLANE('',#12926);
#11630=PLANE('',#12927);
#11631=PLANE('',#12928);
#11632=PLANE('',#12929);
#11633=PLANE('',#12930);
#11634=PLANE('',#12931);
#11635=PLANE('',#12932);
#11636=PLANE('',#12933);
#11637=PLANE('',#12934);
#11638=PLANE('',#12935);
#11639=PLANE('',#12936);
#11640=PLANE('',#12937);
#11641=PLANE('',#12938);
#11642=PLANE('',#12939);
#11643=PLANE('',#12940);
#11644=PLANE('',#12941);
#11645=PLANE('',#12942);
#11646=PLANE('',#12943);
#11647=PLANE('',#12944);
#11648=PLANE('',#12945);
#11649=PLANE('',#12946);
#11650=PLANE('',#12947);
#11651=PLANE('',#12948);
#11652=PLANE('',#12949);
#11653=PLANE('',#12950);
#11654=PLANE('',#12951);
#11655=PLANE('',#12952);
#11656=PLANE('',#12953);
#11657=PLANE('',#12954);
#11658=PLANE('',#12955);
#11659=PLANE('',#12956);
#11660=PLANE('',#12957);
#11661=PLANE('',#12958);
#11662=PLANE('',#12959);
#11663=PLANE('',#12960);
#11664=PLANE('',#12961);
#11665=PLANE('',#12962);
#11666=PLANE('',#12963);
#11667=PLANE('',#12964);
#11668=PLANE('',#12965);
#11669=PLANE('',#12966);
#11670=PLANE('',#12967);
#11671=PLANE('',#12968);
#11672=PLANE('',#12969);
#11673=PLANE('',#12970);
#11674=PLANE('',#12971);
#11675=PLANE('',#12972);
#11676=PLANE('',#12973);
#11677=PLANE('',#12974);
#11678=PLANE('',#12975);
#11679=PLANE('',#12976);
#11680=PLANE('',#12977);
#11681=PLANE('',#12978);
#11682=PLANE('',#12979);
#11683=PLANE('',#12980);
#11684=PLANE('',#12981);
#11685=PLANE('',#12982);
#11686=PLANE('',#12983);
#11687=PLANE('',#12984);
#11688=PLANE('',#12985);
#11689=ADVANCED_FACE('',(#250,#124,#125,#126),#11233,.T.);
#11690=ADVANCED_FACE('',(#251),#40,.T.);
#11691=ADVANCED_FACE('',(#252),#11234,.T.);
#11692=ADVANCED_FACE('',(#253),#11235,.T.);
#11693=ADVANCED_FACE('',(#254),#41,.T.);
#11694=ADVANCED_FACE('',(#255),#11236,.T.);
#11695=ADVANCED_FACE('',(#256),#11237,.T.);
#11696=ADVANCED_FACE('',(#257),#11238,.T.);
#11697=ADVANCED_FACE('',(#258),#42,.T.);
#11698=ADVANCED_FACE('',(#259),#11239,.F.);
#11699=ADVANCED_FACE('',(#260),#11240,.F.);
#11700=ADVANCED_FACE('',(#261),#11241,.T.);
#11701=ADVANCED_FACE('',(#262),#43,.T.);
#11702=ADVANCED_FACE('',(#263),#11242,.F.);
#11703=ADVANCED_FACE('',(#264),#44,.T.);
#11704=ADVANCED_FACE('',(#265),#11243,.T.);
#11705=ADVANCED_FACE('',(#266),#11244,.T.);
#11706=ADVANCED_FACE('',(#267),#11245,.T.);
#11707=ADVANCED_FACE('',(#268),#45,.T.);
#11708=ADVANCED_FACE('',(#269),#11246,.F.);
#11709=ADVANCED_FACE('',(#270),#11247,.F.);
#11710=ADVANCED_FACE('',(#271),#11248,.F.);
#11711=ADVANCED_FACE('',(#272),#46,.T.);
#11712=ADVANCED_FACE('',(#273),#11249,.T.);
#11713=ADVANCED_FACE('',(#274),#11250,.T.);
#11714=ADVANCED_FACE('',(#275),#11251,.T.);
#11715=ADVANCED_FACE('',(#276),#47,.T.);
#11716=ADVANCED_FACE('',(#277,#127,#128,#129),#11252,.T.);
#11717=ADVANCED_FACE('',(#278),#48,.T.);
#11718=ADVANCED_FACE('',(#279),#11253,.T.);
#11719=ADVANCED_FACE('',(#280),#11254,.T.);
#11720=ADVANCED_FACE('',(#281),#11255,.F.);
#11721=ADVANCED_FACE('',(#282),#49,.T.);
#11722=ADVANCED_FACE('',(#283),#11256,.T.);
#11723=ADVANCED_FACE('',(#284),#50,.T.);
#11724=ADVANCED_FACE('',(#285),#11257,.T.);
#11725=ADVANCED_FACE('',(#286),#11258,.T.);
#11726=ADVANCED_FACE('',(#287),#11259,.T.);
#11727=ADVANCED_FACE('',(#288),#11260,.T.);
#11728=ADVANCED_FACE('',(#289),#11261,.T.);
#11729=ADVANCED_FACE('',(#290),#51,.T.);
#11730=ADVANCED_FACE('',(#291),#11262,.F.);
#11731=ADVANCED_FACE('',(#292),#52,.T.);
#11732=ADVANCED_FACE('',(#293,#130,#131,#132),#11263,.T.);
#11733=ADVANCED_FACE('',(#294),#53,.T.);
#11734=ADVANCED_FACE('',(#295),#11264,.T.);
#11735=ADVANCED_FACE('',(#296),#54,.T.);
#11736=ADVANCED_FACE('',(#297),#55,.T.);
#11737=ADVANCED_FACE('',(#298),#56,.T.);
#11738=ADVANCED_FACE('',(#299),#57,.T.);
#11739=ADVANCED_FACE('',(#300),#11265,.T.);
#11740=ADVANCED_FACE('',(#301),#58,.T.);
#11741=ADVANCED_FACE('',(#302),#11266,.T.);
#11742=ADVANCED_FACE('',(#303),#59,.T.);
#11743=ADVANCED_FACE('',(#304,#133,#134,#135),#11267,.T.);
#11744=ADVANCED_FACE('',(#305),#60,.T.);
#11745=ADVANCED_FACE('',(#306),#11268,.T.);
#11746=ADVANCED_FACE('',(#307),#61,.T.);
#11747=ADVANCED_FACE('',(#308),#62,.T.);
#11748=ADVANCED_FACE('',(#309),#11269,.T.);
#11749=ADVANCED_FACE('',(#310),#63,.T.);
#11750=ADVANCED_FACE('',(#311),#64,.T.);
#11751=ADVANCED_FACE('',(#312,#136,#137,#138),#11270,.T.);
#11752=ADVANCED_FACE('',(#313),#65,.T.);
#11753=ADVANCED_FACE('',(#314),#11271,.T.);
#11754=ADVANCED_FACE('',(#315),#66,.T.);
#11755=ADVANCED_FACE('',(#316),#67,.T.);
#11756=ADVANCED_FACE('',(#317),#68,.T.);
#11757=ADVANCED_FACE('',(#318),#11272,.T.);
#11758=ADVANCED_FACE('',(#319),#69,.T.);
#11759=ADVANCED_FACE('',(#320),#70,.T.);
#11760=ADVANCED_FACE('',(#321),#11273,.T.);
#11761=ADVANCED_FACE('',(#322),#71,.T.);
#11762=ADVANCED_FACE('',(#323),#72,.T.);
#11763=ADVANCED_FACE('',(#324),#73,.T.);
#11764=ADVANCED_FACE('',(#325),#74,.T.);
#11765=ADVANCED_FACE('',(#326),#11274,.T.);
#11766=ADVANCED_FACE('',(#327),#75,.T.);
#11767=ADVANCED_FACE('',(#328),#76,.T.);
#11768=ADVANCED_FACE('',(#329),#11275,.T.);
#11769=ADVANCED_FACE('',(#330),#77,.T.);
#11770=ADVANCED_FACE('',(#331),#78,.T.);
#11771=ADVANCED_FACE('',(#332,#139,#140,#141),#11276,.T.);
#11772=ADVANCED_FACE('',(#333),#79,.T.);
#11773=ADVANCED_FACE('',(#334),#80,.T.);
#11774=ADVANCED_FACE('',(#335),#11277,.T.);
#11775=ADVANCED_FACE('',(#336),#81,.T.);
#11776=ADVANCED_FACE('',(#337),#82,.T.);
#11777=ADVANCED_FACE('',(#338),#83,.T.);
#11778=ADVANCED_FACE('',(#339),#11278,.T.);
#11779=ADVANCED_FACE('',(#340),#11279,.T.);
#11780=ADVANCED_FACE('',(#341),#11280,.T.);
#11781=ADVANCED_FACE('',(#342),#11281,.T.);
#11782=ADVANCED_FACE('',(#343,#142,#143),#11282,.T.);
#11783=ADVANCED_FACE('',(#344),#84,.T.);
#11784=ADVANCED_FACE('',(#345),#85,.T.);
#11785=ADVANCED_FACE('',(#346),#11283,.T.);
#11786=ADVANCED_FACE('',(#347),#86,.T.);
#11787=ADVANCED_FACE('',(#348),#87,.T.);
#11788=ADVANCED_FACE('',(#349),#11284,.T.);
#11789=ADVANCED_FACE('',(#350,#144,#145,#146,#147,#148,#149,#150,#151,#152,
#153,#154,#155,#156,#157,#158,#159,#160,#161,#162,#163,#164,#165,#166,#167,
#168,#169,#170,#171,#172,#173,#174,#175,#176,#177,#178,#179,#180,#181,#182,
#183,#184,#185,#186,#187,#188,#189,#190,#191,#192,#193,#194,#195,#196,#197,
#198,#199,#200,#201,#202,#203,#204,#205,#206,#207,#208,#209,#210),#11285,
 .T.);
#11790=ADVANCED_FACE('',(#351),#11286,.T.);
#11791=ADVANCED_FACE('',(#352),#11287,.T.);
#11792=ADVANCED_FACE('',(#353),#88,.T.);
#11793=ADVANCED_FACE('',(#354),#89,.T.);
#11794=ADVANCED_FACE('',(#355),#11288,.T.);
#11795=ADVANCED_FACE('',(#356),#11289,.T.);
#11796=ADVANCED_FACE('',(#357),#90,.T.);
#11797=ADVANCED_FACE('',(#358),#91,.T.);
#11798=ADVANCED_FACE('',(#359),#11290,.T.);
#11799=ADVANCED_FACE('',(#360),#11291,.T.);
#11800=ADVANCED_FACE('',(#361),#92,.T.);
#11801=ADVANCED_FACE('',(#362),#93,.T.);
#11802=ADVANCED_FACE('',(#363),#94,.T.);
#11803=ADVANCED_FACE('',(#364),#95,.T.);
#11804=ADVANCED_FACE('',(#365),#96,.T.);
#11805=ADVANCED_FACE('',(#366),#11292,.T.);
#11806=ADVANCED_FACE('',(#367),#11293,.T.);
#11807=ADVANCED_FACE('',(#368),#97,.T.);
#11808=ADVANCED_FACE('',(#369),#98,.T.);
#11809=ADVANCED_FACE('',(#370),#99,.T.);
#11810=ADVANCED_FACE('',(#371),#11294,.T.);
#11811=ADVANCED_FACE('',(#372),#11295,.T.);
#11812=ADVANCED_FACE('',(#373),#100,.T.);
#11813=ADVANCED_FACE('',(#374),#101,.T.);
#11814=ADVANCED_FACE('',(#375),#102,.T.);
#11815=ADVANCED_FACE('',(#376),#11296,.T.);
#11816=ADVANCED_FACE('',(#377),#11297,.T.);
#11817=ADVANCED_FACE('',(#378),#11298,.T.);
#11818=ADVANCED_FACE('',(#379),#11299,.T.);
#11819=ADVANCED_FACE('',(#380),#31,.T.);
#11820=ADVANCED_FACE('',(#381),#103,.T.);
#11821=ADVANCED_FACE('',(#382),#19,.T.);
#11822=ADVANCED_FACE('',(#383),#32,.T.);
#11823=ADVANCED_FACE('',(#384),#20,.T.);
#11824=ADVANCED_FACE('',(#385),#33,.T.);
#11825=ADVANCED_FACE('',(#386),#104,.T.);
#11826=ADVANCED_FACE('',(#387),#21,.T.);
#11827=ADVANCED_FACE('',(#388),#105,.T.);
#11828=ADVANCED_FACE('',(#389),#34,.T.);
#11829=ADVANCED_FACE('',(#390),#22,.T.);
#11830=ADVANCED_FACE('',(#391),#106,.T.);
#11831=ADVANCED_FACE('',(#392),#107,.T.);
#11832=ADVANCED_FACE('',(#393),#108,.T.);
#11833=ADVANCED_FACE('',(#394),#109,.T.);
#11834=ADVANCED_FACE('',(#395),#110,.F.);
#11835=ADVANCED_FACE('',(#396,#211,#212),#11300,.F.);
#11836=ADVANCED_FACE('',(#397),#11301,.T.);
#11837=ADVANCED_FACE('',(#398),#11302,.F.);
#11838=ADVANCED_FACE('',(#399),#11303,.F.);
#11839=ADVANCED_FACE('',(#400),#11304,.F.);
#11840=ADVANCED_FACE('',(#401),#11305,.F.);
#11841=ADVANCED_FACE('',(#402),#111,.F.);
#11842=ADVANCED_FACE('',(#403),#11306,.F.);
#11843=ADVANCED_FACE('',(#404),#11307,.F.);
#11844=ADVANCED_FACE('',(#405),#11308,.F.);
#11845=ADVANCED_FACE('',(#406),#11309,.F.);
#11846=ADVANCED_FACE('',(#407),#11310,.F.);
#11847=ADVANCED_FACE('',(#408),#11311,.F.);
#11848=ADVANCED_FACE('',(#409),#11312,.F.);
#11849=ADVANCED_FACE('',(#410),#11313,.T.);
#11850=ADVANCED_FACE('',(#411,#213,#214,#215,#216,#217,#218,#219,#220,#221,
#222,#223,#224,#225,#226,#227,#228,#229,#230,#231,#232,#233,#234,#235,#236,
#237,#238,#239,#240,#241,#242,#243,#244,#245,#246,#247,#248,#249),#11314,
 .F.);
#11851=ADVANCED_FACE('',(#412),#11315,.F.);
#11852=ADVANCED_FACE('',(#413),#11316,.F.);
#11853=ADVANCED_FACE('',(#414),#11317,.F.);
#11854=ADVANCED_FACE('',(#415),#11318,.F.);
#11855=ADVANCED_FACE('',(#416),#11319,.F.);
#11856=ADVANCED_FACE('',(#417),#11320,.F.);
#11857=ADVANCED_FACE('',(#418),#11321,.F.);
#11858=ADVANCED_FACE('',(#419),#11322,.F.);
#11859=ADVANCED_FACE('',(#420),#11323,.F.);
#11860=ADVANCED_FACE('',(#421),#11324,.F.);
#11861=ADVANCED_FACE('',(#422),#11325,.F.);
#11862=ADVANCED_FACE('',(#423),#11326,.F.);
#11863=ADVANCED_FACE('',(#424),#11327,.F.);
#11864=ADVANCED_FACE('',(#425),#11328,.F.);
#11865=ADVANCED_FACE('',(#426),#11329,.F.);
#11866=ADVANCED_FACE('',(#427),#11330,.F.);
#11867=ADVANCED_FACE('',(#428),#11331,.F.);
#11868=ADVANCED_FACE('',(#429),#11332,.F.);
#11869=ADVANCED_FACE('',(#430),#11333,.F.);
#11870=ADVANCED_FACE('',(#431),#11334,.F.);
#11871=ADVANCED_FACE('',(#432),#11335,.F.);
#11872=ADVANCED_FACE('',(#433),#11336,.F.);
#11873=ADVANCED_FACE('',(#434),#11337,.F.);
#11874=ADVANCED_FACE('',(#435),#11338,.F.);
#11875=ADVANCED_FACE('',(#436),#11339,.F.);
#11876=ADVANCED_FACE('',(#437),#11340,.F.);
#11877=ADVANCED_FACE('',(#438),#11341,.F.);
#11878=ADVANCED_FACE('',(#439),#11342,.F.);
#11879=ADVANCED_FACE('',(#440),#11343,.F.);
#11880=ADVANCED_FACE('',(#441),#11344,.F.);
#11881=ADVANCED_FACE('',(#442),#11345,.F.);
#11882=ADVANCED_FACE('',(#443),#11346,.F.);
#11883=ADVANCED_FACE('',(#444),#11347,.F.);
#11884=ADVANCED_FACE('',(#445),#11348,.F.);
#11885=ADVANCED_FACE('',(#446),#11349,.F.);
#11886=ADVANCED_FACE('',(#447),#11350,.F.);
#11887=ADVANCED_FACE('',(#448),#11351,.F.);
#11888=ADVANCED_FACE('',(#449),#11352,.F.);
#11889=ADVANCED_FACE('',(#450),#11353,.F.);
#11890=ADVANCED_FACE('',(#451),#11354,.F.);
#11891=ADVANCED_FACE('',(#452),#11355,.F.);
#11892=ADVANCED_FACE('',(#453),#11356,.F.);
#11893=ADVANCED_FACE('',(#454),#11357,.F.);
#11894=ADVANCED_FACE('',(#455),#11358,.F.);
#11895=ADVANCED_FACE('',(#456),#11359,.F.);
#11896=ADVANCED_FACE('',(#457),#11360,.F.);
#11897=ADVANCED_FACE('',(#458),#11361,.F.);
#11898=ADVANCED_FACE('',(#459),#11362,.F.);
#11899=ADVANCED_FACE('',(#460),#11363,.F.);
#11900=ADVANCED_FACE('',(#461),#11364,.F.);
#11901=ADVANCED_FACE('',(#462),#11365,.F.);
#11902=ADVANCED_FACE('',(#463),#11366,.F.);
#11903=ADVANCED_FACE('',(#464),#11367,.F.);
#11904=ADVANCED_FACE('',(#465),#11368,.F.);
#11905=ADVANCED_FACE('',(#466),#11369,.F.);
#11906=ADVANCED_FACE('',(#467),#11370,.F.);
#11907=ADVANCED_FACE('',(#468),#11371,.F.);
#11908=ADVANCED_FACE('',(#469),#11372,.F.);
#11909=ADVANCED_FACE('',(#470),#11373,.F.);
#11910=ADVANCED_FACE('',(#471),#11374,.F.);
#11911=ADVANCED_FACE('',(#472),#11375,.F.);
#11912=ADVANCED_FACE('',(#473),#11376,.F.);
#11913=ADVANCED_FACE('',(#474),#11377,.F.);
#11914=ADVANCED_FACE('',(#475),#11378,.F.);
#11915=ADVANCED_FACE('',(#476),#11379,.F.);
#11916=ADVANCED_FACE('',(#477),#11380,.F.);
#11917=ADVANCED_FACE('',(#478),#11381,.F.);
#11918=ADVANCED_FACE('',(#479),#11382,.F.);
#11919=ADVANCED_FACE('',(#480),#11383,.F.);
#11920=ADVANCED_FACE('',(#481),#11384,.F.);
#11921=ADVANCED_FACE('',(#482),#11385,.F.);
#11922=ADVANCED_FACE('',(#483),#11386,.F.);
#11923=ADVANCED_FACE('',(#484),#11387,.F.);
#11924=ADVANCED_FACE('',(#485),#11388,.F.);
#11925=ADVANCED_FACE('',(#486),#11389,.F.);
#11926=ADVANCED_FACE('',(#487),#11390,.F.);
#11927=ADVANCED_FACE('',(#488),#11391,.F.);
#11928=ADVANCED_FACE('',(#489),#11392,.F.);
#11929=ADVANCED_FACE('',(#490),#11393,.F.);
#11930=ADVANCED_FACE('',(#491),#11394,.F.);
#11931=ADVANCED_FACE('',(#492),#11395,.F.);
#11932=ADVANCED_FACE('',(#493),#11396,.F.);
#11933=ADVANCED_FACE('',(#494),#11397,.F.);
#11934=ADVANCED_FACE('',(#495),#11398,.F.);
#11935=ADVANCED_FACE('',(#496),#11399,.F.);
#11936=ADVANCED_FACE('',(#497),#11400,.F.);
#11937=ADVANCED_FACE('',(#498),#11401,.F.);
#11938=ADVANCED_FACE('',(#499),#11402,.F.);
#11939=ADVANCED_FACE('',(#500),#11403,.F.);
#11940=ADVANCED_FACE('',(#501),#11404,.F.);
#11941=ADVANCED_FACE('',(#502),#11405,.F.);
#11942=ADVANCED_FACE('',(#503),#11406,.F.);
#11943=ADVANCED_FACE('',(#504),#11407,.F.);
#11944=ADVANCED_FACE('',(#505),#11408,.F.);
#11945=ADVANCED_FACE('',(#506),#11409,.F.);
#11946=ADVANCED_FACE('',(#507),#11410,.F.);
#11947=ADVANCED_FACE('',(#508),#11411,.F.);
#11948=ADVANCED_FACE('',(#509),#11412,.F.);
#11949=ADVANCED_FACE('',(#510),#11413,.F.);
#11950=ADVANCED_FACE('',(#511),#11414,.F.);
#11951=ADVANCED_FACE('',(#512),#11415,.F.);
#11952=ADVANCED_FACE('',(#513),#11416,.F.);
#11953=ADVANCED_FACE('',(#514),#11417,.F.);
#11954=ADVANCED_FACE('',(#515),#11418,.F.);
#11955=ADVANCED_FACE('',(#516),#11419,.F.);
#11956=ADVANCED_FACE('',(#517),#11420,.F.);
#11957=ADVANCED_FACE('',(#518),#11421,.F.);
#11958=ADVANCED_FACE('',(#519),#11422,.F.);
#11959=ADVANCED_FACE('',(#520),#11423,.F.);
#11960=ADVANCED_FACE('',(#521),#11424,.F.);
#11961=ADVANCED_FACE('',(#522),#11425,.F.);
#11962=ADVANCED_FACE('',(#523),#11426,.F.);
#11963=ADVANCED_FACE('',(#524),#11427,.F.);
#11964=ADVANCED_FACE('',(#525),#11428,.F.);
#11965=ADVANCED_FACE('',(#526),#11429,.F.);
#11966=ADVANCED_FACE('',(#527),#11430,.F.);
#11967=ADVANCED_FACE('',(#528),#11431,.F.);
#11968=ADVANCED_FACE('',(#529),#11432,.F.);
#11969=ADVANCED_FACE('',(#530),#11433,.F.);
#11970=ADVANCED_FACE('',(#531),#11434,.F.);
#11971=ADVANCED_FACE('',(#532),#11435,.F.);
#11972=ADVANCED_FACE('',(#533),#11436,.F.);
#11973=ADVANCED_FACE('',(#534),#11437,.F.);
#11974=ADVANCED_FACE('',(#535),#11438,.F.);
#11975=ADVANCED_FACE('',(#536),#11439,.F.);
#11976=ADVANCED_FACE('',(#537),#11440,.F.);
#11977=ADVANCED_FACE('',(#538),#11441,.F.);
#11978=ADVANCED_FACE('',(#539),#11442,.F.);
#11979=ADVANCED_FACE('',(#540),#11443,.F.);
#11980=ADVANCED_FACE('',(#541),#11444,.F.);
#11981=ADVANCED_FACE('',(#542),#11445,.F.);
#11982=ADVANCED_FACE('',(#543),#11446,.F.);
#11983=ADVANCED_FACE('',(#544),#11447,.F.);
#11984=ADVANCED_FACE('',(#545),#11448,.F.);
#11985=ADVANCED_FACE('',(#546),#11449,.F.);
#11986=ADVANCED_FACE('',(#547),#11450,.F.);
#11987=ADVANCED_FACE('',(#548),#11451,.F.);
#11988=ADVANCED_FACE('',(#549),#11452,.F.);
#11989=ADVANCED_FACE('',(#550),#11453,.F.);
#11990=ADVANCED_FACE('',(#551),#11454,.F.);
#11991=ADVANCED_FACE('',(#552),#11455,.F.);
#11992=ADVANCED_FACE('',(#553),#11456,.F.);
#11993=ADVANCED_FACE('',(#554),#11457,.F.);
#11994=ADVANCED_FACE('',(#555),#11458,.F.);
#11995=ADVANCED_FACE('',(#556),#11459,.F.);
#11996=ADVANCED_FACE('',(#557),#11460,.F.);
#11997=ADVANCED_FACE('',(#558),#11461,.F.);
#11998=ADVANCED_FACE('',(#559),#11462,.F.);
#11999=ADVANCED_FACE('',(#560),#11463,.F.);
#12000=ADVANCED_FACE('',(#561),#11464,.F.);
#12001=ADVANCED_FACE('',(#562),#11465,.F.);
#12002=ADVANCED_FACE('',(#563),#11466,.F.);
#12003=ADVANCED_FACE('',(#564),#11467,.F.);
#12004=ADVANCED_FACE('',(#565),#11468,.F.);
#12005=ADVANCED_FACE('',(#566),#11469,.F.);
#12006=ADVANCED_FACE('',(#567),#11470,.F.);
#12007=ADVANCED_FACE('',(#568),#11471,.F.);
#12008=ADVANCED_FACE('',(#569),#11472,.F.);
#12009=ADVANCED_FACE('',(#570),#11473,.F.);
#12010=ADVANCED_FACE('',(#571),#11474,.F.);
#12011=ADVANCED_FACE('',(#572),#11475,.F.);
#12012=ADVANCED_FACE('',(#573),#11476,.F.);
#12013=ADVANCED_FACE('',(#574),#11477,.F.);
#12014=ADVANCED_FACE('',(#575),#11478,.F.);
#12015=ADVANCED_FACE('',(#576),#11479,.F.);
#12016=ADVANCED_FACE('',(#577),#11480,.F.);
#12017=ADVANCED_FACE('',(#578),#11481,.F.);
#12018=ADVANCED_FACE('',(#579),#11482,.F.);
#12019=ADVANCED_FACE('',(#580),#11483,.F.);
#12020=ADVANCED_FACE('',(#581),#11484,.F.);
#12021=ADVANCED_FACE('',(#582),#11485,.F.);
#12022=ADVANCED_FACE('',(#583),#11486,.F.);
#12023=ADVANCED_FACE('',(#584),#11487,.F.);
#12024=ADVANCED_FACE('',(#585),#11488,.F.);
#12025=ADVANCED_FACE('',(#586),#11489,.F.);
#12026=ADVANCED_FACE('',(#587),#11490,.F.);
#12027=ADVANCED_FACE('',(#588),#11491,.F.);
#12028=ADVANCED_FACE('',(#589),#11492,.F.);
#12029=ADVANCED_FACE('',(#590),#11493,.F.);
#12030=ADVANCED_FACE('',(#591),#11494,.F.);
#12031=ADVANCED_FACE('',(#592),#11495,.F.);
#12032=ADVANCED_FACE('',(#593),#11496,.F.);
#12033=ADVANCED_FACE('',(#594),#11497,.F.);
#12034=ADVANCED_FACE('',(#595),#11498,.F.);
#12035=ADVANCED_FACE('',(#596),#11499,.F.);
#12036=ADVANCED_FACE('',(#597),#11500,.F.);
#12037=ADVANCED_FACE('',(#598),#11501,.F.);
#12038=ADVANCED_FACE('',(#599),#11502,.F.);
#12039=ADVANCED_FACE('',(#600),#11503,.F.);
#12040=ADVANCED_FACE('',(#601),#11504,.F.);
#12041=ADVANCED_FACE('',(#602),#11505,.F.);
#12042=ADVANCED_FACE('',(#603),#11506,.F.);
#12043=ADVANCED_FACE('',(#604),#11507,.F.);
#12044=ADVANCED_FACE('',(#605),#11508,.F.);
#12045=ADVANCED_FACE('',(#606),#11509,.F.);
#12046=ADVANCED_FACE('',(#607),#11510,.F.);
#12047=ADVANCED_FACE('',(#608),#11511,.F.);
#12048=ADVANCED_FACE('',(#609),#11512,.F.);
#12049=ADVANCED_FACE('',(#610),#11513,.F.);
#12050=ADVANCED_FACE('',(#611),#11514,.F.);
#12051=ADVANCED_FACE('',(#612),#112,.T.);
#12052=ADVANCED_FACE('',(#613),#23,.T.);
#12053=ADVANCED_FACE('',(#614),#24,.T.);
#12054=ADVANCED_FACE('',(#615),#113,.T.);
#12055=ADVANCED_FACE('',(#616),#25,.T.);
#12056=ADVANCED_FACE('',(#617),#26,.T.);
#12057=ADVANCED_FACE('',(#618),#114,.F.);
#12058=ADVANCED_FACE('',(#619),#115,.F.);
#12059=ADVANCED_FACE('',(#620),#11515,.F.);
#12060=ADVANCED_FACE('',(#621),#27,.T.);
#12061=ADVANCED_FACE('',(#622),#116,.T.);
#12062=ADVANCED_FACE('',(#623),#28,.T.);
#12063=ADVANCED_FACE('',(#624),#29,.T.);
#12064=ADVANCED_FACE('',(#625),#117,.T.);
#12065=ADVANCED_FACE('',(#626),#30,.T.);
#12066=ADVANCED_FACE('',(#627),#11516,.F.);
#12067=ADVANCED_FACE('',(#628),#118,.F.);
#12068=ADVANCED_FACE('',(#629),#119,.T.);
#12069=ADVANCED_FACE('',(#630),#120,.T.);
#12070=ADVANCED_FACE('',(#631),#121,.T.);
#12071=ADVANCED_FACE('',(#632),#122,.T.);
#12072=ADVANCED_FACE('',(#633),#123,.F.);
#12073=ADVANCED_FACE('',(#634),#11517,.F.);
#12074=ADVANCED_FACE('',(#635),#11518,.F.);
#12075=ADVANCED_FACE('',(#636),#11519,.F.);
#12076=ADVANCED_FACE('',(#637),#11520,.F.);
#12077=ADVANCED_FACE('',(#638),#11521,.F.);
#12078=ADVANCED_FACE('',(#639),#11522,.F.);
#12079=ADVANCED_FACE('',(#640),#11523,.F.);
#12080=ADVANCED_FACE('',(#641),#11524,.F.);
#12081=ADVANCED_FACE('',(#642),#11525,.F.);
#12082=ADVANCED_FACE('',(#643),#11526,.F.);
#12083=ADVANCED_FACE('',(#644),#11527,.F.);
#12084=ADVANCED_FACE('',(#645),#11528,.F.);
#12085=ADVANCED_FACE('',(#646),#11529,.F.);
#12086=ADVANCED_FACE('',(#647),#11530,.F.);
#12087=ADVANCED_FACE('',(#648),#11531,.F.);
#12088=ADVANCED_FACE('',(#649),#11532,.F.);
#12089=ADVANCED_FACE('',(#650),#11533,.F.);
#12090=ADVANCED_FACE('',(#651),#11534,.F.);
#12091=ADVANCED_FACE('',(#652),#11535,.F.);
#12092=ADVANCED_FACE('',(#653),#11536,.F.);
#12093=ADVANCED_FACE('',(#654),#11537,.F.);
#12094=ADVANCED_FACE('',(#655),#11538,.F.);
#12095=ADVANCED_FACE('',(#656),#11539,.F.);
#12096=ADVANCED_FACE('',(#657),#11540,.F.);
#12097=ADVANCED_FACE('',(#658),#11541,.F.);
#12098=ADVANCED_FACE('',(#659),#11542,.F.);
#12099=ADVANCED_FACE('',(#660),#11543,.F.);
#12100=ADVANCED_FACE('',(#661),#11544,.F.);
#12101=ADVANCED_FACE('',(#662),#11545,.F.);
#12102=ADVANCED_FACE('',(#663),#11546,.F.);
#12103=ADVANCED_FACE('',(#664),#11547,.F.);
#12104=ADVANCED_FACE('',(#665),#11548,.F.);
#12105=ADVANCED_FACE('',(#666),#11549,.F.);
#12106=ADVANCED_FACE('',(#667),#11550,.F.);
#12107=ADVANCED_FACE('',(#668),#11551,.F.);
#12108=ADVANCED_FACE('',(#669),#11552,.F.);
#12109=ADVANCED_FACE('',(#670),#11553,.F.);
#12110=ADVANCED_FACE('',(#671),#11554,.F.);
#12111=ADVANCED_FACE('',(#672),#11555,.F.);
#12112=ADVANCED_FACE('',(#673),#11556,.F.);
#12113=ADVANCED_FACE('',(#674),#11557,.F.);
#12114=ADVANCED_FACE('',(#675),#11558,.F.);
#12115=ADVANCED_FACE('',(#676),#11559,.F.);
#12116=ADVANCED_FACE('',(#677),#11560,.F.);
#12117=ADVANCED_FACE('',(#678),#11561,.F.);
#12118=ADVANCED_FACE('',(#679),#11562,.F.);
#12119=ADVANCED_FACE('',(#680),#11563,.F.);
#12120=ADVANCED_FACE('',(#681),#11564,.F.);
#12121=ADVANCED_FACE('',(#682),#11565,.F.);
#12122=ADVANCED_FACE('',(#683),#11566,.F.);
#12123=ADVANCED_FACE('',(#684),#11567,.F.);
#12124=ADVANCED_FACE('',(#685),#11568,.F.);
#12125=ADVANCED_FACE('',(#686),#11569,.F.);
#12126=ADVANCED_FACE('',(#687),#11570,.F.);
#12127=ADVANCED_FACE('',(#688),#11571,.F.);
#12128=ADVANCED_FACE('',(#689),#11572,.F.);
#12129=ADVANCED_FACE('',(#690),#11573,.F.);
#12130=ADVANCED_FACE('',(#691),#11574,.F.);
#12131=ADVANCED_FACE('',(#692),#11575,.F.);
#12132=ADVANCED_FACE('',(#693),#11576,.F.);
#12133=ADVANCED_FACE('',(#694),#11577,.F.);
#12134=ADVANCED_FACE('',(#695),#11578,.F.);
#12135=ADVANCED_FACE('',(#696),#11579,.F.);
#12136=ADVANCED_FACE('',(#697),#11580,.F.);
#12137=ADVANCED_FACE('',(#698),#11581,.F.);
#12138=ADVANCED_FACE('',(#699),#11582,.F.);
#12139=ADVANCED_FACE('',(#700),#11583,.F.);
#12140=ADVANCED_FACE('',(#701),#11584,.F.);
#12141=ADVANCED_FACE('',(#702),#11585,.F.);
#12142=ADVANCED_FACE('',(#703),#11586,.F.);
#12143=ADVANCED_FACE('',(#704),#11587,.F.);
#12144=ADVANCED_FACE('',(#705),#11588,.F.);
#12145=ADVANCED_FACE('',(#706),#11589,.F.);
#12146=ADVANCED_FACE('',(#707),#11590,.F.);
#12147=ADVANCED_FACE('',(#708),#11591,.F.);
#12148=ADVANCED_FACE('',(#709),#11592,.F.);
#12149=ADVANCED_FACE('',(#710),#11593,.F.);
#12150=ADVANCED_FACE('',(#711),#11594,.F.);
#12151=ADVANCED_FACE('',(#712),#11595,.F.);
#12152=ADVANCED_FACE('',(#713),#11596,.F.);
#12153=ADVANCED_FACE('',(#714),#11597,.F.);
#12154=ADVANCED_FACE('',(#715),#11598,.F.);
#12155=ADVANCED_FACE('',(#716),#11599,.F.);
#12156=ADVANCED_FACE('',(#717),#11600,.F.);
#12157=ADVANCED_FACE('',(#718),#11601,.F.);
#12158=ADVANCED_FACE('',(#719),#11602,.F.);
#12159=ADVANCED_FACE('',(#720),#11603,.F.);
#12160=ADVANCED_FACE('',(#721),#11604,.F.);
#12161=ADVANCED_FACE('',(#722),#11605,.F.);
#12162=ADVANCED_FACE('',(#723),#11606,.F.);
#12163=ADVANCED_FACE('',(#724),#11607,.F.);
#12164=ADVANCED_FACE('',(#725),#11608,.F.);
#12165=ADVANCED_FACE('',(#726),#11609,.F.);
#12166=ADVANCED_FACE('',(#727),#11610,.F.);
#12167=ADVANCED_FACE('',(#728),#11611,.F.);
#12168=ADVANCED_FACE('',(#729),#11612,.F.);
#12169=ADVANCED_FACE('',(#730),#11613,.F.);
#12170=ADVANCED_FACE('',(#731),#11614,.F.);
#12171=ADVANCED_FACE('',(#732),#11615,.F.);
#12172=ADVANCED_FACE('',(#733),#11616,.F.);
#12173=ADVANCED_FACE('',(#734),#11617,.F.);
#12174=ADVANCED_FACE('',(#735),#11618,.F.);
#12175=ADVANCED_FACE('',(#736),#11619,.F.);
#12176=ADVANCED_FACE('',(#737),#11620,.F.);
#12177=ADVANCED_FACE('',(#738),#11621,.F.);
#12178=ADVANCED_FACE('',(#739),#11622,.F.);
#12179=ADVANCED_FACE('',(#740),#11623,.F.);
#12180=ADVANCED_FACE('',(#741),#11624,.F.);
#12181=ADVANCED_FACE('',(#742),#11625,.F.);
#12182=ADVANCED_FACE('',(#743),#11626,.F.);
#12183=ADVANCED_FACE('',(#744),#11627,.F.);
#12184=ADVANCED_FACE('',(#745),#11628,.F.);
#12185=ADVANCED_FACE('',(#746),#11629,.F.);
#12186=ADVANCED_FACE('',(#747),#11630,.F.);
#12187=ADVANCED_FACE('',(#748),#11631,.F.);
#12188=ADVANCED_FACE('',(#749),#11632,.F.);
#12189=ADVANCED_FACE('',(#750),#11633,.F.);
#12190=ADVANCED_FACE('',(#751),#11634,.F.);
#12191=ADVANCED_FACE('',(#752),#11635,.F.);
#12192=ADVANCED_FACE('',(#753),#11636,.F.);
#12193=ADVANCED_FACE('',(#754),#11637,.F.);
#12194=ADVANCED_FACE('',(#755),#11638,.F.);
#12195=ADVANCED_FACE('',(#756),#11639,.F.);
#12196=ADVANCED_FACE('',(#757),#11640,.F.);
#12197=ADVANCED_FACE('',(#758),#11641,.F.);
#12198=ADVANCED_FACE('',(#759),#11642,.F.);
#12199=ADVANCED_FACE('',(#760),#11643,.F.);
#12200=ADVANCED_FACE('',(#761),#11644,.F.);
#12201=ADVANCED_FACE('',(#762),#11645,.F.);
#12202=ADVANCED_FACE('',(#763),#11646,.F.);
#12203=ADVANCED_FACE('',(#764),#11647,.F.);
#12204=ADVANCED_FACE('',(#765),#11648,.F.);
#12205=ADVANCED_FACE('',(#766),#11649,.F.);
#12206=ADVANCED_FACE('',(#767),#11650,.F.);
#12207=ADVANCED_FACE('',(#768),#11651,.F.);
#12208=ADVANCED_FACE('',(#769),#11652,.F.);
#12209=ADVANCED_FACE('',(#770),#11653,.F.);
#12210=ADVANCED_FACE('',(#771),#11654,.F.);
#12211=ADVANCED_FACE('',(#772),#11655,.F.);
#12212=ADVANCED_FACE('',(#773),#11656,.F.);
#12213=ADVANCED_FACE('',(#774),#11657,.F.);
#12214=ADVANCED_FACE('',(#775),#11658,.F.);
#12215=ADVANCED_FACE('',(#776),#11659,.F.);
#12216=ADVANCED_FACE('',(#777),#11660,.F.);
#12217=ADVANCED_FACE('',(#778),#11661,.F.);
#12218=ADVANCED_FACE('',(#779),#11662,.F.);
#12219=ADVANCED_FACE('',(#780),#11663,.F.);
#12220=ADVANCED_FACE('',(#781),#11664,.F.);
#12221=ADVANCED_FACE('',(#782),#11665,.F.);
#12222=ADVANCED_FACE('',(#783),#11666,.F.);
#12223=ADVANCED_FACE('',(#784),#11667,.F.);
#12224=ADVANCED_FACE('',(#785),#11668,.F.);
#12225=ADVANCED_FACE('',(#786),#11669,.F.);
#12226=ADVANCED_FACE('',(#787),#11670,.F.);
#12227=ADVANCED_FACE('',(#788),#11671,.F.);
#12228=ADVANCED_FACE('',(#789),#11672,.F.);
#12229=ADVANCED_FACE('',(#790),#11673,.F.);
#12230=ADVANCED_FACE('',(#791),#11674,.F.);
#12231=ADVANCED_FACE('',(#792),#11675,.F.);
#12232=ADVANCED_FACE('',(#793),#11676,.F.);
#12233=ADVANCED_FACE('',(#794),#11677,.F.);
#12234=ADVANCED_FACE('',(#795),#11678,.F.);
#12235=ADVANCED_FACE('',(#796),#11679,.F.);
#12236=ADVANCED_FACE('',(#797),#11680,.F.);
#12237=ADVANCED_FACE('',(#798),#11681,.F.);
#12238=ADVANCED_FACE('',(#799),#11682,.F.);
#12239=ADVANCED_FACE('',(#800),#11683,.F.);
#12240=ADVANCED_FACE('',(#801),#11684,.F.);
#12241=ADVANCED_FACE('',(#802),#11685,.F.);
#12242=ADVANCED_FACE('',(#803),#11686,.F.);
#12243=ADVANCED_FACE('',(#804),#11687,.F.);
#12244=ADVANCED_FACE('',(#805),#11688,.F.);
#12245=CLOSED_SHELL('',(#11689,#11690,#11691,#11692,#11693,#11694,#11695,
#11696,#11697,#11698,#11699,#11700,#11701,#11702,#11703,#11704,#11705,#11706,
#11707,#11708,#11709,#11710,#11711,#11712,#11713,#11714,#11715,#11716,#11717,
#11718,#11719,#11720,#11721,#11722,#11723,#11724,#11725,#11726,#11727,#11728,
#11729,#11730,#11731,#11732,#11733,#11734,#11735,#11736,#11737,#11738,#11739,
#11740,#11741,#11742,#11743,#11744,#11745,#11746,#11747,#11748,#11749,#11750,
#11751,#11752,#11753,#11754,#11755,#11756,#11757,#11758,#11759,#11760,#11761,
#11762,#11763,#11764,#11765,#11766,#11767,#11768,#11769,#11770,#11771,#11772,
#11773,#11774,#11775,#11776,#11777,#11778,#11779,#11780,#11781,#11782,#11783,
#11784,#11785,#11786,#11787,#11788,#11789,#11790,#11791,#11792,#11793,#11794,
#11795,#11796,#11797,#11798,#11799,#11800,#11801,#11802,#11803,#11804,#11805,
#11806,#11807,#11808,#11809,#11810,#11811,#11812,#11813,#11814,#11815,#11816,
#11817,#11818,#11819,#11820,#11821,#11822,#11823,#11824,#11825,#11826,#11827,
#11828,#11829,#11830,#11831,#11832,#11833,#11834,#11835,#11836,#11837,#11838,
#11839,#11840,#11841,#11842,#11843,#11844,#11845,#11846,#11847,#11848,#11849,
#11850,#11851,#11852,#11853,#11854,#11855,#11856,#11857,#11858,#11859,#11860,
#11861,#11862,#11863,#11864,#11865,#11866,#11867,#11868,#11869,#11870,#11871,
#11872,#11873,#11874,#11875,#11876,#11877,#11878,#11879,#11880,#11881,#11882,
#11883,#11884,#11885,#11886,#11887,#11888,#11889,#11890,#11891,#11892,#11893,
#11894,#11895,#11896,#11897,#11898,#11899,#11900,#11901,#11902,#11903,#11904,
#11905,#11906,#11907,#11908,#11909,#11910,#11911,#11912,#11913,#11914,#11915,
#11916,#11917,#11918,#11919,#11920,#11921,#11922,#11923,#11924,#11925,#11926,
#11927,#11928,#11929,#11930,#11931,#11932,#11933,#11934,#11935,#11936,#11937,
#11938,#11939,#11940,#11941,#11942,#11943,#11944,#11945,#11946,#11947,#11948,
#11949,#11950,#11951,#11952,#11953,#11954,#11955,#11956,#11957,#11958,#11959,
#11960,#11961,#11962,#11963,#11964,#11965,#11966,#11967,#11968,#11969,#11970,
#11971,#11972,#11973,#11974,#11975,#11976,#11977,#11978,#11979,#11980,#11981,
#11982,#11983,#11984,#11985,#11986,#11987,#11988,#11989,#11990,#11991,#11992,
#11993,#11994,#11995,#11996,#11997,#11998,#11999,#12000,#12001,#12002,#12003,
#12004,#12005,#12006,#12007,#12008,#12009,#12010,#12011,#12012,#12013,#12014,
#12015,#12016,#12017,#12018,#12019,#12020,#12021,#12022,#12023,#12024,#12025,
#12026,#12027,#12028,#12029,#12030,#12031,#12032,#12033,#12034,#12035,#12036,
#12037,#12038,#12039,#12040,#12041,#12042,#12043,#12044,#12045,#12046,#12047,
#12048,#12049,#12050,#12051,#12052,#12053,#12054,#12055,#12056,#12057,#12058,
#12059,#12060,#12061,#12062,#12063,#12064,#12065,#12066,#12067,#12068,#12069,
#12070,#12071,#12072,#12073,#12074,#12075,#12076,#12077,#12078,#12079,#12080,
#12081,#12082,#12083,#12084,#12085,#12086,#12087,#12088,#12089,#12090,#12091,
#12092,#12093,#12094,#12095,#12096,#12097,#12098,#12099,#12100,#12101,#12102,
#12103,#12104,#12105,#12106,#12107,#12108,#12109,#12110,#12111,#12112,#12113,
#12114,#12115,#12116,#12117,#12118,#12119,#12120,#12121,#12122,#12123,#12124,
#12125,#12126,#12127,#12128,#12129,#12130,#12131,#12132,#12133,#12134,#12135,
#12136,#12137,#12138,#12139,#12140,#12141,#12142,#12143,#12144,#12145,#12146,
#12147,#12148,#12149,#12150,#12151,#12152,#12153,#12154,#12155,#12156,#12157,
#12158,#12159,#12160,#12161,#12162,#12163,#12164,#12165,#12166,#12167,#12168,
#12169,#12170,#12171,#12172,#12173,#12174,#12175,#12176,#12177,#12178,#12179,
#12180,#12181,#12182,#12183,#12184,#12185,#12186,#12187,#12188,#12189,#12190,
#12191,#12192,#12193,#12194,#12195,#12196,#12197,#12198,#12199,#12200,#12201,
#12202,#12203,#12204,#12205,#12206,#12207,#12208,#12209,#12210,#12211,#12212,
#12213,#12214,#12215,#12216,#12217,#12218,#12219,#12220,#12221,#12222,#12223,
#12224,#12225,#12226,#12227,#12228,#12229,#12230,#12231,#12232,#12233,#12234,
#12235,#12236,#12237,#12238,#12239,#12240,#12241,#12242,#12243,#12244));
#12246=DERIVED_UNIT_ELEMENT(#12248,1.);
#12247=DERIVED_UNIT_ELEMENT(#19535,-3.);
#12248=(
MASS_UNIT()
NAMED_UNIT(*)
SI_UNIT(.KILO.,.GRAM.)
);
#12249=DERIVED_UNIT((#12246,#12247));
#12250=MEASURE_REPRESENTATION_ITEM('density measure',
POSITIVE_RATIO_MEASURE(7850.),#12249);
#12251=PROPERTY_DEFINITION_REPRESENTATION(#12256,#12253);
#12252=PROPERTY_DEFINITION_REPRESENTATION(#12257,#12254);
#12253=REPRESENTATION('material name',(#12255),#19532);
#12254=REPRESENTATION('density',(#12250),#19532);
#12255=DESCRIPTIVE_REPRESENTATION_ITEM('Stal','Stal');
#12256=PROPERTY_DEFINITION('material property','material name',#19542);
#12257=PROPERTY_DEFINITION('material property','density of part',#19542);
#12258=AXIS2_PLACEMENT_3D('',#16022,#12986,#12987);
#12259=AXIS2_PLACEMENT_3D('',#16023,#12988,#12989);
#12260=AXIS2_PLACEMENT_3D('',#16026,#12990,#12991);
#12261=AXIS2_PLACEMENT_3D('',#16038,#12997,#12998);
#12262=AXIS2_PLACEMENT_3D('',#16050,#13004,#13005);
#12263=AXIS2_PLACEMENT_3D('',#16060,#13010,#13011);
#12264=AXIS2_PLACEMENT_3D('',#16072,#13018,#13019);
#12265=AXIS2_PLACEMENT_3D('',#16074,#13020,#13021);
#12266=AXIS2_PLACEMENT_3D('',#16087,#13022,#13023);
#12267=AXIS2_PLACEMENT_3D('',#16089,#13025,#13026);
#12268=AXIS2_PLACEMENT_3D('',#16094,#13029,#13030);
#12269=AXIS2_PLACEMENT_3D('',#16095,#13031,#13032);
#12270=AXIS2_PLACEMENT_3D('',#16100,#13034,#13035);
#12271=AXIS2_PLACEMENT_3D('',#16104,#13037,#13038);
#12272=AXIS2_PLACEMENT_3D('',#16108,#13040,#13041);
#12273=AXIS2_PLACEMENT_3D('',#16111,#13043,#13044);
#12274=AXIS2_PLACEMENT_3D('',#16112,#13045,#13046);
#12275=AXIS2_PLACEMENT_3D('',#16114,#13047,#13048);
#12276=AXIS2_PLACEMENT_3D('',#16118,#13050,#13051);
#12277=AXIS2_PLACEMENT_3D('',#16129,#13052,#13053);
#12278=AXIS2_PLACEMENT_3D('',#16131,#13054,#13055);
#12279=AXIS2_PLACEMENT_3D('',#16135,#13057,#13058);
#12280=AXIS2_PLACEMENT_3D('',#16145,#13064,#13065);
#12281=AXIS2_PLACEMENT_3D('',#16160,#13072,#13073);
#12282=AXIS2_PLACEMENT_3D('',#16163,#13075,#13076);
#12283=AXIS2_PLACEMENT_3D('',#16164,#13077,#13078);
#12284=AXIS2_PLACEMENT_3D('',#16169,#13080,#13081);
#12285=AXIS2_PLACEMENT_3D('',#16173,#13083,#13084);
#12286=AXIS2_PLACEMENT_3D('',#16177,#13086,#13087);
#12287=AXIS2_PLACEMENT_3D('',#16180,#13089,#13090);
#12288=AXIS2_PLACEMENT_3D('',#16181,#13091,#13092);
#12289=AXIS2_PLACEMENT_3D('',#16183,#13093,#13094);
#12290=AXIS2_PLACEMENT_3D('',#16186,#13096,#13097);
#12291=AXIS2_PLACEMENT_3D('',#16187,#13098,#13099);
#12292=AXIS2_PLACEMENT_3D('',#16192,#13101,#13102);
#12293=AXIS2_PLACEMENT_3D('',#16196,#13104,#13105);
#12294=AXIS2_PLACEMENT_3D('',#16200,#13107,#13108);
#12295=AXIS2_PLACEMENT_3D('',#16203,#13110,#13111);
#12296=AXIS2_PLACEMENT_3D('',#16204,#13112,#13113);
#12297=AXIS2_PLACEMENT_3D('',#16206,#13114,#13115);
#12298=AXIS2_PLACEMENT_3D('',#16210,#13117,#13118);
#12299=AXIS2_PLACEMENT_3D('',#16222,#13124,#13125);
#12300=AXIS2_PLACEMENT_3D('',#16226,#13127,#13128);
#12301=AXIS2_PLACEMENT_3D('',#16240,#13136,#13137);
#12302=AXIS2_PLACEMENT_3D('',#16245,#13139,#13140);
#12303=AXIS2_PLACEMENT_3D('',#16249,#13143,#13144);
#12304=AXIS2_PLACEMENT_3D('',#16251,#13145,#13146);
#12305=AXIS2_PLACEMENT_3D('',#16253,#13147,#13148);
#12306=AXIS2_PLACEMENT_3D('',#16255,#13150,#13151);
#12307=AXIS2_PLACEMENT_3D('',#16260,#13154,#13155);
#12308=AXIS2_PLACEMENT_3D('',#16261,#13156,#13157);
#12309=AXIS2_PLACEMENT_3D('',#16264,#13158,#13159);
#12310=AXIS2_PLACEMENT_3D('',#16268,#13161,#13162);
#12311=AXIS2_PLACEMENT_3D('',#16281,#13164,#13165);
#12312=AXIS2_PLACEMENT_3D('',#16283,#13166,#13167);
#12313=AXIS2_PLACEMENT_3D('',#16287,#13170,#13171);
#12314=AXIS2_PLACEMENT_3D('',#16295,#13175,#13176);
#12315=AXIS2_PLACEMENT_3D('',#16296,#13177,#13178);
#12316=AXIS2_PLACEMENT_3D('',#16301,#13180,#13181);
#12317=AXIS2_PLACEMENT_3D('',#16305,#13183,#13184);
#12318=AXIS2_PLACEMENT_3D('',#16309,#13186,#13187);
#12319=AXIS2_PLACEMENT_3D('',#16312,#13189,#13190);
#12320=AXIS2_PLACEMENT_3D('',#16313,#13191,#13192);
#12321=AXIS2_PLACEMENT_3D('',#16315,#13193,#13194);
#12322=AXIS2_PLACEMENT_3D('',#16318,#13196,#13197);
#12323=AXIS2_PLACEMENT_3D('',#16319,#13198,#13199);
#12324=AXIS2_PLACEMENT_3D('',#16324,#13201,#13202);
#12325=AXIS2_PLACEMENT_3D('',#16328,#13204,#13205);
#12326=AXIS2_PLACEMENT_3D('',#16332,#13207,#13208);
#12327=AXIS2_PLACEMENT_3D('',#16335,#13210,#13211);
#12328=AXIS2_PLACEMENT_3D('',#16336,#13212,#13213);
#12329=AXIS2_PLACEMENT_3D('',#16338,#13214,#13215);
#12330=AXIS2_PLACEMENT_3D('',#16342,#13218,#13219);
#12331=AXIS2_PLACEMENT_3D('',#16361,#13228,#13229);
#12332=AXIS2_PLACEMENT_3D('',#16365,#13231,#13232);
#12333=AXIS2_PLACEMENT_3D('',#16377,#13238,#13239);
#12334=AXIS2_PLACEMENT_3D('',#16380,#13241,#13242);
#12335=AXIS2_PLACEMENT_3D('',#16381,#13243,#13244);
#12336=AXIS2_PLACEMENT_3D('',#16383,#13245,#13246);
#12337=AXIS2_PLACEMENT_3D('',#16386,#13248,#13249);
#12338=AXIS2_PLACEMENT_3D('',#16387,#13250,#13251);
#12339=AXIS2_PLACEMENT_3D('',#16389,#13252,#13253);
#12340=AXIS2_PLACEMENT_3D('',#16393,#13255,#13256);
#12341=AXIS2_PLACEMENT_3D('',#16403,#13262,#13263);
#12342=AXIS2_PLACEMENT_3D('',#16418,#13270,#13271);
#12343=AXIS2_PLACEMENT_3D('',#16421,#13273,#13274);
#12344=AXIS2_PLACEMENT_3D('',#16422,#13275,#13276);
#12345=AXIS2_PLACEMENT_3D('',#16427,#13278,#13279);
#12346=AXIS2_PLACEMENT_3D('',#16431,#13281,#13282);
#12347=AXIS2_PLACEMENT_3D('',#16435,#13284,#13285);
#12348=AXIS2_PLACEMENT_3D('',#16438,#13287,#13288);
#12349=AXIS2_PLACEMENT_3D('',#16439,#13289,#13290);
#12350=AXIS2_PLACEMENT_3D('',#16441,#13291,#13292);
#12351=AXIS2_PLACEMENT_3D('',#16443,#13293,#13294);
#12352=AXIS2_PLACEMENT_3D('',#16456,#13296,#13297);
#12353=AXIS2_PLACEMENT_3D('',#16459,#13298,#13299);
#12354=AXIS2_PLACEMENT_3D('',#16467,#13303,#13304);
#12355=AXIS2_PLACEMENT_3D('',#16485,#13314,#13315);
#12356=AXIS2_PLACEMENT_3D('',#16495,#13320,#13321);
#12357=AXIS2_PLACEMENT_3D('',#16499,#13324,#13325);
#12358=AXIS2_PLACEMENT_3D('',#16501,#13326,#13327);
#12359=AXIS2_PLACEMENT_3D('',#16514,#13328,#13329);
#12360=AXIS2_PLACEMENT_3D('',#16516,#13331,#13332);
#12361=AXIS2_PLACEMENT_3D('',#16521,#13335,#13336);
#12362=AXIS2_PLACEMENT_3D('',#16522,#13337,#13338);
#12363=AXIS2_PLACEMENT_3D('',#16527,#13340,#13341);
#12364=AXIS2_PLACEMENT_3D('',#16531,#13343,#13344);
#12365=AXIS2_PLACEMENT_3D('',#16535,#13347,#13348);
#12366=AXIS2_PLACEMENT_3D('',#16543,#13352,#13353);
#12367=AXIS2_PLACEMENT_3D('',#16544,#13354,#13355);
#12368=AXIS2_PLACEMENT_3D('',#16546,#13356,#13357);
#12369=AXIS2_PLACEMENT_3D('',#16549,#13359,#13360);
#12370=AXIS2_PLACEMENT_3D('',#16550,#13361,#13362);
#12371=AXIS2_PLACEMENT_3D('',#16552,#13363,#13364);
#12372=AXIS2_PLACEMENT_3D('',#16556,#13367,#13368);
#12373=AXIS2_PLACEMENT_3D('',#16559,#13369,#13370);
#12374=AXIS2_PLACEMENT_3D('',#16563,#13372,#13373);
#12375=AXIS2_PLACEMENT_3D('',#16565,#13375,#13376);
#12376=AXIS2_PLACEMENT_3D('',#16567,#13377,#13378);
#12377=AXIS2_PLACEMENT_3D('',#16571,#13381,#13382);
#12378=AXIS2_PLACEMENT_3D('',#16580,#13386,#13387);
#12379=AXIS2_PLACEMENT_3D('',#16583,#13389,#13390);
#12380=AXIS2_PLACEMENT_3D('',#16584,#13391,#13392);
#12381=AXIS2_PLACEMENT_3D('',#16587,#13394,#13395);
#12382=AXIS2_PLACEMENT_3D('',#16589,#13397,#13398);
#12383=AXIS2_PLACEMENT_3D('',#16597,#13402,#13403);
#12384=AXIS2_PLACEMENT_3D('',#16598,#13404,#13405);
#12385=AXIS2_PLACEMENT_3D('',#16603,#13407,#13408);
#12386=AXIS2_PLACEMENT_3D('',#16607,#13410,#13411);
#12387=AXIS2_PLACEMENT_3D('',#16611,#13414,#13415);
#12388=AXIS2_PLACEMENT_3D('',#16613,#13416,#13417);
#12389=AXIS2_PLACEMENT_3D('',#16616,#13419,#13420);
#12390=AXIS2_PLACEMENT_3D('',#16617,#13421,#13422);
#12391=AXIS2_PLACEMENT_3D('',#16619,#13423,#13424);
#12392=AXIS2_PLACEMENT_3D('',#16623,#13427,#13428);
#12393=AXIS2_PLACEMENT_3D('',#16626,#13431,#13432);
#12394=AXIS2_PLACEMENT_3D('',#16634,#13440,#13441);
#12395=AXIS2_PLACEMENT_3D('',#16637,#13444,#13445);
#12396=AXIS2_PLACEMENT_3D('',#16639,#13447,#13448);
#12397=AXIS2_PLACEMENT_3D('',#16641,#13450,#13451);
#12398=AXIS2_PLACEMENT_3D('',#16644,#13454,#13455);
#12399=AXIS2_PLACEMENT_3D('',#16646,#13457,#13458);
#12400=AXIS2_PLACEMENT_3D('',#16649,#13461,#13462);
#12401=AXIS2_PLACEMENT_3D('',#16650,#13463,#13464);
#12402=AXIS2_PLACEMENT_3D('',#16653,#13467,#13468);
#12403=AXIS2_PLACEMENT_3D('',#16655,#13470,#13471);
#12404=AXIS2_PLACEMENT_3D('',#16657,#13473,#13474);
#12405=AXIS2_PLACEMENT_3D('',#16660,#13476,#13477);
#12406=AXIS2_PLACEMENT_3D('',#16663,#13479,#13480);
#12407=AXIS2_PLACEMENT_3D('',#16668,#13484,#13485);
#12408=AXIS2_PLACEMENT_3D('',#16671,#13487,#13488);
#12409=AXIS2_PLACEMENT_3D('',#16679,#13496,#13497);
#12410=AXIS2_PLACEMENT_3D('',#16681,#13499,#13500);
#12411=AXIS2_PLACEMENT_3D('',#16683,#13502,#13503);
#12412=AXIS2_PLACEMENT_3D('',#16685,#13505,#13506);
#12413=AXIS2_PLACEMENT_3D('',#16688,#13509,#13510);
#12414=AXIS2_PLACEMENT_3D('',#16690,#13512,#13513);
#12415=AXIS2_PLACEMENT_3D('',#16691,#13514,#13515);
#12416=AXIS2_PLACEMENT_3D('',#16694,#13518,#13519);
#12417=AXIS2_PLACEMENT_3D('',#16703,#13528,#13529);
#12418=AXIS2_PLACEMENT_3D('',#16705,#13531,#13532);
#12419=AXIS2_PLACEMENT_3D('',#16707,#13534,#13535);
#12420=AXIS2_PLACEMENT_3D('',#16709,#13537,#13538);
#12421=AXIS2_PLACEMENT_3D('',#16710,#13539,#13540);
#12422=AXIS2_PLACEMENT_3D('',#16712,#13542,#13543);
#12423=AXIS2_PLACEMENT_3D('',#16714,#13545,#13546);
#12424=AXIS2_PLACEMENT_3D('',#16716,#13548,#13549);
#12425=AXIS2_PLACEMENT_3D('',#16718,#13551,#13552);
#12426=AXIS2_PLACEMENT_3D('',#16719,#13553,#13554);
#12427=AXIS2_PLACEMENT_3D('',#16720,#13555,#13556);
#12428=AXIS2_PLACEMENT_3D('',#16722,#13558,#13559);
#12429=AXIS2_PLACEMENT_3D('',#16724,#13561,#13562);
#12430=AXIS2_PLACEMENT_3D('',#16728,#13564,#13565);
#12431=AXIS2_PLACEMENT_3D('',#16730,#13567,#13568);
#12432=AXIS2_PLACEMENT_3D('',#16734,#13571,#13572);
#12433=AXIS2_PLACEMENT_3D('',#16736,#13573,#13574);
#12434=AXIS2_PLACEMENT_3D('',#16738,#13576,#13577);
#12435=AXIS2_PLACEMENT_3D('',#16740,#13579,#13580);
#12436=AXIS2_PLACEMENT_3D('',#16742,#13582,#13583);
#12437=AXIS2_PLACEMENT_3D('',#16744,#13585,#13586);
#12438=AXIS2_PLACEMENT_3D('',#16746,#13588,#13589);
#12439=AXIS2_PLACEMENT_3D('',#16751,#13594,#13595);
#12440=AXIS2_PLACEMENT_3D('',#16752,#13596,#13597);
#12441=AXIS2_PLACEMENT_3D('',#16754,#13599,#13600);
#12442=AXIS2_PLACEMENT_3D('',#16756,#13602,#13603);
#12443=AXIS2_PLACEMENT_3D('',#16758,#13605,#13606);
#12444=AXIS2_PLACEMENT_3D('',#16759,#13607,#13608);
#12445=AXIS2_PLACEMENT_3D('',#16761,#13610,#13611);
#12446=AXIS2_PLACEMENT_3D('',#16762,#13612,#13613);
#12447=AXIS2_PLACEMENT_3D('',#16768,#13617,#13618);
#12448=AXIS2_PLACEMENT_3D('',#16770,#13619,#13620);
#12449=AXIS2_PLACEMENT_3D('',#16773,#13623,#13624);
#12450=AXIS2_PLACEMENT_3D('',#16775,#13626,#13627);
#12451=AXIS2_PLACEMENT_3D('',#16801,#13641,#13642);
#12452=AXIS2_PLACEMENT_3D('',#16805,#13644,#13645);
#12453=AXIS2_PLACEMENT_3D('',#16812,#13649,#13650);
#12454=AXIS2_PLACEMENT_3D('',#16816,#13652,#13653);
#12455=AXIS2_PLACEMENT_3D('',#16818,#13655,#13656);
#12456=AXIS2_PLACEMENT_3D('',#16819,#13657,#13658);
#12457=AXIS2_PLACEMENT_3D('',#16820,#13659,#13660);
#12458=AXIS2_PLACEMENT_3D('',#16821,#13661,#13662);
#12459=AXIS2_PLACEMENT_3D('',#16822,#13663,#13664);
#12460=AXIS2_PLACEMENT_3D('',#16828,#13668,#13669);
#12461=AXIS2_PLACEMENT_3D('',#16830,#13670,#13671);
#12462=AXIS2_PLACEMENT_3D('',#16833,#13673,#13674);
#12463=AXIS2_PLACEMENT_3D('',#16834,#13675,#13676);
#12464=AXIS2_PLACEMENT_3D('',#16836,#13677,#13678);
#12465=AXIS2_PLACEMENT_3D('',#16838,#13679,#13680);
#12466=AXIS2_PLACEMENT_3D('',#16840,#13682,#13683);
#12467=AXIS2_PLACEMENT_3D('',#16862,#13694,#13695);
#12468=AXIS2_PLACEMENT_3D('',#16865,#13697,#13698);
#12469=AXIS2_PLACEMENT_3D('',#16866,#13699,#13700);
#12470=AXIS2_PLACEMENT_3D('',#16870,#13702,#13703);
#12471=AXIS2_PLACEMENT_3D('',#16874,#13705,#13706);
#12472=AXIS2_PLACEMENT_3D('',#17704,#14122,#14123);
#12473=AXIS2_PLACEMENT_3D('',#17707,#14126,#14127);
#12474=AXIS2_PLACEMENT_3D('',#17708,#14128,#14129);
#12475=AXIS2_PLACEMENT_3D('',#17709,#14130,#14131);
#12476=AXIS2_PLACEMENT_3D('',#17710,#14132,#14133);
#12477=AXIS2_PLACEMENT_3D('',#17711,#14134,#14135);
#12478=AXIS2_PLACEMENT_3D('',#17712,#14136,#14137);
#12479=AXIS2_PLACEMENT_3D('',#17713,#14138,#14139);
#12480=AXIS2_PLACEMENT_3D('',#17719,#14143,#14144);
#12481=AXIS2_PLACEMENT_3D('',#17723,#14147,#14148);
#12482=AXIS2_PLACEMENT_3D('',#17725,#14149,#14150);
#12483=AXIS2_PLACEMENT_3D('',#17730,#14154,#14155);
#12484=AXIS2_PLACEMENT_3D('',#17731,#14156,#14157);
#12485=AXIS2_PLACEMENT_3D('',#17732,#14158,#14159);
#12486=AXIS2_PLACEMENT_3D('',#17733,#14160,#14161);
#12487=AXIS2_PLACEMENT_3D('',#17734,#14162,#14163);
#12488=AXIS2_PLACEMENT_3D('',#17735,#14164,#14165);
#12489=AXIS2_PLACEMENT_3D('',#17736,#14166,#14167);
#12490=AXIS2_PLACEMENT_3D('',#17737,#14168,#14169);
#12491=AXIS2_PLACEMENT_3D('',#17739,#14171,#14172);
#12492=AXIS2_PLACEMENT_3D('',#17742,#14174,#14175);
#12493=AXIS2_PLACEMENT_3D('',#17743,#14176,#14177);
#12494=AXIS2_PLACEMENT_3D('',#17745,#14179,#14180);
#12495=AXIS2_PLACEMENT_3D('',#17746,#14181,#14182);
#12496=AXIS2_PLACEMENT_3D('',#17748,#14183,#14184);
#12497=AXIS2_PLACEMENT_3D('',#17749,#14185,#14186);
#12498=AXIS2_PLACEMENT_3D('',#17751,#14188,#14189);
#12499=AXIS2_PLACEMENT_3D('',#17752,#14190,#14191);
#12500=AXIS2_PLACEMENT_3D('',#17753,#14192,#14193);
#12501=AXIS2_PLACEMENT_3D('',#17755,#14195,#14196);
#12502=AXIS2_PLACEMENT_3D('',#17757,#14197,#14198);
#12503=AXIS2_PLACEMENT_3D('',#17759,#14200,#14201);
#12504=AXIS2_PLACEMENT_3D('',#17762,#14203,#14204);
#12505=AXIS2_PLACEMENT_3D('',#17764,#14206,#14207);
#12506=AXIS2_PLACEMENT_3D('',#17765,#14208,#14209);
#12507=AXIS2_PLACEMENT_3D('',#17766,#14210,#14211);
#12508=AXIS2_PLACEMENT_3D('',#17767,#14212,#14213);
#12509=AXIS2_PLACEMENT_3D('',#17768,#14214,#14215);
#12510=AXIS2_PLACEMENT_3D('',#17769,#14216,#14217);
#12511=AXIS2_PLACEMENT_3D('',#17770,#14218,#14219);
#12512=AXIS2_PLACEMENT_3D('',#17773,#14221,#14222);
#12513=AXIS2_PLACEMENT_3D('',#17774,#14223,#14224);
#12514=AXIS2_PLACEMENT_3D('',#17778,#14227,#14228);
#12515=AXIS2_PLACEMENT_3D('',#17780,#14229,#14230);
#12516=AXIS2_PLACEMENT_3D('',#17785,#14235,#14236);
#12517=AXIS2_PLACEMENT_3D('',#17787,#14238,#14239);
#12518=AXIS2_PLACEMENT_3D('',#17788,#14240,#14241);
#12519=AXIS2_PLACEMENT_3D('',#17789,#14242,#14243);
#12520=AXIS2_PLACEMENT_3D('',#17791,#14245,#14246);
#12521=AXIS2_PLACEMENT_3D('',#17793,#14247,#14248);
#12522=AXIS2_PLACEMENT_3D('',#17795,#14250,#14251);
#12523=AXIS2_PLACEMENT_3D('',#17801,#14255,#14256);
#12524=AXIS2_PLACEMENT_3D('',#17807,#14260,#14261);
#12525=AXIS2_PLACEMENT_3D('',#17813,#14265,#14266);
#12526=AXIS2_PLACEMENT_3D('',#17819,#14270,#14271);
#12527=AXIS2_PLACEMENT_3D('',#17821,#14272,#14273);
#12528=AXIS2_PLACEMENT_3D('',#17822,#14274,#14275);
#12529=AXIS2_PLACEMENT_3D('',#17823,#14276,#14277);
#12530=AXIS2_PLACEMENT_3D('',#17826,#14279,#14280);
#12531=AXIS2_PLACEMENT_3D('',#17827,#14281,#14282);
#12532=AXIS2_PLACEMENT_3D('',#17828,#14283,#14284);
#12533=AXIS2_PLACEMENT_3D('',#17829,#14285,#14286);
#12534=AXIS2_PLACEMENT_3D('',#17831,#14287,#14288);
#12535=AXIS2_PLACEMENT_3D('',#17832,#14289,#14290);
#12536=AXIS2_PLACEMENT_3D('',#17833,#14291,#14292);
#12537=AXIS2_PLACEMENT_3D('',#17834,#14293,#14294);
#12538=AXIS2_PLACEMENT_3D('',#17835,#14295,#14296);
#12539=AXIS2_PLACEMENT_3D('',#17837,#14297,#14298);
#12540=AXIS2_PLACEMENT_3D('',#17838,#14299,#14300);
#12541=AXIS2_PLACEMENT_3D('',#17839,#14301,#14302);
#12542=AXIS2_PLACEMENT_3D('',#17840,#14303,#14304);
#12543=AXIS2_PLACEMENT_3D('',#17841,#14305,#14306);
#12544=AXIS2_PLACEMENT_3D('',#17842,#14307,#14308);
#12545=AXIS2_PLACEMENT_3D('',#17843,#14309,#14310);
#12546=AXIS2_PLACEMENT_3D('',#17845,#14312,#14313);
#12547=AXIS2_PLACEMENT_3D('',#17847,#14314,#14315);
#12548=AXIS2_PLACEMENT_3D('',#17848,#14316,#14317);
#12549=AXIS2_PLACEMENT_3D('',#17849,#14318,#14319);
#12550=AXIS2_PLACEMENT_3D('',#17850,#14320,#14321);
#12551=AXIS2_PLACEMENT_3D('',#17851,#14322,#14323);
#12552=AXIS2_PLACEMENT_3D('',#17853,#14325,#14326);
#12553=AXIS2_PLACEMENT_3D('',#17855,#14328,#14329);
#12554=AXIS2_PLACEMENT_3D('',#17857,#14331,#14332);
#12555=AXIS2_PLACEMENT_3D('',#17859,#14334,#14335);
#12556=AXIS2_PLACEMENT_3D('',#17861,#14337,#14338);
#12557=AXIS2_PLACEMENT_3D('',#17862,#14339,#14340);
#12558=AXIS2_PLACEMENT_3D('',#17863,#14341,#14342);
#12559=AXIS2_PLACEMENT_3D('',#17914,#14373,#14374);
#12560=AXIS2_PLACEMENT_3D('',#17965,#14405,#14406);
#12561=AXIS2_PLACEMENT_3D('',#17997,#14426,#14427);
#12562=AXIS2_PLACEMENT_3D('',#18029,#14447,#14448);
#12563=AXIS2_PLACEMENT_3D('',#18031,#14450,#14451);
#12564=AXIS2_PLACEMENT_3D('',#18032,#14452,#14453);
#12565=AXIS2_PLACEMENT_3D('',#18034,#14455,#14456);
#12566=AXIS2_PLACEMENT_3D('',#18036,#14458,#14459);
#12567=AXIS2_PLACEMENT_3D('',#18037,#14460,#14461);
#12568=AXIS2_PLACEMENT_3D('',#18039,#14463,#14464);
#12569=AXIS2_PLACEMENT_3D('',#18041,#14466,#14467);
#12570=AXIS2_PLACEMENT_3D('',#18042,#14468,#14469);
#12571=AXIS2_PLACEMENT_3D('',#18043,#14470,#14471);
#12572=AXIS2_PLACEMENT_3D('',#18758,#14844,#14845);
#12573=AXIS2_PLACEMENT_3D('',#18761,#14848,#14849);
#12574=AXIS2_PLACEMENT_3D('',#18763,#14851,#14852);
#12575=AXIS2_PLACEMENT_3D('',#18765,#14854,#14855);
#12576=AXIS2_PLACEMENT_3D('',#18768,#14858,#14859);
#12577=AXIS2_PLACEMENT_3D('',#18770,#14861,#14862);
#12578=AXIS2_PLACEMENT_3D('',#18772,#14864,#14865);
#12579=AXIS2_PLACEMENT_3D('',#18775,#14868,#14869);
#12580=AXIS2_PLACEMENT_3D('',#18777,#14871,#14872);
#12581=AXIS2_PLACEMENT_3D('',#18779,#14874,#14875);
#12582=AXIS2_PLACEMENT_3D('',#18782,#14878,#14879);
#12583=AXIS2_PLACEMENT_3D('',#18784,#14881,#14882);
#12584=AXIS2_PLACEMENT_3D('',#18786,#14884,#14885);
#12585=AXIS2_PLACEMENT_3D('',#18789,#14888,#14889);
#12586=AXIS2_PLACEMENT_3D('',#18791,#14891,#14892);
#12587=AXIS2_PLACEMENT_3D('',#18793,#14894,#14895);
#12588=AXIS2_PLACEMENT_3D('',#18796,#14898,#14899);
#12589=AXIS2_PLACEMENT_3D('',#18798,#14901,#14902);
#12590=AXIS2_PLACEMENT_3D('',#18800,#14904,#14905);
#12591=AXIS2_PLACEMENT_3D('',#18803,#14908,#14909);
#12592=AXIS2_PLACEMENT_3D('',#18805,#14911,#14912);
#12593=AXIS2_PLACEMENT_3D('',#18807,#14914,#14915);
#12594=AXIS2_PLACEMENT_3D('',#18810,#14918,#14919);
#12595=AXIS2_PLACEMENT_3D('',#18812,#14921,#14922);
#12596=AXIS2_PLACEMENT_3D('',#18814,#14924,#14925);
#12597=AXIS2_PLACEMENT_3D('',#18817,#14928,#14929);
#12598=AXIS2_PLACEMENT_3D('',#18819,#14931,#14932);
#12599=AXIS2_PLACEMENT_3D('',#18821,#14934,#14935);
#12600=AXIS2_PLACEMENT_3D('',#18824,#14938,#14939);
#12601=AXIS2_PLACEMENT_3D('',#18826,#14941,#14942);
#12602=AXIS2_PLACEMENT_3D('',#18828,#14944,#14945);
#12603=AXIS2_PLACEMENT_3D('',#18831,#14948,#14949);
#12604=AXIS2_PLACEMENT_3D('',#18833,#14951,#14952);
#12605=AXIS2_PLACEMENT_3D('',#18835,#14954,#14955);
#12606=AXIS2_PLACEMENT_3D('',#18838,#14958,#14959);
#12607=AXIS2_PLACEMENT_3D('',#18840,#14961,#14962);
#12608=AXIS2_PLACEMENT_3D('',#18842,#14964,#14965);
#12609=AXIS2_PLACEMENT_3D('',#18845,#14968,#14969);
#12610=AXIS2_PLACEMENT_3D('',#18847,#14971,#14972);
#12611=AXIS2_PLACEMENT_3D('',#18849,#14974,#14975);
#12612=AXIS2_PLACEMENT_3D('',#18852,#14978,#14979);
#12613=AXIS2_PLACEMENT_3D('',#18854,#14981,#14982);
#12614=AXIS2_PLACEMENT_3D('',#18856,#14984,#14985);
#12615=AXIS2_PLACEMENT_3D('',#18859,#14988,#14989);
#12616=AXIS2_PLACEMENT_3D('',#18861,#14991,#14992);
#12617=AXIS2_PLACEMENT_3D('',#18863,#14994,#14995);
#12618=AXIS2_PLACEMENT_3D('',#18866,#14998,#14999);
#12619=AXIS2_PLACEMENT_3D('',#18868,#15001,#15002);
#12620=AXIS2_PLACEMENT_3D('',#18870,#15004,#15005);
#12621=AXIS2_PLACEMENT_3D('',#18873,#15008,#15009);
#12622=AXIS2_PLACEMENT_3D('',#18875,#15011,#15012);
#12623=AXIS2_PLACEMENT_3D('',#18877,#15014,#15015);
#12624=AXIS2_PLACEMENT_3D('',#18880,#15018,#15019);
#12625=AXIS2_PLACEMENT_3D('',#18882,#15021,#15022);
#12626=AXIS2_PLACEMENT_3D('',#18884,#15024,#15025);
#12627=AXIS2_PLACEMENT_3D('',#18887,#15028,#15029);
#12628=AXIS2_PLACEMENT_3D('',#18889,#15031,#15032);
#12629=AXIS2_PLACEMENT_3D('',#18891,#15034,#15035);
#12630=AXIS2_PLACEMENT_3D('',#18894,#15038,#15039);
#12631=AXIS2_PLACEMENT_3D('',#18896,#15041,#15042);
#12632=AXIS2_PLACEMENT_3D('',#18898,#15044,#15045);
#12633=AXIS2_PLACEMENT_3D('',#18901,#15048,#15049);
#12634=AXIS2_PLACEMENT_3D('',#18903,#15051,#15052);
#12635=AXIS2_PLACEMENT_3D('',#18905,#15054,#15055);
#12636=AXIS2_PLACEMENT_3D('',#18908,#15058,#15059);
#12637=AXIS2_PLACEMENT_3D('',#18910,#15061,#15062);
#12638=AXIS2_PLACEMENT_3D('',#18912,#15064,#15065);
#12639=AXIS2_PLACEMENT_3D('',#18915,#15068,#15069);
#12640=AXIS2_PLACEMENT_3D('',#18917,#15071,#15072);
#12641=AXIS2_PLACEMENT_3D('',#18919,#15074,#15075);
#12642=AXIS2_PLACEMENT_3D('',#18922,#15078,#15079);
#12643=AXIS2_PLACEMENT_3D('',#18924,#15081,#15082);
#12644=AXIS2_PLACEMENT_3D('',#18926,#15084,#15085);
#12645=AXIS2_PLACEMENT_3D('',#18929,#15088,#15089);
#12646=AXIS2_PLACEMENT_3D('',#18931,#15091,#15092);
#12647=AXIS2_PLACEMENT_3D('',#18933,#15094,#15095);
#12648=AXIS2_PLACEMENT_3D('',#18936,#15098,#15099);
#12649=AXIS2_PLACEMENT_3D('',#18938,#15101,#15102);
#12650=AXIS2_PLACEMENT_3D('',#18940,#15104,#15105);
#12651=AXIS2_PLACEMENT_3D('',#18943,#15108,#15109);
#12652=AXIS2_PLACEMENT_3D('',#18945,#15111,#15112);
#12653=AXIS2_PLACEMENT_3D('',#18947,#15114,#15115);
#12654=AXIS2_PLACEMENT_3D('',#18950,#15118,#15119);
#12655=AXIS2_PLACEMENT_3D('',#18952,#15121,#15122);
#12656=AXIS2_PLACEMENT_3D('',#18954,#15124,#15125);
#12657=AXIS2_PLACEMENT_3D('',#18957,#15128,#15129);
#12658=AXIS2_PLACEMENT_3D('',#18959,#15131,#15132);
#12659=AXIS2_PLACEMENT_3D('',#18961,#15134,#15135);
#12660=AXIS2_PLACEMENT_3D('',#18964,#15138,#15139);
#12661=AXIS2_PLACEMENT_3D('',#18966,#15141,#15142);
#12662=AXIS2_PLACEMENT_3D('',#18968,#15144,#15145);
#12663=AXIS2_PLACEMENT_3D('',#18971,#15148,#15149);
#12664=AXIS2_PLACEMENT_3D('',#18973,#15151,#15152);
#12665=AXIS2_PLACEMENT_3D('',#18975,#15154,#15155);
#12666=AXIS2_PLACEMENT_3D('',#18978,#15158,#15159);
#12667=AXIS2_PLACEMENT_3D('',#18980,#15161,#15162);
#12668=AXIS2_PLACEMENT_3D('',#18982,#15164,#15165);
#12669=AXIS2_PLACEMENT_3D('',#18985,#15168,#15169);
#12670=AXIS2_PLACEMENT_3D('',#18987,#15171,#15172);
#12671=AXIS2_PLACEMENT_3D('',#18989,#15174,#15175);
#12672=AXIS2_PLACEMENT_3D('',#18992,#15178,#15179);
#12673=AXIS2_PLACEMENT_3D('',#18994,#15181,#15182);
#12674=AXIS2_PLACEMENT_3D('',#18996,#15184,#15185);
#12675=AXIS2_PLACEMENT_3D('',#18999,#15188,#15189);
#12676=AXIS2_PLACEMENT_3D('',#19001,#15191,#15192);
#12677=AXIS2_PLACEMENT_3D('',#19003,#15194,#15195);
#12678=AXIS2_PLACEMENT_3D('',#19006,#15198,#15199);
#12679=AXIS2_PLACEMENT_3D('',#19008,#15201,#15202);
#12680=AXIS2_PLACEMENT_3D('',#19010,#15204,#15205);
#12681=AXIS2_PLACEMENT_3D('',#19013,#15208,#15209);
#12682=AXIS2_PLACEMENT_3D('',#19015,#15211,#15212);
#12683=AXIS2_PLACEMENT_3D('',#19017,#15214,#15215);
#12684=AXIS2_PLACEMENT_3D('',#19019,#15217,#15218);
#12685=AXIS2_PLACEMENT_3D('',#19021,#15220,#15221);
#12686=AXIS2_PLACEMENT_3D('',#19023,#15223,#15224);
#12687=AXIS2_PLACEMENT_3D('',#19025,#15226,#15227);
#12688=AXIS2_PLACEMENT_3D('',#19027,#15229,#15230);
#12689=AXIS2_PLACEMENT_3D('',#19029,#15232,#15233);
#12690=AXIS2_PLACEMENT_3D('',#19031,#15235,#15236);
#12691=AXIS2_PLACEMENT_3D('',#19033,#15238,#15239);
#12692=AXIS2_PLACEMENT_3D('',#19034,#15240,#15241);
#12693=AXIS2_PLACEMENT_3D('',#19036,#15243,#15244);
#12694=AXIS2_PLACEMENT_3D('',#19038,#15246,#15247);
#12695=AXIS2_PLACEMENT_3D('',#19040,#15249,#15250);
#12696=AXIS2_PLACEMENT_3D('',#19042,#15252,#15253);
#12697=AXIS2_PLACEMENT_3D('',#19044,#15255,#15256);
#12698=AXIS2_PLACEMENT_3D('',#19046,#15258,#15259);
#12699=AXIS2_PLACEMENT_3D('',#19048,#15261,#15262);
#12700=AXIS2_PLACEMENT_3D('',#19049,#15263,#15264);
#12701=AXIS2_PLACEMENT_3D('',#19051,#15266,#15267);
#12702=AXIS2_PLACEMENT_3D('',#19053,#15269,#15270);
#12703=AXIS2_PLACEMENT_3D('',#19055,#15272,#15273);
#12704=AXIS2_PLACEMENT_3D('',#19057,#15275,#15276);
#12705=AXIS2_PLACEMENT_3D('',#19059,#15278,#15279);
#12706=AXIS2_PLACEMENT_3D('',#19061,#15281,#15282);
#12707=AXIS2_PLACEMENT_3D('',#19063,#15284,#15285);
#12708=AXIS2_PLACEMENT_3D('',#19065,#15287,#15288);
#12709=AXIS2_PLACEMENT_3D('',#19066,#15289,#15290);
#12710=AXIS2_PLACEMENT_3D('',#19068,#15292,#15293);
#12711=AXIS2_PLACEMENT_3D('',#19070,#15295,#15296);
#12712=AXIS2_PLACEMENT_3D('',#19072,#15298,#15299);
#12713=AXIS2_PLACEMENT_3D('',#19074,#15301,#15302);
#12714=AXIS2_PLACEMENT_3D('',#19076,#15304,#15305);
#12715=AXIS2_PLACEMENT_3D('',#19078,#15307,#15308);
#12716=AXIS2_PLACEMENT_3D('',#19080,#15310,#15311);
#12717=AXIS2_PLACEMENT_3D('',#19082,#15313,#15314);
#12718=AXIS2_PLACEMENT_3D('',#19083,#15315,#15316);
#12719=AXIS2_PLACEMENT_3D('',#19085,#15318,#15319);
#12720=AXIS2_PLACEMENT_3D('',#19087,#15321,#15322);
#12721=AXIS2_PLACEMENT_3D('',#19089,#15324,#15325);
#12722=AXIS2_PLACEMENT_3D('',#19091,#15327,#15328);
#12723=AXIS2_PLACEMENT_3D('',#19093,#15330,#15331);
#12724=AXIS2_PLACEMENT_3D('',#19095,#15333,#15334);
#12725=AXIS2_PLACEMENT_3D('',#19097,#15336,#15337);
#12726=AXIS2_PLACEMENT_3D('',#19099,#15339,#15340);
#12727=AXIS2_PLACEMENT_3D('',#19100,#15341,#15342);
#12728=AXIS2_PLACEMENT_3D('',#19102,#15344,#15345);
#12729=AXIS2_PLACEMENT_3D('',#19104,#15347,#15348);
#12730=AXIS2_PLACEMENT_3D('',#19106,#15350,#15351);
#12731=AXIS2_PLACEMENT_3D('',#19108,#15353,#15354);
#12732=AXIS2_PLACEMENT_3D('',#19110,#15356,#15357);
#12733=AXIS2_PLACEMENT_3D('',#19111,#15358,#15359);
#12734=AXIS2_PLACEMENT_3D('',#19113,#15361,#15362);
#12735=AXIS2_PLACEMENT_3D('',#19115,#15364,#15365);
#12736=AXIS2_PLACEMENT_3D('',#19117,#15367,#15368);
#12737=AXIS2_PLACEMENT_3D('',#19119,#15370,#15371);
#12738=AXIS2_PLACEMENT_3D('',#19121,#15373,#15374);
#12739=AXIS2_PLACEMENT_3D('',#19122,#15375,#15376);
#12740=AXIS2_PLACEMENT_3D('',#19124,#15378,#15379);
#12741=AXIS2_PLACEMENT_3D('',#19126,#15381,#15382);
#12742=AXIS2_PLACEMENT_3D('',#19128,#15384,#15385);
#12743=AXIS2_PLACEMENT_3D('',#19130,#15387,#15388);
#12744=AXIS2_PLACEMENT_3D('',#19132,#15390,#15391);
#12745=AXIS2_PLACEMENT_3D('',#19133,#15392,#15393);
#12746=AXIS2_PLACEMENT_3D('',#19135,#15395,#15396);
#12747=AXIS2_PLACEMENT_3D('',#19137,#15398,#15399);
#12748=AXIS2_PLACEMENT_3D('',#19138,#15400,#15401);
#12749=AXIS2_PLACEMENT_3D('',#19140,#15403,#15404);
#12750=AXIS2_PLACEMENT_3D('',#19142,#15406,#15407);
#12751=AXIS2_PLACEMENT_3D('',#19144,#15409,#15410);
#12752=AXIS2_PLACEMENT_3D('',#19146,#15412,#15413);
#12753=AXIS2_PLACEMENT_3D('',#19147,#15414,#15415);
#12754=AXIS2_PLACEMENT_3D('',#19149,#15417,#15418);
#12755=AXIS2_PLACEMENT_3D('',#19151,#15420,#15421);
#12756=AXIS2_PLACEMENT_3D('',#19152,#15422,#15423);
#12757=AXIS2_PLACEMENT_3D('',#19154,#15425,#15426);
#12758=AXIS2_PLACEMENT_3D('',#19156,#15428,#15429);
#12759=AXIS2_PLACEMENT_3D('',#19158,#15431,#15432);
#12760=AXIS2_PLACEMENT_3D('',#19160,#15434,#15435);
#12761=AXIS2_PLACEMENT_3D('',#19161,#15436,#15437);
#12762=AXIS2_PLACEMENT_3D('',#19163,#15439,#15440);
#12763=AXIS2_PLACEMENT_3D('',#19165,#15442,#15443);
#12764=AXIS2_PLACEMENT_3D('',#19166,#15444,#15445);
#12765=AXIS2_PLACEMENT_3D('',#19168,#15447,#15448);
#12766=AXIS2_PLACEMENT_3D('',#19170,#15450,#15451);
#12767=AXIS2_PLACEMENT_3D('',#19172,#15453,#15454);
#12768=AXIS2_PLACEMENT_3D('',#19174,#15456,#15457);
#12769=AXIS2_PLACEMENT_3D('',#19175,#15458,#15459);
#12770=AXIS2_PLACEMENT_3D('',#19177,#15461,#15462);
#12771=AXIS2_PLACEMENT_3D('',#19179,#15464,#15465);
#12772=AXIS2_PLACEMENT_3D('',#19180,#15466,#15467);
#12773=AXIS2_PLACEMENT_3D('',#19182,#15468,#15469);
#12774=AXIS2_PLACEMENT_3D('',#19185,#15471,#15472);
#12775=AXIS2_PLACEMENT_3D('',#19186,#15473,#15474);
#12776=AXIS2_PLACEMENT_3D('',#19187,#15475,#15476);
#12777=AXIS2_PLACEMENT_3D('',#19188,#15477,#15478);
#12778=AXIS2_PLACEMENT_3D('',#19190,#15479,#15480);
#12779=AXIS2_PLACEMENT_3D('',#19191,#15481,#15482);
#12780=AXIS2_PLACEMENT_3D('',#19192,#15483,#15484);
#12781=AXIS2_PLACEMENT_3D('',#19194,#15485,#15486);
#12782=AXIS2_PLACEMENT_3D('',#19196,#15488,#15489);
#12783=AXIS2_PLACEMENT_3D('',#19197,#15490,#15491);
#12784=AXIS2_PLACEMENT_3D('',#19198,#15492,#15493);
#12785=AXIS2_PLACEMENT_3D('',#19199,#15494,#15495);
#12786=AXIS2_PLACEMENT_3D('',#19200,#15496,#15497);
#12787=AXIS2_PLACEMENT_3D('',#19202,#15498,#15499);
#12788=AXIS2_PLACEMENT_3D('',#19204,#15501,#15502);
#12789=AXIS2_PLACEMENT_3D('',#19207,#15504,#15505);
#12790=AXIS2_PLACEMENT_3D('',#19208,#15506,#15507);
#12791=AXIS2_PLACEMENT_3D('',#19212,#15510,#15511);
#12792=AXIS2_PLACEMENT_3D('',#19214,#15512,#15513);
#12793=AXIS2_PLACEMENT_3D('',#19215,#15514,#15515);
#12794=AXIS2_PLACEMENT_3D('',#19216,#15516,#15517);
#12795=AXIS2_PLACEMENT_3D('',#19217,#15518,#15519);
#12796=AXIS2_PLACEMENT_3D('',#19219,#15521,#15522);
#12797=AXIS2_PLACEMENT_3D('',#19220,#15523,#15524);
#12798=AXIS2_PLACEMENT_3D('',#19221,#15525,#15526);
#12799=AXIS2_PLACEMENT_3D('',#19222,#15527,#15528);
#12800=AXIS2_PLACEMENT_3D('',#19223,#15529,#15530);
#12801=AXIS2_PLACEMENT_3D('',#19224,#15531,#15532);
#12802=AXIS2_PLACEMENT_3D('',#19225,#15533,#15534);
#12803=AXIS2_PLACEMENT_3D('',#19226,#15535,#15536);
#12804=AXIS2_PLACEMENT_3D('',#19228,#15538,#15539);
#12805=AXIS2_PLACEMENT_3D('',#19229,#15540,#15541);
#12806=AXIS2_PLACEMENT_3D('',#19230,#15542,#15543);
#12807=AXIS2_PLACEMENT_3D('',#19231,#15544,#15545);
#12808=AXIS2_PLACEMENT_3D('',#19232,#15546,#15547);
#12809=AXIS2_PLACEMENT_3D('',#19233,#15548,#15549);
#12810=AXIS2_PLACEMENT_3D('',#19234,#15550,#15551);
#12811=AXIS2_PLACEMENT_3D('',#19235,#15552,#15553);
#12812=AXIS2_PLACEMENT_3D('',#19236,#15554,#15555);
#12813=AXIS2_PLACEMENT_3D('',#19237,#15556,#15557);
#12814=AXIS2_PLACEMENT_3D('',#19238,#15558,#15559);
#12815=AXIS2_PLACEMENT_3D('',#19239,#15560,#15561);
#12816=AXIS2_PLACEMENT_3D('',#19241,#15563,#15564);
#12817=AXIS2_PLACEMENT_3D('',#19243,#15566,#15567);
#12818=AXIS2_PLACEMENT_3D('',#19244,#15568,#15569);
#12819=AXIS2_PLACEMENT_3D('',#19246,#15571,#15572);
#12820=AXIS2_PLACEMENT_3D('',#19248,#15574,#15575);
#12821=AXIS2_PLACEMENT_3D('',#19249,#15576,#15577);
#12822=AXIS2_PLACEMENT_3D('',#19250,#15578,#15579);
#12823=AXIS2_PLACEMENT_3D('',#19252,#15581,#15582);
#12824=AXIS2_PLACEMENT_3D('',#19254,#15584,#15585);
#12825=AXIS2_PLACEMENT_3D('',#19255,#15586,#15587);
#12826=AXIS2_PLACEMENT_3D('',#19257,#15589,#15590);
#12827=AXIS2_PLACEMENT_3D('',#19259,#15592,#15593);
#12828=AXIS2_PLACEMENT_3D('',#19260,#15594,#15595);
#12829=AXIS2_PLACEMENT_3D('',#19263,#15598,#15599);
#12830=AXIS2_PLACEMENT_3D('',#19264,#15600,#15601);
#12831=AXIS2_PLACEMENT_3D('',#19266,#15603,#15604);
#12832=AXIS2_PLACEMENT_3D('',#19268,#15606,#15607);
#12833=AXIS2_PLACEMENT_3D('',#19270,#15609,#15610);
#12834=AXIS2_PLACEMENT_3D('',#19271,#15611,#15612);
#12835=AXIS2_PLACEMENT_3D('',#19273,#15614,#15615);
#12836=AXIS2_PLACEMENT_3D('',#19275,#15617,#15618);
#12837=AXIS2_PLACEMENT_3D('',#19276,#15619,#15620);
#12838=AXIS2_PLACEMENT_3D('',#19278,#15622,#15623);
#12839=AXIS2_PLACEMENT_3D('',#19280,#15625,#15626);
#12840=AXIS2_PLACEMENT_3D('',#19281,#15627,#15628);
#12841=AXIS2_PLACEMENT_3D('',#19283,#15630,#15631);
#12842=AXIS2_PLACEMENT_3D('',#19285,#15633,#15634);
#12843=AXIS2_PLACEMENT_3D('',#19286,#15635,#15636);
#12844=AXIS2_PLACEMENT_3D('',#19288,#15638,#15639);
#12845=AXIS2_PLACEMENT_3D('',#19290,#15641,#15642);
#12846=AXIS2_PLACEMENT_3D('',#19291,#15643,#15644);
#12847=AXIS2_PLACEMENT_3D('',#19293,#15646,#15647);
#12848=AXIS2_PLACEMENT_3D('',#19295,#15649,#15650);
#12849=AXIS2_PLACEMENT_3D('',#19296,#15651,#15652);
#12850=AXIS2_PLACEMENT_3D('',#19298,#15654,#15655);
#12851=AXIS2_PLACEMENT_3D('',#19300,#15657,#15658);
#12852=AXIS2_PLACEMENT_3D('',#19301,#15659,#15660);
#12853=AXIS2_PLACEMENT_3D('',#19303,#15662,#15663);
#12854=AXIS2_PLACEMENT_3D('',#19305,#15665,#15666);
#12855=AXIS2_PLACEMENT_3D('',#19306,#15667,#15668);
#12856=AXIS2_PLACEMENT_3D('',#19309,#15671,#15672);
#12857=AXIS2_PLACEMENT_3D('',#19310,#15673,#15674);
#12858=AXIS2_PLACEMENT_3D('',#19312,#15676,#15677);
#12859=AXIS2_PLACEMENT_3D('',#19314,#15679,#15680);
#12860=AXIS2_PLACEMENT_3D('',#19316,#15682,#15683);
#12861=AXIS2_PLACEMENT_3D('',#19317,#15684,#15685);
#12862=AXIS2_PLACEMENT_3D('',#19319,#15687,#15688);
#12863=AXIS2_PLACEMENT_3D('',#19321,#15690,#15691);
#12864=AXIS2_PLACEMENT_3D('',#19322,#15692,#15693);
#12865=AXIS2_PLACEMENT_3D('',#19324,#15695,#15696);
#12866=AXIS2_PLACEMENT_3D('',#19326,#15698,#15699);
#12867=AXIS2_PLACEMENT_3D('',#19327,#15700,#15701);
#12868=AXIS2_PLACEMENT_3D('',#19329,#15703,#15704);
#12869=AXIS2_PLACEMENT_3D('',#19331,#15706,#15707);
#12870=AXIS2_PLACEMENT_3D('',#19332,#15708,#15709);
#12871=AXIS2_PLACEMENT_3D('',#19334,#15711,#15712);
#12872=AXIS2_PLACEMENT_3D('',#19336,#15714,#15715);
#12873=AXIS2_PLACEMENT_3D('',#19337,#15716,#15717);
#12874=AXIS2_PLACEMENT_3D('',#19339,#15719,#15720);
#12875=AXIS2_PLACEMENT_3D('',#19341,#15722,#15723);
#12876=AXIS2_PLACEMENT_3D('',#19342,#15724,#15725);
#12877=AXIS2_PLACEMENT_3D('',#19345,#15728,#15729);
#12878=AXIS2_PLACEMENT_3D('',#19346,#15730,#15731);
#12879=AXIS2_PLACEMENT_3D('',#19348,#15733,#15734);
#12880=AXIS2_PLACEMENT_3D('',#19350,#15736,#15737);
#12881=AXIS2_PLACEMENT_3D('',#19352,#15739,#15740);
#12882=AXIS2_PLACEMENT_3D('',#19353,#15741,#15742);
#12883=AXIS2_PLACEMENT_3D('',#19355,#15744,#15745);
#12884=AXIS2_PLACEMENT_3D('',#19357,#15747,#15748);
#12885=AXIS2_PLACEMENT_3D('',#19358,#15749,#15750);
#12886=AXIS2_PLACEMENT_3D('',#19360,#15752,#15753);
#12887=AXIS2_PLACEMENT_3D('',#19362,#15755,#15756);
#12888=AXIS2_PLACEMENT_3D('',#19363,#15757,#15758);
#12889=AXIS2_PLACEMENT_3D('',#19365,#15760,#15761);
#12890=AXIS2_PLACEMENT_3D('',#19367,#15763,#15764);
#12891=AXIS2_PLACEMENT_3D('',#19368,#15765,#15766);
#12892=AXIS2_PLACEMENT_3D('',#19370,#15768,#15769);
#12893=AXIS2_PLACEMENT_3D('',#19372,#15771,#15772);
#12894=AXIS2_PLACEMENT_3D('',#19373,#15773,#15774);
#12895=AXIS2_PLACEMENT_3D('',#19375,#15776,#15777);
#12896=AXIS2_PLACEMENT_3D('',#19377,#15779,#15780);
#12897=AXIS2_PLACEMENT_3D('',#19378,#15781,#15782);
#12898=AXIS2_PLACEMENT_3D('',#19381,#15785,#15786);
#12899=AXIS2_PLACEMENT_3D('',#19382,#15787,#15788);
#12900=AXIS2_PLACEMENT_3D('',#19384,#15790,#15791);
#12901=AXIS2_PLACEMENT_3D('',#19386,#15793,#15794);
#12902=AXIS2_PLACEMENT_3D('',#19388,#15796,#15797);
#12903=AXIS2_PLACEMENT_3D('',#19389,#15798,#15799);
#12904=AXIS2_PLACEMENT_3D('',#19391,#15801,#15802);
#12905=AXIS2_PLACEMENT_3D('',#19393,#15804,#15805);
#12906=AXIS2_PLACEMENT_3D('',#19394,#15806,#15807);
#12907=AXIS2_PLACEMENT_3D('',#19397,#15810,#15811);
#12908=AXIS2_PLACEMENT_3D('',#19398,#15812,#15813);
#12909=AXIS2_PLACEMENT_3D('',#19400,#15815,#15816);
#12910=AXIS2_PLACEMENT_3D('',#19402,#15818,#15819);
#12911=AXIS2_PLACEMENT_3D('',#19404,#15821,#15822);
#12912=AXIS2_PLACEMENT_3D('',#19405,#15823,#15824);
#12913=AXIS2_PLACEMENT_3D('',#19407,#15826,#15827);
#12914=AXIS2_PLACEMENT_3D('',#19409,#15829,#15830);
#12915=AXIS2_PLACEMENT_3D('',#19410,#15831,#15832);
#12916=AXIS2_PLACEMENT_3D('',#19412,#15834,#15835);
#12917=AXIS2_PLACEMENT_3D('',#19414,#15837,#15838);
#12918=AXIS2_PLACEMENT_3D('',#19415,#15839,#15840);
#12919=AXIS2_PLACEMENT_3D('',#19417,#15842,#15843);
#12920=AXIS2_PLACEMENT_3D('',#19419,#15845,#15846);
#12921=AXIS2_PLACEMENT_3D('',#19420,#15847,#15848);
#12922=AXIS2_PLACEMENT_3D('',#19422,#15850,#15851);
#12923=AXIS2_PLACEMENT_3D('',#19424,#15853,#15854);
#12924=AXIS2_PLACEMENT_3D('',#19425,#15855,#15856);
#12925=AXIS2_PLACEMENT_3D('',#19427,#15858,#15859);
#12926=AXIS2_PLACEMENT_3D('',#19429,#15861,#15862);
#12927=AXIS2_PLACEMENT_3D('',#19430,#15863,#15864);
#12928=AXIS2_PLACEMENT_3D('',#19432,#15866,#15867);
#12929=AXIS2_PLACEMENT_3D('',#19434,#15869,#15870);
#12930=AXIS2_PLACEMENT_3D('',#19435,#15871,#15872);
#12931=AXIS2_PLACEMENT_3D('',#19437,#15874,#15875);
#12932=AXIS2_PLACEMENT_3D('',#19439,#15877,#15878);
#12933=AXIS2_PLACEMENT_3D('',#19440,#15879,#15880);
#12934=AXIS2_PLACEMENT_3D('',#19442,#15882,#15883);
#12935=AXIS2_PLACEMENT_3D('',#19444,#15885,#15886);
#12936=AXIS2_PLACEMENT_3D('',#19445,#15887,#15888);
#12937=AXIS2_PLACEMENT_3D('',#19447,#15890,#15891);
#12938=AXIS2_PLACEMENT_3D('',#19449,#15893,#15894);
#12939=AXIS2_PLACEMENT_3D('',#19450,#15895,#15896);
#12940=AXIS2_PLACEMENT_3D('',#19452,#15898,#15899);
#12941=AXIS2_PLACEMENT_3D('',#19454,#15901,#15902);
#12942=AXIS2_PLACEMENT_3D('',#19455,#15903,#15904);
#12943=AXIS2_PLACEMENT_3D('',#19458,#15907,#15908);
#12944=AXIS2_PLACEMENT_3D('',#19459,#15909,#15910);
#12945=AXIS2_PLACEMENT_3D('',#19461,#15912,#15913);
#12946=AXIS2_PLACEMENT_3D('',#19463,#15915,#15916);
#12947=AXIS2_PLACEMENT_3D('',#19465,#15918,#15919);
#12948=AXIS2_PLACEMENT_3D('',#19466,#15920,#15921);
#12949=AXIS2_PLACEMENT_3D('',#19468,#15923,#15924);
#12950=AXIS2_PLACEMENT_3D('',#19470,#15926,#15927);
#12951=AXIS2_PLACEMENT_3D('',#19471,#15928,#15929);
#12952=AXIS2_PLACEMENT_3D('',#19473,#15931,#15932);
#12953=AXIS2_PLACEMENT_3D('',#19475,#15934,#15935);
#12954=AXIS2_PLACEMENT_3D('',#19476,#15936,#15937);
#12955=AXIS2_PLACEMENT_3D('',#19478,#15939,#15940);
#12956=AXIS2_PLACEMENT_3D('',#19480,#15942,#15943);
#12957=AXIS2_PLACEMENT_3D('',#19481,#15944,#15945);
#12958=AXIS2_PLACEMENT_3D('',#19483,#15947,#15948);
#12959=AXIS2_PLACEMENT_3D('',#19485,#15950,#15951);
#12960=AXIS2_PLACEMENT_3D('',#19486,#15952,#15953);
#12961=AXIS2_PLACEMENT_3D('',#19488,#15955,#15956);
#12962=AXIS2_PLACEMENT_3D('',#19490,#15958,#15959);
#12963=AXIS2_PLACEMENT_3D('',#19491,#15960,#15961);
#12964=AXIS2_PLACEMENT_3D('',#19494,#15964,#15965);
#12965=AXIS2_PLACEMENT_3D('',#19496,#15967,#15968);
#12966=AXIS2_PLACEMENT_3D('',#19497,#15969,#15970);
#12967=AXIS2_PLACEMENT_3D('',#19499,#15972,#15973);
#12968=AXIS2_PLACEMENT_3D('',#19501,#15975,#15976);
#12969=AXIS2_PLACEMENT_3D('',#19502,#15977,#15978);
#12970=AXIS2_PLACEMENT_3D('',#19504,#15980,#15981);
#12971=AXIS2_PLACEMENT_3D('',#19506,#15983,#15984);
#12972=AXIS2_PLACEMENT_3D('',#19507,#15985,#15986);
#12973=AXIS2_PLACEMENT_3D('',#19509,#15988,#15989);
#12974=AXIS2_PLACEMENT_3D('',#19511,#15991,#15992);
#12975=AXIS2_PLACEMENT_3D('',#19512,#15993,#15994);
#12976=AXIS2_PLACEMENT_3D('',#19513,#15995,#15996);
#12977=AXIS2_PLACEMENT_3D('',#19515,#15998,#15999);
#12978=AXIS2_PLACEMENT_3D('',#19517,#16001,#16002);
#12979=AXIS2_PLACEMENT_3D('',#19518,#16003,#16004);
#12980=AXIS2_PLACEMENT_3D('',#19521,#16007,#16008);
#12981=AXIS2_PLACEMENT_3D('',#19522,#16009,#16010);
#12982=AXIS2_PLACEMENT_3D('',#19524,#16012,#16013);
#12983=AXIS2_PLACEMENT_3D('',#19526,#16015,#16016);
#12984=AXIS2_PLACEMENT_3D('',#19528,#16018,#16019);
#12985=AXIS2_PLACEMENT_3D('',#19529,#16020,#16021);
#12986=DIRECTION('axis',(0.,0.,1.));
#12987=DIRECTION('refdir',(1.,0.,0.));
#12988=DIRECTION('center_axis',(0.,1.,0.));
#12989=DIRECTION('ref_axis',(-1.,0.,0.));
#12990=DIRECTION('center_axis',(0.,-1.,0.));
#12991=DIRECTION('ref_axis',(-0.707106781186548,0.,0.707106781186548));
#12992=DIRECTION('',(-1.,0.,0.));
#12993=DIRECTION('',(0.,0.,-1.));
#12994=DIRECTION('',(-1.,0.,0.));
#12995=DIRECTION('',(0.,0.,1.));
#12996=DIRECTION('',(-1.,0.,0.));
#12997=DIRECTION('center_axis',(0.,-1.,0.));
#12998=DIRECTION('ref_axis',(0.707106781186549,0.,0.707106781186546));
#12999=DIRECTION('',(0.,0.,-1.));
#13000=DIRECTION('',(1.,0.,0.));
#13001=DIRECTION('',(0.,0.,-1.));
#13002=DIRECTION('',(0.,0.,1.));
#13003=DIRECTION('',(-1.,0.,0.));
#13004=DIRECTION('center_axis',(0.,1.,0.));
#13005=DIRECTION('ref_axis',(0.707106781186548,0.,-0.707106781186548));
#13006=DIRECTION('',(0.,0.,-1.));
#13007=DIRECTION('',(-1.,0.,0.));
#13008=DIRECTION('',(-1.,0.,0.));
#13009=DIRECTION('',(0.,0.,1.));
#13010=DIRECTION('center_axis',(0.,1.,0.));
#13011=DIRECTION('ref_axis',(-0.707106781186547,0.,-0.707106781186547));
#13012=DIRECTION('',(-1.,0.,0.));
#13013=DIRECTION('',(0.,0.,1.));
#13014=DIRECTION('',(-1.,0.,0.));
#13015=DIRECTION('',(0.,0.,-1.));
#13016=DIRECTION('',(-1.,0.,0.));
#13017=DIRECTION('',(0.,0.,1.));
#13018=DIRECTION('center_axis',(0.,0.,-1.));
#13019=DIRECTION('ref_axis',(-0.707106781186549,-0.707106781186546,0.));
#13020=DIRECTION('center_axis',(0.,0.,1.));
#13021=DIRECTION('ref_axis',(-0.707106781186549,-0.707106781186546,0.));
#13022=DIRECTION('center_axis',(0.,0.,-1.));
#13023=DIRECTION('ref_axis',(-0.707106781186546,0.707106781186549,0.));
#13024=DIRECTION('',(0.,0.,1.));
#13025=DIRECTION('center_axis',(0.,-1.,0.));
#13026=DIRECTION('ref_axis',(0.,0.,-1.));
#13027=DIRECTION('',(-1.,0.,0.));
#13028=DIRECTION('',(0.,0.,1.));
#13029=DIRECTION('center_axis',(0.,1.,0.));
#13030=DIRECTION('ref_axis',(0.707106781186546,0.,-0.707106781186549));
#13031=DIRECTION('center_axis',(0.,-1.,0.));
#13032=DIRECTION('ref_axis',(0.,0.,-1.));
#13033=DIRECTION('',(-1.,0.,0.));
#13034=DIRECTION('center_axis',(0.,1.,0.));
#13035=DIRECTION('ref_axis',(-0.707106781186549,0.,-0.707106781186546));
#13036=DIRECTION('',(0.,0.,1.));
#13037=DIRECTION('center_axis',(0.,1.,0.));
#13038=DIRECTION('ref_axis',(-0.707106781186549,0.,0.707106781186546));
#13039=DIRECTION('',(-1.,0.,0.));
#13040=DIRECTION('center_axis',(0.,1.,0.));
#13041=DIRECTION('ref_axis',(0.707106781186549,0.,0.707106781186546));
#13042=DIRECTION('',(0.,0.,-1.));
#13043=DIRECTION('center_axis',(0.,1.,0.));
#13044=DIRECTION('ref_axis',(0.707106781186546,0.,-0.707106781186549));
#13045=DIRECTION('center_axis',(0.,0.,1.));
#13046=DIRECTION('ref_axis',(0.707106781186549,-0.707106781186546,0.));
#13047=DIRECTION('center_axis',(0.,0.,1.));
#13048=DIRECTION('ref_axis',(0.707106781186549,0.707106781186546,0.));
#13049=DIRECTION('',(0.,0.,-1.));
#13050=DIRECTION('center_axis',(0.,0.,-1.));
#13051=DIRECTION('ref_axis',(0.707106781186549,-0.707106781186546,0.));
#13052=DIRECTION('center_axis',(0.,-1.,0.));
#13053=DIRECTION('ref_axis',(0.,0.,-1.));
#13054=DIRECTION('center_axis',(0.,1.,0.));
#13055=DIRECTION('ref_axis',(-0.707106781186549,0.,-0.707106781186546));
#13056=DIRECTION('',(0.,0.,1.));
#13057=DIRECTION('center_axis',(0.,1.,0.));
#13058=DIRECTION('ref_axis',(-0.707106781186549,0.,0.707106781186546));
#13059=DIRECTION('',(-1.,0.,0.));
#13060=DIRECTION('',(0.,0.,1.));
#13061=DIRECTION('',(1.,0.,0.));
#13062=DIRECTION('',(0.,0.,-1.));
#13063=DIRECTION('',(-1.,0.,0.));
#13064=DIRECTION('center_axis',(0.,1.,0.));
#13065=DIRECTION('ref_axis',(0.,0.,1.));
#13066=DIRECTION('',(0.,0.,1.));
#13067=DIRECTION('',(1.,0.,0.));
#13068=DIRECTION('',(0.,0.,1.));
#13069=DIRECTION('',(-1.,0.,0.));
#13070=DIRECTION('',(0.,0.,-1.));
#13071=DIRECTION('',(1.,0.,0.));
#13072=DIRECTION('center_axis',(0.,-1.,0.));
#13073=DIRECTION('ref_axis',(-0.707106781186549,0.,0.707106781186546));
#13074=DIRECTION('',(0.,0.,-1.));
#13075=DIRECTION('center_axis',(0.,-1.,0.));
#13076=DIRECTION('ref_axis',(-0.707106781186549,0.,-0.707106781186546));
#13077=DIRECTION('center_axis',(0.,1.,0.));
#13078=DIRECTION('ref_axis',(0.,0.,1.));
#13079=DIRECTION('',(1.,0.,0.));
#13080=DIRECTION('center_axis',(0.,-1.,0.));
#13081=DIRECTION('ref_axis',(0.707106781186546,0.,-0.707106781186549));
#13082=DIRECTION('',(0.,0.,1.));
#13083=DIRECTION('center_axis',(0.,-1.,0.));
#13084=DIRECTION('ref_axis',(0.707106781186549,0.,0.707106781186546));
#13085=DIRECTION('',(1.,0.,0.));
#13086=DIRECTION('center_axis',(0.,-1.,0.));
#13087=DIRECTION('ref_axis',(-0.707106781186549,0.,0.707106781186546));
#13088=DIRECTION('',(0.,0.,-1.));
#13089=DIRECTION('center_axis',(0.,-1.,0.));
#13090=DIRECTION('ref_axis',(-0.707106781186549,0.,-0.707106781186546));
#13091=DIRECTION('center_axis',(0.,0.,-1.));
#13092=DIRECTION('ref_axis',(0.707106781186546,-0.707106781186549,0.));
#13093=DIRECTION('center_axis',(0.,0.,1.));
#13094=DIRECTION('ref_axis',(0.707106781186546,0.707106781186549,0.));
#13095=DIRECTION('',(0.,0.,-1.));
#13096=DIRECTION('center_axis',(0.,0.,-1.));
#13097=DIRECTION('ref_axis',(0.707106781186546,-0.707106781186549,0.));
#13098=DIRECTION('center_axis',(0.,1.,0.));
#13099=DIRECTION('ref_axis',(0.,0.,-1.));
#13100=DIRECTION('',(-1.,0.,0.));
#13101=DIRECTION('center_axis',(0.,1.,0.));
#13102=DIRECTION('ref_axis',(-0.707106781186549,0.,-0.707106781186546));
#13103=DIRECTION('',(0.,0.,1.));
#13104=DIRECTION('center_axis',(0.,1.,0.));
#13105=DIRECTION('ref_axis',(-0.707106781186549,0.,0.707106781186546));
#13106=DIRECTION('',(-1.,0.,0.));
#13107=DIRECTION('center_axis',(0.,1.,0.));
#13108=DIRECTION('ref_axis',(0.707106781186549,0.,0.707106781186546));
#13109=DIRECTION('',(0.,0.,-1.));
#13110=DIRECTION('center_axis',(0.,1.,0.));
#13111=DIRECTION('ref_axis',(0.707106781186546,0.,-0.707106781186549));
#13112=DIRECTION('center_axis',(0.,1.,0.));
#13113=DIRECTION('ref_axis',(0.,0.,-1.));
#13114=DIRECTION('center_axis',(0.,1.,0.));
#13115=DIRECTION('ref_axis',(-0.707106781186549,0.,-0.707106781186546));
#13116=DIRECTION('',(0.,0.,1.));
#13117=DIRECTION('center_axis',(0.,1.,0.));
#13118=DIRECTION('ref_axis',(-0.707106781186549,0.,0.707106781186546));
#13119=DIRECTION('',(-1.,0.,0.));
#13120=DIRECTION('',(0.,0.,-1.));
#13121=DIRECTION('',(1.,0.,0.));
#13122=DIRECTION('',(0.,0.,1.));
#13123=DIRECTION('',(1.,0.,0.));
#13124=DIRECTION('center_axis',(0.,1.,0.));
#13125=DIRECTION('ref_axis',(0.707106781186548,0.,0.707106781186548));
#13126=DIRECTION('',(0.,0.,-1.));
#13127=DIRECTION('center_axis',(0.,1.,0.));
#13128=DIRECTION('ref_axis',(0.707106781186546,0.,-0.707106781186549));
#13129=DIRECTION('',(-1.,0.,0.));
#13130=DIRECTION('',(0.,0.,1.));
#13131=DIRECTION('',(-1.,0.,0.));
#13132=DIRECTION('',(0.,0.,-1.));
#13133=DIRECTION('',(-1.,0.,0.));
#13134=DIRECTION('',(0.,0.,1.));
#13135=DIRECTION('',(-1.,0.,0.));
#13136=DIRECTION('center_axis',(0.,1.,0.));
#13137=DIRECTION('ref_axis',(0.,0.,1.));
#13138=DIRECTION('',(0.,0.,-1.));
#13139=DIRECTION('center_axis',(0.,-1.,0.));
#13140=DIRECTION('ref_axis',(0.707106781186546,0.,-0.707106781186549));
#13141=DIRECTION('',(0.,0.,-1.));
#13142=DIRECTION('',(1.,0.,0.));
#13143=DIRECTION('center_axis',(0.,0.,-1.));
#13144=DIRECTION('ref_axis',(-0.707106781186546,-0.707106781186549,0.));
#13145=DIRECTION('center_axis',(0.,0.,1.));
#13146=DIRECTION('ref_axis',(-0.707106781186546,-0.707106781186549,0.));
#13147=DIRECTION('center_axis',(0.,0.,-1.));
#13148=DIRECTION('ref_axis',(-0.707106781186546,0.707106781186549,0.));
#13149=DIRECTION('',(0.,0.,1.));
#13150=DIRECTION('center_axis',(0.,1.,0.));
#13151=DIRECTION('ref_axis',(0.,0.,-1.));
#13152=DIRECTION('',(-1.,0.,0.));
#13153=DIRECTION('',(0.,0.,1.));
#13154=DIRECTION('center_axis',(0.,1.,0.));
#13155=DIRECTION('ref_axis',(0.707106781186546,0.,-0.707106781186549));
#13156=DIRECTION('center_axis',(0.,0.,1.));
#13157=DIRECTION('ref_axis',(-0.707106781186548,0.707106781186547,0.));
#13158=DIRECTION('center_axis',(0.,0.,1.));
#13159=DIRECTION('ref_axis',(-0.707106781186548,-0.707106781186547,0.));
#13160=DIRECTION('',(0.,0.,-1.));
#13161=DIRECTION('center_axis',(0.,0.,-1.));
#13162=DIRECTION('ref_axis',(-0.707106781186548,0.707106781186547,0.));
#13163=DIRECTION('',(0.,0.,1.));
#13164=DIRECTION('center_axis',(0.,1.,0.));
#13165=DIRECTION('ref_axis',(0.,0.,1.));
#13166=DIRECTION('center_axis',(0.,-1.,0.));
#13167=DIRECTION('ref_axis',(0.707106781186546,0.,-0.707106781186549));
#13168=DIRECTION('',(0.,0.,-1.));
#13169=DIRECTION('',(1.,0.,0.));
#13170=DIRECTION('center_axis',(0.,-1.,0.));
#13171=DIRECTION('ref_axis',(0.,0.,-1.));
#13172=DIRECTION('',(0.,0.,1.));
#13173=DIRECTION('',(-1.,0.,0.));
#13174=DIRECTION('',(0.,0.,1.));
#13175=DIRECTION('center_axis',(0.,1.,0.));
#13176=DIRECTION('ref_axis',(0.707106781186546,0.,-0.707106781186549));
#13177=DIRECTION('center_axis',(0.,-1.,0.));
#13178=DIRECTION('ref_axis',(0.,0.,-1.));
#13179=DIRECTION('',(-1.,0.,0.));
#13180=DIRECTION('center_axis',(0.,1.,0.));
#13181=DIRECTION('ref_axis',(-0.707106781186549,0.,-0.707106781186546));
#13182=DIRECTION('',(0.,0.,1.));
#13183=DIRECTION('center_axis',(0.,1.,0.));
#13184=DIRECTION('ref_axis',(-0.707106781186549,0.,0.707106781186546));
#13185=DIRECTION('',(-1.,0.,0.));
#13186=DIRECTION('center_axis',(0.,1.,0.));
#13187=DIRECTION('ref_axis',(0.707106781186549,0.,0.707106781186546));
#13188=DIRECTION('',(0.,0.,-1.));
#13189=DIRECTION('center_axis',(0.,1.,0.));
#13190=DIRECTION('ref_axis',(0.707106781186546,0.,-0.707106781186549));
#13191=DIRECTION('center_axis',(0.,0.,-1.));
#13192=DIRECTION('ref_axis',(-0.707106781186548,0.707106781186547,0.));
#13193=DIRECTION('center_axis',(0.,0.,1.));
#13194=DIRECTION('ref_axis',(-0.707106781186548,-0.707106781186547,0.));
#13195=DIRECTION('',(0.,0.,-1.));
#13196=DIRECTION('center_axis',(0.,0.,-1.));
#13197=DIRECTION('ref_axis',(-0.707106781186548,0.707106781186547,0.));
#13198=DIRECTION('center_axis',(0.,-1.,0.));
#13199=DIRECTION('ref_axis',(0.,0.,1.));
#13200=DIRECTION('',(1.,0.,0.));
#13201=DIRECTION('center_axis',(0.,-1.,0.));
#13202=DIRECTION('ref_axis',(0.707106781186546,0.,-0.707106781186549));
#13203=DIRECTION('',(0.,0.,1.));
#13204=DIRECTION('center_axis',(0.,-1.,0.));
#13205=DIRECTION('ref_axis',(0.707106781186549,0.,0.707106781186546));
#13206=DIRECTION('',(-1.,0.,0.));
#13207=DIRECTION('center_axis',(0.,-1.,0.));
#13208=DIRECTION('ref_axis',(-0.707106781186549,0.,0.707106781186546));
#13209=DIRECTION('',(0.,0.,-1.));
#13210=DIRECTION('center_axis',(0.,-1.,0.));
#13211=DIRECTION('ref_axis',(-0.707106781186549,0.,-0.707106781186546));
#13212=DIRECTION('center_axis',(0.,-1.,0.));
#13213=DIRECTION('ref_axis',(0.,0.,1.));
#13214=DIRECTION('center_axis',(0.,-1.,0.));
#13215=DIRECTION('ref_axis',(0.707106781186546,0.,-0.707106781186549));
#13216=DIRECTION('',(0.,0.,1.));
#13217=DIRECTION('',(1.,0.,0.));
#13218=DIRECTION('center_axis',(0.,-1.,0.));
#13219=DIRECTION('ref_axis',(0.,0.,1.));
#13220=DIRECTION('',(0.,0.,1.));
#13221=DIRECTION('',(1.,0.,0.));
#13222=DIRECTION('',(0.,0.,1.));
#13223=DIRECTION('',(-1.,0.,0.));
#13224=DIRECTION('',(0.,0.,1.));
#13225=DIRECTION('',(1.,0.,0.));
#13226=DIRECTION('',(0.,0.,-1.));
#13227=DIRECTION('',(1.,0.,0.));
#13228=DIRECTION('center_axis',(0.,-1.,0.));
#13229=DIRECTION('ref_axis',(0.707106781186546,0.,-0.707106781186549));
#13230=DIRECTION('',(0.,0.,1.));
#13231=DIRECTION('center_axis',(0.,-1.,0.));
#13232=DIRECTION('ref_axis',(0.707106781186548,0.,0.707106781186548));
#13233=DIRECTION('',(1.,0.,0.));
#13234=DIRECTION('',(0.,0.,-1.));
#13235=DIRECTION('',(-1.,0.,0.));
#13236=DIRECTION('',(0.,0.,1.));
#13237=DIRECTION('',(-1.,0.,0.));
#13238=DIRECTION('center_axis',(0.,-1.,0.));
#13239=DIRECTION('ref_axis',(-0.707106781186549,0.,0.707106781186546));
#13240=DIRECTION('',(0.,0.,-1.));
#13241=DIRECTION('center_axis',(0.,-1.,0.));
#13242=DIRECTION('ref_axis',(-0.707106781186549,0.,-0.707106781186546));
#13243=DIRECTION('center_axis',(0.,0.,1.));
#13244=DIRECTION('ref_axis',(0.707106781186548,-0.707106781186547,0.));
#13245=DIRECTION('center_axis',(0.,0.,1.));
#13246=DIRECTION('ref_axis',(0.707106781186548,0.707106781186548,0.));
#13247=DIRECTION('',(0.,0.,-1.));
#13248=DIRECTION('center_axis',(0.,0.,-1.));
#13249=DIRECTION('ref_axis',(0.707106781186548,-0.707106781186547,0.));
#13250=DIRECTION('center_axis',(0.,-1.,0.));
#13251=DIRECTION('ref_axis',(0.,0.,-1.));
#13252=DIRECTION('center_axis',(0.,1.,0.));
#13253=DIRECTION('ref_axis',(-0.707106781186549,0.,-0.707106781186546));
#13254=DIRECTION('',(0.,0.,1.));
#13255=DIRECTION('center_axis',(0.,1.,0.));
#13256=DIRECTION('ref_axis',(-0.707106781186549,0.,0.707106781186546));
#13257=DIRECTION('',(-1.,0.,0.));
#13258=DIRECTION('',(0.,0.,1.));
#13259=DIRECTION('',(1.,0.,0.));
#13260=DIRECTION('',(0.,0.,-1.));
#13261=DIRECTION('',(-1.,0.,0.));
#13262=DIRECTION('center_axis',(0.,1.,0.));
#13263=DIRECTION('ref_axis',(0.,0.,1.));
#13264=DIRECTION('',(0.,0.,1.));
#13265=DIRECTION('',(1.,0.,0.));
#13266=DIRECTION('',(0.,0.,1.));
#13267=DIRECTION('',(-1.,0.,0.));
#13268=DIRECTION('',(0.,0.,-1.));
#13269=DIRECTION('',(1.,0.,0.));
#13270=DIRECTION('center_axis',(0.,-1.,0.));
#13271=DIRECTION('ref_axis',(-0.707106781186549,0.,0.707106781186546));
#13272=DIRECTION('',(0.,0.,-1.));
#13273=DIRECTION('center_axis',(0.,-1.,0.));
#13274=DIRECTION('ref_axis',(-0.707106781186549,0.,-0.707106781186546));
#13275=DIRECTION('center_axis',(0.,1.,0.));
#13276=DIRECTION('ref_axis',(0.,0.,1.));
#13277=DIRECTION('',(1.,0.,0.));
#13278=DIRECTION('center_axis',(0.,-1.,0.));
#13279=DIRECTION('ref_axis',(0.707106781186546,0.,-0.707106781186549));
#13280=DIRECTION('',(0.,0.,1.));
#13281=DIRECTION('center_axis',(0.,-1.,0.));
#13282=DIRECTION('ref_axis',(0.707106781186549,0.,0.707106781186546));
#13283=DIRECTION('',(1.,0.,0.));
#13284=DIRECTION('center_axis',(0.,-1.,0.));
#13285=DIRECTION('ref_axis',(-0.707106781186549,0.,0.707106781186546));
#13286=DIRECTION('',(0.,0.,-1.));
#13287=DIRECTION('center_axis',(0.,-1.,0.));
#13288=DIRECTION('ref_axis',(-0.707106781186549,0.,-0.707106781186546));
#13289=DIRECTION('center_axis',(0.,0.,-1.));
#13290=DIRECTION('ref_axis',(0.707106781186548,-0.707106781186547,0.));
#13291=DIRECTION('center_axis',(0.,0.,-1.));
#13292=DIRECTION('ref_axis',(0.707106781186548,-0.707106781186547,0.));
#13293=DIRECTION('center_axis',(0.,0.,1.));
#13294=DIRECTION('ref_axis',(0.707106781186548,0.707106781186547,0.));
#13295=DIRECTION('',(0.,0.,-1.));
#13296=DIRECTION('center_axis',(1.10053139679271E-33,-1.,0.));
#13297=DIRECTION('ref_axis',(1.,1.10053139679271E-33,0.));
#13298=DIRECTION('center_axis',(-1.10053139679271E-33,1.,0.));
#13299=DIRECTION('ref_axis',(-0.707106781186548,0.,0.707106781186548));
#13300=DIRECTION('',(0.,0.,-1.));
#13301=DIRECTION('',(-1.,0.,0.));
#13302=DIRECTION('',(0.,0.,-1.));
#13303=DIRECTION('center_axis',(-1.10053139679271E-33,1.,0.));
#13304=DIRECTION('ref_axis',(0.707106781186549,0.,0.707106781186546));
#13305=DIRECTION('',(-1.,0.,0.));
#13306=DIRECTION('',(0.,0.,-1.));
#13307=DIRECTION('',(1.,1.10053139679271E-33,0.));
#13308=DIRECTION('',(0.,0.,1.));
#13309=DIRECTION('',(1.,0.,0.));
#13310=DIRECTION('',(1.,1.10053139679271E-33,0.));
#13311=DIRECTION('',(-1.,0.,0.));
#13312=DIRECTION('',(0.,0.,1.));
#13313=DIRECTION('',(1.,1.10053139679271E-33,0.));
#13314=DIRECTION('center_axis',(1.10053139679271E-33,-1.,0.));
#13315=DIRECTION('ref_axis',(-0.707106781186547,-7.78193213580825E-34,-0.707106781186547));
#13316=DIRECTION('',(0.,0.,-1.));
#13317=DIRECTION('',(-1.,0.,0.));
#13318=DIRECTION('',(-1.,0.,0.));
#13319=DIRECTION('',(0.,0.,1.));
#13320=DIRECTION('center_axis',(1.10053139679271E-33,-1.,0.));
#13321=DIRECTION('ref_axis',(0.707106781186548,7.78193213580825E-34,-0.707106781186548));
#13322=DIRECTION('',(1.,1.10053139679271E-33,0.));
#13323=DIRECTION('',(0.,0.,-1.));
#13324=DIRECTION('center_axis',(0.,0.,-1.));
#13325=DIRECTION('ref_axis',(0.707106781186548,0.707106781186547,0.));
#13326=DIRECTION('center_axis',(0.,0.,1.));
#13327=DIRECTION('ref_axis',(0.707106781186548,0.707106781186547,0.));
#13328=DIRECTION('center_axis',(0.,0.,-1.));
#13329=DIRECTION('ref_axis',(0.707106781186548,-0.707106781186547,0.));
#13330=DIRECTION('',(0.,0.,1.));
#13331=DIRECTION('center_axis',(0.,1.,0.));
#13332=DIRECTION('ref_axis',(0.,0.,1.));
#13333=DIRECTION('',(1.,0.,0.));
#13334=DIRECTION('',(0.,0.,1.));
#13335=DIRECTION('center_axis',(0.,-1.,0.));
#13336=DIRECTION('ref_axis',(-0.707106781186548,0.,-0.707106781186548));
#13337=DIRECTION('center_axis',(0.,1.,0.));
#13338=DIRECTION('ref_axis',(0.,0.,1.));
#13339=DIRECTION('',(-1.,0.,0.));
#13340=DIRECTION('center_axis',(0.,-1.,0.));
#13341=DIRECTION('ref_axis',(0.707106781186546,0.,-0.707106781186549));
#13342=DIRECTION('',(0.,0.,1.));
#13343=DIRECTION('center_axis',(0.,-1.,0.));
#13344=DIRECTION('ref_axis',(0.707106781186548,0.,0.707106781186548));
#13345=DIRECTION('',(1.,0.,0.));
#13346=DIRECTION('',(5.49615358725325E-18,5.44382062593036E-51,-1.));
#13347=DIRECTION('center_axis',(0.,-1.,0.));
#13348=DIRECTION('ref_axis',(0.,0.,1.));
#13349=DIRECTION('',(0.,0.,1.));
#13350=DIRECTION('',(1.,-1.42547451204917E-49,0.));
#13351=DIRECTION('',(0.,0.,1.));
#13352=DIRECTION('center_axis',(0.,-1.,0.));
#13353=DIRECTION('ref_axis',(-0.707106781186548,0.,-0.707106781186548));
#13354=DIRECTION('center_axis',(0.,0.,1.));
#13355=DIRECTION('ref_axis',(0.707106781186548,-0.707106781186547,0.));
#13356=DIRECTION('center_axis',(0.,0.,1.));
#13357=DIRECTION('ref_axis',(0.707106781186548,0.707106781186547,0.));
#13358=DIRECTION('',(0.,0.,-1.));
#13359=DIRECTION('center_axis',(0.,0.,-1.));
#13360=DIRECTION('ref_axis',(0.707106781186548,-0.707106781186547,0.));
#13361=DIRECTION('center_axis',(0.,-1.,0.));
#13362=DIRECTION('ref_axis',(0.,0.,-1.));
#13363=DIRECTION('center_axis',(0.,1.,0.));
#13364=DIRECTION('ref_axis',(-0.707106781186548,0.,-0.707106781186548));
#13365=DIRECTION('',(0.,0.,-1.));
#13366=DIRECTION('',(-1.,0.,0.));
#13367=DIRECTION('center_axis',(0.,0.,1.));
#13368=DIRECTION('ref_axis',(0.707106781186549,-0.707106781186546,0.));
#13369=DIRECTION('center_axis',(0.,0.,1.));
#13370=DIRECTION('ref_axis',(0.707106781186549,-0.707106781186546,0.));
#13371=DIRECTION('',(0.,0.,-1.));
#13372=DIRECTION('center_axis',(0.,0.,-1.));
#13373=DIRECTION('ref_axis',(0.707106781186549,-0.707106781186546,0.));
#13374=DIRECTION('',(0.,0.,1.));
#13375=DIRECTION('center_axis',(0.,-1.,0.));
#13376=DIRECTION('ref_axis',(0.,0.,-1.));
#13377=DIRECTION('center_axis',(0.,1.,0.));
#13378=DIRECTION('ref_axis',(-0.707106781186548,0.,-0.707106781186548));
#13379=DIRECTION('',(0.,0.,-1.));
#13380=DIRECTION('',(-1.,0.,0.));
#13381=DIRECTION('center_axis',(0.,-1.,0.));
#13382=DIRECTION('ref_axis',(0.,0.,-1.));
#13383=DIRECTION('',(-1.,0.,0.));
#13384=DIRECTION('',(0.,0.,-1.));
#13385=DIRECTION('',(-1.,0.,0.));
#13386=DIRECTION('center_axis',(0.,1.,0.));
#13387=DIRECTION('ref_axis',(0.707106781186548,0.,0.707106781186548));
#13388=DIRECTION('',(0.,0.,-1.));
#13389=DIRECTION('center_axis',(0.,1.,0.));
#13390=DIRECTION('ref_axis',(0.707106781186546,0.,-0.707106781186549));
#13391=DIRECTION('center_axis',(1.,0.,0.));
#13392=DIRECTION('ref_axis',(0.,0.,1.));
#13393=DIRECTION('',(0.,-1.,0.));
#13394=DIRECTION('center_axis',(1.,0.,0.));
#13395=DIRECTION('ref_axis',(0.,0.70710678118654,0.707106781186555));
#13396=DIRECTION('',(0.,-1.,0.));
#13397=DIRECTION('center_axis',(0.,1.,0.));
#13398=DIRECTION('ref_axis',(0.,0.,1.));
#13399=DIRECTION('',(0.,0.,1.));
#13400=DIRECTION('',(1.,0.,0.));
#13401=DIRECTION('',(0.,0.,1.));
#13402=DIRECTION('center_axis',(0.,-1.,0.));
#13403=DIRECTION('ref_axis',(-0.707106781186548,0.,-0.707106781186548));
#13404=DIRECTION('center_axis',(0.,1.,0.));
#13405=DIRECTION('ref_axis',(0.,0.,1.));
#13406=DIRECTION('',(-1.,0.,0.));
#13407=DIRECTION('center_axis',(0.,-1.,0.));
#13408=DIRECTION('ref_axis',(0.707106781186546,0.,-0.707106781186549));
#13409=DIRECTION('',(0.,0.,1.));
#13410=DIRECTION('center_axis',(0.,-1.,0.));
#13411=DIRECTION('ref_axis',(0.707106781186548,0.,0.707106781186548));
#13412=DIRECTION('',(1.,0.,0.));
#13413=DIRECTION('',(5.49615358725325E-18,5.44382062593036E-51,-1.));
#13414=DIRECTION('center_axis',(0.,0.,1.));
#13415=DIRECTION('ref_axis',(0.707106781186546,-0.707106781186549,0.));
#13416=DIRECTION('center_axis',(0.,0.,1.));
#13417=DIRECTION('ref_axis',(0.707106781186546,0.707106781186549,0.));
#13418=DIRECTION('',(0.,0.,-1.));
#13419=DIRECTION('center_axis',(0.,0.,-1.));
#13420=DIRECTION('ref_axis',(0.707106781186546,-0.707106781186549,0.));
#13421=DIRECTION('center_axis',(0.,1.,0.));
#13422=DIRECTION('ref_axis',(0.,0.,-1.));
#13423=DIRECTION('center_axis',(0.,1.,0.));
#13424=DIRECTION('ref_axis',(-0.707106781186548,0.,-0.707106781186548));
#13425=DIRECTION('',(0.,0.,1.));
#13426=DIRECTION('',(-1.,1.42547451204917E-49,0.));
#13427=DIRECTION('center_axis',(0.,1.,0.));
#13428=DIRECTION('ref_axis',(-0.707106781186548,0.,-0.707106781186548));
#13429=DIRECTION('',(0.,1.,0.));
#13430=DIRECTION('',(0.,-1.,0.));
#13431=DIRECTION('center_axis',(-1.,0.,0.));
#13432=DIRECTION('ref_axis',(0.,1.,0.));
#13433=DIRECTION('',(0.,-1.,0.));
#13434=DIRECTION('',(0.,1.,0.));
#13435=DIRECTION('',(0.,1.,0.));
#13436=DIRECTION('',(0.,1.,0.));
#13437=DIRECTION('',(0.,1.,0.));
#13438=DIRECTION('',(0.,1.,0.));
#13439=DIRECTION('',(0.,1.,0.));
#13440=DIRECTION('center_axis',(0.,1.,0.));
#13441=DIRECTION('ref_axis',(0.707106781186548,0.,0.707106781186548));
#13442=DIRECTION('',(0.,1.,0.));
#13443=DIRECTION('',(0.,-1.,0.));
#13444=DIRECTION('center_axis',(1.,0.,0.));
#13445=DIRECTION('ref_axis',(0.,0.,-1.));
#13446=DIRECTION('',(0.,-1.,0.));
#13447=DIRECTION('center_axis',(0.,1.,0.));
#13448=DIRECTION('ref_axis',(0.707106781186546,0.,-0.707106781186549));
#13449=DIRECTION('',(0.,1.,0.));
#13450=DIRECTION('center_axis',(0.,1.,0.));
#13451=DIRECTION('ref_axis',(0.707106781186546,0.,-0.707106781186549));
#13452=DIRECTION('',(0.,-1.,0.));
#13453=DIRECTION('',(0.,1.,0.));
#13454=DIRECTION('center_axis',(0.,1.,0.));
#13455=DIRECTION('ref_axis',(-0.707106781186548,0.,-0.707106781186548));
#13456=DIRECTION('',(0.,-1.,0.));
#13457=DIRECTION('center_axis',(0.,1.,0.));
#13458=DIRECTION('ref_axis',(0.707106781186548,0.,0.707106781186548));
#13459=DIRECTION('',(0.,1.,0.));
#13460=DIRECTION('',(0.,-1.,0.));
#13461=DIRECTION('center_axis',(1.,0.,0.));
#13462=DIRECTION('ref_axis',(0.,0.,-1.));
#13463=DIRECTION('center_axis',(0.,1.,0.));
#13464=DIRECTION('ref_axis',(-0.707106781186549,0.,-0.707106781186546));
#13465=DIRECTION('',(0.,-1.,0.));
#13466=DIRECTION('',(0.,1.,0.));
#13467=DIRECTION('center_axis',(-1.,0.,0.));
#13468=DIRECTION('ref_axis',(0.,0.,1.));
#13469=DIRECTION('',(0.,-1.,0.));
#13470=DIRECTION('center_axis',(0.,1.,0.));
#13471=DIRECTION('ref_axis',(-0.707106781186549,0.,0.707106781186546));
#13472=DIRECTION('',(0.,1.,0.));
#13473=DIRECTION('center_axis',(0.,0.,1.));
#13474=DIRECTION('ref_axis',(1.,0.,0.));
#13475=DIRECTION('',(0.,1.,0.));
#13476=DIRECTION('center_axis',(0.,0.,1.));
#13477=DIRECTION('ref_axis',(0.707106781186555,-0.70710678118654,0.));
#13478=DIRECTION('',(0.,1.,0.));
#13479=DIRECTION('center_axis',(0.,0.,1.));
#13480=DIRECTION('ref_axis',(0.707106781186546,0.707106781186549,0.));
#13481=DIRECTION('',(0.,1.,0.));
#13482=DIRECTION('',(0.,1.,0.));
#13483=DIRECTION('',(0.,1.,0.));
#13484=DIRECTION('center_axis',(0.,0.,1.));
#13485=DIRECTION('ref_axis',(0.707106781186548,-0.707106781186547,0.));
#13486=DIRECTION('',(0.,-1.,0.));
#13487=DIRECTION('center_axis',(0.,0.,1.));
#13488=DIRECTION('ref_axis',(0.707106781186555,0.70710678118654,0.));
#13489=DIRECTION('',(0.,1.,0.));
#13490=DIRECTION('',(0.,1.,0.));
#13491=DIRECTION('',(0.,-1.,0.));
#13492=DIRECTION('',(0.,1.,0.));
#13493=DIRECTION('',(0.,-1.,0.));
#13494=DIRECTION('',(0.,1.,0.));
#13495=DIRECTION('',(0.,-1.,0.));
#13496=DIRECTION('center_axis',(0.,1.,0.));
#13497=DIRECTION('ref_axis',(0.707106781186549,0.,0.707106781186546));
#13498=DIRECTION('',(0.,1.,0.));
#13499=DIRECTION('center_axis',(1.,0.,0.));
#13500=DIRECTION('ref_axis',(0.,0.,-1.));
#13501=DIRECTION('',(0.,-1.,0.));
#13502=DIRECTION('center_axis',(0.,1.,0.));
#13503=DIRECTION('ref_axis',(0.707106781186546,0.,-0.707106781186549));
#13504=DIRECTION('',(0.,1.,0.));
#13505=DIRECTION('center_axis',(0.,1.,0.));
#13506=DIRECTION('ref_axis',(-0.707106781186549,0.,-0.707106781186546));
#13507=DIRECTION('',(0.,-1.,0.));
#13508=DIRECTION('',(0.,1.,0.));
#13509=DIRECTION('center_axis',(-1.,0.,0.));
#13510=DIRECTION('ref_axis',(0.,0.,1.));
#13511=DIRECTION('',(0.,-1.,0.));
#13512=DIRECTION('center_axis',(0.,1.,0.));
#13513=DIRECTION('ref_axis',(-0.707106781186549,0.,0.707106781186546));
#13514=DIRECTION('center_axis',(0.,1.,0.));
#13515=DIRECTION('ref_axis',(0.707106781186546,0.,-0.707106781186549));
#13516=DIRECTION('',(0.,1.,0.));
#13517=DIRECTION('',(0.,-1.,0.));
#13518=DIRECTION('center_axis',(0.,0.,-1.));
#13519=DIRECTION('ref_axis',(-1.,0.,0.));
#13520=DIRECTION('',(0.,1.,0.));
#13521=DIRECTION('',(0.,1.,0.));
#13522=DIRECTION('',(0.,-1.,0.));
#13523=DIRECTION('',(0.,-1.,0.));
#13524=DIRECTION('',(0.,1.,0.));
#13525=DIRECTION('',(0.,-1.,0.));
#13526=DIRECTION('',(0.,-1.,0.));
#13527=DIRECTION('',(0.,1.,0.));
#13528=DIRECTION('center_axis',(0.,1.,0.));
#13529=DIRECTION('ref_axis',(-0.707106781186549,0.,-0.707106781186546));
#13530=DIRECTION('',(0.,1.,0.));
#13531=DIRECTION('center_axis',(-1.,0.,0.));
#13532=DIRECTION('ref_axis',(0.,0.,1.));
#13533=DIRECTION('',(0.,-1.,0.));
#13534=DIRECTION('center_axis',(0.,1.,0.));
#13535=DIRECTION('ref_axis',(0.707106781186546,0.,-0.707106781186549));
#13536=DIRECTION('',(0.,-1.,0.));
#13537=DIRECTION('center_axis',(0.,1.,0.));
#13538=DIRECTION('ref_axis',(-0.707106781186549,0.,0.707106781186546));
#13539=DIRECTION('center_axis',(0.,1.,0.));
#13540=DIRECTION('ref_axis',(-0.707106781186549,0.,-0.707106781186546));
#13541=DIRECTION('',(0.,1.,0.));
#13542=DIRECTION('center_axis',(-1.,0.,0.));
#13543=DIRECTION('ref_axis',(0.,0.,1.));
#13544=DIRECTION('',(0.,-1.,0.));
#13545=DIRECTION('center_axis',(0.,1.,0.));
#13546=DIRECTION('ref_axis',(0.707106781186546,0.,-0.707106781186549));
#13547=DIRECTION('',(0.,-1.,0.));
#13548=DIRECTION('center_axis',(0.,1.,0.));
#13549=DIRECTION('ref_axis',(0.707106781186549,0.,0.707106781186546));
#13550=DIRECTION('',(0.,1.,0.));
#13551=DIRECTION('center_axis',(1.,0.,0.));
#13552=DIRECTION('ref_axis',(0.,0.,-1.));
#13553=DIRECTION('center_axis',(0.,1.,0.));
#13554=DIRECTION('ref_axis',(-0.707106781186549,0.,0.707106781186546));
#13555=DIRECTION('center_axis',(0.,1.,0.));
#13556=DIRECTION('ref_axis',(-0.707106781186548,0.,-0.707106781186548));
#13557=DIRECTION('',(0.,-1.,0.));
#13558=DIRECTION('center_axis',(0.,-1.,0.));
#13559=DIRECTION('ref_axis',(-0.707106781186548,0.,0.707106781186548));
#13560=DIRECTION('',(0.,1.,0.));
#13561=DIRECTION('center_axis',(0.,1.,0.));
#13562=DIRECTION('ref_axis',(0.707106781186548,0.,0.707106781186548));
#13563=DIRECTION('',(0.,1.,0.));
#13564=DIRECTION('center_axis',(0.,1.,0.));
#13565=DIRECTION('ref_axis',(0.707106781186548,0.,0.707106781186548));
#13566=DIRECTION('',(0.,-1.,0.));
#13567=DIRECTION('center_axis',(1.,0.,0.));
#13568=DIRECTION('ref_axis',(0.,0.,-1.));
#13569=DIRECTION('',(0.,-1.,0.));
#13570=DIRECTION('',(0.,0.,-1.));
#13571=DIRECTION('center_axis',(0.,1.,0.));
#13572=DIRECTION('ref_axis',(0.707106781186546,0.,-0.707106781186549));
#13573=DIRECTION('center_axis',(0.,1.,0.));
#13574=DIRECTION('ref_axis',(0.707106781186546,0.,-0.707106781186549));
#13575=DIRECTION('',(0.,1.,0.));
#13576=DIRECTION('center_axis',(0.,1.,0.));
#13577=DIRECTION('ref_axis',(-0.707106781186549,0.,-0.707106781186546));
#13578=DIRECTION('',(0.,1.,0.));
#13579=DIRECTION('center_axis',(-1.,0.,0.));
#13580=DIRECTION('ref_axis',(0.,0.,1.));
#13581=DIRECTION('',(0.,-1.,0.));
#13582=DIRECTION('center_axis',(0.,1.,0.));
#13583=DIRECTION('ref_axis',(0.707106781186546,0.,-0.707106781186549));
#13584=DIRECTION('',(0.,-1.,0.));
#13585=DIRECTION('center_axis',(0.,-1.,0.));
#13586=DIRECTION('ref_axis',(0.707106781186549,0.,0.707106781186546));
#13587=DIRECTION('',(0.,1.,0.));
#13588=DIRECTION('center_axis',(1.,0.,0.));
#13589=DIRECTION('ref_axis',(0.,-1.,0.));
#13590=DIRECTION('',(0.,-1.,0.));
#13591=DIRECTION('',(0.,1.,0.));
#13592=DIRECTION('',(0.,1.,0.));
#13593=DIRECTION('',(0.,1.,0.));
#13594=DIRECTION('center_axis',(0.,1.,0.));
#13595=DIRECTION('ref_axis',(-0.707106781186549,0.,0.707106781186546));
#13596=DIRECTION('center_axis',(0.,1.,0.));
#13597=DIRECTION('ref_axis',(-0.707106781186549,0.,-0.707106781186546));
#13598=DIRECTION('',(0.,1.,0.));
#13599=DIRECTION('center_axis',(-1.,0.,0.));
#13600=DIRECTION('ref_axis',(0.,0.,1.));
#13601=DIRECTION('',(0.,-1.,0.));
#13602=DIRECTION('center_axis',(0.,1.,0.));
#13603=DIRECTION('ref_axis',(0.707106781186546,0.,-0.707106781186549));
#13604=DIRECTION('',(0.,-1.,0.));
#13605=DIRECTION('center_axis',(0.,1.,0.));
#13606=DIRECTION('ref_axis',(-0.707106781186549,0.,0.707106781186546));
#13607=DIRECTION('center_axis',(0.,1.,0.));
#13608=DIRECTION('ref_axis',(0.707106781186549,0.,0.707106781186546));
#13609=DIRECTION('',(0.,1.,0.));
#13610=DIRECTION('center_axis',(1.,0.,0.));
#13611=DIRECTION('ref_axis',(0.,0.,-1.));
#13612=DIRECTION('center_axis',(0.,-1.,0.));
#13613=DIRECTION('ref_axis',(0.,0.,-1.));
#13614=DIRECTION('',(-1.,0.,0.));
#13615=DIRECTION('',(-5.49615358725325E-18,-5.44382062593036E-51,1.));
#13616=DIRECTION('',(-1.,0.,0.));
#13617=DIRECTION('center_axis',(0.,0.,-1.));
#13618=DIRECTION('ref_axis',(-1.,0.,0.));
#13619=DIRECTION('center_axis',(0.,0.,-1.));
#13620=DIRECTION('ref_axis',(0.707106781186555,-0.70710678118654,0.));
#13621=DIRECTION('',(0.,-1.,0.));
#13622=DIRECTION('',(0.,1.,0.));
#13623=DIRECTION('center_axis',(-1.,0.,0.));
#13624=DIRECTION('ref_axis',(0.,0.,1.));
#13625=DIRECTION('',(0.,1.,0.));
#13626=DIRECTION('center_axis',(1.,0.,0.));
#13627=DIRECTION('ref_axis',(0.,1.,0.));
#13628=DIRECTION('',(0.,-1.,0.));
#13629=DIRECTION('',(0.,0.,-1.));
#13630=DIRECTION('',(0.,1.,0.));
#13631=DIRECTION('',(0.,0.,1.));
#13632=DIRECTION('',(0.,-1.,0.));
#13633=DIRECTION('',(0.,0.,1.));
#13634=DIRECTION('',(0.,-1.,0.));
#13635=DIRECTION('',(0.,0.,-1.));
#13636=DIRECTION('',(0.,0.,1.));
#13637=DIRECTION('',(0.,1.,0.));
#13638=DIRECTION('',(0.,0.,-1.));
#13639=DIRECTION('',(0.,-1.,0.));
#13640=DIRECTION('',(0.,0.,1.));
#13641=DIRECTION('center_axis',(1.,0.,0.));
#13642=DIRECTION('ref_axis',(0.,0.707106781186547,-0.707106781186548));
#13643=DIRECTION('',(0.,1.,0.));
#13644=DIRECTION('center_axis',(1.,0.,0.));
#13645=DIRECTION('ref_axis',(0.,-0.707106781186548,-0.707106781186547));
#13646=DIRECTION('',(0.,0.,-1.));
#13647=DIRECTION('',(0.,-1.,0.));
#13648=DIRECTION('',(0.,0.,-1.));
#13649=DIRECTION('center_axis',(1.,0.,0.));
#13650=DIRECTION('ref_axis',(0.,-0.707106781186548,0.707106781186548));
#13651=DIRECTION('',(0.,-1.,0.));
#13652=DIRECTION('center_axis',(1.,0.,0.));
#13653=DIRECTION('ref_axis',(0.,0.707106781186547,0.707106781186548));
#13654=DIRECTION('',(0.,0.,1.));
#13655=DIRECTION('center_axis',(0.,0.,-1.));
#13656=DIRECTION('ref_axis',(0.707106781186555,-0.70710678118654,0.));
#13657=DIRECTION('center_axis',(0.,0.,1.));
#13658=DIRECTION('ref_axis',(0.,-1.,0.));
#13659=DIRECTION('center_axis',(0.,0.,-1.));
#13660=DIRECTION('ref_axis',(0.707106781186555,-0.70710678118654,0.));
#13661=DIRECTION('center_axis',(0.,0.,-1.));
#13662=DIRECTION('ref_axis',(1.,0.,0.));
#13663=DIRECTION('center_axis',(1.,0.,5.49615358725325E-18));
#13664=DIRECTION('ref_axis',(5.49615358725325E-18,5.44382062593036E-51,
-1.));
#13665=DIRECTION('',(-5.49615358725325E-18,-5.49615358725326E-18,1.));
#13666=DIRECTION('',(0.,1.,0.));
#13667=DIRECTION('',(0.,1.,0.));
#13668=DIRECTION('center_axis',(0.,0.,1.));
#13669=DIRECTION('ref_axis',(-0.707106781186555,-0.70710678118654,0.));
#13670=DIRECTION('center_axis',(0.,0.,-1.));
#13671=DIRECTION('ref_axis',(-0.707106781186555,-0.70710678118654,0.));
#13672=DIRECTION('',(0.,0.,-1.));
#13673=DIRECTION('center_axis',(0.,0.,-1.));
#13674=DIRECTION('ref_axis',(0.,-1.,0.));
#13675=DIRECTION('center_axis',(0.,0.,1.));
#13676=DIRECTION('ref_axis',(-0.707106781186555,-0.70710678118654,0.));
#13677=DIRECTION('center_axis',(0.,0.,1.));
#13678=DIRECTION('ref_axis',(-0.707106781186555,-0.70710678118654,0.));
#13679=DIRECTION('center_axis',(0.,0.,-1.));
#13680=DIRECTION('ref_axis',(0.,-1.,0.));
#13681=DIRECTION('',(0.,0.,-1.));
#13682=DIRECTION('center_axis',(-1.,0.,0.));
#13683=DIRECTION('ref_axis',(0.,-1.,0.));
#13684=DIRECTION('',(0.,1.,0.));
#13685=DIRECTION('',(0.,0.,1.));
#13686=DIRECTION('',(0.,1.,0.));
#13687=DIRECTION('',(0.,0.,1.));
#13688=DIRECTION('',(0.,1.,0.));
#13689=DIRECTION('',(0.,0.,-1.));
#13690=DIRECTION('',(0.,1.,0.));
#13691=DIRECTION('',(0.,0.,-1.));
#13692=DIRECTION('',(0.,1.,0.));
#13693=DIRECTION('',(0.,0.,1.));
#13694=DIRECTION('center_axis',(-1.,0.,0.));
#13695=DIRECTION('ref_axis',(0.,-0.707106781186547,-0.707106781186548));
#13696=DIRECTION('',(0.,-1.,0.));
#13697=DIRECTION('center_axis',(-1.,0.,0.));
#13698=DIRECTION('ref_axis',(0.,0.707106781186547,-0.707106781186548));
#13699=DIRECTION('center_axis',(-1.,0.,0.));
#13700=DIRECTION('ref_axis',(0.,-1.,0.));
#13701=DIRECTION('',(0.,-1.,0.));
#13702=DIRECTION('center_axis',(-1.,0.,0.));
#13703=DIRECTION('ref_axis',(0.,0.707106781186547,0.707106781186548));
#13704=DIRECTION('',(0.,1.,0.));
#13705=DIRECTION('center_axis',(-1.,0.,0.));
#13706=DIRECTION('ref_axis',(0.,-0.707106781186548,0.707106781186548));
#13707=DIRECTION('',(0.,0.,1.));
#13708=DIRECTION('',(0.,-1.,0.));
#13709=DIRECTION('',(0.,0.,-1.));
#13710=DIRECTION('',(0.,-1.,0.));
#13711=DIRECTION('',(0.,0.,-1.));
#13712=DIRECTION('',(0.,-1.,0.));
#13713=DIRECTION('',(0.,0.,1.));
#13714=DIRECTION('',(0.,-1.,0.));
#13715=DIRECTION('',(0.,0.,1.));
#13716=DIRECTION('',(0.,-1.,0.));
#13717=DIRECTION('',(0.,-0.5,-0.866025403784439));
#13718=DIRECTION('',(0.,1.,0.));
#13719=DIRECTION('',(0.,-0.5,0.866025403784439));
#13720=DIRECTION('',(0.,-0.499999999999998,0.86602540378444));
#13721=DIRECTION('',(0.,-1.,0.));
#13722=DIRECTION('',(0.,-0.500000000000002,-0.866025403784437));
#13723=DIRECTION('',(0.,0.500000000000002,-0.866025403784437));
#13724=DIRECTION('',(0.,1.,0.));
#13725=DIRECTION('',(0.,0.499999999999998,0.86602540378444));
#13726=DIRECTION('',(0.,0.,1.));
#13727=DIRECTION('',(0.,0.499999999999999,-0.866025403784439));
#13728=DIRECTION('',(0.,1.,0.));
#13729=DIRECTION('',(0.,0.499999999999999,0.866025403784439));
#13730=DIRECTION('',(0.,-0.500000000000001,0.866025403784438));
#13731=DIRECTION('',(0.,-1.,0.));
#13732=DIRECTION('',(0.,-0.500000000000001,-0.866025403784438));
#13733=DIRECTION('',(0.,-1.,0.));
#13734=DIRECTION('',(0.,-0.5,-0.866025403784439));
#13735=DIRECTION('',(0.,1.,0.));
#13736=DIRECTION('',(0.,-0.5,0.866025403784439));
#13737=DIRECTION('',(0.,-0.5,-0.866025403784439));
#13738=DIRECTION('',(0.,0.,-1.));
#13739=DIRECTION('',(0.,0.5,-0.866025403784439));
#13740=DIRECTION('',(0.,1.,0.));
#13741=DIRECTION('',(0.,0.5,0.866025403784439));
#13742=DIRECTION('',(0.,-0.5,0.866025403784439));
#13743=DIRECTION('',(0.,-1.,0.));
#13744=DIRECTION('',(0.,0.500000000000001,-0.866025403784438));
#13745=DIRECTION('',(0.,1.,0.));
#13746=DIRECTION('',(0.,0.500000000000001,0.866025403784438));
#13747=DIRECTION('',(0.,-0.499999999999999,0.866025403784439));
#13748=DIRECTION('',(0.,-1.,0.));
#13749=DIRECTION('',(0.,-0.499999999999999,-0.866025403784439));
#13750=DIRECTION('',(0.,-1.,0.));
#13751=DIRECTION('',(0.,-0.5,-0.866025403784439));
#13752=DIRECTION('',(0.,0.5,-0.866025403784439));
#13753=DIRECTION('',(0.,1.,0.));
#13754=DIRECTION('',(0.,0.5,0.866025403784439));
#13755=DIRECTION('',(0.,-0.5,0.866025403784439));
#13756=DIRECTION('',(0.,0.,1.));
#13757=DIRECTION('',(0.,-0.499999999999998,0.86602540378444));
#13758=DIRECTION('',(0.,-1.,0.));
#13759=DIRECTION('',(0.,-0.500000000000002,-0.866025403784437));
#13760=DIRECTION('',(0.,0.500000000000002,-0.866025403784437));
#13761=DIRECTION('',(0.,1.,0.));
#13762=DIRECTION('',(0.,0.499999999999998,0.86602540378444));
#13763=DIRECTION('',(0.,0.499999999999998,0.86602540378444));
#13764=DIRECTION('',(0.,-0.499999999999998,0.86602540378444));
#13765=DIRECTION('',(0.,-1.,0.));
#13766=DIRECTION('',(0.,-0.5,-0.866025403784439));
#13767=DIRECTION('',(0.,0.5,-0.866025403784439));
#13768=DIRECTION('',(0.,1.,0.));
#13769=DIRECTION('',(0.,0.5,-0.866025403784439));
#13770=DIRECTION('',(0.,1.,0.));
#13771=DIRECTION('',(0.,0.5,0.866025403784439));
#13772=DIRECTION('',(0.,-0.5,0.866025403784439));
#13773=DIRECTION('',(0.,-1.,0.));
#13774=DIRECTION('',(0.,-0.5,-0.866025403784439));
#13775=DIRECTION('',(0.,0.5,-0.866025403784439));
#13776=DIRECTION('',(0.,1.,0.));
#13777=DIRECTION('',(0.,0.5,0.866025403784439));
#13778=DIRECTION('',(0.,-0.5,0.866025403784439));
#13779=DIRECTION('',(0.,-1.,0.));
#13780=DIRECTION('',(0.,-0.5,-0.866025403784439));
#13781=DIRECTION('',(0.,-0.499999999999999,-0.866025403784439));
#13782=DIRECTION('',(0.,0.,-1.));
#13783=DIRECTION('',(0.,0.500000000000001,-0.866025403784438));
#13784=DIRECTION('',(0.,1.,0.));
#13785=DIRECTION('',(0.,0.500000000000001,0.866025403784438));
#13786=DIRECTION('',(0.,-0.499999999999999,0.866025403784439));
#13787=DIRECTION('',(0.,-1.,0.));
#13788=DIRECTION('',(0.,0.500000000000001,-0.866025403784438));
#13789=DIRECTION('',(0.,1.,0.));
#13790=DIRECTION('',(0.,0.500000000000001,0.866025403784438));
#13791=DIRECTION('',(0.,-0.499999999999999,0.866025403784439));
#13792=DIRECTION('',(0.,-1.,0.));
#13793=DIRECTION('',(0.,-0.499999999999999,-0.866025403784439));
#13794=DIRECTION('',(0.,0.500000000000001,-0.866025403784438));
#13795=DIRECTION('',(0.,1.,0.));
#13796=DIRECTION('',(0.,0.500000000000001,0.866025403784438));
#13797=DIRECTION('',(0.,-0.499999999999999,0.866025403784439));
#13798=DIRECTION('',(0.,-1.,0.));
#13799=DIRECTION('',(0.,-0.499999999999999,-0.866025403784439));
#13800=DIRECTION('',(0.,-0.499999999999999,0.866025403784439));
#13801=DIRECTION('',(0.,-1.,0.));
#13802=DIRECTION('',(0.,-0.500000000000003,-0.866025403784437));
#13803=DIRECTION('',(0.,0.500000000000003,-0.866025403784437));
#13804=DIRECTION('',(0.,1.,0.));
#13805=DIRECTION('',(0.,0.499999999999999,0.866025403784439));
#13806=DIRECTION('',(0.,0.,1.));
#13807=DIRECTION('',(0.,0.499999999999999,-0.866025403784439));
#13808=DIRECTION('',(0.,1.,0.));
#13809=DIRECTION('',(0.,0.499999999999999,0.866025403784439));
#13810=DIRECTION('',(0.,-1.,0.));
#13811=DIRECTION('',(0.,-0.500000000000001,-0.866025403784438));
#13812=DIRECTION('',(0.,0.,-1.));
#13813=DIRECTION('',(0.,0.500000000000001,-0.866025403784438));
#13814=DIRECTION('',(0.,1.,0.));
#13815=DIRECTION('',(0.,0.500000000000001,0.866025403784438));
#13816=DIRECTION('',(0.,-0.500000000000001,0.866025403784438));
#13817=DIRECTION('',(0.,-1.,0.));
#13818=DIRECTION('',(0.,0.500000000000001,-0.866025403784438));
#13819=DIRECTION('',(0.,1.,0.));
#13820=DIRECTION('',(0.,0.500000000000001,0.866025403784438));
#13821=DIRECTION('',(0.,-0.499999999999999,0.866025403784439));
#13822=DIRECTION('',(0.,-1.,0.));
#13823=DIRECTION('',(0.,-0.499999999999999,-0.866025403784439));
#13824=DIRECTION('',(0.,-1.,0.));
#13825=DIRECTION('',(0.,-0.499999999999999,-0.866025403784439));
#13826=DIRECTION('',(0.,0.500000000000001,-0.866025403784438));
#13827=DIRECTION('',(0.,1.,0.));
#13828=DIRECTION('',(0.,0.500000000000001,0.866025403784438));
#13829=DIRECTION('',(0.,-0.499999999999999,0.866025403784439));
#13830=DIRECTION('',(0.,0.,1.));
#13831=DIRECTION('',(0.,-1.,0.));
#13832=DIRECTION('',(0.,0.500000000000001,-0.866025403784438));
#13833=DIRECTION('',(0.,1.,0.));
#13834=DIRECTION('',(0.,0.499999999999997,0.86602540378444));
#13835=DIRECTION('',(0.,0.499999999999997,0.86602540378444));
#13836=DIRECTION('',(0.,-0.499999999999999,0.866025403784439));
#13837=DIRECTION('',(0.,-1.,0.));
#13838=DIRECTION('',(0.,-0.500000000000001,-0.866025403784438));
#13839=DIRECTION('',(0.,0.499999999999999,-0.866025403784439));
#13840=DIRECTION('',(0.,1.,0.));
#13841=DIRECTION('',(0.,-1.,0.));
#13842=DIRECTION('',(0.,-0.499999999999999,-0.866025403784439));
#13843=DIRECTION('',(0.,0.499999999999999,-0.866025403784439));
#13844=DIRECTION('',(0.,1.,0.));
#13845=DIRECTION('',(0.,0.499999999999999,0.866025403784439));
#13846=DIRECTION('',(0.,-0.499999999999999,0.866025403784439));
#13847=DIRECTION('',(0.,-0.499999999999999,-0.866025403784439));
#13848=DIRECTION('',(0.,0.,-1.));
#13849=DIRECTION('',(0.,0.500000000000001,-0.866025403784438));
#13850=DIRECTION('',(0.,1.,0.));
#13851=DIRECTION('',(0.,0.500000000000001,0.866025403784438));
#13852=DIRECTION('',(0.,-0.499999999999999,0.866025403784439));
#13853=DIRECTION('',(0.,-1.,0.));
#13854=DIRECTION('',(0.,-1.,0.));
#13855=DIRECTION('',(0.,-0.5,-0.866025403784439));
#13856=DIRECTION('',(0.,0.5,-0.866025403784439));
#13857=DIRECTION('',(0.,1.,0.));
#13858=DIRECTION('',(0.,0.5,0.866025403784439));
#13859=DIRECTION('',(0.,-0.5,0.866025403784439));
#13860=DIRECTION('',(0.,-0.5,0.866025403784439));
#13861=DIRECTION('',(0.,-1.,0.));
#13862=DIRECTION('',(0.,-0.5,-0.866025403784439));
#13863=DIRECTION('',(0.,0.,-1.));
#13864=DIRECTION('',(0.,0.5,-0.866025403784439));
#13865=DIRECTION('',(0.,1.,0.));
#13866=DIRECTION('',(0.,0.5,0.866025403784439));
#13867=DIRECTION('',(0.,0.5,-0.866025403784439));
#13868=DIRECTION('',(0.,1.,0.));
#13869=DIRECTION('',(0.,0.5,0.866025403784439));
#13870=DIRECTION('',(0.,-0.5,0.866025403784439));
#13871=DIRECTION('',(0.,-1.,0.));
#13872=DIRECTION('',(0.,-0.5,-0.866025403784439));
#13873=DIRECTION('',(0.,1.,0.));
#13874=DIRECTION('',(0.,0.499999999999998,0.86602540378444));
#13875=DIRECTION('',(0.,-0.499999999999998,0.86602540378444));
#13876=DIRECTION('',(0.,-1.,0.));
#13877=DIRECTION('',(0.,-0.5,-0.866025403784439));
#13878=DIRECTION('',(0.,0.5,-0.866025403784439));
#13879=DIRECTION('',(0.,0.5,-0.866025403784439));
#13880=DIRECTION('',(0.,1.,0.));
#13881=DIRECTION('',(0.,0.5,0.866025403784439));
#13882=DIRECTION('',(0.,-0.5,0.866025403784439));
#13883=DIRECTION('',(0.,-1.,0.));
#13884=DIRECTION('',(0.,-0.5,-0.866025403784439));
#13885=DIRECTION('',(0.,0.499999999999999,-0.866025403784439));
#13886=DIRECTION('',(0.,1.,0.));
#13887=DIRECTION('',(0.,0.499999999999999,0.866025403784439));
#13888=DIRECTION('',(0.,-0.500000000000001,0.866025403784438));
#13889=DIRECTION('',(0.,-1.,0.));
#13890=DIRECTION('',(0.,-0.500000000000001,-0.866025403784438));
#13891=DIRECTION('',(0.,0.5,-0.866025403784439));
#13892=DIRECTION('',(0.,1.,0.));
#13893=DIRECTION('',(0.,0.5,0.866025403784439));
#13894=DIRECTION('',(0.,-0.5,0.866025403784439));
#13895=DIRECTION('',(0.,-1.,0.));
#13896=DIRECTION('',(0.,-0.5,-0.866025403784439));
#13897=DIRECTION('',(0.,0.5,-0.866025403784439));
#13898=DIRECTION('',(0.,1.,0.));
#13899=DIRECTION('',(0.,0.5,0.866025403784439));
#13900=DIRECTION('',(0.,-0.5,0.866025403784439));
#13901=DIRECTION('',(0.,-1.,0.));
#13902=DIRECTION('',(0.,-0.5,-0.866025403784439));
#13903=DIRECTION('',(0.,0.5,-0.866025403784439));
#13904=DIRECTION('',(0.,1.,0.));
#13905=DIRECTION('',(0.,0.5,0.866025403784439));
#13906=DIRECTION('',(0.,-0.5,0.866025403784439));
#13907=DIRECTION('',(0.,-1.,0.));
#13908=DIRECTION('',(0.,-0.5,-0.866025403784439));
#13909=DIRECTION('',(0.,-0.499999999999999,0.866025403784439));
#13910=DIRECTION('',(0.,-1.,0.));
#13911=DIRECTION('',(0.,-0.500000000000003,-0.866025403784437));
#13912=DIRECTION('',(0.,0.500000000000001,-0.866025403784438));
#13913=DIRECTION('',(0.,1.,0.));
#13914=DIRECTION('',(0.,0.499999999999997,0.86602540378444));
#13915=DIRECTION('',(0.,0.,1.));
#13916=DIRECTION('',(0.,0.499999999999998,0.86602540378444));
#13917=DIRECTION('',(0.,-0.499999999999998,0.86602540378444));
#13918=DIRECTION('',(0.,-1.,0.));
#13919=DIRECTION('',(0.,-0.5,-0.866025403784439));
#13920=DIRECTION('',(0.,0.5,-0.866025403784439));
#13921=DIRECTION('',(0.,1.,0.));
#13922=DIRECTION('',(0.,-0.499999999999998,0.86602540378444));
#13923=DIRECTION('',(0.,-1.,0.));
#13924=DIRECTION('',(0.,-0.500000000000002,-0.866025403784437));
#13925=DIRECTION('',(0.,0.500000000000002,-0.866025403784437));
#13926=DIRECTION('',(0.,1.,0.));
#13927=DIRECTION('',(0.,0.499999999999998,0.86602540378444));
#13928=DIRECTION('',(0.,0.,1.));
#13929=DIRECTION('',(0.,0.499999999999998,0.86602540378444));
#13930=DIRECTION('',(0.,-0.499999999999998,0.86602540378444));
#13931=DIRECTION('',(0.,-1.,0.));
#13932=DIRECTION('',(0.,-0.5,-0.866025403784439));
#13933=DIRECTION('',(0.,0.5,-0.866025403784439));
#13934=DIRECTION('',(0.,1.,0.));
#13935=DIRECTION('',(0.,-1.,0.));
#13936=DIRECTION('',(0.,-0.5,-0.866025403784439));
#13937=DIRECTION('',(0.,0.5,-0.866025403784439));
#13938=DIRECTION('',(0.,1.,0.));
#13939=DIRECTION('',(0.,0.5,0.866025403784439));
#13940=DIRECTION('',(0.,-0.5,0.866025403784439));
#13941=DIRECTION('',(0.,0.5,-0.866025403784439));
#13942=DIRECTION('',(0.,1.,0.));
#13943=DIRECTION('',(0.,0.5,0.866025403784439));
#13944=DIRECTION('',(0.,-0.5,0.866025403784439));
#13945=DIRECTION('',(0.,-1.,0.));
#13946=DIRECTION('',(0.,-0.5,-0.866025403784439));
#13947=DIRECTION('',(0.,-0.500000000000001,-0.866025403784438));
#13948=DIRECTION('',(0.,0.,-1.));
#13949=DIRECTION('',(0.,0.499999999999999,-0.866025403784439));
#13950=DIRECTION('',(0.,1.,0.));
#13951=DIRECTION('',(0.,0.499999999999999,0.866025403784439));
#13952=DIRECTION('',(0.,-0.500000000000001,0.866025403784438));
#13953=DIRECTION('',(0.,-1.,0.));
#13954=DIRECTION('',(0.,-1.,0.));
#13955=DIRECTION('',(0.,-0.499999999999999,-0.866025403784439));
#13956=DIRECTION('',(0.,0.500000000000001,-0.866025403784438));
#13957=DIRECTION('',(0.,1.,0.));
#13958=DIRECTION('',(0.,0.500000000000001,0.866025403784438));
#13959=DIRECTION('',(0.,-0.499999999999999,0.866025403784439));
#13960=DIRECTION('',(0.,0.499999999999998,0.86602540378444));
#13961=DIRECTION('',(0.,-0.499999999999998,0.86602540378444));
#13962=DIRECTION('',(0.,-1.,0.));
#13963=DIRECTION('',(0.,-0.5,-0.866025403784439));
#13964=DIRECTION('',(0.,0.5,-0.866025403784439));
#13965=DIRECTION('',(0.,1.,0.));
#13966=DIRECTION('',(0.,-0.499999999999997,0.86602540378444));
#13967=DIRECTION('',(0.,-1.,0.));
#13968=DIRECTION('',(0.,-0.500000000000001,-0.866025403784438));
#13969=DIRECTION('',(0.,0.500000000000003,-0.866025403784437));
#13970=DIRECTION('',(0.,1.,0.));
#13971=DIRECTION('',(0.,0.499999999999999,0.866025403784439));
#13972=DIRECTION('',(0.,0.,1.));
#13973=DIRECTION('',(0.,-0.5,0.866025403784439));
#13974=DIRECTION('',(0.,-1.,0.));
#13975=DIRECTION('',(0.,-0.5,-0.866025403784439));
#13976=DIRECTION('',(0.,0.5,-0.866025403784439));
#13977=DIRECTION('',(0.,1.,0.));
#13978=DIRECTION('',(0.,0.5,0.866025403784439));
#13979=DIRECTION('',(0.,0.5,-0.866025403784439));
#13980=DIRECTION('',(0.,1.,0.));
#13981=DIRECTION('',(0.,0.5,0.866025403784439));
#13982=DIRECTION('',(0.,-0.5,0.866025403784439));
#13983=DIRECTION('',(0.,-1.,0.));
#13984=DIRECTION('',(0.,-0.5,-0.866025403784439));
#13985=DIRECTION('',(0.,0.5,-0.866025403784439));
#13986=DIRECTION('',(0.,1.,0.));
#13987=DIRECTION('',(0.,0.5,0.866025403784439));
#13988=DIRECTION('',(0.,-0.5,0.866025403784439));
#13989=DIRECTION('',(0.,-1.,0.));
#13990=DIRECTION('',(0.,-0.5,-0.866025403784439));
#13991=DIRECTION('',(0.,0.499999999999999,-0.866025403784439));
#13992=DIRECTION('',(0.,1.,0.));
#13993=DIRECTION('',(0.,0.499999999999999,0.866025403784439));
#13994=DIRECTION('',(0.,-0.499999999999999,0.866025403784439));
#13995=DIRECTION('',(0.,-1.,0.));
#13996=DIRECTION('',(0.,-0.499999999999999,-0.866025403784439));
#13997=DIRECTION('',(0.,0.500000000000001,-0.866025403784438));
#13998=DIRECTION('',(0.,1.,0.));
#13999=DIRECTION('',(0.,0.500000000000001,0.866025403784438));
#14000=DIRECTION('',(0.,-0.499999999999999,0.866025403784439));
#14001=DIRECTION('',(0.,-1.,0.));
#14002=DIRECTION('',(0.,-0.499999999999999,-0.866025403784439));
#14003=DIRECTION('',(0.,-0.499999999999997,0.86602540378444));
#14004=DIRECTION('',(0.,-1.,0.));
#14005=DIRECTION('',(0.,-0.500000000000001,-0.866025403784438));
#14006=DIRECTION('',(0.,0.500000000000003,-0.866025403784437));
#14007=DIRECTION('',(0.,1.,0.));
#14008=DIRECTION('',(0.,0.499999999999999,0.866025403784439));
#14009=DIRECTION('',(0.,0.,1.));
#14010=DIRECTION('',(0.,0.500000000000001,-0.866025403784438));
#14011=DIRECTION('',(0.,1.,0.));
#14012=DIRECTION('',(0.,0.500000000000001,0.866025403784438));
#14013=DIRECTION('',(0.,-0.500000000000001,0.866025403784438));
#14014=DIRECTION('',(0.,-1.,0.));
#14015=DIRECTION('',(0.,-0.500000000000001,-0.866025403784438));
#14016=DIRECTION('',(0.,0.500000000000001,-0.866025403784438));
#14017=DIRECTION('',(0.,1.,0.));
#14018=DIRECTION('',(0.,0.500000000000001,0.866025403784438));
#14019=DIRECTION('',(0.,-0.500000000000001,0.866025403784438));
#14020=DIRECTION('',(0.,-1.,0.));
#14021=DIRECTION('',(0.,-0.500000000000001,-0.866025403784438));
#14022=DIRECTION('',(0.,-1.,0.));
#14023=DIRECTION('',(0.,0.,-1.));
#14024=DIRECTION('',(0.,0.499999999999999,-0.866025403784439));
#14025=DIRECTION('',(0.,1.,0.));
#14026=DIRECTION('',(0.,0.499999999999999,0.866025403784439));
#14027=DIRECTION('',(0.,0.499999999999999,-0.866025403784439));
#14028=DIRECTION('',(0.,1.,0.));
#14029=DIRECTION('',(0.,0.499999999999999,0.866025403784439));
#14030=DIRECTION('',(0.,-1.,0.));
#14031=DIRECTION('',(0.,0.499999999999999,0.866025403784439));
#14032=DIRECTION('',(0.,-0.499999999999997,0.86602540378444));
#14033=DIRECTION('',(0.,-1.,0.));
#14034=DIRECTION('',(0.,-0.499999999999999,-0.866025403784439));
#14035=DIRECTION('',(0.,0.500000000000001,-0.866025403784438));
#14036=DIRECTION('',(0.,1.,0.));
#14037=DIRECTION('',(0.,0.499999999999997,0.86602540378444));
#14038=DIRECTION('',(0.,-0.499999999999997,0.86602540378444));
#14039=DIRECTION('',(0.,-1.,0.));
#14040=DIRECTION('',(0.,-0.499999999999999,-0.866025403784439));
#14041=DIRECTION('',(0.,0.499999999999999,-0.866025403784439));
#14042=DIRECTION('',(0.,1.,0.));
#14043=DIRECTION('',(0.,-1.,0.));
#14044=DIRECTION('',(0.,-0.500000000000001,-0.866025403784438));
#14045=DIRECTION('',(0.,0.499999999999999,-0.866025403784439));
#14046=DIRECTION('',(0.,1.,0.));
#14047=DIRECTION('',(0.,0.499999999999999,0.866025403784439));
#14048=DIRECTION('',(0.,-0.500000000000001,0.866025403784438));
#14049=DIRECTION('',(0.,0.499999999999999,-0.866025403784439));
#14050=DIRECTION('',(0.,1.,0.));
#14051=DIRECTION('',(0.,0.499999999999999,0.866025403784439));
#14052=DIRECTION('',(0.,-0.500000000000001,0.866025403784438));
#14053=DIRECTION('',(0.,-1.,0.));
#14054=DIRECTION('',(0.,-0.500000000000001,-0.866025403784438));
#14055=DIRECTION('',(0.,0.500000000000001,-0.866025403784438));
#14056=DIRECTION('',(0.,1.,0.));
#14057=DIRECTION('',(0.,0.500000000000001,0.866025403784438));
#14058=DIRECTION('',(0.,-0.499999999999999,0.866025403784439));
#14059=DIRECTION('',(0.,-1.,0.));
#14060=DIRECTION('',(0.,-0.499999999999999,-0.866025403784439));
#14061=DIRECTION('',(0.,-0.5,-0.866025403784439));
#14062=DIRECTION('',(0.,0.,-1.));
#14063=DIRECTION('',(0.,0.5,-0.866025403784439));
#14064=DIRECTION('',(0.,1.,0.));
#14065=DIRECTION('',(0.,0.5,0.866025403784439));
#14066=DIRECTION('',(0.,-0.5,0.866025403784439));
#14067=DIRECTION('',(0.,-1.,0.));
#14068=DIRECTION('',(0.,0.5,-0.866025403784439));
#14069=DIRECTION('',(0.,1.,0.));
#14070=DIRECTION('',(0.,0.5,0.866025403784439));
#14071=DIRECTION('',(0.,-0.5,0.866025403784439));
#14072=DIRECTION('',(0.,-1.,0.));
#14073=DIRECTION('',(0.,-0.5,-0.866025403784439));
#14074=DIRECTION('',(0.,-0.499999999999998,0.86602540378444));
#14075=DIRECTION('',(0.,-1.,0.));
#14076=DIRECTION('',(0.,-0.500000000000002,-0.866025403784437));
#14077=DIRECTION('',(0.,0.500000000000002,-0.866025403784437));
#14078=DIRECTION('',(0.,1.,0.));
#14079=DIRECTION('',(0.,0.499999999999998,0.86602540378444));
#14080=DIRECTION('',(0.,0.,1.));
#14081=DIRECTION('',(0.,-0.5,-0.866025403784439));
#14082=DIRECTION('',(0.,0.5,-0.866025403784439));
#14083=DIRECTION('',(0.,1.,0.));
#14084=DIRECTION('',(0.,0.5,0.866025403784439));
#14085=DIRECTION('',(0.,-0.5,0.866025403784439));
#14086=DIRECTION('',(0.,-1.,0.));
#14087=DIRECTION('',(0.,0.5,-0.866025403784439));
#14088=DIRECTION('',(0.,1.,0.));
#14089=DIRECTION('',(0.,0.5,0.866025403784439));
#14090=DIRECTION('',(0.,-0.5,0.866025403784439));
#14091=DIRECTION('',(0.,-1.,0.));
#14092=DIRECTION('',(0.,-0.5,-0.866025403784439));
#14093=DIRECTION('',(0.,-0.5,-0.866025403784439));
#14094=DIRECTION('',(0.,0.,-1.));
#14095=DIRECTION('',(0.,0.5,-0.866025403784439));
#14096=DIRECTION('',(0.,1.,0.));
#14097=DIRECTION('',(0.,0.5,0.866025403784439));
#14098=DIRECTION('',(0.,-0.5,0.866025403784439));
#14099=DIRECTION('',(0.,-1.,0.));
#14100=DIRECTION('',(0.,-1.,0.));
#14101=DIRECTION('',(0.,-0.5,-0.866025403784439));
#14102=DIRECTION('',(0.,0.,-1.));
#14103=DIRECTION('',(0.,1.,0.));
#14104=DIRECTION('',(0.,-0.5,0.866025403784439));
#14105=DIRECTION('',(0.,-1.,0.));
#14106=DIRECTION('',(0.,-0.5,-0.866025403784439));
#14107=DIRECTION('',(0.,0.5,-0.866025403784439));
#14108=DIRECTION('',(0.,1.,0.));
#14109=DIRECTION('',(0.,0.5,0.866025403784439));
#14110=DIRECTION('',(0.,-0.5,0.866025403784439));
#14111=DIRECTION('',(0.,0.499999999999999,0.866025403784439));
#14112=DIRECTION('',(0.,-0.499999999999997,0.86602540378444));
#14113=DIRECTION('',(0.,-1.,0.));
#14114=DIRECTION('',(0.,-0.499999999999999,-0.866025403784439));
#14115=DIRECTION('',(0.,0.500000000000001,-0.866025403784438));
#14116=DIRECTION('',(0.,1.,0.));
#14117=DIRECTION('',(0.,-0.499999999999998,0.86602540378444));
#14118=DIRECTION('',(0.,-1.,0.));
#14119=DIRECTION('',(0.,-0.500000000000002,-0.866025403784437));
#14120=DIRECTION('',(0.,1.,0.));
#14121=DIRECTION('',(0.,0.,1.));
#14122=DIRECTION('center_axis',(-1.,0.,0.));
#14123=DIRECTION('ref_axis',(0.,0.,-1.));
#14124=DIRECTION('',(0.,1.,0.));
#14125=DIRECTION('',(0.,-1.,0.));
#14126=DIRECTION('center_axis',(0.,0.,-1.));
#14127=DIRECTION('ref_axis',(1.,0.,0.));
#14128=DIRECTION('center_axis',(0.,0.,-1.));
#14129=DIRECTION('ref_axis',(0.707106781186546,0.707106781186549,0.));
#14130=DIRECTION('center_axis',(0.,0.,1.));
#14131=DIRECTION('ref_axis',(0.707106781186546,0.707106781186549,0.));
#14132=DIRECTION('center_axis',(0.,0.,-1.));
#14133=DIRECTION('ref_axis',(0.,1.,0.));
#14134=DIRECTION('center_axis',(0.,0.,1.));
#14135=DIRECTION('ref_axis',(0.707106781186546,0.707106781186549,0.));
#14136=DIRECTION('center_axis',(0.,0.,-1.));
#14137=DIRECTION('ref_axis',(0.,1.,0.));
#14138=DIRECTION('center_axis',(1.,0.,5.49615358725325E-18));
#14139=DIRECTION('ref_axis',(-5.49615358725325E-18,-5.44382062593036E-51,
1.));
#14140=DIRECTION('',(5.49615358725325E-18,-5.49615358725325E-18,-1.));
#14141=DIRECTION('',(0.,-1.,0.));
#14142=DIRECTION('',(0.,-1.,0.));
#14143=DIRECTION('center_axis',(0.,0.,1.));
#14144=DIRECTION('ref_axis',(-1.,0.,0.));
#14145=DIRECTION('',(-0.707106781186547,-0.707106781186548,0.));
#14146=DIRECTION('',(0.707106781186547,-0.707106781186548,0.));
#14147=DIRECTION('center_axis',(0.,0.,1.));
#14148=DIRECTION('ref_axis',(-0.707106781186542,0.707106781186553,0.));
#14149=DIRECTION('center_axis',(0.,0.,1.));
#14150=DIRECTION('ref_axis',(-0.707106781186549,-0.707106781186546,0.));
#14151=DIRECTION('',(-0.707106781186547,-0.707106781186548,0.));
#14152=DIRECTION('',(0.,1.,0.));
#14153=DIRECTION('',(0.707106781186548,-0.707106781186547,0.));
#14154=DIRECTION('center_axis',(0.,0.,1.));
#14155=DIRECTION('ref_axis',(-0.707106781186549,0.707106781186546,0.));
#14156=DIRECTION('center_axis',(0.,0.,-1.));
#14157=DIRECTION('ref_axis',(-0.707106781186549,0.707106781186546,0.));
#14158=DIRECTION('center_axis',(0.,0.,1.));
#14159=DIRECTION('ref_axis',(0.,1.,0.));
#14160=DIRECTION('center_axis',(0.,0.,-1.));
#14161=DIRECTION('ref_axis',(-0.707106781186549,0.707106781186546,0.));
#14162=DIRECTION('center_axis',(0.,0.,-1.));
#14163=DIRECTION('ref_axis',(-0.707106781186549,0.707106781186546,0.));
#14164=DIRECTION('center_axis',(0.,0.,1.));
#14165=DIRECTION('ref_axis',(0.,1.,0.));
#14166=DIRECTION('center_axis',(0.,0.,-1.));
#14167=DIRECTION('ref_axis',(1.,0.,0.));
#14168=DIRECTION('center_axis',(0.,0.,-1.));
#14169=DIRECTION('ref_axis',(0.707106781186555,0.70710678118654,0.));
#14170=DIRECTION('',(0.,-1.,0.));
#14171=DIRECTION('center_axis',(-1.,0.,0.));
#14172=DIRECTION('ref_axis',(0.,0.,-1.));
#14173=DIRECTION('',(0.,1.,0.));
#14174=DIRECTION('center_axis',(-1.,0.,0.));
#14175=DIRECTION('ref_axis',(0.,0.70710678118654,0.707106781186555));
#14176=DIRECTION('center_axis',(0.,0.,1.));
#14177=DIRECTION('ref_axis',(-0.707106781186542,0.707106781186553,0.));
#14178=DIRECTION('',(0.,0.,1.));
#14179=DIRECTION('center_axis',(0.,0.,1.));
#14180=DIRECTION('ref_axis',(-1.,0.,0.));
#14181=DIRECTION('center_axis',(0.,0.,1.));
#14182=DIRECTION('ref_axis',(-0.707106781186542,0.707106781186553,0.));
#14183=DIRECTION('center_axis',(0.,0.,-1.));
#14184=DIRECTION('ref_axis',(-0.707106781186542,0.707106781186553,0.));
#14185=DIRECTION('center_axis',(0.,0.,-1.));
#14186=DIRECTION('ref_axis',(-1.,0.,0.));
#14187=DIRECTION('',(0.,0.,1.));
#14188=DIRECTION('center_axis',(0.,0.,1.));
#14189=DIRECTION('ref_axis',(0.707106781186555,0.70710678118654,0.));
#14190=DIRECTION('center_axis',(0.,0.,1.));
#14191=DIRECTION('ref_axis',(0.,1.,0.));
#14192=DIRECTION('center_axis',(1.,0.,0.));
#14193=DIRECTION('ref_axis',(0.,0.70710678118654,0.707106781186555));
#14194=DIRECTION('',(1.,0.,0.));
#14195=DIRECTION('center_axis',(1.,0.,0.));
#14196=DIRECTION('ref_axis',(0.,0.70710678118654,0.707106781186555));
#14197=DIRECTION('center_axis',(-1.,0.,0.));
#14198=DIRECTION('ref_axis',(0.,0.,1.));
#14199=DIRECTION('',(1.,0.,0.));
#14200=DIRECTION('center_axis',(-1.,0.,0.));
#14201=DIRECTION('ref_axis',(0.,0.,1.));
#14202=DIRECTION('',(0.,1.,0.));
#14203=DIRECTION('center_axis',(-1.,0.,0.));
#14204=DIRECTION('ref_axis',(0.,-0.707106781186548,0.707106781186547));
#14205=DIRECTION('',(0.,1.,0.));
#14206=DIRECTION('center_axis',(0.,0.,-1.));
#14207=DIRECTION('ref_axis',(-1.,0.,0.));
#14208=DIRECTION('center_axis',(0.,0.,-1.));
#14209=DIRECTION('ref_axis',(0.707106781186548,-0.707106781186547,0.));
#14210=DIRECTION('center_axis',(0.,0.,1.));
#14211=DIRECTION('ref_axis',(0.707106781186548,-0.707106781186547,0.));
#14212=DIRECTION('center_axis',(0.,0.,1.));
#14213=DIRECTION('ref_axis',(1.,0.,0.));
#14214=DIRECTION('center_axis',(0.,0.,1.));
#14215=DIRECTION('ref_axis',(0.707106781186548,-0.707106781186547,0.));
#14216=DIRECTION('center_axis',(0.,0.,1.));
#14217=DIRECTION('ref_axis',(0.,-1.,0.));
#14218=DIRECTION('center_axis',(1.,1.10053139679271E-33,0.));
#14219=DIRECTION('ref_axis',(0.,-0.707106781186548,0.707106781186547));
#14220=DIRECTION('',(-1.,-1.10053139679271E-33,0.));
#14221=DIRECTION('center_axis',(-1.,0.,0.));
#14222=DIRECTION('ref_axis',(0.,-1.,0.));
#14223=DIRECTION('center_axis',(1.,0.,5.49615358725325E-18));
#14224=DIRECTION('ref_axis',(5.49615358725325E-18,5.44382062593036E-51,
-1.));
#14225=DIRECTION('',(-5.49615358725325E-18,-5.49615358725326E-18,1.));
#14226=DIRECTION('',(0.,1.,0.));
#14227=DIRECTION('center_axis',(0.,0.,-1.));
#14228=DIRECTION('ref_axis',(-1.,0.,0.));
#14229=DIRECTION('center_axis',(0.,0.,-1.));
#14230=DIRECTION('ref_axis',(-0.707106781186549,-0.707106781186546,0.));
#14231=DIRECTION('',(-0.707106781186547,0.707106781186548,0.));
#14232=DIRECTION('',(0.707106781186547,0.707106781186548,0.));
#14233=DIRECTION('',(-0.707106781186548,0.707106781186547,0.));
#14234=DIRECTION('',(0.707106781186547,0.707106781186548,0.));
#14235=DIRECTION('center_axis',(0.,0.,1.));
#14236=DIRECTION('ref_axis',(-0.707106781186549,-0.707106781186546,0.));
#14237=DIRECTION('',(0.,0.,-1.));
#14238=DIRECTION('center_axis',(0.,0.,-1.));
#14239=DIRECTION('ref_axis',(0.,-1.,0.));
#14240=DIRECTION('center_axis',(0.,0.,1.));
#14241=DIRECTION('ref_axis',(-0.707106781186549,-0.707106781186546,0.));
#14242=DIRECTION('center_axis',(0.,0.,1.));
#14243=DIRECTION('ref_axis',(0.,-1.,0.));
#14244=DIRECTION('',(0.,0.,-1.));
#14245=DIRECTION('center_axis',(1.,1.10053139679271E-33,0.));
#14246=DIRECTION('ref_axis',(0.,-0.707106781186548,0.707106781186547));
#14247=DIRECTION('center_axis',(-1.,0.,0.));
#14248=DIRECTION('ref_axis',(0.,-1.,0.));
#14249=DIRECTION('',(1.,1.10053139679271E-33,0.));
#14250=DIRECTION('center_axis',(-0.707106781186547,-0.707106781186548,0.));
#14251=DIRECTION('ref_axis',(0.,0.,1.));
#14252=DIRECTION('',(-0.707106781186548,0.707106781186547,0.));
#14253=DIRECTION('',(0.,0.,1.));
#14254=DIRECTION('',(0.707106781186548,-0.707106781186547,0.));
#14255=DIRECTION('center_axis',(-0.707106781186548,0.707106781186547,0.));
#14256=DIRECTION('ref_axis',(0.,0.,1.));
#14257=DIRECTION('',(-0.707106781186547,-0.707106781186548,0.));
#14258=DIRECTION('',(0.,0.,-1.));
#14259=DIRECTION('',(0.707106781186547,0.707106781186548,0.));
#14260=DIRECTION('center_axis',(-0.707106781186548,0.707106781186547,0.));
#14261=DIRECTION('ref_axis',(0.,0.,1.));
#14262=DIRECTION('',(-0.707106781186547,-0.707106781186548,0.));
#14263=DIRECTION('',(0.,0.,-1.));
#14264=DIRECTION('',(0.707106781186547,0.707106781186548,0.));
#14265=DIRECTION('center_axis',(-0.707106781186548,-0.707106781186547,0.));
#14266=DIRECTION('ref_axis',(0.,0.,1.));
#14267=DIRECTION('',(-0.707106781186547,0.707106781186548,0.));
#14268=DIRECTION('',(0.,0.,1.));
#14269=DIRECTION('',(0.707106781186547,-0.707106781186548,0.));
#14270=DIRECTION('center_axis',(-0.816496580927734,-0.408248290463862,-0.408248290463848));
#14271=DIRECTION('ref_axis',(-0.577350269189619,0.577350269189636,0.577350269189622));
#14272=DIRECTION('center_axis',(-1.,0.,0.));
#14273=DIRECTION('ref_axis',(0.,1.,0.));
#14274=DIRECTION('center_axis',(-1.77635683940025E-14,1.,0.));
#14275=DIRECTION('ref_axis',(0.,0.,1.));
#14276=DIRECTION('center_axis',(1.,0.,0.));
#14277=DIRECTION('ref_axis',(0.,0.70710678118654,0.707106781186555));
#14278=DIRECTION('',(1.,0.,0.));
#14279=DIRECTION('center_axis',(-1.,0.,0.));
#14280=DIRECTION('ref_axis',(0.,0.,1.));
#14281=DIRECTION('center_axis',(0.,1.,0.));
#14282=DIRECTION('ref_axis',(0.,0.,1.));
#14283=DIRECTION('center_axis',(0.,-1.,0.));
#14284=DIRECTION('ref_axis',(0.707106781186548,0.,-0.707106781186548));
#14285=DIRECTION('center_axis',(-0.408248290463867,-0.408248290463862,-0.816496580927724));
#14286=DIRECTION('ref_axis',(-0.57735026918963,-0.577350269189622,0.577350269189625));
#14287=DIRECTION('center_axis',(0.,-1.,8.88178419700128E-15));
#14288=DIRECTION('ref_axis',(-1.,0.,0.));
#14289=DIRECTION('center_axis',(-1.,0.,0.));
#14290=DIRECTION('ref_axis',(0.,0.,1.));
#14291=DIRECTION('center_axis',(1.10053139679271E-33,-1.,0.));
#14292=DIRECTION('ref_axis',(0.,0.,-1.));
#14293=DIRECTION('center_axis',(-1.10053139679271E-33,1.,0.));
#14294=DIRECTION('ref_axis',(0.707106781186548,0.,-0.707106781186548));
#14295=DIRECTION('center_axis',(0.408248290463865,0.408248290463863,-0.816496580927725));
#14296=DIRECTION('ref_axis',(0.577350269189628,0.577350269189625,0.577350269189625));
#14297=DIRECTION('center_axis',(0.,1.,0.));
#14298=DIRECTION('ref_axis',(1.,0.,0.));
#14299=DIRECTION('center_axis',(1.,0.,0.));
#14300=DIRECTION('ref_axis',(0.,0.,1.));
#14301=DIRECTION('center_axis',(0.,0.,1.));
#14302=DIRECTION('ref_axis',(0.707106781186555,0.70710678118654,0.));
#14303=DIRECTION('center_axis',(0.,0.,1.));
#14304=DIRECTION('ref_axis',(1.,0.,0.));
#14305=DIRECTION('center_axis',(0.,1.,0.));
#14306=DIRECTION('ref_axis',(0.,0.,1.));
#14307=DIRECTION('center_axis',(0.,-1.,0.));
#14308=DIRECTION('ref_axis',(-0.707106781186548,0.,-0.707106781186548));
#14309=DIRECTION('center_axis',(-1.,0.,0.));
#14310=DIRECTION('ref_axis',(0.,0.707106781186548,0.707106781186548));
#14311=DIRECTION('',(1.,0.,0.));
#14312=DIRECTION('center_axis',(0.40824829046386,-0.40824829046386,-0.816496580927729));
#14313=DIRECTION('ref_axis',(0.577350269189628,-0.577350269189627,0.577350269189623));
#14314=DIRECTION('center_axis',(1.,0.,0.));
#14315=DIRECTION('ref_axis',(0.,-1.,0.));
#14316=DIRECTION('center_axis',(0.,-1.,0.));
#14317=DIRECTION('ref_axis',(0.,0.,1.));
#14318=DIRECTION('center_axis',(1.10053139679271E-33,-1.,0.));
#14319=DIRECTION('ref_axis',(0.,0.,-1.));
#14320=DIRECTION('center_axis',(-1.10053139679271E-33,1.,0.));
#14321=DIRECTION('ref_axis',(-0.707106781186548,0.,-0.707106781186548));
#14322=DIRECTION('center_axis',(1.,1.10053139679271E-33,0.));
#14323=DIRECTION('ref_axis',(0.,-0.707106781186548,0.707106781186547));
#14324=DIRECTION('',(1.,1.10053139679271E-33,0.));
#14325=DIRECTION('center_axis',(0.,1.,0.));
#14326=DIRECTION('ref_axis',(0.707106781186555,0.,0.70710678118654));
#14327=DIRECTION('',(0.,-1.,0.));
#14328=DIRECTION('center_axis',(1.,1.10053139679271E-33,0.));
#14329=DIRECTION('ref_axis',(0.,-0.707106781186555,0.70710678118654));
#14330=DIRECTION('',(-1.,-1.10053139679271E-33,0.));
#14331=DIRECTION('center_axis',(0.,-1.,0.));
#14332=DIRECTION('ref_axis',(-0.707106781186555,0.,0.70710678118654));
#14333=DIRECTION('',(0.,1.,0.));
#14334=DIRECTION('center_axis',(0.,1.,0.));
#14335=DIRECTION('ref_axis',(-0.707106781186547,0.,-0.707106781186548));
#14336=DIRECTION('',(0.,1.,0.));
#14337=DIRECTION('center_axis',(0.,0.,-1.));
#14338=DIRECTION('ref_axis',(1.,0.,0.));
#14339=DIRECTION('center_axis',(0.,0.,1.));
#14340=DIRECTION('ref_axis',(1.,0.,0.));
#14341=DIRECTION('center_axis',(0.,1.,0.));
#14342=DIRECTION('ref_axis',(0.,0.,-1.));
#14343=DIRECTION('',(0.,0.,-1.));
#14344=DIRECTION('',(-1.,0.,0.));
#14345=DIRECTION('',(-1.,0.,0.));
#14346=DIRECTION('',(0.,0.,1.));
#14347=DIRECTION('',(-1.,0.,0.));
#14348=DIRECTION('',(-1.,0.,0.));
#14349=DIRECTION('',(0.,0.,1.));
#14350=DIRECTION('',(-1.,0.,0.));
#14351=DIRECTION('',(-1.,0.,0.));
#14352=DIRECTION('',(0.,0.,1.));
#14353=DIRECTION('',(-1.,0.,0.));
#14354=DIRECTION('',(-1.,0.,0.));
#14355=DIRECTION('',(0.,0.,1.));
#14356=DIRECTION('',(-1.,0.,0.));
#14357=DIRECTION('',(-1.,0.,0.));
#14358=DIRECTION('',(0.,0.,1.));
#14359=DIRECTION('',(-1.,0.,0.));
#14360=DIRECTION('',(-1.,0.,0.));
#14361=DIRECTION('',(0.,0.,1.));
#14362=DIRECTION('',(-1.,0.,0.));
#14363=DIRECTION('',(-1.,0.,0.));
#14364=DIRECTION('',(0.,0.,1.));
#14365=DIRECTION('',(-1.,0.,0.));
#14366=DIRECTION('',(-1.,0.,0.));
#14367=DIRECTION('',(0.,0.,1.));
#14368=DIRECTION('',(-1.,0.,0.));
#14369=DIRECTION('',(-1.,0.,0.));
#14370=DIRECTION('',(0.,0.,1.));
#14371=DIRECTION('',(-1.,0.,0.));
#14372=DIRECTION('',(-1.,0.,0.));
#14373=DIRECTION('center_axis',(0.,-1.,0.));
#14374=DIRECTION('ref_axis',(0.,0.,1.));
#14375=DIRECTION('',(0.,0.,1.));
#14376=DIRECTION('',(-1.,0.,0.));
#14377=DIRECTION('',(-1.,0.,0.));
#14378=DIRECTION('',(0.,0.,-1.));
#14379=DIRECTION('',(-1.,0.,0.));
#14380=DIRECTION('',(-1.,0.,0.));
#14381=DIRECTION('',(0.,0.,-1.));
#14382=DIRECTION('',(-1.,0.,0.));
#14383=DIRECTION('',(-1.,0.,0.));
#14384=DIRECTION('',(0.,0.,-1.));
#14385=DIRECTION('',(-1.,0.,0.));
#14386=DIRECTION('',(-1.,0.,0.));
#14387=DIRECTION('',(0.,0.,-1.));
#14388=DIRECTION('',(-1.,0.,0.));
#14389=DIRECTION('',(-1.,0.,0.));
#14390=DIRECTION('',(0.,0.,-1.));
#14391=DIRECTION('',(-1.,0.,0.));
#14392=DIRECTION('',(-1.,0.,0.));
#14393=DIRECTION('',(0.,0.,-1.));
#14394=DIRECTION('',(-1.,0.,0.));
#14395=DIRECTION('',(-1.,0.,0.));
#14396=DIRECTION('',(0.,0.,-1.));
#14397=DIRECTION('',(-1.,0.,0.));
#14398=DIRECTION('',(-1.,0.,0.));
#14399=DIRECTION('',(0.,0.,-1.));
#14400=DIRECTION('',(-1.,0.,0.));
#14401=DIRECTION('',(-1.,0.,0.));
#14402=DIRECTION('',(0.,0.,-1.));
#14403=DIRECTION('',(-1.,0.,0.));
#14404=DIRECTION('',(-1.,0.,0.));
#14405=DIRECTION('center_axis',(0.,0.,1.));
#14406=DIRECTION('ref_axis',(0.,1.,0.));
#14407=DIRECTION('',(0.,1.,0.));
#14408=DIRECTION('',(-1.,0.,0.));
#14409=DIRECTION('',(0.,-1.,0.));
#14410=DIRECTION('',(-1.,0.,0.));
#14411=DIRECTION('',(-1.,0.,0.));
#14412=DIRECTION('',(0.,-1.,0.));
#14413=DIRECTION('',(-1.,0.,0.));
#14414=DIRECTION('',(-1.,0.,0.));
#14415=DIRECTION('',(0.,-1.,0.));
#14416=DIRECTION('',(-1.,0.,0.));
#14417=DIRECTION('',(-1.,0.,0.));
#14418=DIRECTION('',(0.,-1.,0.));
#14419=DIRECTION('',(-1.,0.,0.));
#14420=DIRECTION('',(-1.,0.,0.));
#14421=DIRECTION('',(0.,-1.,0.));
#14422=DIRECTION('',(-1.,0.,0.));
#14423=DIRECTION('',(-1.,0.,0.));
#14424=DIRECTION('',(0.,-1.,0.));
#14425=DIRECTION('',(-1.,0.,0.));
#14426=DIRECTION('center_axis',(0.,0.,-1.));
#14427=DIRECTION('ref_axis',(0.,-1.,0.));
#14428=DIRECTION('',(0.,-1.,0.));
#14429=DIRECTION('',(-1.,0.,0.));
#14430=DIRECTION('',(0.,1.,0.));
#14431=DIRECTION('',(-1.,0.,0.));
#14432=DIRECTION('',(-1.,0.,0.));
#14433=DIRECTION('',(0.,1.,0.));
#14434=DIRECTION('',(-1.,0.,0.));
#14435=DIRECTION('',(-1.,0.,0.));
#14436=DIRECTION('',(0.,1.,0.));
#14437=DIRECTION('',(-1.,0.,0.));
#14438=DIRECTION('',(-1.,0.,0.));
#14439=DIRECTION('',(0.,1.,0.));
#14440=DIRECTION('',(-1.,0.,0.));
#14441=DIRECTION('',(-1.,0.,0.));
#14442=DIRECTION('',(0.,1.,0.));
#14443=DIRECTION('',(-1.,0.,0.));
#14444=DIRECTION('',(-1.,0.,0.));
#14445=DIRECTION('',(0.,1.,0.));
#14446=DIRECTION('',(-1.,0.,0.));
#14447=DIRECTION('center_axis',(0.,-1.,0.));
#14448=DIRECTION('ref_axis',(0.707106781186548,0.,-0.707106781186548));
#14449=DIRECTION('',(0.,-1.,0.));
#14450=DIRECTION('center_axis',(0.,0.,-1.));
#14451=DIRECTION('ref_axis',(1.,0.,0.));
#14452=DIRECTION('center_axis',(0.,0.,1.));
#14453=DIRECTION('ref_axis',(0.,-1.,0.));
#14454=DIRECTION('',(0.,-1.,0.));
#14455=DIRECTION('center_axis',(0.,0.,-1.));
#14456=DIRECTION('ref_axis',(0.,1.,0.));
#14457=DIRECTION('',(0.,1.,0.));
#14458=DIRECTION('center_axis',(1.,0.,0.));
#14459=DIRECTION('ref_axis',(0.,0.,-1.));
#14460=DIRECTION('center_axis',(0.,0.,1.));
#14461=DIRECTION('ref_axis',(0.,-1.,0.));
#14462=DIRECTION('',(0.,-1.,0.));
#14463=DIRECTION('center_axis',(0.,0.,-1.));
#14464=DIRECTION('ref_axis',(0.,1.,0.));
#14465=DIRECTION('',(0.,1.,0.));
#14466=DIRECTION('center_axis',(1.,0.,0.));
#14467=DIRECTION('ref_axis',(0.,0.,-1.));
#14468=DIRECTION('center_axis',(0.,0.,-1.));
#14469=DIRECTION('ref_axis',(-1.,0.,0.));
#14470=DIRECTION('center_axis',(-1.,0.,0.));
#14471=DIRECTION('ref_axis',(0.,-1.,0.));
#14472=DIRECTION('',(0.,-1.,0.));
#14473=DIRECTION('',(0.,-0.499999999999998,0.86602540378444));
#14474=DIRECTION('',(0.,0.499999999999998,0.86602540378444));
#14475=DIRECTION('',(0.,1.,0.));
#14476=DIRECTION('',(0.,0.500000000000002,-0.866025403784437));
#14477=DIRECTION('',(0.,-0.500000000000002,-0.866025403784437));
#14478=DIRECTION('',(0.,-1.,0.));
#14479=DIRECTION('',(0.,-0.499999999999998,0.86602540378444));
#14480=DIRECTION('',(0.,0.499999999999997,0.86602540378444));
#14481=DIRECTION('',(0.,1.,0.));
#14482=DIRECTION('',(0.,0.500000000000001,-0.866025403784438));
#14483=DIRECTION('',(0.,-0.500000000000003,-0.866025403784437));
#14484=DIRECTION('',(0.,-1.,0.));
#14485=DIRECTION('',(0.,-0.499999999999999,0.866025403784439));
#14486=DIRECTION('',(0.,0.499999999999998,0.86602540378444));
#14487=DIRECTION('',(0.,1.,0.));
#14488=DIRECTION('',(0.,0.500000000000002,-0.866025403784437));
#14489=DIRECTION('',(0.,-0.500000000000002,-0.866025403784437));
#14490=DIRECTION('',(0.,-1.,0.));
#14491=DIRECTION('',(0.,-0.499999999999998,0.86602540378444));
#14492=DIRECTION('',(0.,0.499999999999998,0.86602540378444));
#14493=DIRECTION('',(0.,1.,0.));
#14494=DIRECTION('',(0.,0.500000000000002,-0.866025403784437));
#14495=DIRECTION('',(0.,-0.500000000000002,-0.866025403784437));
#14496=DIRECTION('',(0.,-1.,0.));
#14497=DIRECTION('',(0.,-0.499999999999998,0.86602540378444));
#14498=DIRECTION('',(0.,0.499999999999998,0.86602540378444));
#14499=DIRECTION('',(0.,1.,0.));
#14500=DIRECTION('',(0.,0.500000000000002,-0.866025403784437));
#14501=DIRECTION('',(0.,-0.500000000000002,-0.866025403784437));
#14502=DIRECTION('',(0.,-1.,0.));
#14503=DIRECTION('',(0.,-0.499999999999998,0.86602540378444));
#14504=DIRECTION('',(0.,0.499999999999999,0.866025403784439));
#14505=DIRECTION('',(0.,1.,0.));
#14506=DIRECTION('',(0.,0.500000000000003,-0.866025403784437));
#14507=DIRECTION('',(0.,-0.500000000000001,-0.866025403784438));
#14508=DIRECTION('',(0.,-1.,0.));
#14509=DIRECTION('',(0.,-0.499999999999997,0.86602540378444));
#14510=DIRECTION('',(0.,0.499999999999999,0.866025403784439));
#14511=DIRECTION('',(0.,1.,0.));
#14512=DIRECTION('',(0.,0.500000000000003,-0.866025403784437));
#14513=DIRECTION('',(0.,-0.500000000000001,-0.866025403784438));
#14514=DIRECTION('',(0.,-1.,0.));
#14515=DIRECTION('',(0.,-0.499999999999997,0.86602540378444));
#14516=DIRECTION('',(0.,0.499999999999999,0.866025403784439));
#14517=DIRECTION('',(0.,1.,0.));
#14518=DIRECTION('',(0.,0.500000000000003,-0.866025403784437));
#14519=DIRECTION('',(0.,-0.500000000000003,-0.866025403784437));
#14520=DIRECTION('',(0.,-1.,0.));
#14521=DIRECTION('',(0.,-0.499999999999999,0.866025403784439));
#14522=DIRECTION('',(0.,0.499999999999997,0.86602540378444));
#14523=DIRECTION('',(0.,1.,0.));
#14524=DIRECTION('',(0.,0.500000000000001,-0.866025403784438));
#14525=DIRECTION('',(0.,-0.499999999999997,0.86602540378444));
#14526=DIRECTION('',(0.,0.499999999999999,0.866025403784439));
#14527=DIRECTION('',(0.,1.,0.));
#14528=DIRECTION('',(0.,0.500000000000001,-0.866025403784438));
#14529=DIRECTION('',(0.,-0.499999999999999,-0.866025403784439));
#14530=DIRECTION('',(0.,0.499999999999999,0.866025403784439));
#14531=DIRECTION('',(0.,1.,0.));
#14532=DIRECTION('',(0.,0.499999999999999,-0.866025403784439));
#14533=DIRECTION('',(0.,-0.499999999999999,0.866025403784439));
#14534=DIRECTION('',(0.,0.500000000000001,0.866025403784438));
#14535=DIRECTION('',(0.,1.,0.));
#14536=DIRECTION('',(0.,0.500000000000001,-0.866025403784438));
#14537=DIRECTION('',(0.,-0.499999999999999,-0.866025403784439));
#14538=DIRECTION('',(0.,0.499999999999999,0.866025403784439));
#14539=DIRECTION('',(0.,1.,0.));
#14540=DIRECTION('',(0.,0.499999999999999,-0.866025403784439));
#14541=DIRECTION('',(0.,-0.499999999999999,0.866025403784439));
#14542=DIRECTION('',(0.,0.500000000000001,0.866025403784438));
#14543=DIRECTION('',(0.,1.,0.));
#14544=DIRECTION('',(0.,0.500000000000001,-0.866025403784438));
#14545=DIRECTION('',(0.,-0.499999999999999,-0.866025403784439));
#14546=DIRECTION('',(0.,0.499999999999999,0.866025403784439));
#14547=DIRECTION('',(0.,1.,0.));
#14548=DIRECTION('',(0.,0.499999999999999,-0.866025403784439));
#14549=DIRECTION('',(0.,-0.500000000000001,-0.866025403784438));
#14550=DIRECTION('',(0.,-1.,0.));
#14551=DIRECTION('',(0.,-0.500000000000001,0.866025403784438));
#14552=DIRECTION('',(0.,0.500000000000001,0.866025403784438));
#14553=DIRECTION('',(0.,1.,0.));
#14554=DIRECTION('',(0.,0.500000000000001,-0.866025403784438));
#14555=DIRECTION('',(0.,-0.499999999999999,-0.866025403784439));
#14556=DIRECTION('',(0.,-1.,0.));
#14557=DIRECTION('',(0.,-0.499999999999999,0.866025403784439));
#14558=DIRECTION('',(0.,0.500000000000001,0.866025403784438));
#14559=DIRECTION('',(0.,1.,0.));
#14560=DIRECTION('',(0.,0.500000000000001,-0.866025403784438));
#14561=DIRECTION('',(0.,-0.499999999999999,-0.866025403784439));
#14562=DIRECTION('',(0.,-1.,0.));
#14563=DIRECTION('',(0.,-0.499999999999999,0.866025403784439));
#14564=DIRECTION('',(0.,0.500000000000001,0.866025403784438));
#14565=DIRECTION('',(0.,1.,0.));
#14566=DIRECTION('',(0.,0.500000000000001,-0.866025403784438));
#14567=DIRECTION('',(0.,-0.5,-0.866025403784438));
#14568=DIRECTION('',(0.,-1.,0.));
#14569=DIRECTION('',(0.,-0.5,0.866025403784439));
#14570=DIRECTION('',(0.,0.5,0.866025403784439));
#14571=DIRECTION('',(0.,1.,0.));
#14572=DIRECTION('',(0.,0.5,-0.866025403784439));
#14573=DIRECTION('',(0.,-0.5,-0.866025403784438));
#14574=DIRECTION('',(0.,-1.,0.));
#14575=DIRECTION('',(0.,-0.5,0.866025403784439));
#14576=DIRECTION('',(0.,0.5,0.866025403784439));
#14577=DIRECTION('',(0.,1.,0.));
#14578=DIRECTION('',(0.,0.5,-0.866025403784439));
#14579=DIRECTION('',(0.,-0.5,-0.866025403784438));
#14580=DIRECTION('',(0.,-1.,0.));
#14581=DIRECTION('',(0.,-0.5,0.866025403784439));
#14582=DIRECTION('',(0.,0.5,0.866025403784439));
#14583=DIRECTION('',(0.,1.,0.));
#14584=DIRECTION('',(0.,0.5,-0.866025403784438));
#14585=DIRECTION('',(0.,-0.500000000000001,-0.866025403784438));
#14586=DIRECTION('',(0.,-1.,0.));
#14587=DIRECTION('',(0.,-0.500000000000001,0.866025403784438));
#14588=DIRECTION('',(0.,0.499999999999999,0.866025403784439));
#14589=DIRECTION('',(0.,1.,0.));
#14590=DIRECTION('',(0.,0.499999999999999,-0.866025403784439));
#14591=DIRECTION('',(0.,-0.5,-0.866025403784439));
#14592=DIRECTION('',(0.,-1.,0.));
#14593=DIRECTION('',(0.,-0.5,0.866025403784439));
#14594=DIRECTION('',(0.,0.5,0.866025403784439));
#14595=DIRECTION('',(0.,1.,0.));
#14596=DIRECTION('',(0.,0.5,-0.866025403784439));
#14597=DIRECTION('',(0.,-0.5,-0.866025403784439));
#14598=DIRECTION('',(0.,-1.,0.));
#14599=DIRECTION('',(0.,-0.5,0.866025403784439));
#14600=DIRECTION('',(0.,0.5,-0.866025403784439));
#14601=DIRECTION('',(0.,-0.5,-0.866025403784439));
#14602=DIRECTION('',(0.,-1.,0.));
#14603=DIRECTION('',(0.,-0.5,0.866025403784439));
#14604=DIRECTION('',(0.,0.5,0.866025403784439));
#14605=DIRECTION('',(0.,-0.5,-0.866025403784439));
#14606=DIRECTION('',(0.,-1.,0.));
#14607=DIRECTION('',(0.,-0.5,0.866025403784439));
#14608=DIRECTION('',(0.,0.5,-0.866025403784439));
#14609=DIRECTION('',(0.,-0.5,-0.866025403784439));
#14610=DIRECTION('',(0.,-1.,0.));
#14611=DIRECTION('',(0.,-0.5,0.866025403784439));
#14612=DIRECTION('',(0.,0.5,0.866025403784439));
#14613=DIRECTION('',(0.,-0.5,-0.866025403784439));
#14614=DIRECTION('',(0.,-1.,0.));
#14615=DIRECTION('',(0.,-0.5,0.866025403784439));
#14616=DIRECTION('',(0.,0.5,-0.866025403784439));
#14617=DIRECTION('',(0.,-0.5,-0.866025403784439));
#14618=DIRECTION('',(0.,-1.,0.));
#14619=DIRECTION('',(0.,-0.499999999999998,0.86602540378444));
#14620=DIRECTION('',(0.,0.499999999999998,0.86602540378444));
#14621=DIRECTION('',(0.,-0.500000000000002,-0.866025403784437));
#14622=DIRECTION('',(0.,-1.,0.));
#14623=DIRECTION('',(0.,-0.5,0.866025403784439));
#14624=DIRECTION('',(0.,0.5,0.866025403784439));
#14625=DIRECTION('',(0.,1.,0.));
#14626=DIRECTION('',(0.,0.5,-0.866025403784439));
#14627=DIRECTION('',(0.,-0.5,-0.866025403784439));
#14628=DIRECTION('',(0.,0.500000000000001,-0.866025403784438));
#14629=DIRECTION('',(0.,-0.499999999999999,-0.866025403784439));
#14630=DIRECTION('',(0.,-1.,0.));
#14631=DIRECTION('',(0.,-0.499999999999997,0.86602540378444));
#14632=DIRECTION('',(0.,0.499999999999999,0.866025403784439));
#14633=DIRECTION('',(0.,1.,0.));
#14634=DIRECTION('',(0.,0.499999999999999,0.866025403784439));
#14635=DIRECTION('',(0.,1.,0.));
#14636=DIRECTION('',(0.,0.499999999999999,-0.866025403784439));
#14637=DIRECTION('',(0.,-0.500000000000001,-0.866025403784438));
#14638=DIRECTION('',(0.,-1.,0.));
#14639=DIRECTION('',(0.,-0.500000000000001,0.866025403784438));
#14640=DIRECTION('',(0.,0.499999999999999,-0.866025403784439));
#14641=DIRECTION('',(0.,-0.500000000000001,-0.866025403784438));
#14642=DIRECTION('',(0.,-1.,0.));
#14643=DIRECTION('',(0.,-0.499999999999999,0.866025403784439));
#14644=DIRECTION('',(0.,0.499999999999997,0.86602540378444));
#14645=DIRECTION('',(0.,1.,0.));
#14646=DIRECTION('',(0.,-1.,0.));
#14647=DIRECTION('',(0.,-0.499999999999999,0.866025403784439));
#14648=DIRECTION('',(0.,0.499999999999999,0.866025403784439));
#14649=DIRECTION('',(0.,1.,0.));
#14650=DIRECTION('',(0.,0.499999999999999,-0.866025403784439));
#14651=DIRECTION('',(0.,-0.499999999999999,-0.866025403784439));
#14652=DIRECTION('',(0.,-0.5,-0.866025403784439));
#14653=DIRECTION('',(0.,-1.,0.));
#14654=DIRECTION('',(0.,-0.499999999999998,0.86602540378444));
#14655=DIRECTION('',(0.,0.499999999999998,0.86602540378444));
#14656=DIRECTION('',(0.,1.,0.));
#14657=DIRECTION('',(0.,0.5,-0.866025403784439));
#14658=DIRECTION('',(0.,-1.,0.));
#14659=DIRECTION('',(0.,-0.500000000000001,0.866025403784438));
#14660=DIRECTION('',(0.,0.499999999999999,0.866025403784439));
#14661=DIRECTION('',(0.,1.,0.));
#14662=DIRECTION('',(0.,0.499999999999999,-0.866025403784439));
#14663=DIRECTION('',(0.,-0.500000000000001,-0.866025403784438));
#14664=DIRECTION('',(0.,-1.,0.));
#14665=DIRECTION('',(0.,-0.500000000000001,0.866025403784438));
#14666=DIRECTION('',(0.,0.500000000000001,0.866025403784438));
#14667=DIRECTION('',(0.,1.,0.));
#14668=DIRECTION('',(0.,0.500000000000001,-0.866025403784438));
#14669=DIRECTION('',(0.,-0.500000000000001,-0.866025403784438));
#14670=DIRECTION('',(0.,-1.,0.));
#14671=DIRECTION('',(0.,-0.5,0.866025403784439));
#14672=DIRECTION('',(0.,0.5,0.866025403784439));
#14673=DIRECTION('',(0.,1.,0.));
#14674=DIRECTION('',(0.,0.5,-0.866025403784439));
#14675=DIRECTION('',(0.,-0.5,-0.866025403784439));
#14676=DIRECTION('',(0.,-1.,0.));
#14677=DIRECTION('',(0.,-0.500000000000001,0.866025403784438));
#14678=DIRECTION('',(0.,0.499999999999999,0.866025403784439));
#14679=DIRECTION('',(0.,1.,0.));
#14680=DIRECTION('',(0.,0.499999999999999,-0.866025403784439));
#14681=DIRECTION('',(0.,-0.500000000000001,-0.866025403784438));
#14682=DIRECTION('',(0.,0.500000000000001,0.866025403784438));
#14683=DIRECTION('',(0.,1.,0.));
#14684=DIRECTION('',(0.,0.500000000000001,-0.866025403784438));
#14685=DIRECTION('',(0.,-0.499999999999999,-0.866025403784439));
#14686=DIRECTION('',(0.,-1.,0.));
#14687=DIRECTION('',(0.,-0.499999999999999,0.866025403784439));
#14688=DIRECTION('',(0.,-1.,0.));
#14689=DIRECTION('',(0.,-0.5,0.866025403784439));
#14690=DIRECTION('',(0.,0.5,0.866025403784439));
#14691=DIRECTION('',(0.,1.,0.));
#14692=DIRECTION('',(0.,0.5,-0.866025403784439));
#14693=DIRECTION('',(0.,-0.5,-0.866025403784439));
#14694=DIRECTION('',(0.,0.5,0.866025403784439));
#14695=DIRECTION('',(0.,1.,0.));
#14696=DIRECTION('',(0.,0.5,-0.866025403784439));
#14697=DIRECTION('',(0.,-0.5,-0.866025403784439));
#14698=DIRECTION('',(0.,-1.,0.));
#14699=DIRECTION('',(0.,-0.5,0.866025403784439));
#14700=DIRECTION('',(0.,-1.,0.));
#14701=DIRECTION('',(0.,-0.5,0.866025403784439));
#14702=DIRECTION('',(0.,0.5,0.866025403784439));
#14703=DIRECTION('',(0.,1.,0.));
#14704=DIRECTION('',(0.,0.5,-0.866025403784439));
#14705=DIRECTION('',(0.,-0.5,-0.866025403784439));
#14706=DIRECTION('',(0.,-1.,0.));
#14707=DIRECTION('',(0.,-0.5,0.866025403784439));
#14708=DIRECTION('',(0.,0.5,0.866025403784439));
#14709=DIRECTION('',(0.,1.,0.));
#14710=DIRECTION('',(0.,0.5,-0.866025403784439));
#14711=DIRECTION('',(0.,-0.5,-0.866025403784439));
#14712=DIRECTION('',(0.,0.5,-0.866025403784439));
#14713=DIRECTION('',(0.,-0.5,-0.866025403784439));
#14714=DIRECTION('',(0.,-1.,0.));
#14715=DIRECTION('',(0.,-0.499999999999998,0.86602540378444));
#14716=DIRECTION('',(0.,0.499999999999998,0.86602540378444));
#14717=DIRECTION('',(0.,1.,0.));
#14718=DIRECTION('',(0.,0.499999999999999,0.866025403784439));
#14719=DIRECTION('',(0.,1.,0.));
#14720=DIRECTION('',(0.,0.499999999999999,-0.866025403784439));
#14721=DIRECTION('',(0.,-0.499999999999999,-0.866025403784439));
#14722=DIRECTION('',(0.,-1.,0.));
#14723=DIRECTION('',(0.,-0.499999999999999,0.866025403784439));
#14724=DIRECTION('',(0.,-1.,0.));
#14725=DIRECTION('',(0.,-0.499999999999999,0.866025403784439));
#14726=DIRECTION('',(0.,0.500000000000001,0.866025403784438));
#14727=DIRECTION('',(0.,1.,0.));
#14728=DIRECTION('',(0.,0.500000000000001,-0.866025403784438));
#14729=DIRECTION('',(0.,-0.499999999999999,-0.866025403784439));
#14730=DIRECTION('',(0.,-0.5,0.866025403784439));
#14731=DIRECTION('',(0.,0.5,0.866025403784439));
#14732=DIRECTION('',(0.,1.,0.));
#14733=DIRECTION('',(0.,0.5,-0.866025403784439));
#14734=DIRECTION('',(0.,-0.5,-0.866025403784439));
#14735=DIRECTION('',(0.,-1.,0.));
#14736=DIRECTION('',(0.,-1.,0.));
#14737=DIRECTION('',(0.,-0.5,0.866025403784439));
#14738=DIRECTION('',(0.,0.5,0.866025403784439));
#14739=DIRECTION('',(0.,1.,0.));
#14740=DIRECTION('',(0.,0.5,-0.866025403784439));
#14741=DIRECTION('',(0.,-0.5,-0.866025403784439));
#14742=DIRECTION('',(0.,1.,0.));
#14743=DIRECTION('',(0.,0.5,-0.866025403784439));
#14744=DIRECTION('',(0.,-0.5,-0.866025403784439));
#14745=DIRECTION('',(0.,-1.,0.));
#14746=DIRECTION('',(0.,-0.5,0.866025403784439));
#14747=DIRECTION('',(0.,0.5,0.866025403784439));
#14748=DIRECTION('',(0.,-1.,0.));
#14749=DIRECTION('',(0.,-0.500000000000001,0.866025403784438));
#14750=DIRECTION('',(0.,0.500000000000001,0.866025403784438));
#14751=DIRECTION('',(0.,1.,0.));
#14752=DIRECTION('',(0.,0.500000000000001,-0.866025403784438));
#14753=DIRECTION('',(0.,-0.500000000000001,-0.866025403784438));
#14754=DIRECTION('',(0.,-1.,0.));
#14755=DIRECTION('',(0.,-0.5,0.866025403784439));
#14756=DIRECTION('',(0.,0.5,0.866025403784439));
#14757=DIRECTION('',(0.,1.,0.));
#14758=DIRECTION('',(0.,0.5,-0.866025403784439));
#14759=DIRECTION('',(0.,-0.5,-0.866025403784439));
#14760=DIRECTION('',(0.,-1.,0.));
#14761=DIRECTION('',(0.,-0.499999999999999,0.866025403784439));
#14762=DIRECTION('',(0.,0.500000000000001,0.866025403784438));
#14763=DIRECTION('',(0.,1.,0.));
#14764=DIRECTION('',(0.,0.500000000000001,-0.866025403784438));
#14765=DIRECTION('',(0.,-0.499999999999999,-0.866025403784439));
#14766=DIRECTION('',(0.,0.499999999999999,-0.866025403784439));
#14767=DIRECTION('',(0.,-0.499999999999999,-0.866025403784439));
#14768=DIRECTION('',(0.,-1.,0.));
#14769=DIRECTION('',(0.,-0.499999999999997,0.86602540378444));
#14770=DIRECTION('',(0.,0.499999999999997,0.86602540378444));
#14771=DIRECTION('',(0.,1.,0.));
#14772=DIRECTION('',(0.,-1.,0.));
#14773=DIRECTION('',(0.,-0.5,0.866025403784439));
#14774=DIRECTION('',(0.,0.5,0.866025403784439));
#14775=DIRECTION('',(0.,1.,0.));
#14776=DIRECTION('',(0.,0.5,-0.866025403784439));
#14777=DIRECTION('',(0.,-0.5,-0.866025403784439));
#14778=DIRECTION('',(0.,-1.,0.));
#14779=DIRECTION('',(0.,-0.500000000000001,0.866025403784438));
#14780=DIRECTION('',(0.,0.499999999999999,0.866025403784439));
#14781=DIRECTION('',(0.,1.,0.));
#14782=DIRECTION('',(0.,0.499999999999999,-0.866025403784439));
#14783=DIRECTION('',(0.,-0.500000000000001,-0.866025403784438));
#14784=DIRECTION('',(0.,0.5,-0.866025403784439));
#14785=DIRECTION('',(0.,-0.5,-0.866025403784439));
#14786=DIRECTION('',(0.,-1.,0.));
#14787=DIRECTION('',(0.,-0.499999999999998,0.86602540378444));
#14788=DIRECTION('',(0.,0.499999999999998,0.86602540378444));
#14789=DIRECTION('',(0.,1.,0.));
#14790=DIRECTION('',(0.,-1.,0.));
#14791=DIRECTION('',(0.,-0.499999999999999,0.866025403784439));
#14792=DIRECTION('',(0.,0.500000000000001,0.866025403784438));
#14793=DIRECTION('',(0.,1.,0.));
#14794=DIRECTION('',(0.,0.500000000000001,-0.866025403784438));
#14795=DIRECTION('',(0.,-0.499999999999999,-0.866025403784439));
#14796=DIRECTION('',(0.,-1.,0.));
#14797=DIRECTION('',(0.,-0.5,0.866025403784439));
#14798=DIRECTION('',(0.,0.5,0.866025403784439));
#14799=DIRECTION('',(0.,1.,0.));
#14800=DIRECTION('',(0.,0.5,-0.866025403784439));
#14801=DIRECTION('',(0.,-0.5,-0.866025403784439));
#14802=DIRECTION('',(0.,-1.,0.));
#14803=DIRECTION('',(0.,-0.499999999999999,0.866025403784439));
#14804=DIRECTION('',(0.,0.500000000000001,0.866025403784438));
#14805=DIRECTION('',(0.,1.,0.));
#14806=DIRECTION('',(0.,0.500000000000001,-0.866025403784438));
#14807=DIRECTION('',(0.,-0.499999999999999,-0.866025403784439));
#14808=DIRECTION('',(0.,0.5,0.866025403784439));
#14809=DIRECTION('',(0.,1.,0.));
#14810=DIRECTION('',(0.,0.5,-0.866025403784439));
#14811=DIRECTION('',(0.,-0.5,-0.866025403784439));
#14812=DIRECTION('',(0.,-1.,0.));
#14813=DIRECTION('',(0.,-0.5,0.866025403784439));
#14814=DIRECTION('',(0.,0.5,0.866025403784439));
#14815=DIRECTION('',(0.,1.,0.));
#14816=DIRECTION('',(0.,0.5,-0.866025403784439));
#14817=DIRECTION('',(0.,-0.5,-0.866025403784439));
#14818=DIRECTION('',(0.,-1.,0.));
#14819=DIRECTION('',(0.,-0.5,0.866025403784439));
#14820=DIRECTION('',(0.,-1.,0.));
#14821=DIRECTION('',(0.,-0.499999999999999,0.866025403784439));
#14822=DIRECTION('',(0.,0.500000000000001,0.866025403784438));
#14823=DIRECTION('',(0.,1.,0.));
#14824=DIRECTION('',(0.,0.500000000000001,-0.866025403784438));
#14825=DIRECTION('',(0.,-0.499999999999999,-0.866025403784439));
#14826=DIRECTION('',(0.,0.5,-0.866025403784439));
#14827=DIRECTION('',(0.,-0.5,-0.866025403784439));
#14828=DIRECTION('',(0.,-1.,0.));
#14829=DIRECTION('',(0.,-0.499999999999998,0.86602540378444));
#14830=DIRECTION('',(0.,0.499999999999998,0.86602540378444));
#14831=DIRECTION('',(0.,1.,0.));
#14832=DIRECTION('',(0.,-1.,0.));
#14833=DIRECTION('',(0.,-0.5,0.866025403784439));
#14834=DIRECTION('',(0.,0.5,0.866025403784439));
#14835=DIRECTION('',(0.,1.,0.));
#14836=DIRECTION('',(0.,0.5,-0.866025403784439));
#14837=DIRECTION('',(0.,-0.5,-0.866025403784439));
#14838=DIRECTION('',(0.,-1.,0.));
#14839=DIRECTION('',(0.,-0.5,0.866025403784439));
#14840=DIRECTION('',(0.,0.5,0.866025403784439));
#14841=DIRECTION('',(0.,1.,0.));
#14842=DIRECTION('',(0.,0.5,-0.866025403784439));
#14843=DIRECTION('',(0.,-0.5,-0.866025403784439));
#14844=DIRECTION('center_axis',(0.,0.866025403784439,0.5));
#14845=DIRECTION('ref_axis',(0.,0.5,-0.866025403784439));
#14846=DIRECTION('',(-1.,0.,0.));
#14847=DIRECTION('',(-1.,0.,0.));
#14848=DIRECTION('center_axis',(0.,0.,1.));
#14849=DIRECTION('ref_axis',(0.,1.,0.));
#14850=DIRECTION('',(-1.,0.,0.));
#14851=DIRECTION('center_axis',(0.,-0.866025403784439,0.5));
#14852=DIRECTION('ref_axis',(0.,0.5,0.866025403784439));
#14853=DIRECTION('',(-1.,0.,0.));
#14854=DIRECTION('center_axis',(0.,0.866025403784439,0.5));
#14855=DIRECTION('ref_axis',(0.,0.5,-0.866025403784439));
#14856=DIRECTION('',(-1.,0.,0.));
#14857=DIRECTION('',(-1.,0.,0.));
#14858=DIRECTION('center_axis',(0.,0.,1.));
#14859=DIRECTION('ref_axis',(0.,1.,0.));
#14860=DIRECTION('',(-1.,0.,0.));
#14861=DIRECTION('center_axis',(0.,-0.866025403784439,0.5));
#14862=DIRECTION('ref_axis',(0.,0.5,0.866025403784439));
#14863=DIRECTION('',(-1.,0.,0.));
#14864=DIRECTION('center_axis',(0.,-0.866025403784439,0.5));
#14865=DIRECTION('ref_axis',(0.,0.5,0.866025403784439));
#14866=DIRECTION('',(-1.,0.,0.));
#14867=DIRECTION('',(-1.,0.,0.));
#14868=DIRECTION('center_axis',(0.,-0.866025403784439,-0.5));
#14869=DIRECTION('ref_axis',(0.,-0.5,0.866025403784439));
#14870=DIRECTION('',(-1.,0.,0.));
#14871=DIRECTION('center_axis',(0.,0.,-1.));
#14872=DIRECTION('ref_axis',(0.,-1.,0.));
#14873=DIRECTION('',(-1.,0.,0.));
#14874=DIRECTION('center_axis',(0.,0.866025403784439,0.499999999999999));
#14875=DIRECTION('ref_axis',(0.,0.499999999999999,-0.866025403784439));
#14876=DIRECTION('',(-1.,0.,0.));
#14877=DIRECTION('',(-1.,0.,0.));
#14878=DIRECTION('center_axis',(0.,0.,1.));
#14879=DIRECTION('ref_axis',(0.,1.,0.));
#14880=DIRECTION('',(-1.,0.,0.));
#14881=DIRECTION('center_axis',(0.,-0.866025403784439,0.499999999999999));
#14882=DIRECTION('ref_axis',(0.,0.499999999999999,0.866025403784439));
#14883=DIRECTION('',(-1.,0.,0.));
#14884=DIRECTION('center_axis',(0.,0.,-1.));
#14885=DIRECTION('ref_axis',(0.,-1.,0.));
#14886=DIRECTION('',(-1.,0.,0.));
#14887=DIRECTION('',(-1.,0.,0.));
#14888=DIRECTION('center_axis',(0.,0.866025403784439,-0.5));
#14889=DIRECTION('ref_axis',(0.,-0.5,-0.866025403784439));
#14890=DIRECTION('',(-1.,0.,0.));
#14891=DIRECTION('center_axis',(0.,0.866025403784439,0.5));
#14892=DIRECTION('ref_axis',(0.,0.5,-0.866025403784439));
#14893=DIRECTION('',(-1.,0.,0.));
#14894=DIRECTION('center_axis',(0.,0.,-1.));
#14895=DIRECTION('ref_axis',(0.,-1.,0.));
#14896=DIRECTION('',(-1.,0.,0.));
#14897=DIRECTION('',(-1.,0.,0.));
#14898=DIRECTION('center_axis',(0.,0.866025403784439,-0.5));
#14899=DIRECTION('ref_axis',(0.,-0.5,-0.866025403784439));
#14900=DIRECTION('',(-1.,0.,0.));
#14901=DIRECTION('center_axis',(0.,0.866025403784439,0.5));
#14902=DIRECTION('ref_axis',(0.,0.5,-0.866025403784439));
#14903=DIRECTION('',(-1.,0.,0.));
#14904=DIRECTION('center_axis',(0.,0.866025403784439,0.499999999999999));
#14905=DIRECTION('ref_axis',(0.,0.499999999999999,-0.866025403784439));
#14906=DIRECTION('',(-1.,0.,0.));
#14907=DIRECTION('',(-1.,0.,0.));
#14908=DIRECTION('center_axis',(0.,0.,1.));
#14909=DIRECTION('ref_axis',(0.,1.,0.));
#14910=DIRECTION('',(-1.,0.,0.));
#14911=DIRECTION('center_axis',(0.,-0.866025403784439,0.499999999999999));
#14912=DIRECTION('ref_axis',(0.,0.499999999999999,0.866025403784439));
#14913=DIRECTION('',(-1.,0.,0.));
#14914=DIRECTION('center_axis',(0.,0.866025403784439,0.5));
#14915=DIRECTION('ref_axis',(0.,0.5,-0.866025403784439));
#14916=DIRECTION('',(-1.,0.,0.));
#14917=DIRECTION('',(-1.,0.,0.));
#14918=DIRECTION('center_axis',(0.,0.,1.));
#14919=DIRECTION('ref_axis',(0.,1.,0.));
#14920=DIRECTION('',(-1.,0.,0.));
#14921=DIRECTION('center_axis',(0.,-0.866025403784439,0.5));
#14922=DIRECTION('ref_axis',(0.,0.5,0.866025403784439));
#14923=DIRECTION('',(-1.,0.,0.));
#14924=DIRECTION('center_axis',(0.,0.866025403784439,0.499999999999999));
#14925=DIRECTION('ref_axis',(0.,0.499999999999999,-0.866025403784439));
#14926=DIRECTION('',(-1.,0.,0.));
#14927=DIRECTION('',(-1.,0.,0.));
#14928=DIRECTION('center_axis',(0.,0.,1.));
#14929=DIRECTION('ref_axis',(0.,1.,0.));
#14930=DIRECTION('',(-1.,0.,0.));
#14931=DIRECTION('center_axis',(0.,-0.866025403784439,0.499999999999999));
#14932=DIRECTION('ref_axis',(0.,0.499999999999999,0.866025403784439));
#14933=DIRECTION('',(-1.,0.,0.));
#14934=DIRECTION('center_axis',(0.,-0.866025403784439,0.5));
#14935=DIRECTION('ref_axis',(0.,0.5,0.866025403784439));
#14936=DIRECTION('',(-1.,0.,0.));
#14937=DIRECTION('',(-1.,0.,0.));
#14938=DIRECTION('center_axis',(0.,-0.866025403784439,-0.5));
#14939=DIRECTION('ref_axis',(0.,-0.5,0.866025403784439));
#14940=DIRECTION('',(-1.,0.,0.));
#14941=DIRECTION('center_axis',(0.,0.,-1.));
#14942=DIRECTION('ref_axis',(0.,-1.,0.));
#14943=DIRECTION('',(-1.,0.,0.));
#14944=DIRECTION('center_axis',(0.,0.866025403784438,0.500000000000001));
#14945=DIRECTION('ref_axis',(0.,0.500000000000001,-0.866025403784438));
#14946=DIRECTION('',(-1.,0.,0.));
#14947=DIRECTION('',(-1.,0.,0.));
#14948=DIRECTION('center_axis',(0.,0.,1.));
#14949=DIRECTION('ref_axis',(0.,1.,0.));
#14950=DIRECTION('',(-1.,0.,0.));
#14951=DIRECTION('center_axis',(0.,-0.866025403784438,0.500000000000001));
#14952=DIRECTION('ref_axis',(0.,0.500000000000001,0.866025403784438));
#14953=DIRECTION('',(-1.,0.,0.));
#14954=DIRECTION('center_axis',(0.,0.866025403784439,0.5));
#14955=DIRECTION('ref_axis',(0.,0.5,-0.866025403784439));
#14956=DIRECTION('',(-1.,0.,0.));
#14957=DIRECTION('',(-1.,0.,0.));
#14958=DIRECTION('center_axis',(0.,0.,1.));
#14959=DIRECTION('ref_axis',(0.,1.,0.));
#14960=DIRECTION('',(-1.,0.,0.));
#14961=DIRECTION('center_axis',(0.,-0.866025403784439,0.5));
#14962=DIRECTION('ref_axis',(0.,0.5,0.866025403784439));
#14963=DIRECTION('',(-1.,0.,0.));
#14964=DIRECTION('center_axis',(0.,-0.866025403784439,0.499999999999999));
#14965=DIRECTION('ref_axis',(0.,0.499999999999999,0.866025403784439));
#14966=DIRECTION('',(-1.,0.,0.));
#14967=DIRECTION('',(-1.,0.,0.));
#14968=DIRECTION('center_axis',(0.,-0.866025403784439,-0.499999999999999));
#14969=DIRECTION('ref_axis',(0.,-0.499999999999999,0.866025403784439));
#14970=DIRECTION('',(-1.,0.,0.));
#14971=DIRECTION('center_axis',(0.,0.,-1.));
#14972=DIRECTION('ref_axis',(0.,-1.,0.));
#14973=DIRECTION('',(-1.,0.,0.));
#14974=DIRECTION('center_axis',(0.,0.866025403784439,0.499999999999999));
#14975=DIRECTION('ref_axis',(0.,0.499999999999999,-0.866025403784439));
#14976=DIRECTION('',(-1.,0.,0.));
#14977=DIRECTION('',(-1.,0.,0.));
#14978=DIRECTION('center_axis',(0.,0.,1.));
#14979=DIRECTION('ref_axis',(0.,1.,0.));
#14980=DIRECTION('',(-1.,0.,0.));
#14981=DIRECTION('center_axis',(0.,-0.866025403784439,0.499999999999999));
#14982=DIRECTION('ref_axis',(0.,0.499999999999999,0.866025403784439));
#14983=DIRECTION('',(-1.,0.,0.));
#14984=DIRECTION('center_axis',(0.,0.866025403784439,0.5));
#14985=DIRECTION('ref_axis',(0.,0.5,-0.866025403784439));
#14986=DIRECTION('',(-1.,0.,0.));
#14987=DIRECTION('',(-1.,0.,0.));
#14988=DIRECTION('center_axis',(0.,0.,1.));
#14989=DIRECTION('ref_axis',(0.,1.,0.));
#14990=DIRECTION('',(-1.,0.,0.));
#14991=DIRECTION('center_axis',(0.,-0.866025403784439,0.5));
#14992=DIRECTION('ref_axis',(0.,0.5,0.866025403784439));
#14993=DIRECTION('',(-1.,0.,0.));
#14994=DIRECTION('center_axis',(0.,0.866025403784438,0.500000000000001));
#14995=DIRECTION('ref_axis',(0.,0.500000000000001,-0.866025403784438));
#14996=DIRECTION('',(-1.,0.,0.));
#14997=DIRECTION('',(-1.,0.,0.));
#14998=DIRECTION('center_axis',(0.,0.,1.));
#14999=DIRECTION('ref_axis',(0.,1.,0.));
#15000=DIRECTION('',(-1.,0.,0.));
#15001=DIRECTION('center_axis',(0.,-0.866025403784438,0.500000000000001));
#15002=DIRECTION('ref_axis',(0.,0.500000000000001,0.866025403784438));
#15003=DIRECTION('',(-1.,0.,0.));
#15004=DIRECTION('center_axis',(0.,-0.866025403784439,-0.5));
#15005=DIRECTION('ref_axis',(0.,-0.5,0.866025403784439));
#15006=DIRECTION('',(-1.,0.,0.));
#15007=DIRECTION('',(-1.,0.,0.));
#15008=DIRECTION('center_axis',(0.,0.,-1.));
#15009=DIRECTION('ref_axis',(0.,-1.,0.));
#15010=DIRECTION('',(-1.,0.,0.));
#15011=DIRECTION('center_axis',(0.,0.866025403784439,-0.5));
#15012=DIRECTION('ref_axis',(0.,-0.5,-0.866025403784439));
#15013=DIRECTION('',(-1.,0.,0.));
#15014=DIRECTION('center_axis',(0.,0.866025403784439,0.5));
#15015=DIRECTION('ref_axis',(0.,0.5,-0.866025403784439));
#15016=DIRECTION('',(-1.,0.,0.));
#15017=DIRECTION('',(-1.,0.,0.));
#15018=DIRECTION('center_axis',(0.,0.,1.));
#15019=DIRECTION('ref_axis',(0.,1.,0.));
#15020=DIRECTION('',(-1.,0.,0.));
#15021=DIRECTION('center_axis',(0.,-0.866025403784439,0.5));
#15022=DIRECTION('ref_axis',(0.,0.5,0.866025403784439));
#15023=DIRECTION('',(-1.,0.,0.));
#15024=DIRECTION('center_axis',(0.,0.866025403784439,-0.5));
#15025=DIRECTION('ref_axis',(0.,-0.5,-0.866025403784439));
#15026=DIRECTION('',(-1.,0.,0.));
#15027=DIRECTION('',(-1.,0.,0.));
#15028=DIRECTION('center_axis',(0.,0.866025403784439,0.5));
#15029=DIRECTION('ref_axis',(0.,0.5,-0.866025403784439));
#15030=DIRECTION('',(-1.,0.,0.));
#15031=DIRECTION('center_axis',(0.,0.,1.));
#15032=DIRECTION('ref_axis',(0.,1.,0.));
#15033=DIRECTION('',(-1.,0.,0.));
#15034=DIRECTION('center_axis',(0.,0.866025403784439,0.499999999999999));
#15035=DIRECTION('ref_axis',(0.,0.499999999999999,-0.866025403784439));
#15036=DIRECTION('',(-1.,0.,0.));
#15037=DIRECTION('',(-1.,0.,0.));
#15038=DIRECTION('center_axis',(0.,0.,1.));
#15039=DIRECTION('ref_axis',(0.,1.,0.));
#15040=DIRECTION('',(-1.,0.,0.));
#15041=DIRECTION('center_axis',(0.,-0.866025403784439,0.499999999999999));
#15042=DIRECTION('ref_axis',(0.,0.499999999999999,0.866025403784439));
#15043=DIRECTION('',(-1.,0.,0.));
#15044=DIRECTION('center_axis',(0.,0.,-1.));
#15045=DIRECTION('ref_axis',(0.,-1.,0.));
#15046=DIRECTION('',(-1.,0.,0.));
#15047=DIRECTION('',(-1.,0.,0.));
#15048=DIRECTION('center_axis',(0.,0.866025403784439,-0.499999999999999));
#15049=DIRECTION('ref_axis',(0.,-0.499999999999999,-0.866025403784439));
#15050=DIRECTION('',(-1.,0.,0.));
#15051=DIRECTION('center_axis',(0.,0.866025403784439,0.499999999999999));
#15052=DIRECTION('ref_axis',(0.,0.499999999999999,-0.866025403784439));
#15053=DIRECTION('',(-1.,0.,0.));
#15054=DIRECTION('center_axis',(0.,-0.866025403784439,0.5));
#15055=DIRECTION('ref_axis',(0.,0.5,0.866025403784439));
#15056=DIRECTION('',(-1.,0.,0.));
#15057=DIRECTION('',(-1.,0.,0.));
#15058=DIRECTION('center_axis',(0.,-0.866025403784439,-0.5));
#15059=DIRECTION('ref_axis',(0.,-0.5,0.866025403784439));
#15060=DIRECTION('',(-1.,0.,0.));
#15061=DIRECTION('center_axis',(0.,0.,-1.));
#15062=DIRECTION('ref_axis',(0.,-1.,0.));
#15063=DIRECTION('',(-1.,0.,0.));
#15064=DIRECTION('center_axis',(0.,0.866025403784439,0.5));
#15065=DIRECTION('ref_axis',(0.,0.5,-0.866025403784439));
#15066=DIRECTION('',(-1.,0.,0.));
#15067=DIRECTION('',(-1.,0.,0.));
#15068=DIRECTION('center_axis',(0.,0.,1.));
#15069=DIRECTION('ref_axis',(0.,1.,0.));
#15070=DIRECTION('',(-1.,0.,0.));
#15071=DIRECTION('center_axis',(0.,-0.866025403784439,0.5));
#15072=DIRECTION('ref_axis',(0.,0.5,0.866025403784439));
#15073=DIRECTION('',(-1.,0.,0.));
#15074=DIRECTION('center_axis',(0.,0.866025403784439,0.5));
#15075=DIRECTION('ref_axis',(0.,0.5,-0.866025403784439));
#15076=DIRECTION('',(-1.,0.,0.));
#15077=DIRECTION('',(-1.,0.,0.));
#15078=DIRECTION('center_axis',(0.,0.,1.));
#15079=DIRECTION('ref_axis',(0.,1.,0.));
#15080=DIRECTION('',(-1.,0.,0.));
#15081=DIRECTION('center_axis',(0.,-0.866025403784439,0.5));
#15082=DIRECTION('ref_axis',(0.,0.5,0.866025403784439));
#15083=DIRECTION('',(-1.,0.,0.));
#15084=DIRECTION('center_axis',(0.,0.,-1.));
#15085=DIRECTION('ref_axis',(0.,-1.,0.));
#15086=DIRECTION('',(-1.,0.,0.));
#15087=DIRECTION('',(-1.,0.,0.));
#15088=DIRECTION('center_axis',(0.,0.866025403784439,-0.5));
#15089=DIRECTION('ref_axis',(0.,-0.5,-0.866025403784439));
#15090=DIRECTION('',(-1.,0.,0.));
#15091=DIRECTION('center_axis',(0.,0.866025403784439,0.5));
#15092=DIRECTION('ref_axis',(0.,0.5,-0.866025403784439));
#15093=DIRECTION('',(-1.,0.,0.));
#15094=DIRECTION('center_axis',(0.,0.866025403784439,0.5));
#15095=DIRECTION('ref_axis',(0.,0.5,-0.866025403784439));
#15096=DIRECTION('',(-1.,0.,0.));
#15097=DIRECTION('',(-1.,0.,0.));
#15098=DIRECTION('center_axis',(0.,0.,1.));
#15099=DIRECTION('ref_axis',(0.,1.,0.));
#15100=DIRECTION('',(-1.,0.,0.));
#15101=DIRECTION('center_axis',(0.,-0.866025403784439,0.5));
#15102=DIRECTION('ref_axis',(0.,0.5,0.866025403784439));
#15103=DIRECTION('',(-1.,0.,0.));
#15104=DIRECTION('center_axis',(0.,0.,-1.));
#15105=DIRECTION('ref_axis',(0.,-1.,0.));
#15106=DIRECTION('',(-1.,0.,0.));
#15107=DIRECTION('',(-1.,0.,0.));
#15108=DIRECTION('center_axis',(0.,0.866025403784438,-0.500000000000001));
#15109=DIRECTION('ref_axis',(0.,-0.500000000000001,-0.866025403784438));
#15110=DIRECTION('',(-1.,0.,0.));
#15111=DIRECTION('center_axis',(0.,0.866025403784439,0.499999999999999));
#15112=DIRECTION('ref_axis',(0.,0.499999999999999,-0.866025403784439));
#15113=DIRECTION('',(-1.,0.,0.));
#15114=DIRECTION('center_axis',(0.,0.866025403784438,0.500000000000001));
#15115=DIRECTION('ref_axis',(0.,0.500000000000001,-0.866025403784438));
#15116=DIRECTION('',(-1.,0.,0.));
#15117=DIRECTION('',(-1.,0.,0.));
#15118=DIRECTION('center_axis',(0.,0.,1.));
#15119=DIRECTION('ref_axis',(0.,1.,0.));
#15120=DIRECTION('',(-1.,0.,0.));
#15121=DIRECTION('center_axis',(0.,-0.866025403784438,0.500000000000001));
#15122=DIRECTION('ref_axis',(0.,0.500000000000001,0.866025403784438));
#15123=DIRECTION('',(-1.,0.,0.));
#15124=DIRECTION('center_axis',(0.,0.866025403784439,0.5));
#15125=DIRECTION('ref_axis',(0.,0.5,-0.866025403784439));
#15126=DIRECTION('',(-1.,0.,0.));
#15127=DIRECTION('',(-1.,0.,0.));
#15128=DIRECTION('center_axis',(0.,0.,1.));
#15129=DIRECTION('ref_axis',(0.,1.,0.));
#15130=DIRECTION('',(-1.,0.,0.));
#15131=DIRECTION('center_axis',(0.,-0.866025403784439,0.5));
#15132=DIRECTION('ref_axis',(0.,0.5,0.866025403784439));
#15133=DIRECTION('',(-1.,0.,0.));
#15134=DIRECTION('center_axis',(0.,0.866025403784438,0.500000000000001));
#15135=DIRECTION('ref_axis',(0.,0.500000000000001,-0.866025403784438));
#15136=DIRECTION('',(-1.,0.,0.));
#15137=DIRECTION('',(-1.,0.,0.));
#15138=DIRECTION('center_axis',(0.,0.,1.));
#15139=DIRECTION('ref_axis',(0.,1.,0.));
#15140=DIRECTION('',(-1.,0.,0.));
#15141=DIRECTION('center_axis',(0.,-0.866025403784438,0.500000000000001));
#15142=DIRECTION('ref_axis',(0.,0.500000000000001,0.866025403784438));
#15143=DIRECTION('',(-1.,0.,0.));
#15144=DIRECTION('center_axis',(0.,0.866025403784438,0.500000000000001));
#15145=DIRECTION('ref_axis',(0.,0.500000000000001,-0.866025403784438));
#15146=DIRECTION('',(-1.,0.,0.));
#15147=DIRECTION('',(-1.,0.,0.));
#15148=DIRECTION('center_axis',(0.,0.,1.));
#15149=DIRECTION('ref_axis',(0.,1.,0.));
#15150=DIRECTION('',(-1.,0.,0.));
#15151=DIRECTION('center_axis',(0.,-0.866025403784438,0.500000000000001));
#15152=DIRECTION('ref_axis',(0.,0.500000000000001,0.866025403784438));
#15153=DIRECTION('',(-1.,0.,0.));
#15154=DIRECTION('center_axis',(0.,0.,1.));
#15155=DIRECTION('ref_axis',(0.,1.,0.));
#15156=DIRECTION('',(-1.,0.,0.));
#15157=DIRECTION('',(-1.,0.,0.));
#15158=DIRECTION('center_axis',(0.,-0.866025403784439,0.5));
#15159=DIRECTION('ref_axis',(0.,0.5,0.866025403784439));
#15160=DIRECTION('',(-1.,0.,0.));
#15161=DIRECTION('center_axis',(0.,-0.866025403784439,-0.5));
#15162=DIRECTION('ref_axis',(0.,-0.5,0.866025403784439));
#15163=DIRECTION('',(-1.,0.,0.));
#15164=DIRECTION('center_axis',(0.,0.866025403784439,0.499999999999999));
#15165=DIRECTION('ref_axis',(0.,0.499999999999999,-0.866025403784439));
#15166=DIRECTION('',(-1.,0.,0.));
#15167=DIRECTION('',(-1.,0.,0.));
#15168=DIRECTION('center_axis',(0.,0.,1.));
#15169=DIRECTION('ref_axis',(0.,1.,0.));
#15170=DIRECTION('',(-1.,0.,0.));
#15171=DIRECTION('center_axis',(0.,-0.866025403784439,0.499999999999999));
#15172=DIRECTION('ref_axis',(0.,0.499999999999999,0.866025403784439));
#15173=DIRECTION('',(-1.,0.,0.));
#15174=DIRECTION('center_axis',(0.,-0.866025403784438,0.500000000000001));
#15175=DIRECTION('ref_axis',(0.,0.500000000000001,0.866025403784438));
#15176=DIRECTION('',(-1.,0.,0.));
#15177=DIRECTION('',(-1.,0.,0.));
#15178=DIRECTION('center_axis',(0.,-0.866025403784439,-0.499999999999999));
#15179=DIRECTION('ref_axis',(0.,-0.499999999999999,0.866025403784439));
#15180=DIRECTION('',(-1.,0.,0.));
#15181=DIRECTION('center_axis',(0.,0.,-1.));
#15182=DIRECTION('ref_axis',(0.,-1.,0.));
#15183=DIRECTION('',(-1.,0.,0.));
#15184=DIRECTION('center_axis',(0.,0.,-1.));
#15185=DIRECTION('ref_axis',(0.,-1.,0.));
#15186=DIRECTION('',(-1.,0.,0.));
#15187=DIRECTION('',(-1.,0.,0.));
#15188=DIRECTION('center_axis',(0.,0.866025403784439,-0.499999999999999));
#15189=DIRECTION('ref_axis',(0.,-0.499999999999999,-0.866025403784439));
#15190=DIRECTION('',(-1.,0.,0.));
#15191=DIRECTION('center_axis',(0.,0.866025403784438,0.500000000000001));
#15192=DIRECTION('ref_axis',(0.,0.500000000000001,-0.866025403784438));
#15193=DIRECTION('',(-1.,0.,0.));
#15194=DIRECTION('center_axis',(0.,-0.866025403784439,0.499999999999999));
#15195=DIRECTION('ref_axis',(0.,0.499999999999999,0.866025403784439));
#15196=DIRECTION('',(-1.,0.,0.));
#15197=DIRECTION('',(-1.,0.,0.));
#15198=DIRECTION('center_axis',(0.,-0.866025403784438,-0.500000000000001));
#15199=DIRECTION('ref_axis',(0.,-0.500000000000001,0.866025403784438));
#15200=DIRECTION('',(-1.,0.,0.));
#15201=DIRECTION('center_axis',(0.,0.,-1.));
#15202=DIRECTION('ref_axis',(0.,-1.,0.));
#15203=DIRECTION('',(-1.,0.,0.));
#15204=DIRECTION('center_axis',(0.,0.866025403784439,0.5));
#15205=DIRECTION('ref_axis',(0.,0.5,-0.866025403784439));
#15206=DIRECTION('',(-1.,0.,0.));
#15207=DIRECTION('',(-1.,0.,0.));
#15208=DIRECTION('center_axis',(0.,0.,1.));
#15209=DIRECTION('ref_axis',(0.,1.,0.));
#15210=DIRECTION('',(-1.,0.,0.));
#15211=DIRECTION('center_axis',(0.,-0.866025403784439,0.5));
#15212=DIRECTION('ref_axis',(0.,0.5,0.866025403784439));
#15213=DIRECTION('',(-1.,0.,0.));
#15214=DIRECTION('center_axis',(0.,-0.866025403784439,0.5));
#15215=DIRECTION('ref_axis',(0.,0.5,0.866025403784439));
#15216=DIRECTION('',(-1.,0.,0.));
#15217=DIRECTION('center_axis',(0.,-0.866025403784439,-0.5));
#15218=DIRECTION('ref_axis',(0.,-0.5,0.866025403784439));
#15219=DIRECTION('',(-1.,0.,0.));
#15220=DIRECTION('center_axis',(0.,0.,-1.));
#15221=DIRECTION('ref_axis',(0.,-1.,0.));
#15222=DIRECTION('',(-1.,0.,0.));
#15223=DIRECTION('center_axis',(0.,0.866025403784439,-0.5));
#15224=DIRECTION('ref_axis',(0.,-0.5,-0.866025403784439));
#15225=DIRECTION('',(-1.,0.,0.));
#15226=DIRECTION('center_axis',(0.,0.866025403784439,0.5));
#15227=DIRECTION('ref_axis',(0.,0.5,-0.866025403784439));
#15228=DIRECTION('',(-1.,0.,0.));
#15229=DIRECTION('center_axis',(0.,0.866025403784439,0.5));
#15230=DIRECTION('ref_axis',(0.,0.5,-0.866025403784439));
#15231=DIRECTION('',(-1.,0.,0.));
#15232=DIRECTION('center_axis',(0.,-0.866025403784439,-0.5));
#15233=DIRECTION('ref_axis',(0.,-0.5,0.866025403784439));
#15234=DIRECTION('',(-1.,0.,0.));
#15235=DIRECTION('center_axis',(0.,0.,1.));
#15236=DIRECTION('ref_axis',(0.,1.,0.));
#15237=DIRECTION('',(-1.,0.,0.));
#15238=DIRECTION('center_axis',(0.,-0.866025403784439,0.5));
#15239=DIRECTION('ref_axis',(0.,0.5,0.866025403784439));
#15240=DIRECTION('center_axis',(0.,-0.866025403784439,-0.499999999999999));
#15241=DIRECTION('ref_axis',(0.,-0.499999999999999,0.866025403784439));
#15242=DIRECTION('',(-1.,0.,0.));
#15243=DIRECTION('center_axis',(0.,0.,-1.));
#15244=DIRECTION('ref_axis',(0.,-1.,0.));
#15245=DIRECTION('',(-1.,0.,0.));
#15246=DIRECTION('center_axis',(0.,0.866025403784439,-0.5));
#15247=DIRECTION('ref_axis',(0.,-0.5,-0.866025403784439));
#15248=DIRECTION('',(-1.,0.,0.));
#15249=DIRECTION('center_axis',(0.,0.866025403784439,-0.499999999999999));
#15250=DIRECTION('ref_axis',(0.,-0.499999999999999,-0.866025403784439));
#15251=DIRECTION('',(-1.,0.,0.));
#15252=DIRECTION('center_axis',(0.,-0.866025403784439,0.5));
#15253=DIRECTION('ref_axis',(0.,0.5,0.866025403784439));
#15254=DIRECTION('',(-1.,0.,0.));
#15255=DIRECTION('center_axis',(0.,0.866025403784438,0.500000000000001));
#15256=DIRECTION('ref_axis',(0.,0.500000000000001,-0.866025403784438));
#15257=DIRECTION('',(-1.,0.,0.));
#15258=DIRECTION('center_axis',(0.,0.,1.));
#15259=DIRECTION('ref_axis',(0.,1.,0.));
#15260=DIRECTION('',(-1.,0.,0.));
#15261=DIRECTION('center_axis',(0.,-0.866025403784438,0.500000000000001));
#15262=DIRECTION('ref_axis',(0.,0.500000000000001,0.866025403784438));
#15263=DIRECTION('center_axis',(0.,0.866025403784439,0.5));
#15264=DIRECTION('ref_axis',(0.,0.5,-0.866025403784439));
#15265=DIRECTION('',(-1.,0.,0.));
#15266=DIRECTION('center_axis',(0.,-0.866025403784439,-0.5));
#15267=DIRECTION('ref_axis',(0.,-0.5,0.866025403784439));
#15268=DIRECTION('',(-1.,0.,0.));
#15269=DIRECTION('center_axis',(0.,-0.866025403784439,-0.5));
#15270=DIRECTION('ref_axis',(0.,-0.5,0.866025403784439));
#15271=DIRECTION('',(-1.,0.,0.));
#15272=DIRECTION('center_axis',(0.,0.,-1.));
#15273=DIRECTION('ref_axis',(0.,-1.,0.));
#15274=DIRECTION('',(-1.,0.,0.));
#15275=DIRECTION('center_axis',(0.,0.866025403784439,-0.5));
#15276=DIRECTION('ref_axis',(0.,-0.5,-0.866025403784439));
#15277=DIRECTION('',(-1.,0.,0.));
#15278=DIRECTION('center_axis',(0.,0.866025403784439,0.5));
#15279=DIRECTION('ref_axis',(0.,0.5,-0.866025403784439));
#15280=DIRECTION('',(-1.,0.,0.));
#15281=DIRECTION('center_axis',(0.,0.,1.));
#15282=DIRECTION('ref_axis',(0.,1.,0.));
#15283=DIRECTION('',(-1.,0.,0.));
#15284=DIRECTION('center_axis',(0.,0.866025403784439,-0.5));
#15285=DIRECTION('ref_axis',(0.,-0.5,-0.866025403784439));
#15286=DIRECTION('',(-1.,0.,0.));
#15287=DIRECTION('center_axis',(0.,-0.866025403784439,0.5));
#15288=DIRECTION('ref_axis',(0.,0.5,0.866025403784439));
#15289=DIRECTION('center_axis',(0.,-0.866025403784439,0.5));
#15290=DIRECTION('ref_axis',(0.,0.5,0.866025403784439));
#15291=DIRECTION('',(-1.,0.,0.));
#15292=DIRECTION('center_axis',(0.,-0.866025403784439,-0.5));
#15293=DIRECTION('ref_axis',(0.,-0.5,0.866025403784439));
#15294=DIRECTION('',(-1.,0.,0.));
#15295=DIRECTION('center_axis',(0.,0.,-1.));
#15296=DIRECTION('ref_axis',(0.,-1.,0.));
#15297=DIRECTION('',(-1.,0.,0.));
#15298=DIRECTION('center_axis',(0.,0.866025403784439,0.5));
#15299=DIRECTION('ref_axis',(0.,0.5,-0.866025403784439));
#15300=DIRECTION('',(-1.,0.,0.));
#15301=DIRECTION('center_axis',(0.,0.866025403784439,-0.5));
#15302=DIRECTION('ref_axis',(0.,-0.5,-0.866025403784439));
#15303=DIRECTION('',(-1.,0.,0.));
#15304=DIRECTION('center_axis',(0.,-0.866025403784439,-0.5));
#15305=DIRECTION('ref_axis',(0.,-0.5,0.866025403784439));
#15306=DIRECTION('',(-1.,0.,0.));
#15307=DIRECTION('center_axis',(0.,0.866025403784439,0.5));
#15308=DIRECTION('ref_axis',(0.,0.5,-0.866025403784439));
#15309=DIRECTION('',(-1.,0.,0.));
#15310=DIRECTION('center_axis',(0.,0.,1.));
#15311=DIRECTION('ref_axis',(0.,1.,0.));
#15312=DIRECTION('',(-1.,0.,0.));
#15313=DIRECTION('center_axis',(0.,-0.866025403784439,0.5));
#15314=DIRECTION('ref_axis',(0.,0.5,0.866025403784439));
#15315=DIRECTION('center_axis',(0.,-0.866025403784439,-0.5));
#15316=DIRECTION('ref_axis',(0.,-0.5,0.866025403784439));
#15317=DIRECTION('',(-1.,0.,0.));
#15318=DIRECTION('center_axis',(0.,0.86602540378444,-0.499999999999998));
#15319=DIRECTION('ref_axis',(0.,-0.499999999999998,-0.86602540378444));
#15320=DIRECTION('',(-1.,0.,0.));
#15321=DIRECTION('center_axis',(0.,0.,-1.));
#15322=DIRECTION('ref_axis',(0.,-1.,0.));
#15323=DIRECTION('',(-1.,0.,0.));
#15324=DIRECTION('center_axis',(0.,-0.866025403784437,0.500000000000002));
#15325=DIRECTION('ref_axis',(0.,0.500000000000002,0.866025403784437));
#15326=DIRECTION('',(-1.,0.,0.));
#15327=DIRECTION('center_axis',(0.,0.866025403784439,-0.5));
#15328=DIRECTION('ref_axis',(0.,-0.5,-0.866025403784439));
#15329=DIRECTION('',(-1.,0.,0.));
#15330=DIRECTION('center_axis',(0.,0.866025403784439,0.5));
#15331=DIRECTION('ref_axis',(0.,0.5,-0.866025403784439));
#15332=DIRECTION('',(-1.,0.,0.));
#15333=DIRECTION('center_axis',(0.,0.,1.));
#15334=DIRECTION('ref_axis',(0.,1.,0.));
#15335=DIRECTION('',(-1.,0.,0.));
#15336=DIRECTION('center_axis',(0.,0.86602540378444,0.499999999999998));
#15337=DIRECTION('ref_axis',(0.,0.499999999999998,-0.86602540378444));
#15338=DIRECTION('',(-1.,0.,0.));
#15339=DIRECTION('center_axis',(0.,-0.866025403784439,0.5));
#15340=DIRECTION('ref_axis',(0.,0.5,0.866025403784439));
#15341=DIRECTION('center_axis',(0.,-0.866025403784438,-0.500000000000001));
#15342=DIRECTION('ref_axis',(0.,-0.500000000000001,0.866025403784438));
#15343=DIRECTION('',(-1.,0.,0.));
#15344=DIRECTION('center_axis',(0.,0.,-1.));
#15345=DIRECTION('ref_axis',(0.,-1.,0.));
#15346=DIRECTION('',(-1.,0.,0.));
#15347=DIRECTION('center_axis',(0.,0.866025403784438,-0.500000000000001));
#15348=DIRECTION('ref_axis',(0.,-0.500000000000001,-0.866025403784438));
#15349=DIRECTION('',(-1.,0.,0.));
#15350=DIRECTION('center_axis',(0.,0.866025403784439,0.499999999999999));
#15351=DIRECTION('ref_axis',(0.,0.499999999999999,-0.866025403784439));
#15352=DIRECTION('',(-1.,0.,0.));
#15353=DIRECTION('center_axis',(0.,0.,1.));
#15354=DIRECTION('ref_axis',(0.,1.,0.));
#15355=DIRECTION('',(-1.,0.,0.));
#15356=DIRECTION('center_axis',(0.,-0.866025403784439,0.499999999999999));
#15357=DIRECTION('ref_axis',(0.,0.499999999999999,0.866025403784439));
#15358=DIRECTION('center_axis',(0.,-0.866025403784438,-0.500000000000001));
#15359=DIRECTION('ref_axis',(0.,-0.500000000000001,0.866025403784438));
#15360=DIRECTION('',(-1.,0.,0.));
#15361=DIRECTION('center_axis',(0.,0.,-1.));
#15362=DIRECTION('ref_axis',(0.,-1.,0.));
#15363=DIRECTION('',(-1.,0.,0.));
#15364=DIRECTION('center_axis',(0.,0.866025403784438,-0.500000000000001));
#15365=DIRECTION('ref_axis',(0.,-0.500000000000001,-0.866025403784438));
#15366=DIRECTION('',(-1.,0.,0.));
#15367=DIRECTION('center_axis',(0.,0.866025403784439,0.499999999999999));
#15368=DIRECTION('ref_axis',(0.,0.499999999999999,-0.866025403784439));
#15369=DIRECTION('',(-1.,0.,0.));
#15370=DIRECTION('center_axis',(0.,0.,1.));
#15371=DIRECTION('ref_axis',(0.,1.,0.));
#15372=DIRECTION('',(-1.,0.,0.));
#15373=DIRECTION('center_axis',(0.,-0.866025403784439,0.499999999999999));
#15374=DIRECTION('ref_axis',(0.,0.499999999999999,0.866025403784439));
#15375=DIRECTION('center_axis',(0.,-0.866025403784438,-0.500000000000001));
#15376=DIRECTION('ref_axis',(0.,-0.500000000000001,0.866025403784438));
#15377=DIRECTION('',(-1.,0.,0.));
#15378=DIRECTION('center_axis',(0.,0.,-1.));
#15379=DIRECTION('ref_axis',(0.,-1.,0.));
#15380=DIRECTION('',(-1.,0.,0.));
#15381=DIRECTION('center_axis',(0.,0.866025403784438,-0.500000000000001));
#15382=DIRECTION('ref_axis',(0.,-0.500000000000001,-0.866025403784438));
#15383=DIRECTION('',(-1.,0.,0.));
#15384=DIRECTION('center_axis',(0.,0.866025403784438,0.500000000000001));
#15385=DIRECTION('ref_axis',(0.,0.500000000000001,-0.866025403784438));
#15386=DIRECTION('',(-1.,0.,0.));
#15387=DIRECTION('center_axis',(0.,0.,1.));
#15388=DIRECTION('ref_axis',(0.,1.,0.));
#15389=DIRECTION('',(-1.,0.,0.));
#15390=DIRECTION('center_axis',(0.,-0.866025403784438,0.500000000000001));
#15391=DIRECTION('ref_axis',(0.,0.500000000000001,0.866025403784438));
#15392=DIRECTION('center_axis',(0.,-0.866025403784439,-0.499999999999999));
#15393=DIRECTION('ref_axis',(0.,-0.499999999999999,0.866025403784439));
#15394=DIRECTION('',(-1.,0.,0.));
#15395=DIRECTION('center_axis',(0.,0.,-1.));
#15396=DIRECTION('ref_axis',(0.,-1.,0.));
#15397=DIRECTION('',(-1.,0.,0.));
#15398=DIRECTION('center_axis',(0.,0.866025403784439,-0.499999999999999));
#15399=DIRECTION('ref_axis',(0.,-0.499999999999999,-0.866025403784439));
#15400=DIRECTION('center_axis',(0.,-0.866025403784439,0.499999999999999));
#15401=DIRECTION('ref_axis',(0.,0.499999999999999,0.866025403784439));
#15402=DIRECTION('',(-1.,0.,0.));
#15403=DIRECTION('center_axis',(0.,-0.866025403784438,-0.500000000000001));
#15404=DIRECTION('ref_axis',(0.,-0.500000000000001,0.866025403784438));
#15405=DIRECTION('',(-1.,0.,0.));
#15406=DIRECTION('center_axis',(0.,0.,-1.));
#15407=DIRECTION('ref_axis',(0.,-1.,0.));
#15408=DIRECTION('',(-1.,0.,0.));
#15409=DIRECTION('center_axis',(0.,0.866025403784438,-0.500000000000001));
#15410=DIRECTION('ref_axis',(0.,-0.500000000000001,-0.866025403784438));
#15411=DIRECTION('',(-1.,0.,0.));
#15412=DIRECTION('center_axis',(0.,0.866025403784439,0.499999999999999));
#15413=DIRECTION('ref_axis',(0.,0.499999999999999,-0.866025403784439));
#15414=DIRECTION('center_axis',(0.,-0.866025403784439,-0.499999999999999));
#15415=DIRECTION('ref_axis',(0.,-0.499999999999999,0.866025403784439));
#15416=DIRECTION('',(-1.,0.,0.));
#15417=DIRECTION('center_axis',(0.,0.,-1.));
#15418=DIRECTION('ref_axis',(0.,-1.,0.));
#15419=DIRECTION('',(-1.,0.,0.));
#15420=DIRECTION('center_axis',(0.,0.866025403784439,-0.499999999999999));
#15421=DIRECTION('ref_axis',(0.,-0.499999999999999,-0.866025403784439));
#15422=DIRECTION('center_axis',(0.,-0.866025403784439,0.499999999999999));
#15423=DIRECTION('ref_axis',(0.,0.499999999999999,0.866025403784439));
#15424=DIRECTION('',(-1.,0.,0.));
#15425=DIRECTION('center_axis',(0.,-0.866025403784438,-0.500000000000001));
#15426=DIRECTION('ref_axis',(0.,-0.500000000000001,0.866025403784438));
#15427=DIRECTION('',(-1.,0.,0.));
#15428=DIRECTION('center_axis',(0.,0.,-1.));
#15429=DIRECTION('ref_axis',(0.,-1.,0.));
#15430=DIRECTION('',(-1.,0.,0.));
#15431=DIRECTION('center_axis',(0.,0.866025403784438,-0.500000000000001));
#15432=DIRECTION('ref_axis',(0.,-0.500000000000001,-0.866025403784438));
#15433=DIRECTION('',(-1.,0.,0.));
#15434=DIRECTION('center_axis',(0.,0.866025403784439,0.499999999999999));
#15435=DIRECTION('ref_axis',(0.,0.499999999999999,-0.866025403784439));
#15436=DIRECTION('center_axis',(0.,-0.866025403784439,-0.499999999999999));
#15437=DIRECTION('ref_axis',(0.,-0.499999999999999,0.866025403784439));
#15438=DIRECTION('',(-1.,0.,0.));
#15439=DIRECTION('center_axis',(0.,0.,-1.));
#15440=DIRECTION('ref_axis',(0.,-1.,0.));
#15441=DIRECTION('',(-1.,0.,0.));
#15442=DIRECTION('center_axis',(0.,0.866025403784439,-0.499999999999999));
#15443=DIRECTION('ref_axis',(0.,-0.499999999999999,-0.866025403784439));
#15444=DIRECTION('center_axis',(0.,-0.866025403784439,0.499999999999999));
#15445=DIRECTION('ref_axis',(0.,0.499999999999999,0.866025403784439));
#15446=DIRECTION('',(-1.,0.,0.));
#15447=DIRECTION('center_axis',(0.,-0.866025403784438,-0.500000000000001));
#15448=DIRECTION('ref_axis',(0.,-0.500000000000001,0.866025403784438));
#15449=DIRECTION('',(-1.,0.,0.));
#15450=DIRECTION('center_axis',(0.,0.,-1.));
#15451=DIRECTION('ref_axis',(0.,-1.,0.));
#15452=DIRECTION('',(-1.,0.,0.));
#15453=DIRECTION('center_axis',(0.,0.866025403784439,-0.499999999999999));
#15454=DIRECTION('ref_axis',(0.,-0.499999999999999,-0.866025403784439));
#15455=DIRECTION('',(-1.,0.,0.));
#15456=DIRECTION('center_axis',(0.,0.86602540378444,0.499999999999997));
#15457=DIRECTION('ref_axis',(0.,0.499999999999997,-0.86602540378444));
#15458=DIRECTION('center_axis',(0.,-0.866025403784438,-0.500000000000001));
#15459=DIRECTION('ref_axis',(0.,-0.500000000000001,0.866025403784438));
#15460=DIRECTION('',(-1.,0.,0.));
#15461=DIRECTION('center_axis',(0.,0.,-1.));
#15462=DIRECTION('ref_axis',(0.,-1.,0.));
#15463=DIRECTION('',(-1.,0.,0.));
#15464=DIRECTION('center_axis',(0.,0.86602540378444,-0.499999999999997));
#15465=DIRECTION('ref_axis',(0.,-0.499999999999997,-0.86602540378444));
#15466=DIRECTION('center_axis',(0.,-1.,0.));
#15467=DIRECTION('ref_axis',(-0.707106781186549,0.,-0.707106781186546));
#15468=DIRECTION('center_axis',(0.,-1.,0.));
#15469=DIRECTION('ref_axis',(-1.,0.,0.));
#15470=DIRECTION('',(0.,-1.,0.));
#15471=DIRECTION('center_axis',(0.,1.,0.));
#15472=DIRECTION('ref_axis',(0.,0.,-1.));
#15473=DIRECTION('center_axis',(-1.,0.,0.));
#15474=DIRECTION('ref_axis',(0.,0.,1.));
#15475=DIRECTION('center_axis',(1.,0.,0.));
#15476=DIRECTION('ref_axis',(0.,-0.707106781186547,0.707106781186547));
#15477=DIRECTION('center_axis',(-1.,0.,0.));
#15478=DIRECTION('ref_axis',(0.,0.,1.));
#15479=DIRECTION('center_axis',(0.,-1.,0.));
#15480=DIRECTION('ref_axis',(0.,0.,1.));
#15481=DIRECTION('center_axis',(1.,0.,0.));
#15482=DIRECTION('ref_axis',(0.,-0.707106781186547,-0.707106781186548));
#15483=DIRECTION('center_axis',(0.,1.,0.));
#15484=DIRECTION('ref_axis',(-0.707106781186548,0.,0.707106781186547));
#15485=DIRECTION('center_axis',(0.,-1.,0.));
#15486=DIRECTION('ref_axis',(0.,0.,1.));
#15487=DIRECTION('',(0.,1.,0.));
#15488=DIRECTION('center_axis',(-1.,0.,0.));
#15489=DIRECTION('ref_axis',(0.,0.,1.));
#15490=DIRECTION('center_axis',(1.,0.,0.));
#15491=DIRECTION('ref_axis',(0.,0.707106781186547,-0.707106781186548));
#15492=DIRECTION('center_axis',(-1.,0.,0.));
#15493=DIRECTION('ref_axis',(0.,0.,1.));
#15494=DIRECTION('center_axis',(1.,0.,0.));
#15495=DIRECTION('ref_axis',(0.,0.707106781186547,0.707106781186548));
#15496=DIRECTION('center_axis',(-1.,0.,0.));
#15497=DIRECTION('ref_axis',(0.,-0.707106781186547,-0.707106781186548));
#15498=DIRECTION('center_axis',(-1.,0.,0.));
#15499=DIRECTION('ref_axis',(0.,-0.707106781186548,-0.707106781186547));
#15500=DIRECTION('',(-1.,0.,0.));
#15501=DIRECTION('center_axis',(-1.,0.,0.));
#15502=DIRECTION('ref_axis',(0.,-0.707106781186547,0.707106781186547));
#15503=DIRECTION('',(1.,0.,0.));
#15504=DIRECTION('center_axis',(-1.,0.,0.));
#15505=DIRECTION('ref_axis',(0.,-0.707106781186547,0.707106781186547));
#15506=DIRECTION('center_axis',(0.,0.,1.));
#15507=DIRECTION('ref_axis',(0.,1.,0.));
#15508=DIRECTION('',(-1.,0.,0.));
#15509=DIRECTION('',(0.,1.,0.));
#15510=DIRECTION('center_axis',(1.,0.,0.));
#15511=DIRECTION('ref_axis',(0.,0.,-1.));
#15512=DIRECTION('center_axis',(0.,1.,0.));
#15513=DIRECTION('ref_axis',(0.,0.,1.));
#15514=DIRECTION('center_axis',(-1.,0.,0.));
#15515=DIRECTION('ref_axis',(0.,0.707106781186547,-0.707106781186548));
#15516=DIRECTION('center_axis',(0.,-1.,0.));
#15517=DIRECTION('ref_axis',(0.707106781186548,0.,0.707106781186547));
#15518=DIRECTION('center_axis',(0.,1.,0.));
#15519=DIRECTION('ref_axis',(0.,0.,1.));
#15520=DIRECTION('',(0.,-1.,0.));
#15521=DIRECTION('center_axis',(1.,0.,0.));
#15522=DIRECTION('ref_axis',(0.,0.,-1.));
#15523=DIRECTION('center_axis',(1.,0.,0.));
#15524=DIRECTION('ref_axis',(0.,0.,-1.));
#15525=DIRECTION('center_axis',(0.,-1.,0.));
#15526=DIRECTION('ref_axis',(0.,0.,-1.));
#15527=DIRECTION('center_axis',(0.,1.,0.));
#15528=DIRECTION('ref_axis',(0.707106781186549,0.,-0.707106781186546));
#15529=DIRECTION('center_axis',(0.,-1.,0.));
#15530=DIRECTION('ref_axis',(0.,0.,-1.));
#15531=DIRECTION('center_axis',(1.,0.,0.));
#15532=DIRECTION('ref_axis',(0.,0.,-1.));
#15533=DIRECTION('center_axis',(-1.,0.,0.));
#15534=DIRECTION('ref_axis',(0.,0.707106781186547,0.707106781186548));
#15535=DIRECTION('center_axis',(0.,0.,-1.));
#15536=DIRECTION('ref_axis',(0.,-1.,0.));
#15537=DIRECTION('',(1.,0.,0.));
#15538=DIRECTION('center_axis',(-1.,0.,0.));
#15539=DIRECTION('ref_axis',(0.,0.707106781186547,-0.707106781186548));
#15540=DIRECTION('center_axis',(0.,-1.,0.));
#15541=DIRECTION('ref_axis',(0.707106781186549,0.,0.707106781186546));
#15542=DIRECTION('center_axis',(0.,-0.707106781186548,-0.707106781186548));
#15543=DIRECTION('ref_axis',(0.,0.707106781186548,-0.707106781186548));
#15544=DIRECTION('center_axis',(0.,-0.707106781186546,0.707106781186549));
#15545=DIRECTION('ref_axis',(0.,-0.707106781186549,-0.707106781186546));
#15546=DIRECTION('center_axis',(0.,0.,-1.));
#15547=DIRECTION('ref_axis',(0.707106781186555,-0.70710678118654,0.));
#15548=DIRECTION('center_axis',(0.,0.707106781186554,-0.707106781186541));
#15549=DIRECTION('ref_axis',(0.,0.707106781186541,0.707106781186554));
#15550=DIRECTION('center_axis',(0.,1.,0.));
#15551=DIRECTION('ref_axis',(0.707106781186543,0.,-0.707106781186552));
#15552=DIRECTION('center_axis',(0.,0.707106781186552,0.707106781186543));
#15553=DIRECTION('ref_axis',(0.,-0.707106781186543,0.707106781186552));
#15554=DIRECTION('center_axis',(0.,0.,1.));
#15555=DIRECTION('ref_axis',(0.707106781186546,0.707106781186549,0.));
#15556=DIRECTION('center_axis',(-1.,0.,0.));
#15557=DIRECTION('ref_axis',(0.,0.707106781186547,0.707106781186548));
#15558=DIRECTION('center_axis',(0.,0.,1.));
#15559=DIRECTION('ref_axis',(0.,1.,0.));
#15560=DIRECTION('center_axis',(0.,0.866025403784439,-0.499999999999999));
#15561=DIRECTION('ref_axis',(0.,-0.499999999999999,-0.866025403784439));
#15562=DIRECTION('',(-1.,0.,0.));
#15563=DIRECTION('center_axis',(0.,0.86602540378444,0.499999999999997));
#15564=DIRECTION('ref_axis',(0.,0.499999999999997,-0.86602540378444));
#15565=DIRECTION('',(-1.,0.,0.));
#15566=DIRECTION('center_axis',(0.,0.,1.));
#15567=DIRECTION('ref_axis',(0.,1.,0.));
#15568=DIRECTION('center_axis',(0.,0.,1.));
#15569=DIRECTION('ref_axis',(0.,1.,0.));
#15570=DIRECTION('',(-1.,0.,0.));
#15571=DIRECTION('center_axis',(0.,-0.866025403784439,0.5));
#15572=DIRECTION('ref_axis',(0.,0.5,0.866025403784439));
#15573=DIRECTION('',(-1.,0.,0.));
#15574=DIRECTION('center_axis',(0.,-0.866025403784439,-0.5));
#15575=DIRECTION('ref_axis',(0.,-0.5,0.866025403784439));
#15576=DIRECTION('center_axis',(0.,0.,1.));
#15577=DIRECTION('ref_axis',(0.,1.,0.));
#15578=DIRECTION('center_axis',(0.,-0.866025403784439,-0.5));
#15579=DIRECTION('ref_axis',(0.,-0.5,0.866025403784439));
#15580=DIRECTION('',(-1.,0.,0.));
#15581=DIRECTION('center_axis',(0.,0.,-1.));
#15582=DIRECTION('ref_axis',(0.,-1.,0.));
#15583=DIRECTION('',(-1.,0.,0.));
#15584=DIRECTION('center_axis',(0.,0.866025403784439,-0.5));
#15585=DIRECTION('ref_axis',(0.,-0.5,-0.866025403784439));
#15586=DIRECTION('center_axis',(0.,-0.866025403784439,0.5));
#15587=DIRECTION('ref_axis',(0.,0.5,0.866025403784439));
#15588=DIRECTION('',(-1.,0.,0.));
#15589=DIRECTION('center_axis',(0.,-0.866025403784439,-0.5));
#15590=DIRECTION('ref_axis',(0.,-0.5,0.866025403784439));
#15591=DIRECTION('',(-1.,0.,0.));
#15592=DIRECTION('center_axis',(0.,0.,-1.));
#15593=DIRECTION('ref_axis',(0.,-1.,0.));
#15594=DIRECTION('center_axis',(0.,0.,-1.));
#15595=DIRECTION('ref_axis',(0.,-1.,0.));
#15596=DIRECTION('',(-1.,0.,0.));
#15597=DIRECTION('',(-1.,0.,0.));
#15598=DIRECTION('center_axis',(0.,0.86602540378444,-0.499999999999998));
#15599=DIRECTION('ref_axis',(0.,-0.499999999999998,-0.86602540378444));
#15600=DIRECTION('center_axis',(0.,0.86602540378444,0.499999999999998));
#15601=DIRECTION('ref_axis',(0.,0.499999999999998,-0.86602540378444));
#15602=DIRECTION('',(-1.,0.,0.));
#15603=DIRECTION('center_axis',(0.,0.,1.));
#15604=DIRECTION('ref_axis',(0.,1.,0.));
#15605=DIRECTION('',(-1.,0.,0.));
#15606=DIRECTION('center_axis',(0.,-0.866025403784437,0.500000000000002));
#15607=DIRECTION('ref_axis',(0.,0.500000000000002,0.866025403784437));
#15608=DIRECTION('',(-1.,0.,0.));
#15609=DIRECTION('center_axis',(0.,-0.866025403784437,-0.500000000000002));
#15610=DIRECTION('ref_axis',(0.,-0.500000000000002,0.866025403784437));
#15611=DIRECTION('center_axis',(0.,-0.866025403784439,-0.5));
#15612=DIRECTION('ref_axis',(0.,-0.5,0.866025403784439));
#15613=DIRECTION('',(-1.,0.,0.));
#15614=DIRECTION('center_axis',(0.,0.,-1.));
#15615=DIRECTION('ref_axis',(0.,-1.,0.));
#15616=DIRECTION('',(-1.,0.,0.));
#15617=DIRECTION('center_axis',(0.,0.866025403784439,-0.5));
#15618=DIRECTION('ref_axis',(0.,-0.5,-0.866025403784439));
#15619=DIRECTION('center_axis',(0.,-0.866025403784438,-0.500000000000001));
#15620=DIRECTION('ref_axis',(0.,-0.500000000000001,0.866025403784438));
#15621=DIRECTION('',(-1.,0.,0.));
#15622=DIRECTION('center_axis',(0.,0.,-1.));
#15623=DIRECTION('ref_axis',(0.,-1.,0.));
#15624=DIRECTION('',(-1.,0.,0.));
#15625=DIRECTION('center_axis',(0.,0.866025403784438,-0.500000000000001));
#15626=DIRECTION('ref_axis',(0.,-0.500000000000001,-0.866025403784438));
#15627=DIRECTION('center_axis',(0.,-0.866025403784439,-0.499999999999999));
#15628=DIRECTION('ref_axis',(0.,-0.499999999999999,0.866025403784439));
#15629=DIRECTION('',(-1.,0.,0.));
#15630=DIRECTION('center_axis',(0.,0.,-1.));
#15631=DIRECTION('ref_axis',(0.,-1.,0.));
#15632=DIRECTION('',(-1.,0.,0.));
#15633=DIRECTION('center_axis',(0.,0.866025403784439,-0.499999999999999));
#15634=DIRECTION('ref_axis',(0.,-0.499999999999999,-0.866025403784439));
#15635=DIRECTION('center_axis',(0.,0.,1.));
#15636=DIRECTION('ref_axis',(0.,1.,0.));
#15637=DIRECTION('',(-1.,0.,0.));
#15638=DIRECTION('center_axis',(0.,-0.866025403784438,0.500000000000001));
#15639=DIRECTION('ref_axis',(0.,0.500000000000001,0.866025403784438));
#15640=DIRECTION('',(-1.,0.,0.));
#15641=DIRECTION('center_axis',(0.,-0.866025403784439,-0.499999999999999));
#15642=DIRECTION('ref_axis',(0.,-0.499999999999999,0.866025403784439));
#15643=DIRECTION('center_axis',(0.,0.86602540378444,-0.499999999999997));
#15644=DIRECTION('ref_axis',(0.,-0.499999999999997,-0.86602540378444));
#15645=DIRECTION('',(-1.,0.,0.));
#15646=DIRECTION('center_axis',(0.,0.86602540378444,0.499999999999997));
#15647=DIRECTION('ref_axis',(0.,0.499999999999997,-0.86602540378444));
#15648=DIRECTION('',(-1.,0.,0.));
#15649=DIRECTION('center_axis',(0.,0.,1.));
#15650=DIRECTION('ref_axis',(0.,1.,0.));
#15651=DIRECTION('center_axis',(0.,-0.866025403784438,-0.500000000000001));
#15652=DIRECTION('ref_axis',(0.,-0.500000000000001,0.866025403784438));
#15653=DIRECTION('',(-1.,0.,0.));
#15654=DIRECTION('center_axis',(0.,0.,-1.));
#15655=DIRECTION('ref_axis',(0.,-1.,0.));
#15656=DIRECTION('',(-1.,0.,0.));
#15657=DIRECTION('center_axis',(0.,0.866025403784438,-0.500000000000001));
#15658=DIRECTION('ref_axis',(0.,-0.500000000000001,-0.866025403784438));
#15659=DIRECTION('center_axis',(0.,-0.866025403784438,-0.500000000000001));
#15660=DIRECTION('ref_axis',(0.,-0.500000000000001,0.866025403784438));
#15661=DIRECTION('',(-1.,0.,0.));
#15662=DIRECTION('center_axis',(0.,0.,-1.));
#15663=DIRECTION('ref_axis',(0.,-1.,0.));
#15664=DIRECTION('',(-1.,0.,0.));
#15665=DIRECTION('center_axis',(0.,0.866025403784438,-0.500000000000001));
#15666=DIRECTION('ref_axis',(0.,-0.500000000000001,-0.866025403784438));
#15667=DIRECTION('center_axis',(0.,0.,-1.));
#15668=DIRECTION('ref_axis',(0.,-1.,0.));
#15669=DIRECTION('',(-1.,0.,0.));
#15670=DIRECTION('',(-1.,0.,0.));
#15671=DIRECTION('center_axis',(0.,0.866025403784439,-0.499999999999999));
#15672=DIRECTION('ref_axis',(0.,-0.499999999999999,-0.866025403784439));
#15673=DIRECTION('center_axis',(0.,0.86602540378444,0.499999999999997));
#15674=DIRECTION('ref_axis',(0.,0.499999999999997,-0.86602540378444));
#15675=DIRECTION('',(-1.,0.,0.));
#15676=DIRECTION('center_axis',(0.,0.,1.));
#15677=DIRECTION('ref_axis',(0.,1.,0.));
#15678=DIRECTION('',(-1.,0.,0.));
#15679=DIRECTION('center_axis',(0.,-0.866025403784438,0.500000000000001));
#15680=DIRECTION('ref_axis',(0.,0.500000000000001,0.866025403784438));
#15681=DIRECTION('',(-1.,0.,0.));
#15682=DIRECTION('center_axis',(0.,-0.866025403784437,-0.500000000000003));
#15683=DIRECTION('ref_axis',(0.,-0.500000000000003,0.866025403784437));
#15684=DIRECTION('center_axis',(0.,-0.866025403784438,-0.500000000000001));
#15685=DIRECTION('ref_axis',(0.,-0.500000000000001,0.866025403784438));
#15686=DIRECTION('',(-1.,0.,0.));
#15687=DIRECTION('center_axis',(0.,0.,-1.));
#15688=DIRECTION('ref_axis',(0.,-1.,0.));
#15689=DIRECTION('',(-1.,0.,0.));
#15690=DIRECTION('center_axis',(0.,0.866025403784438,-0.500000000000001));
#15691=DIRECTION('ref_axis',(0.,-0.500000000000001,-0.866025403784438));
#15692=DIRECTION('center_axis',(0.,-0.866025403784439,-0.499999999999999));
#15693=DIRECTION('ref_axis',(0.,-0.499999999999999,0.866025403784439));
#15694=DIRECTION('',(-1.,0.,0.));
#15695=DIRECTION('center_axis',(0.,0.,-1.));
#15696=DIRECTION('ref_axis',(0.,-1.,0.));
#15697=DIRECTION('',(-1.,0.,0.));
#15698=DIRECTION('center_axis',(0.,0.866025403784439,-0.499999999999999));
#15699=DIRECTION('ref_axis',(0.,-0.499999999999999,-0.866025403784439));
#15700=DIRECTION('center_axis',(0.,-0.866025403784439,-0.5));
#15701=DIRECTION('ref_axis',(0.,-0.5,0.866025403784439));
#15702=DIRECTION('',(-1.,0.,0.));
#15703=DIRECTION('center_axis',(0.,0.,-1.));
#15704=DIRECTION('ref_axis',(0.,-1.,0.));
#15705=DIRECTION('',(-1.,0.,0.));
#15706=DIRECTION('center_axis',(0.,0.866025403784439,-0.5));
#15707=DIRECTION('ref_axis',(0.,-0.5,-0.866025403784439));
#15708=DIRECTION('center_axis',(0.,-0.866025403784439,-0.5));
#15709=DIRECTION('ref_axis',(0.,-0.5,0.866025403784439));
#15710=DIRECTION('',(-1.,0.,0.));
#15711=DIRECTION('center_axis',(0.,0.,-1.));
#15712=DIRECTION('ref_axis',(0.,-1.,0.));
#15713=DIRECTION('',(-1.,0.,0.));
#15714=DIRECTION('center_axis',(0.,0.866025403784439,-0.5));
#15715=DIRECTION('ref_axis',(0.,-0.5,-0.866025403784439));
#15716=DIRECTION('center_axis',(0.,0.866025403784439,0.5));
#15717=DIRECTION('ref_axis',(0.,0.5,-0.866025403784439));
#15718=DIRECTION('',(-1.,0.,0.));
#15719=DIRECTION('center_axis',(0.,0.,1.));
#15720=DIRECTION('ref_axis',(0.,1.,0.));
#15721=DIRECTION('',(-1.,0.,0.));
#15722=DIRECTION('center_axis',(0.,-0.866025403784439,0.5));
#15723=DIRECTION('ref_axis',(0.,0.5,0.866025403784439));
#15724=DIRECTION('center_axis',(0.,0.,-1.));
#15725=DIRECTION('ref_axis',(0.,-1.,0.));
#15726=DIRECTION('',(-1.,0.,0.));
#15727=DIRECTION('',(-1.,0.,0.));
#15728=DIRECTION('center_axis',(0.,0.866025403784439,-0.499999999999999));
#15729=DIRECTION('ref_axis',(0.,-0.499999999999999,-0.866025403784439));
#15730=DIRECTION('center_axis',(0.,0.86602540378444,0.499999999999997));
#15731=DIRECTION('ref_axis',(0.,0.499999999999997,-0.86602540378444));
#15732=DIRECTION('',(-1.,0.,0.));
#15733=DIRECTION('center_axis',(0.,0.,1.));
#15734=DIRECTION('ref_axis',(0.,1.,0.));
#15735=DIRECTION('',(-1.,0.,0.));
#15736=DIRECTION('center_axis',(0.,-0.866025403784438,0.500000000000001));
#15737=DIRECTION('ref_axis',(0.,0.500000000000001,0.866025403784438));
#15738=DIRECTION('',(-1.,0.,0.));
#15739=DIRECTION('center_axis',(0.,-0.866025403784437,-0.500000000000003));
#15740=DIRECTION('ref_axis',(0.,-0.500000000000003,0.866025403784437));
#15741=DIRECTION('center_axis',(0.,0.86602540378444,-0.499999999999998));
#15742=DIRECTION('ref_axis',(0.,-0.499999999999998,-0.86602540378444));
#15743=DIRECTION('',(-1.,0.,0.));
#15744=DIRECTION('center_axis',(0.,0.86602540378444,0.499999999999998));
#15745=DIRECTION('ref_axis',(0.,0.499999999999998,-0.86602540378444));
#15746=DIRECTION('',(-1.,0.,0.));
#15747=DIRECTION('center_axis',(0.,0.,1.));
#15748=DIRECTION('ref_axis',(0.,1.,0.));
#15749=DIRECTION('center_axis',(0.,0.,1.));
#15750=DIRECTION('ref_axis',(0.,1.,0.));
#15751=DIRECTION('',(-1.,0.,0.));
#15752=DIRECTION('center_axis',(0.,-0.866025403784439,0.499999999999999));
#15753=DIRECTION('ref_axis',(0.,0.499999999999999,0.866025403784439));
#15754=DIRECTION('',(-1.,0.,0.));
#15755=DIRECTION('center_axis',(0.,-0.866025403784438,-0.500000000000001));
#15756=DIRECTION('ref_axis',(0.,-0.500000000000001,0.866025403784438));
#15757=DIRECTION('center_axis',(0.,0.866025403784439,0.5));
#15758=DIRECTION('ref_axis',(0.,0.5,-0.866025403784439));
#15759=DIRECTION('',(-1.,0.,0.));
#15760=DIRECTION('center_axis',(0.,0.,1.));
#15761=DIRECTION('ref_axis',(0.,1.,0.));
#15762=DIRECTION('',(-1.,0.,0.));
#15763=DIRECTION('center_axis',(0.,-0.866025403784439,0.5));
#15764=DIRECTION('ref_axis',(0.,0.5,0.866025403784439));
#15765=DIRECTION('center_axis',(0.,0.866025403784439,0.5));
#15766=DIRECTION('ref_axis',(0.,0.5,-0.866025403784439));
#15767=DIRECTION('',(-1.,0.,0.));
#15768=DIRECTION('center_axis',(0.,0.,1.));
#15769=DIRECTION('ref_axis',(0.,1.,0.));
#15770=DIRECTION('',(-1.,0.,0.));
#15771=DIRECTION('center_axis',(0.,-0.866025403784439,0.5));
#15772=DIRECTION('ref_axis',(0.,0.5,0.866025403784439));
#15773=DIRECTION('center_axis',(0.,0.86602540378444,-0.499999999999998));
#15774=DIRECTION('ref_axis',(0.,-0.499999999999998,-0.86602540378444));
#15775=DIRECTION('',(-1.,0.,0.));
#15776=DIRECTION('center_axis',(0.,0.86602540378444,0.499999999999998));
#15777=DIRECTION('ref_axis',(0.,0.499999999999998,-0.86602540378444));
#15778=DIRECTION('',(-1.,0.,0.));
#15779=DIRECTION('center_axis',(0.,0.,1.));
#15780=DIRECTION('ref_axis',(0.,1.,0.));
#15781=DIRECTION('center_axis',(0.,0.,-1.));
#15782=DIRECTION('ref_axis',(0.,-1.,0.));
#15783=DIRECTION('',(-1.,0.,0.));
#15784=DIRECTION('',(-1.,0.,0.));
#15785=DIRECTION('center_axis',(0.,0.86602540378444,-0.499999999999998));
#15786=DIRECTION('ref_axis',(0.,-0.499999999999998,-0.86602540378444));
#15787=DIRECTION('center_axis',(0.,0.86602540378444,0.499999999999998));
#15788=DIRECTION('ref_axis',(0.,0.499999999999998,-0.86602540378444));
#15789=DIRECTION('',(-1.,0.,0.));
#15790=DIRECTION('center_axis',(0.,0.,1.));
#15791=DIRECTION('ref_axis',(0.,1.,0.));
#15792=DIRECTION('',(-1.,0.,0.));
#15793=DIRECTION('center_axis',(0.,-0.866025403784437,0.500000000000002));
#15794=DIRECTION('ref_axis',(0.,0.500000000000002,0.866025403784437));
#15795=DIRECTION('',(-1.,0.,0.));
#15796=DIRECTION('center_axis',(0.,-0.866025403784437,-0.500000000000002));
#15797=DIRECTION('ref_axis',(0.,-0.500000000000002,0.866025403784437));
#15798=DIRECTION('center_axis',(0.,-0.866025403784439,0.5));
#15799=DIRECTION('ref_axis',(0.,0.5,0.866025403784439));
#15800=DIRECTION('',(-1.,0.,0.));
#15801=DIRECTION('center_axis',(0.,0.86602540378444,0.499999999999998));
#15802=DIRECTION('ref_axis',(0.,0.499999999999998,-0.86602540378444));
#15803=DIRECTION('',(-1.,0.,0.));
#15804=DIRECTION('center_axis',(0.,0.,1.));
#15805=DIRECTION('ref_axis',(0.,1.,0.));
#15806=DIRECTION('center_axis',(0.,0.,-1.));
#15807=DIRECTION('ref_axis',(0.,-1.,0.));
#15808=DIRECTION('',(-1.,0.,0.));
#15809=DIRECTION('',(-1.,0.,0.));
#15810=DIRECTION('center_axis',(0.,0.86602540378444,-0.499999999999997));
#15811=DIRECTION('ref_axis',(0.,-0.499999999999997,-0.86602540378444));
#15812=DIRECTION('center_axis',(0.,0.866025403784439,0.499999999999999));
#15813=DIRECTION('ref_axis',(0.,0.499999999999999,-0.866025403784439));
#15814=DIRECTION('',(-1.,0.,0.));
#15815=DIRECTION('center_axis',(0.,0.,1.));
#15816=DIRECTION('ref_axis',(0.,1.,0.));
#15817=DIRECTION('',(-1.,0.,0.));
#15818=DIRECTION('center_axis',(0.,-0.866025403784437,0.500000000000003));
#15819=DIRECTION('ref_axis',(0.,0.500000000000003,0.866025403784437));
#15820=DIRECTION('',(-1.,0.,0.));
#15821=DIRECTION('center_axis',(0.,-0.866025403784438,-0.500000000000001));
#15822=DIRECTION('ref_axis',(0.,-0.500000000000001,0.866025403784438));
#15823=DIRECTION('center_axis',(0.,-0.866025403784439,-0.5));
#15824=DIRECTION('ref_axis',(0.,-0.5,0.866025403784439));
#15825=DIRECTION('',(-1.,0.,0.));
#15826=DIRECTION('center_axis',(0.,0.,-1.));
#15827=DIRECTION('ref_axis',(0.,-1.,0.));
#15828=DIRECTION('',(-1.,0.,0.));
#15829=DIRECTION('center_axis',(0.,0.866025403784439,-0.5));
#15830=DIRECTION('ref_axis',(0.,-0.5,-0.866025403784439));
#15831=DIRECTION('center_axis',(0.,-0.866025403784439,-0.5));
#15832=DIRECTION('ref_axis',(0.,-0.5,0.866025403784439));
#15833=DIRECTION('',(-1.,0.,0.));
#15834=DIRECTION('center_axis',(0.,0.,-1.));
#15835=DIRECTION('ref_axis',(0.,-1.,0.));
#15836=DIRECTION('',(-1.,0.,0.));
#15837=DIRECTION('center_axis',(0.,0.866025403784439,-0.5));
#15838=DIRECTION('ref_axis',(0.,-0.5,-0.866025403784439));
#15839=DIRECTION('center_axis',(0.,-0.866025403784439,-0.5));
#15840=DIRECTION('ref_axis',(0.,-0.5,0.866025403784439));
#15841=DIRECTION('',(-1.,0.,0.));
#15842=DIRECTION('center_axis',(0.,0.,-1.));
#15843=DIRECTION('ref_axis',(0.,-1.,0.));
#15844=DIRECTION('',(-1.,0.,0.));
#15845=DIRECTION('center_axis',(0.,0.866025403784439,-0.5));
#15846=DIRECTION('ref_axis',(0.,-0.5,-0.866025403784439));
#15847=DIRECTION('center_axis',(0.,-0.866025403784439,-0.499999999999999));
#15848=DIRECTION('ref_axis',(0.,-0.499999999999999,0.866025403784439));
#15849=DIRECTION('',(-1.,0.,0.));
#15850=DIRECTION('center_axis',(0.,0.,-1.));
#15851=DIRECTION('ref_axis',(0.,-1.,0.));
#15852=DIRECTION('',(-1.,0.,0.));
#15853=DIRECTION('center_axis',(0.,0.866025403784439,-0.499999999999999));
#15854=DIRECTION('ref_axis',(0.,-0.499999999999999,-0.866025403784439));
#15855=DIRECTION('center_axis',(0.,-0.866025403784439,-0.5));
#15856=DIRECTION('ref_axis',(0.,-0.5,0.866025403784439));
#15857=DIRECTION('',(-1.,0.,0.));
#15858=DIRECTION('center_axis',(0.,0.,-1.));
#15859=DIRECTION('ref_axis',(0.,-1.,0.));
#15860=DIRECTION('',(-1.,0.,0.));
#15861=DIRECTION('center_axis',(0.,0.866025403784439,-0.5));
#15862=DIRECTION('ref_axis',(0.,-0.5,-0.866025403784439));
#15863=DIRECTION('center_axis',(0.,0.,-1.));
#15864=DIRECTION('ref_axis',(0.,-1.,0.));
#15865=DIRECTION('',(-1.,0.,0.));
#15866=DIRECTION('center_axis',(0.,0.86602540378444,-0.499999999999998));
#15867=DIRECTION('ref_axis',(0.,-0.499999999999998,-0.86602540378444));
#15868=DIRECTION('',(-1.,0.,0.));
#15869=DIRECTION('center_axis',(0.,0.86602540378444,0.499999999999998));
#15870=DIRECTION('ref_axis',(0.,0.499999999999998,-0.86602540378444));
#15871=DIRECTION('center_axis',(0.,-0.866025403784439,-0.5));
#15872=DIRECTION('ref_axis',(0.,-0.5,0.866025403784439));
#15873=DIRECTION('',(-1.,0.,0.));
#15874=DIRECTION('center_axis',(0.,0.,-1.));
#15875=DIRECTION('ref_axis',(0.,-1.,0.));
#15876=DIRECTION('',(-1.,0.,0.));
#15877=DIRECTION('center_axis',(0.,0.866025403784439,-0.5));
#15878=DIRECTION('ref_axis',(0.,-0.5,-0.866025403784439));
#15879=DIRECTION('center_axis',(0.,0.,1.));
#15880=DIRECTION('ref_axis',(0.,1.,0.));
#15881=DIRECTION('',(-1.,0.,0.));
#15882=DIRECTION('center_axis',(0.,-0.866025403784439,0.5));
#15883=DIRECTION('ref_axis',(0.,0.5,0.866025403784439));
#15884=DIRECTION('',(-1.,0.,0.));
#15885=DIRECTION('center_axis',(0.,-0.866025403784439,-0.5));
#15886=DIRECTION('ref_axis',(0.,-0.5,0.866025403784439));
#15887=DIRECTION('center_axis',(0.,0.,1.));
#15888=DIRECTION('ref_axis',(0.,1.,0.));
#15889=DIRECTION('',(-1.,0.,0.));
#15890=DIRECTION('center_axis',(0.,-0.866025403784439,0.499999999999999));
#15891=DIRECTION('ref_axis',(0.,0.499999999999999,0.866025403784439));
#15892=DIRECTION('',(-1.,0.,0.));
#15893=DIRECTION('center_axis',(0.,-0.866025403784439,-0.499999999999999));
#15894=DIRECTION('ref_axis',(0.,-0.499999999999999,0.866025403784439));
#15895=DIRECTION('center_axis',(0.,0.86602540378444,-0.499999999999997));
#15896=DIRECTION('ref_axis',(0.,-0.499999999999997,-0.86602540378444));
#15897=DIRECTION('',(-1.,0.,0.));
#15898=DIRECTION('center_axis',(0.,0.866025403784439,0.499999999999999));
#15899=DIRECTION('ref_axis',(0.,0.499999999999999,-0.866025403784439));
#15900=DIRECTION('',(-1.,0.,0.));
#15901=DIRECTION('center_axis',(0.,0.,1.));
#15902=DIRECTION('ref_axis',(0.,1.,0.));
#15903=DIRECTION('center_axis',(0.,0.,-1.));
#15904=DIRECTION('ref_axis',(0.,-1.,0.));
#15905=DIRECTION('',(-1.,0.,0.));
#15906=DIRECTION('',(-1.,0.,0.));
#15907=DIRECTION('center_axis',(0.,0.866025403784439,-0.499999999999999));
#15908=DIRECTION('ref_axis',(0.,-0.499999999999999,-0.866025403784439));
#15909=DIRECTION('center_axis',(0.,0.866025403784439,0.499999999999999));
#15910=DIRECTION('ref_axis',(0.,0.499999999999999,-0.866025403784439));
#15911=DIRECTION('',(-1.,0.,0.));
#15912=DIRECTION('center_axis',(0.,0.,1.));
#15913=DIRECTION('ref_axis',(0.,1.,0.));
#15914=DIRECTION('',(-1.,0.,0.));
#15915=DIRECTION('center_axis',(0.,-0.866025403784437,0.500000000000003));
#15916=DIRECTION('ref_axis',(0.,0.500000000000003,0.866025403784437));
#15917=DIRECTION('',(-1.,0.,0.));
#15918=DIRECTION('center_axis',(0.,-0.866025403784437,-0.500000000000003));
#15919=DIRECTION('ref_axis',(0.,-0.500000000000003,0.866025403784437));
#15920=DIRECTION('center_axis',(0.,-0.866025403784438,-0.500000000000001));
#15921=DIRECTION('ref_axis',(0.,-0.500000000000001,0.866025403784438));
#15922=DIRECTION('',(-1.,0.,0.));
#15923=DIRECTION('center_axis',(0.,0.,-1.));
#15924=DIRECTION('ref_axis',(0.,-1.,0.));
#15925=DIRECTION('',(-1.,0.,0.));
#15926=DIRECTION('center_axis',(0.,0.866025403784438,-0.500000000000001));
#15927=DIRECTION('ref_axis',(0.,-0.500000000000001,-0.866025403784438));
#15928=DIRECTION('center_axis',(0.,-0.866025403784438,-0.500000000000001));
#15929=DIRECTION('ref_axis',(0.,-0.500000000000001,0.866025403784438));
#15930=DIRECTION('',(-1.,0.,0.));
#15931=DIRECTION('center_axis',(0.,0.,-1.));
#15932=DIRECTION('ref_axis',(0.,-1.,0.));
#15933=DIRECTION('',(-1.,0.,0.));
#15934=DIRECTION('center_axis',(0.,0.866025403784438,-0.500000000000001));
#15935=DIRECTION('ref_axis',(0.,-0.500000000000001,-0.866025403784438));
#15936=DIRECTION('center_axis',(0.,-0.866025403784439,-0.5));
#15937=DIRECTION('ref_axis',(0.,-0.5,0.866025403784439));
#15938=DIRECTION('',(-1.,0.,0.));
#15939=DIRECTION('center_axis',(0.,0.,-1.));
#15940=DIRECTION('ref_axis',(0.,-1.,0.));
#15941=DIRECTION('',(-1.,0.,0.));
#15942=DIRECTION('center_axis',(0.,0.866025403784439,-0.5));
#15943=DIRECTION('ref_axis',(0.,-0.5,-0.866025403784439));
#15944=DIRECTION('center_axis',(0.,-0.866025403784439,-0.5));
#15945=DIRECTION('ref_axis',(0.,-0.5,0.866025403784439));
#15946=DIRECTION('',(-1.,0.,0.));
#15947=DIRECTION('center_axis',(0.,0.,-1.));
#15948=DIRECTION('ref_axis',(0.,-1.,0.));
#15949=DIRECTION('',(-1.,0.,0.));
#15950=DIRECTION('center_axis',(0.,0.866025403784439,-0.5));
#15951=DIRECTION('ref_axis',(0.,-0.5,-0.866025403784439));
#15952=DIRECTION('center_axis',(0.,0.86602540378444,-0.499999999999998));
#15953=DIRECTION('ref_axis',(0.,-0.499999999999998,-0.86602540378444));
#15954=DIRECTION('',(-1.,0.,0.));
#15955=DIRECTION('center_axis',(0.,0.86602540378444,0.499999999999998));
#15956=DIRECTION('ref_axis',(0.,0.499999999999998,-0.86602540378444));
#15957=DIRECTION('',(-1.,0.,0.));
#15958=DIRECTION('center_axis',(0.,0.,1.));
#15959=DIRECTION('ref_axis',(0.,1.,0.));
#15960=DIRECTION('center_axis',(0.,-0.866025403784437,-0.500000000000002));
#15961=DIRECTION('ref_axis',(0.,-0.500000000000002,0.866025403784437));
#15962=DIRECTION('',(-1.,0.,0.));
#15963=DIRECTION('',(-1.,0.,0.));
#15964=DIRECTION('center_axis',(0.,0.,-1.));
#15965=DIRECTION('ref_axis',(0.,-1.,0.));
#15966=DIRECTION('',(-1.,0.,0.));
#15967=DIRECTION('center_axis',(0.,0.86602540378444,-0.499999999999998));
#15968=DIRECTION('ref_axis',(0.,-0.499999999999998,-0.86602540378444));
#15969=DIRECTION('center_axis',(0.,0.86602540378444,0.499999999999998));
#15970=DIRECTION('ref_axis',(0.,0.499999999999998,-0.86602540378444));
#15971=DIRECTION('',(-1.,0.,0.));
#15972=DIRECTION('center_axis',(0.,0.,1.));
#15973=DIRECTION('ref_axis',(0.,1.,0.));
#15974=DIRECTION('',(-1.,0.,0.));
#15975=DIRECTION('center_axis',(0.,-0.866025403784437,0.500000000000002));
#15976=DIRECTION('ref_axis',(0.,0.500000000000002,0.866025403784437));
#15977=DIRECTION('center_axis',(0.,0.,1.));
#15978=DIRECTION('ref_axis',(0.,1.,0.));
#15979=DIRECTION('',(-1.,0.,0.));
#15980=DIRECTION('center_axis',(0.,-0.866025403784439,0.5));
#15981=DIRECTION('ref_axis',(0.,0.5,0.866025403784439));
#15982=DIRECTION('',(-1.,0.,0.));
#15983=DIRECTION('center_axis',(0.,-0.866025403784439,-0.5));
#15984=DIRECTION('ref_axis',(0.,-0.5,0.866025403784439));
#15985=DIRECTION('center_axis',(0.,-0.866025403784438,-0.500000000000001));
#15986=DIRECTION('ref_axis',(0.,-0.500000000000001,0.866025403784438));
#15987=DIRECTION('',(-1.,0.,0.));
#15988=DIRECTION('center_axis',(0.,0.,-1.));
#15989=DIRECTION('ref_axis',(0.,-1.,0.));
#15990=DIRECTION('',(-1.,0.,0.));
#15991=DIRECTION('center_axis',(0.,0.866025403784438,-0.500000000000001));
#15992=DIRECTION('ref_axis',(0.,-0.500000000000001,-0.866025403784438));
#15993=DIRECTION('center_axis',(0.,0.,1.));
#15994=DIRECTION('ref_axis',(0.,1.,0.));
#15995=DIRECTION('center_axis',(0.,-0.866025403784439,-0.499999999999999));
#15996=DIRECTION('ref_axis',(0.,-0.499999999999999,0.866025403784439));
#15997=DIRECTION('',(-1.,0.,0.));
#15998=DIRECTION('center_axis',(0.,0.,-1.));
#15999=DIRECTION('ref_axis',(0.,-1.,0.));
#16000=DIRECTION('',(-1.,0.,0.));
#16001=DIRECTION('center_axis',(0.,0.866025403784439,-0.499999999999999));
#16002=DIRECTION('ref_axis',(0.,-0.499999999999999,-0.866025403784439));
#16003=DIRECTION('center_axis',(0.,0.,-1.));
#16004=DIRECTION('ref_axis',(0.,-1.,0.));
#16005=DIRECTION('',(-1.,0.,0.));
#16006=DIRECTION('',(-1.,0.,0.));
#16007=DIRECTION('center_axis',(0.,0.86602540378444,-0.499999999999998));
#16008=DIRECTION('ref_axis',(0.,-0.499999999999998,-0.86602540378444));
#16009=DIRECTION('center_axis',(0.,0.86602540378444,0.499999999999998));
#16010=DIRECTION('ref_axis',(0.,0.499999999999998,-0.86602540378444));
#16011=DIRECTION('',(-1.,0.,0.));
#16012=DIRECTION('center_axis',(0.,0.,1.));
#16013=DIRECTION('ref_axis',(0.,1.,0.));
#16014=DIRECTION('',(-1.,0.,0.));
#16015=DIRECTION('center_axis',(0.,-0.866025403784437,0.500000000000002));
#16016=DIRECTION('ref_axis',(0.,0.500000000000002,0.866025403784437));
#16017=DIRECTION('',(-1.,0.,0.));
#16018=DIRECTION('center_axis',(0.,-0.866025403784437,-0.500000000000002));
#16019=DIRECTION('ref_axis',(0.,-0.500000000000002,0.866025403784437));
#16020=DIRECTION('center_axis',(0.,0.,1.));
#16021=DIRECTION('ref_axis',(0.,1.,0.));
#16022=CARTESIAN_POINT('',(0.,0.,0.));
#16023=CARTESIAN_POINT('Origin',(7.,82.,0.));
#16024=CARTESIAN_POINT('',(-14.,82.,15.));
#16025=CARTESIAN_POINT('',(-15.,82.,14.));
#16026=CARTESIAN_POINT('Origin',(-14.,82.,14.));
#16027=CARTESIAN_POINT('',(1.,82.,15.));
#16028=CARTESIAN_POINT('',(40.5,82.,15.));
#16029=CARTESIAN_POINT('',(1.,82.,104.));
#16030=CARTESIAN_POINT('',(1.,82.,0.));
#16031=CARTESIAN_POINT('',(6.,82.,104.));
#16032=CARTESIAN_POINT('',(5.25,82.,104.));
#16033=CARTESIAN_POINT('',(6.,82.,15.));
#16034=CARTESIAN_POINT('',(6.,82.,0.));
#16035=CARTESIAN_POINT('',(39.5,82.,15.));
#16036=CARTESIAN_POINT('',(40.5,82.,15.));
#16037=CARTESIAN_POINT('',(40.5,82.,14.));
#16038=CARTESIAN_POINT('Origin',(39.5,82.,14.));
#16039=CARTESIAN_POINT('',(40.5,82.,-3.));
#16040=CARTESIAN_POINT('',(40.5,82.,0.));
#16041=CARTESIAN_POINT('',(-15.,82.,-3.));
#16042=CARTESIAN_POINT('',(-15.,82.,-3.));
#16043=CARTESIAN_POINT('',(-15.,82.,0.));
#16044=CARTESIAN_POINT('',(-12.,82.,-1.));
#16045=CARTESIAN_POINT('',(-12.,82.,12.));
#16046=CARTESIAN_POINT('',(-12.,82.,-3.));
#16047=CARTESIAN_POINT('',(-3.,82.,-1.));
#16048=CARTESIAN_POINT('',(9.875,82.,-1.));
#16049=CARTESIAN_POINT('',(1.,82.,3.));
#16050=CARTESIAN_POINT('Origin',(-3.,82.,3.));
#16051=CARTESIAN_POINT('',(1.,82.,12.));
#16052=CARTESIAN_POINT('',(1.,82.,0.));
#16053=CARTESIAN_POINT('',(40.5,82.,12.));
#16054=CARTESIAN_POINT('',(20.7499999552965,82.,12.));
#16055=CARTESIAN_POINT('',(6.,82.,12.));
#16056=CARTESIAN_POINT('',(40.5,82.,12.));
#16057=CARTESIAN_POINT('',(6.,82.,3.));
#16058=CARTESIAN_POINT('',(6.,82.,0.));
#16059=CARTESIAN_POINT('',(10.,82.,-0.999999999999999));
#16060=CARTESIAN_POINT('Origin',(10.,82.,3.));
#16061=CARTESIAN_POINT('',(20.7499999552965,82.,-1.));
#16062=CARTESIAN_POINT('',(9.875,82.,-1.));
#16063=CARTESIAN_POINT('',(20.7499999552965,82.,-3.0000002682209));
#16064=CARTESIAN_POINT('',(39.5,82.,-1.));
#16065=CARTESIAN_POINT('',(21.75,82.,-1.));
#16066=CARTESIAN_POINT('',(9.875,82.,-1.));
#16067=CARTESIAN_POINT('',(39.5,82.,12.));
#16068=CARTESIAN_POINT('',(39.5,82.,6.));
#16069=CARTESIAN_POINT('',(21.75,82.,12.));
#16070=CARTESIAN_POINT('',(40.5,82.,12.));
#16071=CARTESIAN_POINT('',(21.75,82.,-0.499999999999999));
#16072=CARTESIAN_POINT('Origin',(39.5,80.,9.5));
#16073=CARTESIAN_POINT('',(39.5,78.,12.));
#16074=CARTESIAN_POINT('Origin',(39.5,80.,12.));
#16075=CARTESIAN_POINT('',(37.767949192431,80.9999999999998,0.));
#16076=CARTESIAN_POINT('Ctrl Pts',(37.7679491924311,81.,0.));
#16077=CARTESIAN_POINT('Ctrl Pts',(37.843516980995,81.1308872492082,-2.31975478136691E-15));
#16078=CARTESIAN_POINT('Ctrl Pts',(37.9394131538701,81.2604900421338,-0.0268381941559981));
#16079=CARTESIAN_POINT('Ctrl Pts',(38.1534046736433,81.4869254371806,-0.11806878896284));
#16080=CARTESIAN_POINT('Ctrl Pts',(38.2714356837722,81.583998644002,-0.182014197512259));
#16081=CARTESIAN_POINT('Ctrl Pts',(38.5493425508506,81.7708508998295,-0.346048171938983));
#16082=CARTESIAN_POINT('Ctrl Pts',(38.7370773919173,81.8596327979569,-0.46933040069957));
#16083=CARTESIAN_POINT('Ctrl Pts',(39.1218181388617,81.9741487021191,-0.732393074541756));
#16084=CARTESIAN_POINT('Ctrl Pts',(39.3189315005805,82.,-0.871965236201205));
#16085=CARTESIAN_POINT('Ctrl Pts',(39.5,82.,-1.));
#16086=CARTESIAN_POINT('',(39.5,78.,0.));
#16087=CARTESIAN_POINT('Origin',(39.5,80.,0.));
#16088=CARTESIAN_POINT('',(39.5,78.,9.5));
#16089=CARTESIAN_POINT('Origin',(12.75,78.,7.));
#16090=CARTESIAN_POINT('',(40.5,78.,0.));
#16091=CARTESIAN_POINT('',(12.75,78.,0.));
#16092=CARTESIAN_POINT('',(40.5,78.,13.));
#16093=CARTESIAN_POINT('',(40.5,78.,-3.));
#16094=CARTESIAN_POINT('Origin',(39.5,78.,13.));
#16095=CARTESIAN_POINT('Origin',(12.75,78.,7.));
#16096=CARTESIAN_POINT('',(38.5,78.,12.));
#16097=CARTESIAN_POINT('',(22.75,78.,12.));
#16098=CARTESIAN_POINT('',(26.625,78.,12.));
#16099=CARTESIAN_POINT('',(37.5,78.,13.));
#16100=CARTESIAN_POINT('Origin',(38.5,78.,13.));
#16101=CARTESIAN_POINT('',(37.5,78.,14.));
#16102=CARTESIAN_POINT('',(37.5,78.,9.5));
#16103=CARTESIAN_POINT('',(38.5,78.,15.));
#16104=CARTESIAN_POINT('Origin',(38.5,78.,14.));
#16105=CARTESIAN_POINT('',(22.75,78.,15.));
#16106=CARTESIAN_POINT('',(40.5,78.,15.));
#16107=CARTESIAN_POINT('',(23.75,78.,14.));
#16108=CARTESIAN_POINT('Origin',(22.75,78.,14.));
#16109=CARTESIAN_POINT('',(23.75,78.,13.));
#16110=CARTESIAN_POINT('',(23.75,78.,11.));
#16111=CARTESIAN_POINT('Origin',(22.75,78.,13.));
#16112=CARTESIAN_POINT('Origin',(21.75,80.,3.));
#16113=CARTESIAN_POINT('',(21.7499999552965,78.,12.));
#16114=CARTESIAN_POINT('Origin',(21.75,80.,12.));
#16115=CARTESIAN_POINT('',(21.75,78.,0.));
#16116=CARTESIAN_POINT('',(21.75,78.,3.));
#16117=CARTESIAN_POINT('',(23.4820508075689,81.,0.));
#16118=CARTESIAN_POINT('Origin',(21.75,80.,0.));
#16119=CARTESIAN_POINT('Ctrl Pts',(21.75,82.,-1.));
#16120=CARTESIAN_POINT('Ctrl Pts',(21.9310684994195,82.,-0.871965236201206));
#16121=CARTESIAN_POINT('Ctrl Pts',(22.1281818611382,81.9741487021191,-0.732393074541718));
#16122=CARTESIAN_POINT('Ctrl Pts',(22.5129226080826,81.8596327979569,-0.469330400699553));
#16123=CARTESIAN_POINT('Ctrl Pts',(22.7006574491494,81.7708508998295,-0.346048171938983));
#16124=CARTESIAN_POINT('Ctrl Pts',(22.9785643162278,81.583998644002,-0.18201419751226));
#16125=CARTESIAN_POINT('Ctrl Pts',(23.0965953263567,81.4869254371806,-0.11806878896284));
#16126=CARTESIAN_POINT('Ctrl Pts',(23.3105868461299,81.2604900421338,-0.0268381941559985));
#16127=CARTESIAN_POINT('Ctrl Pts',(23.406483019005,81.1308872492083,-2.08166817117217E-16));
#16128=CARTESIAN_POINT('Ctrl Pts',(23.4820508075689,81.,-2.08166817117217E-16));
#16129=CARTESIAN_POINT('Origin',(12.75,78.,7.));
#16130=CARTESIAN_POINT('',(20.7499999552965,78.,13.));
#16131=CARTESIAN_POINT('Origin',(21.7499999552965,78.,13.));
#16132=CARTESIAN_POINT('',(20.7499999552965,78.,14.));
#16133=CARTESIAN_POINT('',(20.7499999552965,78.,9.5));
#16134=CARTESIAN_POINT('',(21.7499999552965,78.,15.));
#16135=CARTESIAN_POINT('Origin',(21.7499999552965,78.,14.));
#16136=CARTESIAN_POINT('',(7.,78.,15.));
#16137=CARTESIAN_POINT('',(40.5,78.,15.));
#16138=CARTESIAN_POINT('',(7.,78.,12.));
#16139=CARTESIAN_POINT('',(7.,78.,3.5));
#16140=CARTESIAN_POINT('',(20.7499999552965,78.,12.));
#16141=CARTESIAN_POINT('',(40.5,78.,12.));
#16142=CARTESIAN_POINT('',(20.7499999552965,78.,0.));
#16143=CARTESIAN_POINT('',(20.7499999552965,78.,-3.0000002682209));
#16144=CARTESIAN_POINT('',(12.75,78.,0.));
#16145=CARTESIAN_POINT('Origin',(23.25,66.,7.));
#16146=CARTESIAN_POINT('',(21.75,66.,0.));
#16147=CARTESIAN_POINT('',(21.7499999552965,66.,12.));
#16148=CARTESIAN_POINT('',(21.75,66.,9.5));
#16149=CARTESIAN_POINT('',(20.7499999552965,66.,0.));
#16150=CARTESIAN_POINT('',(18.,66.,0.));
#16151=CARTESIAN_POINT('',(20.7499999552965,66.,12.));
#16152=CARTESIAN_POINT('',(20.7499999552965,66.,-3.0000002682209));
#16153=CARTESIAN_POINT('',(7.,66.,12.));
#16154=CARTESIAN_POINT('',(40.5,66.,12.));
#16155=CARTESIAN_POINT('',(7.,66.,15.));
#16156=CARTESIAN_POINT('',(7.,66.,3.5));
#16157=CARTESIAN_POINT('',(21.7499999552965,66.,15.));
#16158=CARTESIAN_POINT('',(40.5,66.,15.));
#16159=CARTESIAN_POINT('',(20.7499999552965,66.,14.));
#16160=CARTESIAN_POINT('Origin',(21.7499999552965,66.,14.));
#16161=CARTESIAN_POINT('',(20.7499999552965,66.,13.));
#16162=CARTESIAN_POINT('',(20.7499999552965,66.,9.5));
#16163=CARTESIAN_POINT('Origin',(21.7499999552965,66.,13.));
#16164=CARTESIAN_POINT('Origin',(23.25,66.,7.));
#16165=CARTESIAN_POINT('',(22.75,66.,12.));
#16166=CARTESIAN_POINT('',(38.5,66.,12.));
#16167=CARTESIAN_POINT('',(31.875,66.,12.));
#16168=CARTESIAN_POINT('',(23.75,66.,13.));
#16169=CARTESIAN_POINT('Origin',(22.75,66.,13.));
#16170=CARTESIAN_POINT('',(23.75,66.,14.));
#16171=CARTESIAN_POINT('',(23.75,66.,11.));
#16172=CARTESIAN_POINT('',(22.75,66.,15.));
#16173=CARTESIAN_POINT('Origin',(22.75,66.,14.));
#16174=CARTESIAN_POINT('',(38.5,66.,15.));
#16175=CARTESIAN_POINT('',(40.5,66.,15.));
#16176=CARTESIAN_POINT('',(37.5,66.,14.));
#16177=CARTESIAN_POINT('Origin',(38.5,66.,14.));
#16178=CARTESIAN_POINT('',(37.5,66.,13.));
#16179=CARTESIAN_POINT('',(37.5,66.,9.5));
#16180=CARTESIAN_POINT('Origin',(38.5,66.,13.));
#16181=CARTESIAN_POINT('Origin',(21.75,64.,22.5));
#16182=CARTESIAN_POINT('',(21.7499999552965,62.,12.));
#16183=CARTESIAN_POINT('Origin',(21.75,64.,12.));
#16184=CARTESIAN_POINT('',(21.75,62.,0.));
#16185=CARTESIAN_POINT('',(21.75,62.,22.5));
#16186=CARTESIAN_POINT('Origin',(21.75,64.,0.));
#16187=CARTESIAN_POINT('Origin',(7.,62.,33.));
#16188=CARTESIAN_POINT('',(38.5,62.,12.));
#16189=CARTESIAN_POINT('',(22.75,62.,12.));
#16190=CARTESIAN_POINT('',(23.75,62.,12.));
#16191=CARTESIAN_POINT('',(37.5,62.,13.));
#16192=CARTESIAN_POINT('Origin',(38.5,62.,13.));
#16193=CARTESIAN_POINT('',(37.5,62.,14.));
#16194=CARTESIAN_POINT('',(37.5,62.,22.5));
#16195=CARTESIAN_POINT('',(38.5,62.,15.));
#16196=CARTESIAN_POINT('Origin',(38.5,62.,14.));
#16197=CARTESIAN_POINT('',(22.75,62.,15.));
#16198=CARTESIAN_POINT('',(40.5,62.,15.));
#16199=CARTESIAN_POINT('',(23.75,62.,14.));
#16200=CARTESIAN_POINT('Origin',(22.75,62.,14.));
#16201=CARTESIAN_POINT('',(23.75,62.,13.));
#16202=CARTESIAN_POINT('',(23.75,62.,24.));
#16203=CARTESIAN_POINT('Origin',(22.75,62.,13.));
#16204=CARTESIAN_POINT('Origin',(7.,62.,33.));
#16205=CARTESIAN_POINT('',(20.7499999552965,62.,13.));
#16206=CARTESIAN_POINT('Origin',(21.7499999552965,62.,13.));
#16207=CARTESIAN_POINT('',(20.7499999552965,62.,14.));
#16208=CARTESIAN_POINT('',(20.7499999552965,62.,22.5));
#16209=CARTESIAN_POINT('',(21.7499999552965,62.,15.));
#16210=CARTESIAN_POINT('Origin',(21.7499999552965,62.,14.));
#16211=CARTESIAN_POINT('',(6.5,62.,15.));
#16212=CARTESIAN_POINT('',(40.5,62.,15.));
#16213=CARTESIAN_POINT('',(6.5,62.,30.));
#16214=CARTESIAN_POINT('',(6.5,62.,16.5));
#16215=CARTESIAN_POINT('',(0.5,62.,30.));
#16216=CARTESIAN_POINT('',(7.,62.,30.));
#16217=CARTESIAN_POINT('',(0.5,62.,15.));
#16218=CARTESIAN_POINT('',(0.5,62.,16.5));
#16219=CARTESIAN_POINT('',(-13.,62.,15.));
#16220=CARTESIAN_POINT('',(-15.,62.,15.));
#16221=CARTESIAN_POINT('',(-12.,62.,14.));
#16222=CARTESIAN_POINT('Origin',(-13.,62.,14.));
#16223=CARTESIAN_POINT('',(-12.,62.,13.));
#16224=CARTESIAN_POINT('',(-12.,62.,24.));
#16225=CARTESIAN_POINT('',(-13.,62.,12.));
#16226=CARTESIAN_POINT('Origin',(-13.,62.,13.));
#16227=CARTESIAN_POINT('',(0.5,62.,12.));
#16228=CARTESIAN_POINT('',(-2.5,62.,12.));
#16229=CARTESIAN_POINT('',(0.5,62.,8.));
#16230=CARTESIAN_POINT('',(0.5,62.,16.5));
#16231=CARTESIAN_POINT('',(6.5,62.,8.));
#16232=CARTESIAN_POINT('',(7.,62.,8.));
#16233=CARTESIAN_POINT('',(6.5,62.,12.));
#16234=CARTESIAN_POINT('',(6.5,62.,16.5));
#16235=CARTESIAN_POINT('',(20.7499999552965,62.,12.));
#16236=CARTESIAN_POINT('',(40.5,62.,12.));
#16237=CARTESIAN_POINT('',(20.7499999552965,62.,0.));
#16238=CARTESIAN_POINT('',(20.7499999552965,62.,-3.0000002682209));
#16239=CARTESIAN_POINT('',(18.,62.,0.));
#16240=CARTESIAN_POINT('Origin',(23.25,66.,7.));
#16241=CARTESIAN_POINT('',(39.5,66.,12.));
#16242=CARTESIAN_POINT('',(39.5,66.,0.));
#16243=CARTESIAN_POINT('',(39.5,66.,3.));
#16244=CARTESIAN_POINT('',(40.5,66.,13.));
#16245=CARTESIAN_POINT('Origin',(39.5,66.,13.));
#16246=CARTESIAN_POINT('',(40.5,66.,0.));
#16247=CARTESIAN_POINT('',(40.5,66.,-3.));
#16248=CARTESIAN_POINT('',(18.,66.,0.));
#16249=CARTESIAN_POINT('Origin',(39.5,64.,16.));
#16250=CARTESIAN_POINT('',(39.5,62.,12.));
#16251=CARTESIAN_POINT('Origin',(39.5,64.,12.));
#16252=CARTESIAN_POINT('',(39.5,62.,0.));
#16253=CARTESIAN_POINT('Origin',(39.5,64.,0.));
#16254=CARTESIAN_POINT('',(39.5,62.,16.));
#16255=CARTESIAN_POINT('Origin',(7.,62.,33.));
#16256=CARTESIAN_POINT('',(40.5,62.,0.));
#16257=CARTESIAN_POINT('',(18.,62.,0.));
#16258=CARTESIAN_POINT('',(40.5,62.,13.));
#16259=CARTESIAN_POINT('',(40.5,62.,-3.));
#16260=CARTESIAN_POINT('Origin',(39.5,62.,13.));
#16261=CARTESIAN_POINT('Origin',(39.5,2.,3.));
#16262=CARTESIAN_POINT('',(39.5,0.,12.));
#16263=CARTESIAN_POINT('',(39.5,4.,12.));
#16264=CARTESIAN_POINT('Origin',(39.5,2.,12.));
#16265=CARTESIAN_POINT('',(39.5,4.,0.));
#16266=CARTESIAN_POINT('',(39.5,4.,3.));
#16267=CARTESIAN_POINT('',(37.7679491924311,1.,0.));
#16268=CARTESIAN_POINT('Origin',(39.5,2.,0.));
#16269=CARTESIAN_POINT('',(39.5,0.,-1.));
#16270=CARTESIAN_POINT('Ctrl Pts',(39.5,8.32667268468867E-16,-1.));
#16271=CARTESIAN_POINT('Ctrl Pts',(39.3189315005805,8.32667268468867E-16,
-0.871965236201204));
#16272=CARTESIAN_POINT('Ctrl Pts',(39.1218181388617,0.0258512978808934,
-0.732393074541763));
#16273=CARTESIAN_POINT('Ctrl Pts',(38.7370773919173,0.140367202043089,-0.469330400699563));
#16274=CARTESIAN_POINT('Ctrl Pts',(38.5493425508505,0.229149100170516,-0.346048171938985));
#16275=CARTESIAN_POINT('Ctrl Pts',(38.2714356837722,0.416001355998031,-0.18201419751226));
#16276=CARTESIAN_POINT('Ctrl Pts',(38.1534046736433,0.513074562819388,-0.118068788962844));
#16277=CARTESIAN_POINT('Ctrl Pts',(37.9394131538701,0.739509957866153,-0.0268381941559961));
#16278=CARTESIAN_POINT('Ctrl Pts',(37.843516980995,0.869112750791758,-1.81642547126052E-17));
#16279=CARTESIAN_POINT('Ctrl Pts',(37.7679491924311,1.,-2.88889491658085E-33));
#16280=CARTESIAN_POINT('',(39.5,0.,-0.5));
#16281=CARTESIAN_POINT('Origin',(23.25,4.,7.));
#16282=CARTESIAN_POINT('',(40.5,4.,13.));
#16283=CARTESIAN_POINT('Origin',(39.5,4.,13.));
#16284=CARTESIAN_POINT('',(40.5,4.,0.));
#16285=CARTESIAN_POINT('',(40.5,4.,-3.));
#16286=CARTESIAN_POINT('',(18.,4.,0.));
#16287=CARTESIAN_POINT('Origin',(23.25,16.,7.));
#16288=CARTESIAN_POINT('',(39.5,16.,0.));
#16289=CARTESIAN_POINT('',(39.5,16.,12.));
#16290=CARTESIAN_POINT('',(39.5,16.,9.5));
#16291=CARTESIAN_POINT('',(40.5,16.,0.));
#16292=CARTESIAN_POINT('',(18.,16.,0.));
#16293=CARTESIAN_POINT('',(40.5,16.,13.));
#16294=CARTESIAN_POINT('',(40.5,16.,-3.));
#16295=CARTESIAN_POINT('Origin',(39.5,16.,13.));
#16296=CARTESIAN_POINT('Origin',(23.25,16.,7.));
#16297=CARTESIAN_POINT('',(38.5,16.,12.));
#16298=CARTESIAN_POINT('',(22.75,16.,12.));
#16299=CARTESIAN_POINT('',(30.375,16.,12.));
#16300=CARTESIAN_POINT('',(37.5,16.,13.));
#16301=CARTESIAN_POINT('Origin',(38.5,16.,13.));
#16302=CARTESIAN_POINT('',(37.5,16.,14.));
#16303=CARTESIAN_POINT('',(37.5,16.,9.5));
#16304=CARTESIAN_POINT('',(38.5,16.,15.));
#16305=CARTESIAN_POINT('Origin',(38.5,16.,14.));
#16306=CARTESIAN_POINT('',(22.75,16.,15.));
#16307=CARTESIAN_POINT('',(40.5,16.,15.));
#16308=CARTESIAN_POINT('',(23.75,16.,14.));
#16309=CARTESIAN_POINT('Origin',(22.75,16.,14.));
#16310=CARTESIAN_POINT('',(23.75,16.,13.));
#16311=CARTESIAN_POINT('',(23.75,16.,11.));
#16312=CARTESIAN_POINT('Origin',(22.75,16.,13.));
#16313=CARTESIAN_POINT('Origin',(39.5,18.,8.5));
#16314=CARTESIAN_POINT('',(39.5,20.,12.));
#16315=CARTESIAN_POINT('Origin',(39.5,18.,12.));
#16316=CARTESIAN_POINT('',(39.5,20.,0.));
#16317=CARTESIAN_POINT('',(39.5,20.,8.5));
#16318=CARTESIAN_POINT('Origin',(39.5,18.,0.));
#16319=CARTESIAN_POINT('Origin',(7.,20.,5.));
#16320=CARTESIAN_POINT('',(22.75,20.,12.));
#16321=CARTESIAN_POINT('',(38.5,20.,12.));
#16322=CARTESIAN_POINT('',(22.25,20.,12.));
#16323=CARTESIAN_POINT('',(23.75,20.,13.));
#16324=CARTESIAN_POINT('Origin',(22.75,20.,13.));
#16325=CARTESIAN_POINT('',(23.75,20.,14.));
#16326=CARTESIAN_POINT('',(23.75,20.,10.));
#16327=CARTESIAN_POINT('',(22.75,20.,15.));
#16328=CARTESIAN_POINT('Origin',(22.75,20.,14.));
#16329=CARTESIAN_POINT('',(38.5,20.,15.));
#16330=CARTESIAN_POINT('',(40.5,20.,15.));
#16331=CARTESIAN_POINT('',(37.5,20.,14.));
#16332=CARTESIAN_POINT('Origin',(38.5,20.,14.));
#16333=CARTESIAN_POINT('',(37.5,20.,13.));
#16334=CARTESIAN_POINT('',(37.5,20.,8.5));
#16335=CARTESIAN_POINT('Origin',(38.5,20.,13.));
#16336=CARTESIAN_POINT('Origin',(7.,20.,5.));
#16337=CARTESIAN_POINT('',(40.5,20.,13.));
#16338=CARTESIAN_POINT('Origin',(39.5,20.,13.));
#16339=CARTESIAN_POINT('',(40.5,20.,0.));
#16340=CARTESIAN_POINT('',(40.5,20.,-3.));
#16341=CARTESIAN_POINT('',(18.,20.,0.));
#16342=CARTESIAN_POINT('Origin',(7.,20.,5.));
#16343=CARTESIAN_POINT('',(21.75,20.,0.));
#16344=CARTESIAN_POINT('',(21.7499999552965,20.,12.));
#16345=CARTESIAN_POINT('',(21.75,20.,2.));
#16346=CARTESIAN_POINT('',(20.7499999552965,20.,0.));
#16347=CARTESIAN_POINT('',(18.,20.,0.));
#16348=CARTESIAN_POINT('',(20.7499999552965,20.,12.));
#16349=CARTESIAN_POINT('',(20.7499999552965,20.,-3.0000002682209));
#16350=CARTESIAN_POINT('',(6.5,20.,12.));
#16351=CARTESIAN_POINT('',(40.5,20.,12.));
#16352=CARTESIAN_POINT('',(6.5,20.,8.));
#16353=CARTESIAN_POINT('',(6.5,20.,2.5));
#16354=CARTESIAN_POINT('',(0.5,20.,8.));
#16355=CARTESIAN_POINT('',(7.,20.,8.));
#16356=CARTESIAN_POINT('',(0.5,20.,12.));
#16357=CARTESIAN_POINT('',(0.5,20.,2.5));
#16358=CARTESIAN_POINT('',(-13.,20.,12.));
#16359=CARTESIAN_POINT('',(-2.5,20.,12.));
#16360=CARTESIAN_POINT('',(-12.,20.,13.));
#16361=CARTESIAN_POINT('Origin',(-13.,20.,13.));
#16362=CARTESIAN_POINT('',(-12.,20.,14.));
#16363=CARTESIAN_POINT('',(-12.,20.,10.));
#16364=CARTESIAN_POINT('',(-13.,20.,15.));
#16365=CARTESIAN_POINT('Origin',(-13.,20.,14.));
#16366=CARTESIAN_POINT('',(0.5,20.,15.));
#16367=CARTESIAN_POINT('',(-15.,20.,15.));
#16368=CARTESIAN_POINT('',(0.5,20.,30.));
#16369=CARTESIAN_POINT('',(0.5,20.,2.5));
#16370=CARTESIAN_POINT('',(6.5,20.,30.));
#16371=CARTESIAN_POINT('',(7.,20.,30.));
#16372=CARTESIAN_POINT('',(6.5,20.,15.));
#16373=CARTESIAN_POINT('',(6.5,20.,2.5));
#16374=CARTESIAN_POINT('',(21.7499999552965,20.,15.));
#16375=CARTESIAN_POINT('',(40.5,20.,15.));
#16376=CARTESIAN_POINT('',(20.7499999552965,20.,14.));
#16377=CARTESIAN_POINT('Origin',(21.7499999552965,20.,14.));
#16378=CARTESIAN_POINT('',(20.7499999552965,20.,13.));
#16379=CARTESIAN_POINT('',(20.7499999552965,20.,8.5));
#16380=CARTESIAN_POINT('Origin',(21.7499999552965,20.,13.));
#16381=CARTESIAN_POINT('Origin',(21.75,18.,3.));
#16382=CARTESIAN_POINT('',(21.7499999552965,16.,12.));
#16383=CARTESIAN_POINT('Origin',(21.75,18.,12.));
#16384=CARTESIAN_POINT('',(21.75,16.,0.));
#16385=CARTESIAN_POINT('',(21.75,16.,3.));
#16386=CARTESIAN_POINT('Origin',(21.75,18.,0.));
#16387=CARTESIAN_POINT('Origin',(23.25,16.,7.));
#16388=CARTESIAN_POINT('',(20.7499999552965,16.,13.));
#16389=CARTESIAN_POINT('Origin',(21.7499999552965,16.,13.));
#16390=CARTESIAN_POINT('',(20.7499999552965,16.,14.));
#16391=CARTESIAN_POINT('',(20.7499999552965,16.,9.5));
#16392=CARTESIAN_POINT('',(21.7499999552965,16.,15.));
#16393=CARTESIAN_POINT('Origin',(21.7499999552965,16.,14.));
#16394=CARTESIAN_POINT('',(7.,16.,15.));
#16395=CARTESIAN_POINT('',(40.5,16.,15.));
#16396=CARTESIAN_POINT('',(7.,16.,12.));
#16397=CARTESIAN_POINT('',(7.,16.,3.5));
#16398=CARTESIAN_POINT('',(20.7499999552965,16.,12.));
#16399=CARTESIAN_POINT('',(40.5,16.,12.));
#16400=CARTESIAN_POINT('',(20.7499999552965,16.,0.));
#16401=CARTESIAN_POINT('',(20.7499999552965,16.,-3.0000002682209));
#16402=CARTESIAN_POINT('',(18.,16.,0.));
#16403=CARTESIAN_POINT('Origin',(23.25,4.,7.));
#16404=CARTESIAN_POINT('',(21.75,4.,0.));
#16405=CARTESIAN_POINT('',(21.7499999552965,4.,12.));
#16406=CARTESIAN_POINT('',(21.75,4.,9.5));
#16407=CARTESIAN_POINT('',(20.7499999552965,4.,0.));
#16408=CARTESIAN_POINT('',(18.,4.,0.));
#16409=CARTESIAN_POINT('',(20.7499999552965,4.,12.));
#16410=CARTESIAN_POINT('',(20.7499999552965,4.,-3.0000002682209));
#16411=CARTESIAN_POINT('',(7.,4.,12.));
#16412=CARTESIAN_POINT('',(40.5,4.,12.));
#16413=CARTESIAN_POINT('',(7.,4.,15.));
#16414=CARTESIAN_POINT('',(7.,4.,3.5));
#16415=CARTESIAN_POINT('',(21.7499999552965,4.,15.));
#16416=CARTESIAN_POINT('',(40.5,4.,15.));
#16417=CARTESIAN_POINT('',(20.7499999552965,4.,14.));
#16418=CARTESIAN_POINT('Origin',(21.7499999552965,4.,14.));
#16419=CARTESIAN_POINT('',(20.7499999552965,4.,13.));
#16420=CARTESIAN_POINT('',(20.7499999552965,4.,9.5));
#16421=CARTESIAN_POINT('Origin',(21.7499999552965,4.,13.));
#16422=CARTESIAN_POINT('Origin',(23.25,4.,7.));
#16423=CARTESIAN_POINT('',(22.75,4.,12.));
#16424=CARTESIAN_POINT('',(38.5,4.,12.));
#16425=CARTESIAN_POINT('',(31.875,4.,12.));
#16426=CARTESIAN_POINT('',(23.75,4.,13.));
#16427=CARTESIAN_POINT('Origin',(22.75,4.,13.));
#16428=CARTESIAN_POINT('',(23.75,4.,14.));
#16429=CARTESIAN_POINT('',(23.75,4.,11.));
#16430=CARTESIAN_POINT('',(22.75,4.,15.));
#16431=CARTESIAN_POINT('Origin',(22.75,4.,14.));
#16432=CARTESIAN_POINT('',(38.5,4.,15.));
#16433=CARTESIAN_POINT('',(40.5,4.,15.));
#16434=CARTESIAN_POINT('',(37.5,4.,14.));
#16435=CARTESIAN_POINT('Origin',(38.5,4.,14.));
#16436=CARTESIAN_POINT('',(37.5,4.,13.));
#16437=CARTESIAN_POINT('',(37.5,4.,9.5));
#16438=CARTESIAN_POINT('Origin',(38.5,4.,13.));
#16439=CARTESIAN_POINT('Origin',(21.75,2.,6.));
#16440=CARTESIAN_POINT('',(23.4820508075689,1.,0.));
#16441=CARTESIAN_POINT('Origin',(21.75,2.,0.));
#16442=CARTESIAN_POINT('',(21.75,0.,12.));
#16443=CARTESIAN_POINT('Origin',(21.75,2.,12.));
#16444=CARTESIAN_POINT('',(21.75,0.,-1.));
#16445=CARTESIAN_POINT('',(21.75,0.,6.));
#16446=CARTESIAN_POINT('Ctrl Pts',(23.4820508075689,1.,-6.74075480535533E-33));
#16447=CARTESIAN_POINT('Ctrl Pts',(23.406483019005,0.869112750791759,2.93639845742643E-17));
#16448=CARTESIAN_POINT('Ctrl Pts',(23.3105868461299,0.739509957866156,-0.0268381941559961));
#16449=CARTESIAN_POINT('Ctrl Pts',(23.0965953263567,0.513074562819388,-0.118068788962843));
#16450=CARTESIAN_POINT('Ctrl Pts',(22.9785643162278,0.416001355998031,-0.18201419751226));
#16451=CARTESIAN_POINT('Ctrl Pts',(22.7006574491495,0.229149100170516,-0.346048171938986));
#16452=CARTESIAN_POINT('Ctrl Pts',(22.5129226080827,0.14036720204309,-0.469330400699561));
#16453=CARTESIAN_POINT('Ctrl Pts',(22.1281818611383,0.0258512978808941,
-0.732393074541761));
#16454=CARTESIAN_POINT('Ctrl Pts',(21.9310684994195,8.32667268468867E-16,
-0.871965236201204));
#16455=CARTESIAN_POINT('Ctrl Pts',(21.75,8.32667268468867E-16,-1.));
#16456=CARTESIAN_POINT('Origin',(0.,0.,0.));
#16457=CARTESIAN_POINT('',(-15.,0.,14.));
#16458=CARTESIAN_POINT('',(-14.,0.,15.));
#16459=CARTESIAN_POINT('Origin',(-14.,0.,14.));
#16460=CARTESIAN_POINT('',(-15.,0.,-3.));
#16461=CARTESIAN_POINT('',(-15.,0.,0.));
#16462=CARTESIAN_POINT('',(40.5,0.,-3.));
#16463=CARTESIAN_POINT('',(3.,0.,-3.));
#16464=CARTESIAN_POINT('',(40.5,0.,14.));
#16465=CARTESIAN_POINT('',(40.5,0.,0.));
#16466=CARTESIAN_POINT('',(39.5,0.,15.));
#16467=CARTESIAN_POINT('Origin',(39.5,0.,14.));
#16468=CARTESIAN_POINT('',(6.,0.,15.));
#16469=CARTESIAN_POINT('',(40.5,0.,15.));
#16470=CARTESIAN_POINT('',(6.,0.,104.));
#16471=CARTESIAN_POINT('',(6.,0.,0.));
#16472=CARTESIAN_POINT('',(1.,-8.2539854759453E-34,104.));
#16473=CARTESIAN_POINT('',(1.75,0.,104.));
#16474=CARTESIAN_POINT('',(1.,0.,15.));
#16475=CARTESIAN_POINT('',(1.,0.,0.));
#16476=CARTESIAN_POINT('',(-15.,0.,15.));
#16477=CARTESIAN_POINT('',(6.375,0.,-1.));
#16478=CARTESIAN_POINT('',(40.5,0.,12.));
#16479=CARTESIAN_POINT('',(20.7499999552965,0.,-1.));
#16480=CARTESIAN_POINT('',(20.7499999552965,0.,12.));
#16481=CARTESIAN_POINT('',(20.7499999552965,0.,-3.0000002682209));
#16482=CARTESIAN_POINT('',(10.,0.,-0.999999999999999));
#16483=CARTESIAN_POINT('',(6.375,0.,-1.));
#16484=CARTESIAN_POINT('',(6.,0.,3.));
#16485=CARTESIAN_POINT('Origin',(10.,0.,3.));
#16486=CARTESIAN_POINT('',(6.,0.,12.));
#16487=CARTESIAN_POINT('',(6.,0.,0.));
#16488=CARTESIAN_POINT('',(40.5,0.,12.));
#16489=CARTESIAN_POINT('',(1.,0.,12.));
#16490=CARTESIAN_POINT('',(-14.,0.,12.));
#16491=CARTESIAN_POINT('',(40.5,0.,12.));
#16492=CARTESIAN_POINT('',(1.,4.40212558717083E-33,3.));
#16493=CARTESIAN_POINT('',(1.,0.,0.));
#16494=CARTESIAN_POINT('',(-3.,-1.03174818449316E-32,-1.));
#16495=CARTESIAN_POINT('Origin',(-3.,0.,3.));
#16496=CARTESIAN_POINT('',(-14.,0.,-1.));
#16497=CARTESIAN_POINT('',(6.375,0.,-1.));
#16498=CARTESIAN_POINT('',(-14.,0.,6.));
#16499=CARTESIAN_POINT('Origin',(-14.,2.,9.5));
#16500=CARTESIAN_POINT('',(-14.,4.,12.));
#16501=CARTESIAN_POINT('Origin',(-14.,2.,12.));
#16502=CARTESIAN_POINT('',(-12.2679491924311,1.,0.));
#16503=CARTESIAN_POINT('Ctrl Pts',(-12.2679491924311,1.,-3.85185988877447E-33));
#16504=CARTESIAN_POINT('Ctrl Pts',(-12.343516980995,0.869112750791758,-3.85185988877447E-33));
#16505=CARTESIAN_POINT('Ctrl Pts',(-12.4394131538701,0.739509957866155,
-0.0268381941559958));
#16506=CARTESIAN_POINT('Ctrl Pts',(-12.6534046736433,0.513074562819387,
-0.118068788962844));
#16507=CARTESIAN_POINT('Ctrl Pts',(-12.7714356837722,0.416001355998031,
-0.18201419751226));
#16508=CARTESIAN_POINT('Ctrl Pts',(-13.0493425508505,0.229149100170516,
-0.346048171938985));
#16509=CARTESIAN_POINT('Ctrl Pts',(-13.2370773919173,0.140367202043089,
-0.469330400699563));
#16510=CARTESIAN_POINT('Ctrl Pts',(-13.6218181388617,0.0258512978808945,
-0.73239307454176));
#16511=CARTESIAN_POINT('Ctrl Pts',(-13.8189315005805,8.32667268468867E-16,
-0.871965236201204));
#16512=CARTESIAN_POINT('Ctrl Pts',(-14.,8.32667268468867E-16,-1.));
#16513=CARTESIAN_POINT('',(-14.,4.,0.));
#16514=CARTESIAN_POINT('Origin',(-14.,2.,0.));
#16515=CARTESIAN_POINT('',(-14.,4.,9.5));
#16516=CARTESIAN_POINT('Origin',(-7.,4.,7.));
#16517=CARTESIAN_POINT('',(-15.,4.,0.));
#16518=CARTESIAN_POINT('',(2.875,4.,0.));
#16519=CARTESIAN_POINT('',(-15.,4.,13.));
#16520=CARTESIAN_POINT('',(-15.,4.,12.));
#16521=CARTESIAN_POINT('Origin',(-14.,4.,13.));
#16522=CARTESIAN_POINT('Origin',(-7.,4.,7.));
#16523=CARTESIAN_POINT('',(1.,4.,12.));
#16524=CARTESIAN_POINT('',(-13.,4.,12.));
#16525=CARTESIAN_POINT('',(40.5,4.,12.));
#16526=CARTESIAN_POINT('',(-12.,4.,13.));
#16527=CARTESIAN_POINT('Origin',(-13.,4.,13.));
#16528=CARTESIAN_POINT('',(-12.,4.,14.));
#16529=CARTESIAN_POINT('',(-12.,4.,11.));
#16530=CARTESIAN_POINT('',(-13.,4.,15.));
#16531=CARTESIAN_POINT('Origin',(-13.,4.,14.));
#16532=CARTESIAN_POINT('',(1.,4.,15.));
#16533=CARTESIAN_POINT('',(-15.,4.,15.));
#16534=CARTESIAN_POINT('',(1.,4.,104.));
#16535=CARTESIAN_POINT('Origin',(7.,20.,5.));
#16536=CARTESIAN_POINT('',(-14.,20.,0.));
#16537=CARTESIAN_POINT('',(-14.,20.,12.));
#16538=CARTESIAN_POINT('',(-14.,20.,2.));
#16539=CARTESIAN_POINT('',(-15.,20.,0.));
#16540=CARTESIAN_POINT('',(2.875,20.,0.));
#16541=CARTESIAN_POINT('',(-15.,20.,13.));
#16542=CARTESIAN_POINT('',(-15.,20.,12.));
#16543=CARTESIAN_POINT('Origin',(-14.,20.,13.));
#16544=CARTESIAN_POINT('Origin',(-14.,18.,3.));
#16545=CARTESIAN_POINT('',(-14.,16.,12.));
#16546=CARTESIAN_POINT('Origin',(-14.,18.,12.));
#16547=CARTESIAN_POINT('',(-14.,16.,0.));
#16548=CARTESIAN_POINT('',(-14.,16.,3.));
#16549=CARTESIAN_POINT('Origin',(-14.,18.,0.));
#16550=CARTESIAN_POINT('Origin',(-7.,16.,7.));
#16551=CARTESIAN_POINT('',(-15.,16.,13.));
#16552=CARTESIAN_POINT('Origin',(-14.,16.,13.));
#16553=CARTESIAN_POINT('',(-15.,16.,0.));
#16554=CARTESIAN_POINT('',(-15.,16.,12.));
#16555=CARTESIAN_POINT('',(2.875,16.,0.));
#16556=CARTESIAN_POINT('Origin',(-14.,80.,3.));
#16557=CARTESIAN_POINT('',(-12.,80.,12.));
#16558=CARTESIAN_POINT('',(-14.,78.,12.));
#16559=CARTESIAN_POINT('Origin',(-14.,80.,12.));
#16560=CARTESIAN_POINT('',(-14.,78.,0.));
#16561=CARTESIAN_POINT('',(-14.,78.,3.));
#16562=CARTESIAN_POINT('',(-12.,80.,0.));
#16563=CARTESIAN_POINT('Origin',(-14.,80.,0.));
#16564=CARTESIAN_POINT('',(-12.,80.,3.));
#16565=CARTESIAN_POINT('Origin',(12.75,78.,7.));
#16566=CARTESIAN_POINT('',(-15.,78.,13.));
#16567=CARTESIAN_POINT('Origin',(-14.,78.,13.));
#16568=CARTESIAN_POINT('',(-15.,78.,0.));
#16569=CARTESIAN_POINT('',(-15.,78.,12.));
#16570=CARTESIAN_POINT('',(12.75,78.,0.));
#16571=CARTESIAN_POINT('Origin',(12.75,78.,7.));
#16572=CARTESIAN_POINT('',(2.99999999999998,78.,12.));
#16573=CARTESIAN_POINT('',(-13.,78.,12.));
#16574=CARTESIAN_POINT('',(6.875,78.,12.));
#16575=CARTESIAN_POINT('',(2.99999999999998,78.,15.));
#16576=CARTESIAN_POINT('',(2.99999999999999,78.,4.75));
#16577=CARTESIAN_POINT('',(-13.,78.,15.));
#16578=CARTESIAN_POINT('',(40.5,78.,15.));
#16579=CARTESIAN_POINT('',(-12.,78.,14.));
#16580=CARTESIAN_POINT('Origin',(-13.,78.,14.));
#16581=CARTESIAN_POINT('',(-12.,78.,13.));
#16582=CARTESIAN_POINT('',(-12.,78.,11.));
#16583=CARTESIAN_POINT('Origin',(-13.,78.,13.));
#16584=CARTESIAN_POINT('Origin',(-12.,82.,-1.));
#16585=CARTESIAN_POINT('',(-12.,81.,0.));
#16586=CARTESIAN_POINT('',(-12.,61.5,0.));
#16587=CARTESIAN_POINT('Origin',(-12.,81.,-1.));
#16588=CARTESIAN_POINT('',(-12.,82.,12.));
#16589=CARTESIAN_POINT('Origin',(-7.,66.,7.));
#16590=CARTESIAN_POINT('',(-14.,66.,0.));
#16591=CARTESIAN_POINT('',(-14.,66.,12.));
#16592=CARTESIAN_POINT('',(-14.,66.,9.5));
#16593=CARTESIAN_POINT('',(-15.,66.,0.));
#16594=CARTESIAN_POINT('',(2.875,66.,0.));
#16595=CARTESIAN_POINT('',(-15.,66.,13.));
#16596=CARTESIAN_POINT('',(-15.,66.,12.));
#16597=CARTESIAN_POINT('Origin',(-14.,66.,13.));
#16598=CARTESIAN_POINT('Origin',(-7.,66.,7.));
#16599=CARTESIAN_POINT('',(1.,66.,12.));
#16600=CARTESIAN_POINT('',(-13.,66.,12.));
#16601=CARTESIAN_POINT('',(40.5,66.,12.));
#16602=CARTESIAN_POINT('',(-12.,66.,13.));
#16603=CARTESIAN_POINT('Origin',(-13.,66.,13.));
#16604=CARTESIAN_POINT('',(-12.,66.,14.));
#16605=CARTESIAN_POINT('',(-12.,66.,11.));
#16606=CARTESIAN_POINT('',(-13.,66.,15.));
#16607=CARTESIAN_POINT('Origin',(-13.,66.,14.));
#16608=CARTESIAN_POINT('',(1.,66.,15.));
#16609=CARTESIAN_POINT('',(-15.,66.,15.));
#16610=CARTESIAN_POINT('',(1.,66.,104.));
#16611=CARTESIAN_POINT('Origin',(-14.,64.,22.5));
#16612=CARTESIAN_POINT('',(-14.,62.,12.));
#16613=CARTESIAN_POINT('Origin',(-14.,64.,12.));
#16614=CARTESIAN_POINT('',(-14.,62.,0.));
#16615=CARTESIAN_POINT('',(-14.,62.,22.5));
#16616=CARTESIAN_POINT('Origin',(-14.,64.,0.));
#16617=CARTESIAN_POINT('Origin',(7.,62.,33.));
#16618=CARTESIAN_POINT('',(-15.,62.,13.));
#16619=CARTESIAN_POINT('Origin',(-14.,62.,13.));
#16620=CARTESIAN_POINT('',(-15.,62.,0.));
#16621=CARTESIAN_POINT('',(-15.,62.,12.));
#16622=CARTESIAN_POINT('',(2.875,62.,0.));
#16623=CARTESIAN_POINT('Origin',(-14.,0.,13.));
#16624=CARTESIAN_POINT('',(-15.,0.,13.));
#16625=CARTESIAN_POINT('',(-14.,0.,12.));
#16626=CARTESIAN_POINT('Origin',(-15.,0.,0.));
#16627=CARTESIAN_POINT('',(-15.,10.,14.));
#16628=CARTESIAN_POINT('',(-15.,0.,-3.));
#16629=CARTESIAN_POINT('',(-15.,0.,0.));
#16630=CARTESIAN_POINT('',(-15.,0.,13.));
#16631=CARTESIAN_POINT('',(-15.,0.,0.));
#16632=CARTESIAN_POINT('',(-15.,0.,13.));
#16633=CARTESIAN_POINT('',(-15.,0.,0.));
#16634=CARTESIAN_POINT('Origin',(-13.,10.,14.));
#16635=CARTESIAN_POINT('',(-12.,10.,14.));
#16636=CARTESIAN_POINT('',(-13.,10.,15.));
#16637=CARTESIAN_POINT('Origin',(-12.,0.,15.));
#16638=CARTESIAN_POINT('',(-12.,0.,13.));
#16639=CARTESIAN_POINT('Origin',(-13.,0.,13.));
#16640=CARTESIAN_POINT('',(-13.,0.,12.));
#16641=CARTESIAN_POINT('Origin',(-13.,0.,13.));
#16642=CARTESIAN_POINT('',(-12.,0.,13.));
#16643=CARTESIAN_POINT('',(-13.,0.,12.));
#16644=CARTESIAN_POINT('Origin',(-14.,0.,13.));
#16645=CARTESIAN_POINT('',(-14.,0.,12.));
#16646=CARTESIAN_POINT('Origin',(-13.,10.,14.));
#16647=CARTESIAN_POINT('',(-12.,10.,14.));
#16648=CARTESIAN_POINT('',(-13.,10.,15.));
#16649=CARTESIAN_POINT('Origin',(-12.,0.,15.));
#16650=CARTESIAN_POINT('Origin',(21.7499999552965,0.,13.));
#16651=CARTESIAN_POINT('',(21.7499999552965,0.,12.));
#16652=CARTESIAN_POINT('',(20.7499999552965,0.,13.));
#16653=CARTESIAN_POINT('Origin',(20.7499999552965,0.,12.));
#16654=CARTESIAN_POINT('',(20.7499999552965,31.,14.));
#16655=CARTESIAN_POINT('Origin',(21.7499999552965,31.,14.));
#16656=CARTESIAN_POINT('',(21.7499999552965,31.,15.));
#16657=CARTESIAN_POINT('Origin',(6.,62.,15.));
#16658=CARTESIAN_POINT('',(7.,62.5,15.));
#16659=CARTESIAN_POINT('',(7.,31.,15.));
#16660=CARTESIAN_POINT('Origin',(6.5,62.5,15.));
#16661=CARTESIAN_POINT('',(21.7499999552965,31.,15.));
#16662=CARTESIAN_POINT('',(7.,19.5,15.));
#16663=CARTESIAN_POINT('Origin',(6.5,19.5,15.));
#16664=CARTESIAN_POINT('',(7.,10.,15.));
#16665=CARTESIAN_POINT('',(21.7499999552965,31.,15.));
#16666=CARTESIAN_POINT('',(7.,1.,15.));
#16667=CARTESIAN_POINT('',(7.,3.85185988877447E-33,15.));
#16668=CARTESIAN_POINT('Origin',(6.,1.,15.));
#16669=CARTESIAN_POINT('',(39.5,72.,15.));
#16670=CARTESIAN_POINT('',(7.,81.,15.));
#16671=CARTESIAN_POINT('Origin',(6.,81.,15.));
#16672=CARTESIAN_POINT('',(7.,41.,15.));
#16673=CARTESIAN_POINT('',(38.5,31.,15.));
#16674=CARTESIAN_POINT('',(22.75,31.,15.));
#16675=CARTESIAN_POINT('',(38.5,31.,15.));
#16676=CARTESIAN_POINT('',(22.75,31.,15.));
#16677=CARTESIAN_POINT('',(38.5,31.,15.));
#16678=CARTESIAN_POINT('',(22.75,31.,15.));
#16679=CARTESIAN_POINT('Origin',(22.75,31.,14.));
#16680=CARTESIAN_POINT('',(23.75,31.,14.));
#16681=CARTESIAN_POINT('Origin',(23.75,0.,15.));
#16682=CARTESIAN_POINT('',(23.75,0.,13.));
#16683=CARTESIAN_POINT('Origin',(22.75,0.,13.));
#16684=CARTESIAN_POINT('',(22.75,0.,12.));
#16685=CARTESIAN_POINT('Origin',(38.5,0.,13.));
#16686=CARTESIAN_POINT('',(38.5,0.,12.));
#16687=CARTESIAN_POINT('',(37.5,0.,13.));
#16688=CARTESIAN_POINT('Origin',(37.5,0.,12.));
#16689=CARTESIAN_POINT('',(37.5,31.,14.));
#16690=CARTESIAN_POINT('Origin',(38.5,31.,14.));
#16691=CARTESIAN_POINT('Origin',(39.5,41.,13.));
#16692=CARTESIAN_POINT('',(39.5,41.,12.));
#16693=CARTESIAN_POINT('',(40.5,41.,13.));
#16694=CARTESIAN_POINT('Origin',(40.5,0.,12.));
#16695=CARTESIAN_POINT('',(39.5,41.,12.));
#16696=CARTESIAN_POINT('',(39.5,41.,12.));
#16697=CARTESIAN_POINT('',(21.7499999552965,0.,12.));
#16698=CARTESIAN_POINT('',(21.7499999552965,0.,12.));
#16699=CARTESIAN_POINT('',(22.75,0.,12.));
#16700=CARTESIAN_POINT('',(38.5,0.,12.));
#16701=CARTESIAN_POINT('',(38.5,0.,12.));
#16702=CARTESIAN_POINT('',(22.75,0.,12.));
#16703=CARTESIAN_POINT('Origin',(38.5,0.,13.));
#16704=CARTESIAN_POINT('',(37.5,0.,13.));
#16705=CARTESIAN_POINT('Origin',(37.5,0.,12.));
#16706=CARTESIAN_POINT('',(37.5,31.,14.));
#16707=CARTESIAN_POINT('Origin',(39.5,41.,13.));
#16708=CARTESIAN_POINT('',(40.5,41.,13.));
#16709=CARTESIAN_POINT('Origin',(38.5,31.,14.));
#16710=CARTESIAN_POINT('Origin',(21.7499999552965,0.,13.));
#16711=CARTESIAN_POINT('',(20.7499999552965,0.,13.));
#16712=CARTESIAN_POINT('Origin',(20.7499999552965,0.,12.));
#16713=CARTESIAN_POINT('',(20.7499999552965,31.,14.));
#16714=CARTESIAN_POINT('Origin',(22.75,0.,13.));
#16715=CARTESIAN_POINT('',(23.75,0.,13.));
#16716=CARTESIAN_POINT('Origin',(22.75,31.,14.));
#16717=CARTESIAN_POINT('',(23.75,31.,14.));
#16718=CARTESIAN_POINT('Origin',(23.75,0.,15.));
#16719=CARTESIAN_POINT('Origin',(21.7499999552965,31.,14.));
#16720=CARTESIAN_POINT('Origin',(-14.,0.,13.));
#16721=CARTESIAN_POINT('',(-14.,0.,12.));
#16722=CARTESIAN_POINT('Origin',(-14.,10.,14.));
#16723=CARTESIAN_POINT('',(-14.,10.,15.));
#16724=CARTESIAN_POINT('Origin',(-13.,10.,14.));
#16725=CARTESIAN_POINT('',(-12.,16.,14.));
#16726=CARTESIAN_POINT('',(-12.,10.,14.));
#16727=CARTESIAN_POINT('',(-13.,16.,15.));
#16728=CARTESIAN_POINT('Origin',(-13.,16.,14.));
#16729=CARTESIAN_POINT('',(-13.,10.,15.));
#16730=CARTESIAN_POINT('Origin',(-12.,0.,15.));
#16731=CARTESIAN_POINT('',(-12.,16.,13.));
#16732=CARTESIAN_POINT('',(-12.,0.,13.));
#16733=CARTESIAN_POINT('',(-12.,16.,11.));
#16734=CARTESIAN_POINT('Origin',(-13.,0.,13.));
#16735=CARTESIAN_POINT('',(-13.,16.,12.));
#16736=CARTESIAN_POINT('Origin',(-13.,16.,13.));
#16737=CARTESIAN_POINT('',(-13.,0.,12.));
#16738=CARTESIAN_POINT('Origin',(38.5,0.,13.));
#16739=CARTESIAN_POINT('',(37.5,0.,13.));
#16740=CARTESIAN_POINT('Origin',(37.5,0.,12.));
#16741=CARTESIAN_POINT('',(37.5,31.,14.));
#16742=CARTESIAN_POINT('Origin',(39.5,41.,13.));
#16743=CARTESIAN_POINT('',(40.5,41.,13.));
#16744=CARTESIAN_POINT('Origin',(39.5,72.,14.));
#16745=CARTESIAN_POINT('',(40.5,72.,14.));
#16746=CARTESIAN_POINT('Origin',(40.5,82.,0.));
#16747=CARTESIAN_POINT('',(40.5,0.,-3.));
#16748=CARTESIAN_POINT('',(40.5,0.,0.));
#16749=CARTESIAN_POINT('',(40.5,0.,0.));
#16750=CARTESIAN_POINT('',(40.5,0.,0.));
#16751=CARTESIAN_POINT('Origin',(38.5,31.,14.));
#16752=CARTESIAN_POINT('Origin',(21.7499999552965,0.,13.));
#16753=CARTESIAN_POINT('',(20.7499999552965,0.,13.));
#16754=CARTESIAN_POINT('Origin',(20.7499999552965,0.,12.));
#16755=CARTESIAN_POINT('',(20.7499999552965,31.,14.));
#16756=CARTESIAN_POINT('Origin',(22.75,0.,13.));
#16757=CARTESIAN_POINT('',(23.75,0.,13.));
#16758=CARTESIAN_POINT('Origin',(21.7499999552965,31.,14.));
#16759=CARTESIAN_POINT('Origin',(22.75,31.,14.));
#16760=CARTESIAN_POINT('',(23.75,31.,14.));
#16761=CARTESIAN_POINT('Origin',(23.75,0.,15.));
#16762=CARTESIAN_POINT('Origin',(-7.,16.,7.));
#16763=CARTESIAN_POINT('',(1.,16.,12.));
#16764=CARTESIAN_POINT('',(-9.5,16.,12.));
#16765=CARTESIAN_POINT('',(1.,16.,15.));
#16766=CARTESIAN_POINT('',(1.,16.,104.));
#16767=CARTESIAN_POINT('',(-15.,16.,15.));
#16768=CARTESIAN_POINT('Origin',(20.7499999552965,62.,12.));
#16769=CARTESIAN_POINT('',(7.,62.5,12.));
#16770=CARTESIAN_POINT('Origin',(6.5,62.5,12.));
#16771=CARTESIAN_POINT('',(7.,31.,12.));
#16772=CARTESIAN_POINT('',(20.7499999552965,62.,12.));
#16773=CARTESIAN_POINT('Origin',(20.7499999552965,62.,-1.));
#16774=CARTESIAN_POINT('',(20.7499999552965,51.5,0.));
#16775=CARTESIAN_POINT('Origin',(7.,7.70371977754894E-33,0.));
#16776=CARTESIAN_POINT('',(7.,81.,12.));
#16777=CARTESIAN_POINT('',(7.,41.,12.));
#16778=CARTESIAN_POINT('',(7.,81.,104.));
#16779=CARTESIAN_POINT('',(7.,81.,0.));
#16780=CARTESIAN_POINT('',(7.,1.,104.));
#16781=CARTESIAN_POINT('',(7.,20.5,104.));
#16782=CARTESIAN_POINT('',(7.,1.,0.));
#16783=CARTESIAN_POINT('',(7.,1.,12.));
#16784=CARTESIAN_POINT('',(7.,3.85185988877447E-33,12.));
#16785=CARTESIAN_POINT('',(7.,1.,3.));
#16786=CARTESIAN_POINT('',(7.,1.,0.));
#16787=CARTESIAN_POINT('',(7.,81.,3.));
#16788=CARTESIAN_POINT('',(7.,20.5,3.));
#16789=CARTESIAN_POINT('',(7.,81.,0.));
#16790=CARTESIAN_POINT('',(7.,62.5,37.5));
#16791=CARTESIAN_POINT('',(7.,62.5,100.5));
#16792=CARTESIAN_POINT('',(7.,62.5,19.3131585160093));
#16793=CARTESIAN_POINT('',(7.,19.5,37.5));
#16794=CARTESIAN_POINT('',(7.,12.994802153517,37.5));
#16795=CARTESIAN_POINT('',(7.,19.5,100.5));
#16796=CARTESIAN_POINT('',(7.,19.5,19.));
#16797=CARTESIAN_POINT('',(7.,10.,100.5));
#16798=CARTESIAN_POINT('',(7.,62.5,8.));
#16799=CARTESIAN_POINT('',(7.,62.5,16.5));
#16800=CARTESIAN_POINT('',(7.,59.,4.5));
#16801=CARTESIAN_POINT('Origin',(7.,59.,8.));
#16802=CARTESIAN_POINT('',(7.,23.,4.5));
#16803=CARTESIAN_POINT('',(7.,31.,4.5));
#16804=CARTESIAN_POINT('',(7.,19.5,8.));
#16805=CARTESIAN_POINT('Origin',(7.,23.,8.));
#16806=CARTESIAN_POINT('',(7.,19.5,12.));
#16807=CARTESIAN_POINT('',(7.,19.5,2.5));
#16808=CARTESIAN_POINT('',(7.,10.,12.));
#16809=CARTESIAN_POINT('',(7.,19.5,30.));
#16810=CARTESIAN_POINT('',(7.,19.5,2.5));
#16811=CARTESIAN_POINT('',(7.,23.,33.5));
#16812=CARTESIAN_POINT('Origin',(7.,23.,30.));
#16813=CARTESIAN_POINT('',(7.,59.,33.5));
#16814=CARTESIAN_POINT('',(7.,10.,33.5));
#16815=CARTESIAN_POINT('',(7.,62.5,30.));
#16816=CARTESIAN_POINT('Origin',(7.,59.,30.));
#16817=CARTESIAN_POINT('',(7.,62.5,16.5));
#16818=CARTESIAN_POINT('Origin',(6.5,62.5,16.5));
#16819=CARTESIAN_POINT('Origin',(6.5,62.5,8.));
#16820=CARTESIAN_POINT('Origin',(6.5,62.5,16.5));
#16821=CARTESIAN_POINT('Origin',(6.5,62.5,30.));
#16822=CARTESIAN_POINT('Origin',(1.,62.,15.));
#16823=CARTESIAN_POINT('',(1.,64.,12.));
#16824=CARTESIAN_POINT('',(1.,64.,15.));
#16825=CARTESIAN_POINT('',(1.,64.,32.5));
#16826=CARTESIAN_POINT('',(1.,62.,12.));
#16827=CARTESIAN_POINT('',(1.,62.,15.));
#16828=CARTESIAN_POINT('Origin',(0.5,62.5,16.5));
#16829=CARTESIAN_POINT('',(0.,62.5,12.));
#16830=CARTESIAN_POINT('Origin',(0.5,62.5,12.));
#16831=CARTESIAN_POINT('',(0.,62.5,8.));
#16832=CARTESIAN_POINT('',(0.,62.5,16.5));
#16833=CARTESIAN_POINT('Origin',(0.5,62.5,8.));
#16834=CARTESIAN_POINT('Origin',(0.5,62.5,16.5));
#16835=CARTESIAN_POINT('',(0.,62.5,15.));
#16836=CARTESIAN_POINT('Origin',(0.5,62.5,15.));
#16837=CARTESIAN_POINT('',(0.,62.5,30.));
#16838=CARTESIAN_POINT('Origin',(0.5,62.5,30.));
#16839=CARTESIAN_POINT('',(0.,62.5,16.5));
#16840=CARTESIAN_POINT('Origin',(0.,82.,0.));
#16841=CARTESIAN_POINT('',(0.,63.,12.));
#16842=CARTESIAN_POINT('',(0.,72.,12.));
#16843=CARTESIAN_POINT('',(0.,63.,5.));
#16844=CARTESIAN_POINT('',(0.,63.,50.));
#16845=CARTESIAN_POINT('',(0.,81.,5.));
#16846=CARTESIAN_POINT('',(0.,74.5,5.));
#16847=CARTESIAN_POINT('',(0.,81.,3.));
#16848=CARTESIAN_POINT('',(0.,81.,0.));
#16849=CARTESIAN_POINT('',(0.,0.999999999999996,3.));
#16850=CARTESIAN_POINT('',(0.,61.5,3.));
#16851=CARTESIAN_POINT('',(0.,0.999999999999996,5.));
#16852=CARTESIAN_POINT('',(0.,0.999999999999996,0.));
#16853=CARTESIAN_POINT('',(0.,19.,5.));
#16854=CARTESIAN_POINT('',(0.,43.5,5.));
#16855=CARTESIAN_POINT('',(0.,19.,12.));
#16856=CARTESIAN_POINT('',(0.,19.,2.5));
#16857=CARTESIAN_POINT('',(0.,19.5,12.));
#16858=CARTESIAN_POINT('',(0.,51.,12.));
#16859=CARTESIAN_POINT('',(0.,19.5,8.));
#16860=CARTESIAN_POINT('',(0.,19.5,2.5));
#16861=CARTESIAN_POINT('',(0.,23.,4.5));
#16862=CARTESIAN_POINT('Origin',(0.,23.,8.));
#16863=CARTESIAN_POINT('',(0.,59.,4.5));
#16864=CARTESIAN_POINT('',(0.,72.,4.5));
#16865=CARTESIAN_POINT('Origin',(0.,59.,8.));
#16866=CARTESIAN_POINT('Origin',(0.,82.,0.));
#16867=CARTESIAN_POINT('',(0.,63.,15.));
#16868=CARTESIAN_POINT('',(0.,72.,15.));
#16869=CARTESIAN_POINT('',(0.,59.,33.5));
#16870=CARTESIAN_POINT('Origin',(0.,59.,30.));
#16871=CARTESIAN_POINT('',(0.,23.,33.5));
#16872=CARTESIAN_POINT('',(0.,51.,33.5));
#16873=CARTESIAN_POINT('',(0.,19.5,30.));
#16874=CARTESIAN_POINT('Origin',(0.,23.,30.));
#16875=CARTESIAN_POINT('',(0.,19.5,15.));
#16876=CARTESIAN_POINT('',(0.,19.5,2.5));
#16877=CARTESIAN_POINT('',(0.,19.,15.));
#16878=CARTESIAN_POINT('',(0.,51.,15.));
#16879=CARTESIAN_POINT('',(0.,19.,100.));
#16880=CARTESIAN_POINT('',(0.,19.,2.5));
#16881=CARTESIAN_POINT('',(0.,0.999999999999996,100.));
#16882=CARTESIAN_POINT('',(0.,48.5,100.));
#16883=CARTESIAN_POINT('',(0.,0.999999999999996,104.));
#16884=CARTESIAN_POINT('',(0.,0.999999999999996,0.));
#16885=CARTESIAN_POINT('',(0.,81.,104.));
#16886=CARTESIAN_POINT('',(0.,61.5,104.));
#16887=CARTESIAN_POINT('',(0.,81.,100.));
#16888=CARTESIAN_POINT('',(0.,81.,0.));
#16889=CARTESIAN_POINT('',(0.,63.,100.));
#16890=CARTESIAN_POINT('',(0.,79.5,100.));
#16891=CARTESIAN_POINT('',(0.,63.,50.));
#16892=CARTESIAN_POINT('',(0.,48.7942286340599,40.5));
#16893=CARTESIAN_POINT('',(0.,45.3301270189222,40.5));
#16894=CARTESIAN_POINT('',(0.,63.6650635094611,40.5));
#16895=CARTESIAN_POINT('',(0.,43.8867513459481,38.));
#16896=CARTESIAN_POINT('',(0.,40.4236660917524,32.0017603887905));
#16897=CARTESIAN_POINT('',(0.,50.237604307034,38.));
#16898=CARTESIAN_POINT('',(0.,66.118802153517,38.));
#16899=CARTESIAN_POINT('',(0.,61.7134572681199,18.1232396112095));
#16900=CARTESIAN_POINT('',(0.,62.,59.6263170320186));
#16901=CARTESIAN_POINT('',(0.,60.9182286340599,61.5));
#16902=CARTESIAN_POINT('',(0.,76.8685906379881,33.8731626100801));
#16903=CARTESIAN_POINT('',(0.,57.4541270189222,61.5));
#16904=CARTESIAN_POINT('',(0.,69.7270635094611,61.5));
#16905=CARTESIAN_POINT('',(0.,55.7220762113533,58.5));
#16906=CARTESIAN_POINT('',(0.,46.3411951545867,42.2518373899199));
#16907=CARTESIAN_POINT('',(0.,57.4541270189222,55.5));
#16908=CARTESIAN_POINT('',(0.,72.5384636190661,29.3731626100802));
#16909=CARTESIAN_POINT('',(0.,60.9182286340599,55.5));
#16910=CARTESIAN_POINT('',(0.,71.45911431703,55.5));
#16911=CARTESIAN_POINT('',(0.,62.,57.3736829679814));
#16912=CARTESIAN_POINT('',(0.,52.0782332602634,40.1886788739105));
#16913=CARTESIAN_POINT('',(0.,62.,29.8131585160093));
#16914=CARTESIAN_POINT('',(0.,43.5980762113533,51.5));
#16915=CARTESIAN_POINT('',(0.,45.3301270189222,48.5));
#16916=CARTESIAN_POINT('',(0.,60.4144191624432,22.3732396112095));
#16917=CARTESIAN_POINT('',(0.,48.7942286340599,48.5));
#16918=CARTESIAN_POINT('',(0.,65.39711431703,48.5));
#16919=CARTESIAN_POINT('',(0.,50.5262794416288,51.5));
#16920=CARTESIAN_POINT('',(0.,43.3104174377006,39.0017603887905));
#16921=CARTESIAN_POINT('',(0.,48.7942286340599,54.5));
#16922=CARTESIAN_POINT('',(0.,64.7445461813655,26.8732396112095));
#16923=CARTESIAN_POINT('',(0.,45.3301270189222,54.5));
#16924=CARTESIAN_POINT('',(0.,63.6650635094611,54.5));
#16925=CARTESIAN_POINT('',(0.,37.2482396112095,40.5017603887905));
#16926=CARTESIAN_POINT('',(0.,36.6702286340599,40.5));
#16927=CARTESIAN_POINT('',(0.,33.2061270189222,40.5));
#16928=CARTESIAN_POINT('',(0.,57.6030635094611,40.5));
#16929=CARTESIAN_POINT('',(0.,31.7627513459481,38.));
#16930=CARTESIAN_POINT('',(0.,29.8151660917524,34.6266833876611));
#16931=CARTESIAN_POINT('',(0.,38.113604307034,38.));
#16932=CARTESIAN_POINT('',(0.,60.056802153517,38.));
#16933=CARTESIAN_POINT('',(0.,51.1049572681199,15.4983166123389));
#16934=CARTESIAN_POINT('',(0.,21.0821270189222,47.5));
#16935=CARTESIAN_POINT('',(0.,20.,45.6257010229837));
#16936=CARTESIAN_POINT('',(0.,17.8717459621556,41.9394568980236));
#16937=CARTESIAN_POINT('',(0.,20.,43.3742989770163));
#16938=CARTESIAN_POINT('',(0.,20.,21.6871494885081));
#16939=CARTESIAN_POINT('',(0.,21.0821270189222,41.5));
#16940=CARTESIAN_POINT('',(0.,37.6818747058205,12.7483936134682));
#16941=CARTESIAN_POINT('',(0.,24.5462286340599,41.5));
#16942=CARTESIAN_POINT('',(0.,53.27311431703,41.5));
#16943=CARTESIAN_POINT('',(0.,26.2782794416288,44.5));
#16944=CARTESIAN_POINT('',(0.,23.6089618943233,39.8766063865318));
#16945=CARTESIAN_POINT('',(0.,24.5462286340599,47.5));
#16946=CARTESIAN_POINT('',(0.,42.0120017247427,17.2483936134682));
#16947=CARTESIAN_POINT('',(0.,51.5410635094611,47.5));
#16948=CARTESIAN_POINT('',(0.,25.4122540378444,55.));
#16949=CARTESIAN_POINT('',(0.,27.1443048454133,52.));
#16950=CARTESIAN_POINT('',(0.,45.2595969889344,20.6233936134683));
#16951=CARTESIAN_POINT('',(0.,30.6080508075689,52.));
#16952=CARTESIAN_POINT('',(0.,56.3040254037844,52.));
#16953=CARTESIAN_POINT('',(0.,32.3401016151377,55.));
#16954=CARTESIAN_POINT('',(0.,26.6397396112095,45.1266833876612));
#16955=CARTESIAN_POINT('',(0.,30.6080508075689,58.));
#16956=CARTESIAN_POINT('',(0.,49.5894128114971,25.1233166123389));
#16957=CARTESIAN_POINT('',(0.,27.1443048454133,58.));
#16958=CARTESIAN_POINT('',(0.,54.5721524227066,58.));
#16959=CARTESIAN_POINT('',(0.,20.5778729810778,46.6266063865317));
#16960=CARTESIAN_POINT('',(0.,42.7320508075689,65.));
#16961=CARTESIAN_POINT('',(0.,39.2683048454133,65.));
#16962=CARTESIAN_POINT('',(0.,60.6341524227066,65.));
#16963=CARTESIAN_POINT('',(0.,37.5362540378444,62.));
#16964=CARTESIAN_POINT('',(0.,29.670828524455,48.3766833876611));
#16965=CARTESIAN_POINT('',(0.,39.2683048454133,59.));
#16966=CARTESIAN_POINT('',(0.,57.3836414455571,27.6233166123389));
#16967=CARTESIAN_POINT('',(0.,42.7320508075689,59.));
#16968=CARTESIAN_POINT('',(0.,62.3660254037844,59.));
#16969=CARTESIAN_POINT('',(0.,44.4641016151377,62.));
#16970=CARTESIAN_POINT('',(0.,35.7326951545867,46.8767603887905));
#16971=CARTESIAN_POINT('',(0.,61.7134572681199,32.1232396112095));
#16972=CARTESIAN_POINT('',(0.,62.,64.3736829679814));
#16973=CARTESIAN_POINT('',(0.,62.,66.6263170320186));
#16974=CARTESIAN_POINT('',(0.,62.,33.3131585160093));
#16975=CARTESIAN_POINT('',(0.,60.9182286340599,68.5));
#16976=CARTESIAN_POINT('',(0.,78.3841350946109,38.2481626100801));
#16977=CARTESIAN_POINT('',(0.,57.4541270189222,68.5));
#16978=CARTESIAN_POINT('',(0.,69.7270635094611,68.5));
#16979=CARTESIAN_POINT('',(0.,55.7220762113533,65.5));
#16980=CARTESIAN_POINT('',(0.,44.8256506979639,46.6268373899199));
#16981=CARTESIAN_POINT('',(0.,57.4541270189222,62.5));
#16982=CARTESIAN_POINT('',(0.,74.0540080756888,33.7481626100802));
#16983=CARTESIAN_POINT('',(0.,60.9182286340599,62.5));
#16984=CARTESIAN_POINT('',(0.,71.45911431703,62.5));
#16985=CARTESIAN_POINT('',(0.,50.5626888036406,44.5636788739105));
#16986=CARTESIAN_POINT('',(0.,54.8560508075689,73.));
#16987=CARTESIAN_POINT('',(0.,56.5881016151377,76.));
#16988=CARTESIAN_POINT('',(0.,43.3101062413412,53.0018373899198));
#16989=CARTESIAN_POINT('',(0.,54.8560508075689,79.));
#16990=CARTESIAN_POINT('',(0.,75.3530461813654,43.4981626100801));
#16991=CARTESIAN_POINT('',(0.,51.3923048454133,79.));
#16992=CARTESIAN_POINT('',(0.,66.6961524227066,79.));
#16993=CARTESIAN_POINT('',(0.,49.6602540378444,76.));
#16994=CARTESIAN_POINT('',(0.,37.2482396112095,54.5017603887905));
#16995=CARTESIAN_POINT('',(0.,51.3923048454133,73.));
#16996=CARTESIAN_POINT('',(0.,71.0232303588026,38.9982396112095));
#16997=CARTESIAN_POINT('',(0.,68.4280254037844,73.));
#16998=CARTESIAN_POINT('',(0.,25.4122540378444,62.));
#16999=CARTESIAN_POINT('',(0.,27.1443048454133,59.));
#17000=CARTESIAN_POINT('',(0.,46.7751414455571,24.9983936134682));
#17001=CARTESIAN_POINT('',(0.,30.6080508075689,59.));
#17002=CARTESIAN_POINT('',(0.,56.3040254037844,59.));
#17003=CARTESIAN_POINT('',(0.,32.3401016151377,62.));
#17004=CARTESIAN_POINT('',(0.,25.1241951545867,49.5016833876611));
#17005=CARTESIAN_POINT('',(0.,30.6080508075689,65.));
#17006=CARTESIAN_POINT('',(0.,51.1049572681199,29.4983166123389));
#17007=CARTESIAN_POINT('',(0.,27.1443048454133,65.));
#17008=CARTESIAN_POINT('',(0.,54.5721524227066,65.));
#17009=CARTESIAN_POINT('',(0.,19.062328524455,51.0016063865318));
#17010=CARTESIAN_POINT('',(0.,31.4740762113533,72.5));
#17011=CARTESIAN_POINT('',(0.,33.2061270189222,69.5));
#17012=CARTESIAN_POINT('',(0.,54.3525525323115,32.8733166123389));
#17013=CARTESIAN_POINT('',(0.,36.6702286340599,69.5));
#17014=CARTESIAN_POINT('',(0.,59.33511431703,69.5));
#17015=CARTESIAN_POINT('',(0.,38.4022794416288,72.5));
#17016=CARTESIAN_POINT('',(0.,28.1552840678323,54.7516833876611));
#17017=CARTESIAN_POINT('',(0.,36.6702286340599,75.5));
#17018=CARTESIAN_POINT('',(0.,58.6826795512337,37.3733166123389));
#17019=CARTESIAN_POINT('',(0.,33.2061270189222,75.5));
#17020=CARTESIAN_POINT('',(0.,57.6030635094611,75.5));
#17021=CARTESIAN_POINT('',(0.,22.0931062413412,56.2516833876611));
#17022=CARTESIAN_POINT('',(0.,21.0821270189222,82.5));
#17023=CARTESIAN_POINT('',(0.,20.,80.6257010229837));
#17024=CARTESIAN_POINT('',(0.,10.2940236790418,63.8144568980236));
#17025=CARTESIAN_POINT('',(0.,20.,78.3742989770163));
#17026=CARTESIAN_POINT('',(0.,20.,39.1871494885081));
#17027=CARTESIAN_POINT('',(0.,21.0821270189222,76.5));
#17028=CARTESIAN_POINT('',(0.,45.2595969889344,34.6233936134683));
#17029=CARTESIAN_POINT('',(0.,24.5462286340599,76.5));
#17030=CARTESIAN_POINT('',(0.,53.27311431703,76.5));
#17031=CARTESIAN_POINT('',(0.,26.2782794416288,79.5));
#17032=CARTESIAN_POINT('',(0.,16.0312396112095,61.7516063865318));
#17033=CARTESIAN_POINT('',(0.,24.5462286340599,82.5));
#17034=CARTESIAN_POINT('',(0.,49.5897240078564,39.1233936134682));
#17035=CARTESIAN_POINT('',(0.,51.5410635094611,82.5));
#17036=CARTESIAN_POINT('',(0.,31.4740762113533,86.5));
#17037=CARTESIAN_POINT('',(0.,33.2061270189222,83.5));
#17038=CARTESIAN_POINT('',(0.,57.3836414455571,41.6233166123389));
#17039=CARTESIAN_POINT('',(0.,36.6702286340599,83.5));
#17040=CARTESIAN_POINT('',(0.,59.33511431703,83.5));
#17041=CARTESIAN_POINT('',(0.,38.4022794416288,86.5));
#17042=CARTESIAN_POINT('',(0.,25.1241951545867,63.5016833876612));
#17043=CARTESIAN_POINT('',(0.,36.6702286340599,89.5));
#17044=CARTESIAN_POINT('',(0.,61.7137684644792,46.1233166123388));
#17045=CARTESIAN_POINT('',(0.,33.2061270189222,89.5));
#17046=CARTESIAN_POINT('',(0.,57.6030635094611,89.5));
#17047=CARTESIAN_POINT('',(0.,19.0620173280957,65.0016833876611));
#17048=CARTESIAN_POINT('',(0.,43.5980762113533,86.5));
#17049=CARTESIAN_POINT('',(0.,45.3301270189222,83.5));
#17050=CARTESIAN_POINT('',(0.,67.9921414455571,44.2482396112095));
#17051=CARTESIAN_POINT('',(0.,48.7942286340599,83.5));
#17052=CARTESIAN_POINT('',(0.,65.39711431703,83.5));
#17053=CARTESIAN_POINT('',(0.,50.5262794416288,86.5));
#17054=CARTESIAN_POINT('',(0.,35.7326951545867,60.8767603887905));
#17055=CARTESIAN_POINT('',(0.,48.7942286340599,89.5));
#17056=CARTESIAN_POINT('',(0.,72.3222684644792,48.7482396112095));
#17057=CARTESIAN_POINT('',(0.,45.3301270189222,89.5));
#17058=CARTESIAN_POINT('',(0.,63.6650635094611,89.5));
#17059=CARTESIAN_POINT('',(0.,29.6705173280957,62.3767603887904));
#17060=CARTESIAN_POINT('',(0.,62.,94.6263170320186));
#17061=CARTESIAN_POINT('',(0.,60.9182286340599,96.5));
#17062=CARTESIAN_POINT('',(0.,84.446312921102,55.7481626100801));
#17063=CARTESIAN_POINT('',(0.,57.4541270189222,96.5));
#17064=CARTESIAN_POINT('',(0.,69.7270635094611,96.5));
#17065=CARTESIAN_POINT('',(0.,55.7220762113533,93.5));
#17066=CARTESIAN_POINT('',(0.,38.7634728714728,64.12683738992));
#17067=CARTESIAN_POINT('',(0.,57.4541270189222,90.5));
#17068=CARTESIAN_POINT('',(0.,80.11618590218,51.2481626100803));
#17069=CARTESIAN_POINT('',(0.,60.9182286340599,90.5));
#17070=CARTESIAN_POINT('',(0.,71.45911431703,90.5));
#17071=CARTESIAN_POINT('',(0.,62.,92.3736829679814));
#17072=CARTESIAN_POINT('',(0.,44.5005109771496,62.0636788739105));
#17073=CARTESIAN_POINT('',(0.,62.,47.3131585160093));
#17074=CARTESIAN_POINT('',(0.,43.8867513459481,100.));
#17075=CARTESIAN_POINT('',(0.,45.3301270189222,97.5));
#17076=CARTESIAN_POINT('',(0.,71.0232303588026,52.9982396112095));
#17077=CARTESIAN_POINT('',(0.,48.7942286340599,97.5));
#17078=CARTESIAN_POINT('',(0.,65.39711431703,97.5));
#17079=CARTESIAN_POINT('',(0.,50.237604307034,100.));
#17080=CARTESIAN_POINT('',(0.,32.5572686740438,69.3767603887904));
#17081=CARTESIAN_POINT('',(0.,62.9433756729741,100.));
#17082=CARTESIAN_POINT('',(0.,21.0821270189222,96.5));
#17083=CARTESIAN_POINT('',(0.,20.,94.6257010229837));
#17084=CARTESIAN_POINT('',(0.,7.26293476579625,72.5644568980237));
#17085=CARTESIAN_POINT('',(0.,20.,92.3742989770163));
#17086=CARTESIAN_POINT('',(0.,20.,46.1871494885081));
#17087=CARTESIAN_POINT('',(0.,21.0821270189222,90.5));
#17088=CARTESIAN_POINT('',(0.,48.2906859021799,43.3733936134683));
#17089=CARTESIAN_POINT('',(0.,24.5462286340599,90.5));
#17090=CARTESIAN_POINT('',(0.,53.27311431703,90.5));
#17091=CARTESIAN_POINT('',(0.,26.2782794416288,93.5));
#17092=CARTESIAN_POINT('',(0.,13.000150697964,70.5016063865318));
#17093=CARTESIAN_POINT('',(0.,24.5462286340599,96.5));
#17094=CARTESIAN_POINT('',(0.,52.6208129211021,47.8733936134683));
#17095=CARTESIAN_POINT('',(0.,51.5410635094611,96.5));
#17096=CARTESIAN_POINT('',(0.,25.4122540378444,97.));
#17097=CARTESIAN_POINT('',(0.,27.1443048454133,94.));
#17098=CARTESIAN_POINT('',(0.,54.352863728671,46.8733936134683));
#17099=CARTESIAN_POINT('',(0.,30.6080508075689,94.));
#17100=CARTESIAN_POINT('',(0.,56.3040254037844,94.));
#17101=CARTESIAN_POINT('',(0.,32.3401016151377,97.));
#17102=CARTESIAN_POINT('',(0.,17.5464728714729,71.3766833876612));
#17103=CARTESIAN_POINT('',(0.,30.6080508075689,100.));
#17104=CARTESIAN_POINT('',(0.,58.6826795512337,51.3733166123388));
#17105=CARTESIAN_POINT('',(0.,27.1443048454133,100.));
#17106=CARTESIAN_POINT('',(0.,54.5721524227066,100.));
#17107=CARTESIAN_POINT('',(0.,11.4846062413412,72.8766063865317));
#17108=CARTESIAN_POINT('',(0.,42.7320508075689,100.));
#17109=CARTESIAN_POINT('',(0.,39.2683048454133,100.));
#17110=CARTESIAN_POINT('',(0.,60.6341524227066,100.));
#17111=CARTESIAN_POINT('',(0.,37.5362540378444,97.));
#17112=CARTESIAN_POINT('',(0.,22.0931062413412,70.2516833876611));
#17113=CARTESIAN_POINT('',(0.,39.2683048454133,94.));
#17114=CARTESIAN_POINT('',(0.,64.961363728671,49.4983166123389));
#17115=CARTESIAN_POINT('',(0.,42.7320508075689,94.));
#17116=CARTESIAN_POINT('',(0.,62.3660254037844,94.));
#17117=CARTESIAN_POINT('',(0.,44.4641016151377,97.));
#17118=CARTESIAN_POINT('',(0.,28.1549728714729,68.7517603887906));
#17119=CARTESIAN_POINT('',(0.,69.2911795512337,53.9982396112095));
#17120=CARTESIAN_POINT('',(0.,62.,99.3736829679814));
#17121=CARTESIAN_POINT('',(0.,62.,100.));
#17122=CARTESIAN_POINT('',(0.,62.,50.));
#17123=CARTESIAN_POINT('',(0.,56.0107513459481,100.));
#17124=CARTESIAN_POINT('',(0.,69.0053756729741,100.));
#17125=CARTESIAN_POINT('',(0.,57.4541270189222,97.5));
#17126=CARTESIAN_POINT('',(-5.55111512312578E-16,81.6317303588026,55.6231626100802));
#17127=CARTESIAN_POINT('',(0.,60.9182286340599,97.5));
#17128=CARTESIAN_POINT('',(0.,71.45911431703,97.5));
#17129=CARTESIAN_POINT('',(-5.55111512312578E-16,42.9849665205268,66.4386788739104));
#17130=CARTESIAN_POINT('',(0.,54.8560508075689,80.));
#17131=CARTESIAN_POINT('',(0.,56.5881016151377,83.));
#17132=CARTESIAN_POINT('',(-5.55111512312578E-16,41.7945617847185,57.3768373899197));
#17133=CARTESIAN_POINT('',(0.,54.8560508075689,86.));
#17134=CARTESIAN_POINT('',(0.,76.8685906379882,47.8731626100801));
#17135=CARTESIAN_POINT('',(0.,51.3923048454133,86.));
#17136=CARTESIAN_POINT('',(0.,66.6961524227066,86.));
#17137=CARTESIAN_POINT('',(0.,49.6602540378444,83.));
#17138=CARTESIAN_POINT('',(0.,35.7326951545867,58.8767603887906));
#17139=CARTESIAN_POINT('',(0.,51.3923048454133,80.));
#17140=CARTESIAN_POINT('',(0.,72.5387748154253,43.3732396112095));
#17141=CARTESIAN_POINT('',(0.,68.4280254037844,80.));
#17142=CARTESIAN_POINT('',(0.,42.7320508075689,93.));
#17143=CARTESIAN_POINT('',(0.,39.2683048454133,93.));
#17144=CARTESIAN_POINT('',(0.,60.6341524227066,93.));
#17145=CARTESIAN_POINT('',(0.,37.5362540378444,90.));
#17146=CARTESIAN_POINT('',(0.,23.608650697964,65.8766833876611));
#17147=CARTESIAN_POINT('',(0.,39.2683048454133,87.));
#17148=CARTESIAN_POINT('',(0.,63.4458192720481,45.1233166123388));
#17149=CARTESIAN_POINT('',(0.,42.7320508075689,87.));
#17150=CARTESIAN_POINT('',(0.,62.3660254037844,87.));
#17151=CARTESIAN_POINT('',(0.,44.4641016151377,90.));
#17152=CARTESIAN_POINT('',(0.,29.6705173280957,64.3767603887904));
#17153=CARTESIAN_POINT('',(0.,67.7756350946109,49.6232396112095));
#17154=CARTESIAN_POINT('',(0.,21.0821270189222,89.5));
#17155=CARTESIAN_POINT('',(0.,20.,87.6257010229837));
#17156=CARTESIAN_POINT('',(0.,8.778479222419,68.1894568980236));
#17157=CARTESIAN_POINT('',(0.,20.,85.3742989770163));
#17158=CARTESIAN_POINT('',(0.,20.,42.6871494885081));
#17159=CARTESIAN_POINT('',(0.,21.0821270189222,83.5));
#17160=CARTESIAN_POINT('',(0.,46.7751414455571,38.9983936134683));
#17161=CARTESIAN_POINT('',(0.,24.5462286340599,83.5));
#17162=CARTESIAN_POINT('',(0.,53.27311431703,83.5));
#17163=CARTESIAN_POINT('',(0.,26.2782794416288,86.5));
#17164=CARTESIAN_POINT('',(0.,14.5156951545867,66.1266063865318));
#17165=CARTESIAN_POINT('',(0.,24.5462286340599,89.5));
#17166=CARTESIAN_POINT('',(0.,51.1052684644792,43.4983936134682));
#17167=CARTESIAN_POINT('',(0.,51.5410635094611,89.5));
#17168=CARTESIAN_POINT('',(0.,42.7320508075689,79.));
#17169=CARTESIAN_POINT('',(0.,39.2683048454133,79.));
#17170=CARTESIAN_POINT('',(0.,60.6341524227066,79.));
#17171=CARTESIAN_POINT('',(0.,37.5362540378444,76.));
#17172=CARTESIAN_POINT('',(0.,26.6397396112095,57.1266833876611));
#17173=CARTESIAN_POINT('',(0.,39.2683048454133,73.));
#17174=CARTESIAN_POINT('',(0.,60.4147303588026,36.3733166123389));
#17175=CARTESIAN_POINT('',(0.,42.7320508075689,73.));
#17176=CARTESIAN_POINT('',(0.,62.3660254037844,73.));
#17177=CARTESIAN_POINT('',(0.,44.4641016151377,76.));
#17178=CARTESIAN_POINT('',(0.,32.7016062413412,55.6267603887905));
#17179=CARTESIAN_POINT('',(0.,64.7445461813654,40.8732396112095));
#17180=CARTESIAN_POINT('',(0.,26.2782794416288,65.5));
#17181=CARTESIAN_POINT('',(0.,24.5462286340599,68.5));
#17182=CARTESIAN_POINT('',(0.,46.558635094611,30.3733936134682));
#17183=CARTESIAN_POINT('',(0.,21.0821270189222,68.5));
#17184=CARTESIAN_POINT('',(0.,51.5410635094611,68.5));
#17185=CARTESIAN_POINT('',(0.,20.,66.6257010229837));
#17186=CARTESIAN_POINT('',(0.,13.3251125922873,55.0644568980236));
#17187=CARTESIAN_POINT('',(0.,20.,64.3742989770163));
#17188=CARTESIAN_POINT('',(0.,20.,32.1871494885081));
#17189=CARTESIAN_POINT('',(0.,21.0821270189222,62.5));
#17190=CARTESIAN_POINT('',(0.,42.2285080756888,25.8733936134682));
#17191=CARTESIAN_POINT('',(0.,24.5462286340599,62.5));
#17192=CARTESIAN_POINT('',(0.,53.27311431703,62.5));
#17193=CARTESIAN_POINT('',(0.,19.062328524455,53.0016063865318));
#17194=CARTESIAN_POINT('',(0.,43.5980762113533,72.5));
#17195=CARTESIAN_POINT('',(0.,45.3301270189222,69.5));
#17196=CARTESIAN_POINT('',(0.,64.9610525323115,35.4982396112095));
#17197=CARTESIAN_POINT('',(0.,48.7942286340599,69.5));
#17198=CARTESIAN_POINT('',(0.,65.39711431703,69.5));
#17199=CARTESIAN_POINT('',(0.,50.5262794416288,72.5));
#17200=CARTESIAN_POINT('',(0.,38.7637840678323,52.1267603887905));
#17201=CARTESIAN_POINT('',(0.,48.7942286340599,75.5));
#17202=CARTESIAN_POINT('',(0.,69.2911795512337,39.9982396112095));
#17203=CARTESIAN_POINT('',(0.,45.3301270189222,75.5));
#17204=CARTESIAN_POINT('',(0.,63.6650635094611,75.5));
#17205=CARTESIAN_POINT('',(0.,32.7016062413412,53.6267603887905));
#17206=CARTESIAN_POINT('',(0.,51.3923048454133,66.));
#17207=CARTESIAN_POINT('',(0.,54.8560508075689,66.));
#17208=CARTESIAN_POINT('',(0.,68.4280254037844,66.));
#17209=CARTESIAN_POINT('',(0.,56.5881016151377,69.));
#17210=CARTESIAN_POINT('',(0.,44.825650697964,48.6268373899198));
#17211=CARTESIAN_POINT('',(0.,54.8560508075689,72.));
#17212=CARTESIAN_POINT('',(0.,73.8375017247426,39.1231626100801));
#17213=CARTESIAN_POINT('',(0.,51.3923048454133,72.));
#17214=CARTESIAN_POINT('',(0.,66.6961524227066,72.));
#17215=CARTESIAN_POINT('',(0.,49.6602540378444,69.));
#17216=CARTESIAN_POINT('',(0.,38.7637840678323,50.1267603887905));
#17217=CARTESIAN_POINT('',(0.,69.5076859021798,34.6232396112095));
#17218=CARTESIAN_POINT('',(0.,43.5980762113533,58.5));
#17219=CARTESIAN_POINT('',(0.,45.3301270189222,55.5));
#17220=CARTESIAN_POINT('',(0.,61.929963619066,26.7482396112095));
#17221=CARTESIAN_POINT('',(0.,48.7942286340599,55.5));
#17222=CARTESIAN_POINT('',(0.,65.39711431703,55.5));
#17223=CARTESIAN_POINT('',(0.,50.5262794416288,58.5));
#17224=CARTESIAN_POINT('',(0.,41.7948729810778,43.3767603887905));
#17225=CARTESIAN_POINT('',(0.,48.7942286340599,61.5));
#17226=CARTESIAN_POINT('',(0.,66.2600906379882,31.2482396112095));
#17227=CARTESIAN_POINT('',(0.,45.3301270189222,61.5));
#17228=CARTESIAN_POINT('',(0.,63.6650635094611,61.5));
#17229=CARTESIAN_POINT('',(0.,35.7326951545867,44.8767603887905));
#17230=CARTESIAN_POINT('',(0.,31.4740762113533,51.5));
#17231=CARTESIAN_POINT('',(0.,33.2061270189222,48.5));
#17232=CARTESIAN_POINT('',(0.,49.8059191624432,19.7483166123389));
#17233=CARTESIAN_POINT('',(0.,36.6702286340599,48.5));
#17234=CARTESIAN_POINT('',(0.,59.33511431703,48.5));
#17235=CARTESIAN_POINT('',(0.,38.4022794416288,51.5));
#17236=CARTESIAN_POINT('',(0.,32.7019174377006,41.6266833876611));
#17237=CARTESIAN_POINT('',(0.,36.6702286340599,54.5));
#17238=CARTESIAN_POINT('',(0.,54.1360461813655,24.2483166123389));
#17239=CARTESIAN_POINT('',(0.,33.2061270189222,54.5));
#17240=CARTESIAN_POINT('',(0.,57.6030635094611,54.5));
#17241=CARTESIAN_POINT('',(0.,26.6397396112095,43.1266833876612));
#17242=CARTESIAN_POINT('',(0.,25.4122540378444,48.));
#17243=CARTESIAN_POINT('',(0.,27.1443048454133,45.));
#17244=CARTESIAN_POINT('',(0.,43.7440525323115,16.2483936134682));
#17245=CARTESIAN_POINT('',(0.,30.6080508075689,45.));
#17246=CARTESIAN_POINT('',(0.,56.3040254037844,45.));
#17247=CARTESIAN_POINT('',(0.,32.3401016151377,48.));
#17248=CARTESIAN_POINT('',(0.,28.1552840678323,40.7516833876611));
#17249=CARTESIAN_POINT('',(0.,30.6080508075689,51.));
#17250=CARTESIAN_POINT('',(0.,48.0738683548743,20.7483166123389));
#17251=CARTESIAN_POINT('',(0.,27.1443048454133,51.));
#17252=CARTESIAN_POINT('',(0.,54.5721524227066,51.));
#17253=CARTESIAN_POINT('',(0.,22.0934174377006,42.2516063865318));
#17254=CARTESIAN_POINT('',(0.,31.4740762113533,44.5));
#17255=CARTESIAN_POINT('',(0.,33.2061270189222,41.5));
#17256=CARTESIAN_POINT('',(0.,48.2903747058205,15.3733166123389));
#17257=CARTESIAN_POINT('',(0.,36.6702286340599,41.5));
#17258=CARTESIAN_POINT('',(0.,59.33511431703,41.5));
#17259=CARTESIAN_POINT('',(0.,38.4022794416288,44.5));
#17260=CARTESIAN_POINT('',(0.,34.2174618943233,37.2516833876611));
#17261=CARTESIAN_POINT('',(0.,36.6702286340599,47.5));
#17262=CARTESIAN_POINT('',(0.,52.6205017247427,19.8733166123389));
#17263=CARTESIAN_POINT('',(0.,33.2061270189222,47.5));
#17264=CARTESIAN_POINT('',(0.,57.6030635094611,47.5));
#17265=CARTESIAN_POINT('',(0.,28.1552840678323,38.7516833876611));
#17266=CARTESIAN_POINT('',(0.,43.5980762113533,44.5));
#17267=CARTESIAN_POINT('',(0.,45.3301270189222,41.5));
#17268=CARTESIAN_POINT('',(0.,58.8988747058205,17.9982396112095));
#17269=CARTESIAN_POINT('',(0.,48.7942286340599,41.5));
#17270=CARTESIAN_POINT('',(0.,65.39711431703,41.5));
#17271=CARTESIAN_POINT('',(0.,50.5262794416288,44.5));
#17272=CARTESIAN_POINT('',(0.,44.8259618943233,34.6267603887905));
#17273=CARTESIAN_POINT('',(0.,48.7942286340599,47.5));
#17274=CARTESIAN_POINT('',(0.,63.2290017247427,22.4982396112095));
#17275=CARTESIAN_POINT('',(0.,45.3301270189222,47.5));
#17276=CARTESIAN_POINT('',(0.,63.6650635094611,47.5));
#17277=CARTESIAN_POINT('',(0.,38.7637840678323,36.1267603887905));
#17278=CARTESIAN_POINT('',(0.,62.,52.6263170320186));
#17279=CARTESIAN_POINT('',(0.,60.9182286340599,54.5));
#17280=CARTESIAN_POINT('',(0.,75.3530461813654,29.4981626100801));
#17281=CARTESIAN_POINT('',(0.,57.4541270189222,54.5));
#17282=CARTESIAN_POINT('',(0.,69.7270635094611,54.5));
#17283=CARTESIAN_POINT('',(0.,55.7220762113533,51.5));
#17284=CARTESIAN_POINT('',(0.,47.8567396112095,37.87683738992));
#17285=CARTESIAN_POINT('',(0.,57.4541270189222,48.5));
#17286=CARTESIAN_POINT('',(-5.55111512312578E-16,71.0229191624433,24.9981626100802));
#17287=CARTESIAN_POINT('',(0.,60.9182286340599,48.5));
#17288=CARTESIAN_POINT('',(0.,71.45911431703,48.5));
#17289=CARTESIAN_POINT('',(0.,62.,50.3736829679814));
#17290=CARTESIAN_POINT('',(-5.55111512312578E-16,53.5937777168862,35.8136788739105));
#17291=CARTESIAN_POINT('',(0.,62.,26.3131585160093));
#17292=CARTESIAN_POINT('',(0.,54.8560508075689,38.));
#17293=CARTESIAN_POINT('',(0.,56.5881016151377,41.));
#17294=CARTESIAN_POINT('',(0.,50.887828524455,31.1268373899198));
#17295=CARTESIAN_POINT('',(0.,54.8560508075689,44.));
#17296=CARTESIAN_POINT('',(0.,67.7753238982515,21.6231626100801));
#17297=CARTESIAN_POINT('',(0.,51.3923048454133,44.));
#17298=CARTESIAN_POINT('',(0.,66.6961524227066,44.));
#17299=CARTESIAN_POINT('',(0.,49.6602540378444,41.));
#17300=CARTESIAN_POINT('',(0.,44.8259618943233,32.6267603887905));
#17301=CARTESIAN_POINT('',(0.,51.3923048454133,38.));
#17302=CARTESIAN_POINT('',(0.,63.4455080756888,17.1232396112095));
#17303=CARTESIAN_POINT('',(0.,68.4280254037844,38.));
#17304=CARTESIAN_POINT('',(0.,62.,45.6263170320186));
#17305=CARTESIAN_POINT('',(0.,60.9182286340599,47.5));
#17306=CARTESIAN_POINT('',(0.,73.8375017247426,25.1231626100801));
#17307=CARTESIAN_POINT('',(0.,57.4541270189222,47.5));
#17308=CARTESIAN_POINT('',(0.,69.7270635094611,47.5));
#17309=CARTESIAN_POINT('',(0.,55.7220762113533,44.5));
#17310=CARTESIAN_POINT('',(0.,49.3722840678323,33.5018373899199));
#17311=CARTESIAN_POINT('',(0.,57.4541270189222,41.5));
#17312=CARTESIAN_POINT('',(0.,69.5073747058205,20.6231626100802));
#17313=CARTESIAN_POINT('',(0.,60.9182286340599,41.5));
#17314=CARTESIAN_POINT('',(0.,71.45911431703,41.5));
#17315=CARTESIAN_POINT('',(0.,62.,43.3736829679814));
#17316=CARTESIAN_POINT('',(0.,55.1093221735089,31.4386788739105));
#17317=CARTESIAN_POINT('',(0.,62.,22.8131585160093));
#17318=CARTESIAN_POINT('',(0.,54.8560508075689,45.));
#17319=CARTESIAN_POINT('',(0.,56.5881016151377,48.));
#17320=CARTESIAN_POINT('',(0.,49.3722840678323,35.5018373899198));
#17321=CARTESIAN_POINT('',(0.,54.8560508075689,51.));
#17322=CARTESIAN_POINT('',(0.,69.2908683548743,25.9981626100801));
#17323=CARTESIAN_POINT('',(0.,51.3923048454133,51.));
#17324=CARTESIAN_POINT('',(0.,66.6961524227066,51.));
#17325=CARTESIAN_POINT('',(0.,49.6602540378444,48.));
#17326=CARTESIAN_POINT('',(0.,43.3104174377006,37.0017603887905));
#17327=CARTESIAN_POINT('',(0.,51.3923048454133,45.));
#17328=CARTESIAN_POINT('',(0.,64.9610525323115,21.4982396112095));
#17329=CARTESIAN_POINT('',(0.,68.4280254037844,45.));
#17330=CARTESIAN_POINT('',(0.,42.7320508075689,44.));
#17331=CARTESIAN_POINT('',(0.,39.2683048454133,44.));
#17332=CARTESIAN_POINT('',(0.,60.6341524227066,44.));
#17333=CARTESIAN_POINT('',(0.,37.5362540378444,41.));
#17334=CARTESIAN_POINT('',(0.,34.2174618943233,35.2516833876611));
#17335=CARTESIAN_POINT('',(0.,39.2683048454133,38.));
#17336=CARTESIAN_POINT('',(0.,52.8370080756888,14.4983166123389));
#17337=CARTESIAN_POINT('',(0.,42.7320508075689,38.));
#17338=CARTESIAN_POINT('',(0.,62.3660254037844,38.));
#17339=CARTESIAN_POINT('',(0.,44.4641016151377,41.));
#17340=CARTESIAN_POINT('',(0.,40.279328524455,33.7517603887905));
#17341=CARTESIAN_POINT('',(0.,57.1668238982516,18.9982396112095));
#17342=CARTESIAN_POINT('',(0.,25.4122540378444,41.));
#17343=CARTESIAN_POINT('',(0.,27.1443048454133,38.));
#17344=CARTESIAN_POINT('',(0.,42.2285080756888,11.8733936134682));
#17345=CARTESIAN_POINT('',(0.,30.6080508075689,38.));
#17346=CARTESIAN_POINT('',(0.,56.3040254037844,38.));
#17347=CARTESIAN_POINT('',(0.,32.3401016151377,41.));
#17348=CARTESIAN_POINT('',(0.,29.670828524455,36.3766833876611));
#17349=CARTESIAN_POINT('',(0.,30.6080508075689,44.));
#17350=CARTESIAN_POINT('',(0.,46.5583238982516,16.3733166123389));
#17351=CARTESIAN_POINT('',(0.,27.1443048454133,44.));
#17352=CARTESIAN_POINT('',(0.,54.5721524227066,44.));
#17353=CARTESIAN_POINT('',(0.,23.6089618943233,37.8766063865318));
#17354=CARTESIAN_POINT('',(0.,21.0821270189222,54.5));
#17355=CARTESIAN_POINT('',(0.,20.,52.6257010229837));
#17356=CARTESIAN_POINT('',(0.,16.3562015055329,46.3144568980237));
#17357=CARTESIAN_POINT('',(0.,20.,50.3742989770163));
#17358=CARTESIAN_POINT('',(0.,20.,25.1871494885081));
#17359=CARTESIAN_POINT('',(0.,21.0821270189222,48.5));
#17360=CARTESIAN_POINT('',(0.,39.1974191624432,17.1233936134682));
#17361=CARTESIAN_POINT('',(0.,24.5462286340599,48.5));
#17362=CARTESIAN_POINT('',(0.,53.27311431703,48.5));
#17363=CARTESIAN_POINT('',(0.,26.2782794416288,51.5));
#17364=CARTESIAN_POINT('',(0.,22.0934174377005,44.2516063865317));
#17365=CARTESIAN_POINT('',(0.,24.5462286340599,54.5));
#17366=CARTESIAN_POINT('',(0.,43.5275461813655,21.6233936134682));
#17367=CARTESIAN_POINT('',(0.,51.5410635094611,54.5));
#17368=CARTESIAN_POINT('',(0.,42.7320508075689,58.));
#17369=CARTESIAN_POINT('',(0.,39.2683048454133,58.));
#17370=CARTESIAN_POINT('',(0.,60.6341524227066,58.));
#17371=CARTESIAN_POINT('',(0.,37.5362540378444,55.));
#17372=CARTESIAN_POINT('',(0.,31.1863729810778,44.0016833876611));
#17373=CARTESIAN_POINT('',(0.,39.2683048454133,52.));
#17374=CARTESIAN_POINT('',(0.,55.8680969889344,23.2483166123389));
#17375=CARTESIAN_POINT('',(0.,42.7320508075689,52.));
#17376=CARTESIAN_POINT('',(0.,62.3660254037844,52.));
#17377=CARTESIAN_POINT('',(0.,44.4641016151377,55.));
#17378=CARTESIAN_POINT('',(0.,37.2482396112095,42.5017603887905));
#17379=CARTESIAN_POINT('',(0.,60.1979128114971,27.7482396112095));
#17380=CARTESIAN_POINT('',(0.,54.8560508075689,59.));
#17381=CARTESIAN_POINT('',(0.,56.5881016151377,62.));
#17382=CARTESIAN_POINT('',(0.,46.3411951545867,44.2518373899198));
#17383=CARTESIAN_POINT('',(0.,54.8560508075689,65.));
#17384=CARTESIAN_POINT('',(0.,72.3219572681198,34.7481626100801));
#17385=CARTESIAN_POINT('',(0.,51.3923048454133,65.));
#17386=CARTESIAN_POINT('',(0.,66.6961524227066,65.));
#17387=CARTESIAN_POINT('',(0.,49.6602540378444,62.));
#17388=CARTESIAN_POINT('',(0.,40.279328524455,45.7517603887905));
#17389=CARTESIAN_POINT('',(0.,51.3923048454133,59.));
#17390=CARTESIAN_POINT('',(0.,67.9921414455571,30.2482396112095));
#17391=CARTESIAN_POINT('',(0.,68.4280254037844,59.));
#17392=CARTESIAN_POINT('',(0.,62.,80.6263170320186));
#17393=CARTESIAN_POINT('',(0.,60.9182286340599,82.5));
#17394=CARTESIAN_POINT('',(-5.55111512312578E-16,81.4152240078564,46.99816261008));
#17395=CARTESIAN_POINT('',(0.,57.4541270189222,82.5));
#17396=CARTESIAN_POINT('',(0.,69.7270635094611,82.5));
#17397=CARTESIAN_POINT('',(0.,55.7220762113533,79.5));
#17398=CARTESIAN_POINT('',(-5.55111512312578E-16,41.7945617847184,55.3768373899199));
#17399=CARTESIAN_POINT('',(0.,57.4541270189222,76.5));
#17400=CARTESIAN_POINT('',(0.,77.0850969889344,42.4981626100802));
#17401=CARTESIAN_POINT('',(0.,60.9182286340599,76.5));
#17402=CARTESIAN_POINT('',(0.,71.45911431703,76.5));
#17403=CARTESIAN_POINT('',(0.,62.,78.3736829679814));
#17404=CARTESIAN_POINT('',(0.,47.5315998903951,53.3136788739105));
#17405=CARTESIAN_POINT('',(0.,62.,40.3131585160093));
#17406=CARTESIAN_POINT('',(0.,38.4022794416288,65.5));
#17407=CARTESIAN_POINT('',(0.,36.6702286340599,68.5));
#17408=CARTESIAN_POINT('',(0.,57.167135094611,32.9983166123389));
#17409=CARTESIAN_POINT('',(0.,33.2061270189222,68.5));
#17410=CARTESIAN_POINT('',(0.,57.6030635094611,68.5));
#17411=CARTESIAN_POINT('',(0.,31.4740762113533,65.5));
#17412=CARTESIAN_POINT('',(0.,23.608650697964,51.8766833876611));
#17413=CARTESIAN_POINT('',(0.,33.2061270189222,62.5));
#17414=CARTESIAN_POINT('',(0.,52.8370080756888,28.4983166123389));
#17415=CARTESIAN_POINT('',(0.,36.6702286340599,62.5));
#17416=CARTESIAN_POINT('',(0.,59.33511431703,62.5));
#17417=CARTESIAN_POINT('',(0.,29.670828524455,50.3766833876611));
#17418=CARTESIAN_POINT('',(0.,25.4122540378444,69.));
#17419=CARTESIAN_POINT('',(0.,27.1443048454133,66.));
#17420=CARTESIAN_POINT('',(0.,48.2906859021799,29.3733936134682));
#17421=CARTESIAN_POINT('',(0.,30.6080508075689,66.));
#17422=CARTESIAN_POINT('',(0.,56.3040254037844,66.));
#17423=CARTESIAN_POINT('',(0.,32.3401016151377,69.));
#17424=CARTESIAN_POINT('',(0.,23.608650697964,53.8766833876611));
#17425=CARTESIAN_POINT('',(0.,30.6080508075689,72.));
#17426=CARTESIAN_POINT('',(0.,52.6205017247427,33.8733166123389));
#17427=CARTESIAN_POINT('',(0.,27.1443048454133,72.));
#17428=CARTESIAN_POINT('',(0.,54.5721524227066,72.));
#17429=CARTESIAN_POINT('',(0.,17.5467840678323,55.3766063865318));
#17430=CARTESIAN_POINT('',(0.,25.4122540378444,76.));
#17431=CARTESIAN_POINT('',(0.,27.1443048454133,73.));
#17432=CARTESIAN_POINT('',(0.,49.8062303588026,33.7483936134682));
#17433=CARTESIAN_POINT('',(0.,30.6080508075689,73.));
#17434=CARTESIAN_POINT('',(0.,56.3040254037844,73.));
#17435=CARTESIAN_POINT('',(0.,32.3401016151377,76.));
#17436=CARTESIAN_POINT('',(0.,22.0931062413412,58.2516833876611));
#17437=CARTESIAN_POINT('',(0.,30.6080508075689,79.));
#17438=CARTESIAN_POINT('',(0.,54.1360461813654,38.2483166123389));
#17439=CARTESIAN_POINT('',(0.,27.1443048454133,79.));
#17440=CARTESIAN_POINT('',(0.,54.5721524227066,79.));
#17441=CARTESIAN_POINT('',(0.,16.0312396112095,59.7516063865318));
#17442=CARTESIAN_POINT('',(0.,25.4122540378444,90.));
#17443=CARTESIAN_POINT('',(0.,27.1443048454133,87.));
#17444=CARTESIAN_POINT('',(0.,52.8373192720481,42.4983936134682));
#17445=CARTESIAN_POINT('',(0.,30.6080508075689,87.));
#17446=CARTESIAN_POINT('',(0.,56.3040254037844,87.));
#17447=CARTESIAN_POINT('',(0.,32.3401016151377,90.));
#17448=CARTESIAN_POINT('',(0.,19.0620173280957,67.0016833876611));
#17449=CARTESIAN_POINT('',(0.,30.6080508075689,93.));
#17450=CARTESIAN_POINT('',(0.,57.1671350946109,46.9983166123388));
#17451=CARTESIAN_POINT('',(0.,27.1443048454133,93.));
#17452=CARTESIAN_POINT('',(0.,54.5721524227066,93.));
#17453=CARTESIAN_POINT('',(0.,13.000150697964,68.5016063865317));
#17454=CARTESIAN_POINT('',(0.,43.5980762113533,79.5));
#17455=CARTESIAN_POINT('',(0.,45.3301270189222,76.5));
#17456=CARTESIAN_POINT('',(0.,66.4765969889343,39.8732396112095));
#17457=CARTESIAN_POINT('',(0.,48.7942286340599,76.5));
#17458=CARTESIAN_POINT('',(0.,65.39711431703,76.5));
#17459=CARTESIAN_POINT('',(0.,50.5262794416288,79.5));
#17460=CARTESIAN_POINT('',(0.,37.2482396112095,56.5017603887905));
#17461=CARTESIAN_POINT('',(0.,48.7942286340599,82.5));
#17462=CARTESIAN_POINT('',(0.,70.8067240078565,44.3732396112095));
#17463=CARTESIAN_POINT('',(0.,45.3301270189222,82.5));
#17464=CARTESIAN_POINT('',(0.,63.6650635094611,82.5));
#17465=CARTESIAN_POINT('',(0.,31.1860617847184,58.0017603887904));
#17466=CARTESIAN_POINT('',(0.,62.,87.6263170320186));
#17467=CARTESIAN_POINT('',(0.,60.9182286340599,89.5));
#17468=CARTESIAN_POINT('',(-5.55111512312578E-16,82.9307684644792,51.37316261008));
#17469=CARTESIAN_POINT('',(0.,57.4541270189222,89.5));
#17470=CARTESIAN_POINT('',(0.,69.7270635094611,89.5));
#17471=CARTESIAN_POINT('',(0.,55.7220762113533,86.5));
#17472=CARTESIAN_POINT('',(-5.55111512312578E-16,40.2790173280956,59.7518373899199));
#17473=CARTESIAN_POINT('',(0.,57.4541270189222,83.5));
#17474=CARTESIAN_POINT('',(0.,78.6006414455572,46.8731626100802));
#17475=CARTESIAN_POINT('',(0.,60.9182286340599,83.5));
#17476=CARTESIAN_POINT('',(0.,71.45911431703,83.5));
#17477=CARTESIAN_POINT('',(0.,62.,85.3736829679814));
#17478=CARTESIAN_POINT('',(0.,46.0160554337723,57.6886788739105));
#17479=CARTESIAN_POINT('',(0.,62.,43.8131585160093));
#17480=CARTESIAN_POINT('',(0.,43.5980762113533,93.5));
#17481=CARTESIAN_POINT('',(0.,45.3301270189222,90.5));
#17482=CARTESIAN_POINT('',(0.,69.5076859021799,48.6232396112096));
#17483=CARTESIAN_POINT('',(0.,48.7942286340599,90.5));
#17484=CARTESIAN_POINT('',(0.,65.39711431703,90.5));
#17485=CARTESIAN_POINT('',(0.,50.5262794416288,93.5));
#17486=CARTESIAN_POINT('',(0.,34.2171506979639,65.2517603887906));
#17487=CARTESIAN_POINT('',(0.,48.7942286340599,96.5));
#17488=CARTESIAN_POINT('',(0.,73.8378129211021,53.1232396112095));
#17489=CARTESIAN_POINT('',(0.,45.3301270189222,96.5));
#17490=CARTESIAN_POINT('',(0.,63.6650635094611,96.5));
#17491=CARTESIAN_POINT('',(0.,28.1549728714729,66.7517603887906));
#17492=CARTESIAN_POINT('',(0.,31.4740762113533,93.5));
#17493=CARTESIAN_POINT('',(0.,33.2061270189222,90.5));
#17494=CARTESIAN_POINT('',(0.,58.8991859021799,45.9983166123389));
#17495=CARTESIAN_POINT('',(0.,36.6702286340599,90.5));
#17496=CARTESIAN_POINT('',(0.,59.33511431703,90.5));
#17497=CARTESIAN_POINT('',(0.,38.4022794416288,93.5));
#17498=CARTESIAN_POINT('',(0.,23.608650697964,67.8766833876612));
#17499=CARTESIAN_POINT('',(0.,36.6702286340599,96.5));
#17500=CARTESIAN_POINT('',(0.,63.2293129211021,50.4983166123389));
#17501=CARTESIAN_POINT('',(0.,33.2061270189222,96.5));
#17502=CARTESIAN_POINT('',(0.,57.6030635094611,96.5));
#17503=CARTESIAN_POINT('',(0.,17.5464728714729,69.3766833876612));
#17504=CARTESIAN_POINT('',(0.,25.989604307034,100.));
#17505=CARTESIAN_POINT('',(0.,20.,100.));
#17506=CARTESIAN_POINT('',(0.,51.,100.));
#17507=CARTESIAN_POINT('',(0.,20.,99.3742989770163));
#17508=CARTESIAN_POINT('',(0.,20.,49.6871494885081));
#17509=CARTESIAN_POINT('',(0.,21.0821270189222,97.5));
#17510=CARTESIAN_POINT('',(0.,49.8062303588025,47.7483936134682));
#17511=CARTESIAN_POINT('',(0.,24.5462286340599,97.5));
#17512=CARTESIAN_POINT('',(0.,53.27311431703,97.5));
#17513=CARTESIAN_POINT('',(0.,11.3402686740438,74.6266063865317));
#17514=CARTESIAN_POINT('',(0.,31.7627513459481,100.));
#17515=CARTESIAN_POINT('',(0.,33.2061270189222,97.5));
#17516=CARTESIAN_POINT('',(0.,60.4147303588025,50.3733166123388));
#17517=CARTESIAN_POINT('',(0.,36.6702286340599,97.5));
#17518=CARTESIAN_POINT('',(0.,59.33511431703,97.5));
#17519=CARTESIAN_POINT('',(0.,38.113604307034,100.));
#17520=CARTESIAN_POINT('',(0.,21.9487686740438,72.0016833876611));
#17521=CARTESIAN_POINT('',(0.,56.8813756729741,100.));
#17522=CARTESIAN_POINT('',(0.,54.8560508075689,94.));
#17523=CARTESIAN_POINT('',(0.,56.5881016151377,97.));
#17524=CARTESIAN_POINT('',(0.,38.7634728714729,66.1268373899198));
#17525=CARTESIAN_POINT('',(0.,54.8560508075689,100.));
#17526=CARTESIAN_POINT('',(-5.55111512312578E-16,79.8996795512336,56.62316261008));
#17527=CARTESIAN_POINT('',(0.,51.3923048454133,100.));
#17528=CARTESIAN_POINT('',(0.,66.6961524227066,100.));
#17529=CARTESIAN_POINT('',(0.,49.6602540378444,97.));
#17530=CARTESIAN_POINT('',(0.,32.7016062413412,67.6267603887904));
#17531=CARTESIAN_POINT('',(0.,51.3923048454133,94.));
#17532=CARTESIAN_POINT('',(0.,75.569863728671,52.1232396112096));
#17533=CARTESIAN_POINT('',(0.,68.4280254037844,94.));
#17534=CARTESIAN_POINT('',(0.,54.8560508075689,87.));
#17535=CARTESIAN_POINT('',(0.,56.5881016151377,90.));
#17536=CARTESIAN_POINT('',(-5.55111512312578E-16,40.2790173280957,61.7518373899197));
#17537=CARTESIAN_POINT('',(0.,54.8560508075689,93.));
#17538=CARTESIAN_POINT('',(-5.55111512312578E-16,78.3841350946108,52.24816261008));
#17539=CARTESIAN_POINT('',(0.,51.3923048454133,93.));
#17540=CARTESIAN_POINT('',(0.,66.6961524227066,93.));
#17541=CARTESIAN_POINT('',(0.,49.6602540378444,90.));
#17542=CARTESIAN_POINT('',(0.,34.217150697964,63.2517603887904));
#17543=CARTESIAN_POINT('',(0.,51.3923048454133,87.));
#17544=CARTESIAN_POINT('',(0.,74.0543192720481,47.7482396112095));
#17545=CARTESIAN_POINT('',(0.,68.4280254037844,87.));
#17546=CARTESIAN_POINT('',(0.,42.7320508075689,86.));
#17547=CARTESIAN_POINT('',(0.,39.2683048454133,86.));
#17548=CARTESIAN_POINT('',(0.,60.6341524227066,86.));
#17549=CARTESIAN_POINT('',(0.,37.5362540378444,83.));
#17550=CARTESIAN_POINT('',(0.,25.1241951545867,61.5016833876612));
#17551=CARTESIAN_POINT('',(0.,39.2683048454133,80.));
#17552=CARTESIAN_POINT('',(0.,61.9302748154253,40.7483166123388));
#17553=CARTESIAN_POINT('',(0.,42.7320508075689,80.));
#17554=CARTESIAN_POINT('',(0.,62.3660254037844,80.));
#17555=CARTESIAN_POINT('',(0.,44.4641016151377,83.));
#17556=CARTESIAN_POINT('',(0.,31.1860617847184,60.0017603887905));
#17557=CARTESIAN_POINT('',(0.,66.2600906379882,45.2482396112095));
#17558=CARTESIAN_POINT('',(0.,25.4122540378444,83.));
#17559=CARTESIAN_POINT('',(0.,27.1443048454133,80.));
#17560=CARTESIAN_POINT('',(0.,51.3217748154253,38.1233936134682));
#17561=CARTESIAN_POINT('',(0.,30.6080508075689,80.));
#17562=CARTESIAN_POINT('',(0.,56.3040254037844,80.));
#17563=CARTESIAN_POINT('',(0.,32.3401016151377,83.));
#17564=CARTESIAN_POINT('',(0.,20.5775617847184,62.6266833876611));
#17565=CARTESIAN_POINT('',(0.,30.6080508075689,86.));
#17566=CARTESIAN_POINT('',(0.,55.6515906379882,42.6233166123389));
#17567=CARTESIAN_POINT('',(0.,27.1443048454133,86.));
#17568=CARTESIAN_POINT('',(0.,54.5721524227066,86.));
#17569=CARTESIAN_POINT('',(0.,14.5156951545867,64.1266063865318));
#17570=CARTESIAN_POINT('',(0.,31.4740762113533,79.5));
#17571=CARTESIAN_POINT('',(0.,33.2061270189222,76.5));
#17572=CARTESIAN_POINT('',(0.,55.8680969889344,37.2483166123389));
#17573=CARTESIAN_POINT('',(0.,36.6702286340599,76.5));
#17574=CARTESIAN_POINT('',(0.,59.33511431703,76.5));
#17575=CARTESIAN_POINT('',(0.,38.4022794416288,79.5));
#17576=CARTESIAN_POINT('',(0.,26.6397396112095,59.1266833876612));
#17577=CARTESIAN_POINT('',(0.,36.6702286340599,82.5));
#17578=CARTESIAN_POINT('',(0.,60.1982240078564,41.7483166123388));
#17579=CARTESIAN_POINT('',(0.,33.2061270189222,82.5));
#17580=CARTESIAN_POINT('',(0.,57.6030635094611,82.5));
#17581=CARTESIAN_POINT('',(0.,20.5775617847184,60.6266833876611));
#17582=CARTESIAN_POINT('',(0.,21.0821270189222,75.5));
#17583=CARTESIAN_POINT('',(0.,20.,73.6257010229837));
#17584=CARTESIAN_POINT('',(0.,11.8095681356645,59.4394568980236));
#17585=CARTESIAN_POINT('',(0.,20.,71.3742989770163));
#17586=CARTESIAN_POINT('',(0.,20.,35.6871494885081));
#17587=CARTESIAN_POINT('',(0.,21.0821270189222,69.5));
#17588=CARTESIAN_POINT('',(0.,43.7440525323115,30.2483936134682));
#17589=CARTESIAN_POINT('',(0.,24.5462286340599,69.5));
#17590=CARTESIAN_POINT('',(0.,53.27311431703,69.5));
#17591=CARTESIAN_POINT('',(0.,26.2782794416288,72.5));
#17592=CARTESIAN_POINT('',(0.,17.5467840678323,57.3766063865318));
#17593=CARTESIAN_POINT('',(0.,24.5462286340599,75.5));
#17594=CARTESIAN_POINT('',(0.,48.0741795512337,34.7483936134682));
#17595=CARTESIAN_POINT('',(0.,51.5410635094611,75.5));
#17596=CARTESIAN_POINT('',(0.,37.5362540378444,69.));
#17597=CARTESIAN_POINT('',(0.,39.2683048454133,66.));
#17598=CARTESIAN_POINT('',(0.,58.8991859021799,31.9983166123389));
#17599=CARTESIAN_POINT('',(0.,42.7320508075689,66.));
#17600=CARTESIAN_POINT('',(0.,62.3660254037844,66.));
#17601=CARTESIAN_POINT('',(0.,44.4641016151377,69.));
#17602=CARTESIAN_POINT('',(0.,34.217150697964,51.2517603887905));
#17603=CARTESIAN_POINT('',(0.,42.7320508075689,72.));
#17604=CARTESIAN_POINT('',(0.,63.2290017247427,36.4982396112095));
#17605=CARTESIAN_POINT('',(0.,39.2683048454133,72.));
#17606=CARTESIAN_POINT('',(0.,60.6341524227066,72.));
#17607=CARTESIAN_POINT('',(0.,28.1552840678323,52.7516833876611));
#17608=CARTESIAN_POINT('',(0.,62.,73.6263170320186));
#17609=CARTESIAN_POINT('',(0.,60.9182286340599,75.5));
#17610=CARTESIAN_POINT('',(0.,79.8996795512337,42.6231626100801));
#17611=CARTESIAN_POINT('',(0.,57.4541270189222,75.5));
#17612=CARTESIAN_POINT('',(0.,69.7270635094611,75.5));
#17613=CARTESIAN_POINT('',(0.,55.7220762113533,72.5));
#17614=CARTESIAN_POINT('',(0.,43.3101062413412,51.0018373899199));
#17615=CARTESIAN_POINT('',(0.,57.4541270189222,69.5));
#17616=CARTESIAN_POINT('',(0.,75.5695525323116,38.1231626100802));
#17617=CARTESIAN_POINT('',(0.,60.9182286340599,69.5));
#17618=CARTESIAN_POINT('',(0.,71.45911431703,69.5));
#17619=CARTESIAN_POINT('',(0.,62.,71.3736829679814));
#17620=CARTESIAN_POINT('',(0.,49.0471443470179,48.9386788739105));
#17621=CARTESIAN_POINT('',(0.,62.,36.8131585160093));
#17622=CARTESIAN_POINT('',(0.,45.3301270189222,68.5));
#17623=CARTESIAN_POINT('',(0.,43.5980762113533,65.5));
#17624=CARTESIAN_POINT('',(0.,34.217150697964,49.2517603887905));
#17625=CARTESIAN_POINT('',(0.,45.3301270189222,62.5));
#17626=CARTESIAN_POINT('',(0.,63.4455080756888,31.1232396112095));
#17627=CARTESIAN_POINT('',(0.,48.7942286340599,62.5));
#17628=CARTESIAN_POINT('',(0.,65.39711431703,62.5));
#17629=CARTESIAN_POINT('',(0.,50.5262794416288,65.5));
#17630=CARTESIAN_POINT('',(0.,40.279328524455,47.7517603887905));
#17631=CARTESIAN_POINT('',(0.,48.7942286340599,68.5));
#17632=CARTESIAN_POINT('',(0.,67.775635094611,35.6232396112095));
#17633=CARTESIAN_POINT('',(0.,63.6650635094611,68.5));
#17634=CARTESIAN_POINT('',(0.,31.4740762113533,58.5));
#17635=CARTESIAN_POINT('',(0.,33.2061270189222,55.5));
#17636=CARTESIAN_POINT('',(0.,51.321463619066,24.1233166123389));
#17637=CARTESIAN_POINT('',(0.,36.6702286340599,55.5));
#17638=CARTESIAN_POINT('',(0.,59.33511431703,55.5));
#17639=CARTESIAN_POINT('',(0.,38.4022794416288,58.5));
#17640=CARTESIAN_POINT('',(0.,31.1863729810778,46.0016833876611));
#17641=CARTESIAN_POINT('',(0.,36.6702286340599,61.5));
#17642=CARTESIAN_POINT('',(0.,55.6515906379882,28.6233166123389));
#17643=CARTESIAN_POINT('',(0.,33.2061270189222,61.5));
#17644=CARTESIAN_POINT('',(0.,57.6030635094611,61.5));
#17645=CARTESIAN_POINT('',(0.,25.1241951545867,47.5016833876611));
#17646=CARTESIAN_POINT('',(0.,21.0821270189222,61.5));
#17647=CARTESIAN_POINT('',(0.,20.,59.6257010229837));
#17648=CARTESIAN_POINT('',(0.,14.8406570489101,50.6894568980236));
#17649=CARTESIAN_POINT('',(0.,20.,57.3742989770163));
#17650=CARTESIAN_POINT('',(0.,20.,28.6871494885081));
#17651=CARTESIAN_POINT('',(0.,21.0821270189222,55.5));
#17652=CARTESIAN_POINT('',(0.,40.712963619066,21.4983936134682));
#17653=CARTESIAN_POINT('',(0.,24.5462286340599,55.5));
#17654=CARTESIAN_POINT('',(0.,53.27311431703,55.5));
#17655=CARTESIAN_POINT('',(0.,26.2782794416288,58.5));
#17656=CARTESIAN_POINT('',(0.,20.5778729810778,48.6266063865318));
#17657=CARTESIAN_POINT('',(0.,24.5462286340599,61.5));
#17658=CARTESIAN_POINT('',(0.,45.0430906379882,25.9983936134682));
#17659=CARTESIAN_POINT('',(0.,51.5410635094611,61.5));
#17660=CARTESIAN_POINT('',(0.,24.5462286340599,40.5));
#17661=CARTESIAN_POINT('',(0.,21.0821270189222,40.5));
#17662=CARTESIAN_POINT('',(0.,51.5410635094611,40.5));
#17663=CARTESIAN_POINT('',(0.,20.,38.6257010229837));
#17664=CARTESIAN_POINT('',(0.,19.3872904187784,37.5644568980236));
#17665=CARTESIAN_POINT('',(0.,20.,38.));
#17666=CARTESIAN_POINT('',(0.,20.,19.));
#17667=CARTESIAN_POINT('',(0.,25.989604307034,38.));
#17668=CARTESIAN_POINT('',(0.,53.994802153517,38.));
#17669=CARTESIAN_POINT('',(0.,40.4964572681199,12.8733936134682));
#17670=CARTESIAN_POINT('',(0.,42.7320508075689,51.));
#17671=CARTESIAN_POINT('',(0.,39.2683048454133,51.));
#17672=CARTESIAN_POINT('',(0.,60.6341524227066,51.));
#17673=CARTESIAN_POINT('',(0.,37.5362540378444,48.));
#17674=CARTESIAN_POINT('',(0.,32.7019174377006,39.6266833876611));
#17675=CARTESIAN_POINT('',(0.,39.2683048454133,45.));
#17676=CARTESIAN_POINT('',(0.,54.3525525323115,18.8733166123389));
#17677=CARTESIAN_POINT('',(0.,42.7320508075689,45.));
#17678=CARTESIAN_POINT('',(0.,62.3660254037844,45.));
#17679=CARTESIAN_POINT('',(0.,44.4641016151377,48.));
#17680=CARTESIAN_POINT('',(0.,38.7637840678323,38.1267603887905));
#17681=CARTESIAN_POINT('',(0.,58.6823683548744,23.3732396112095));
#17682=CARTESIAN_POINT('',(0.,54.8560508075689,52.));
#17683=CARTESIAN_POINT('',(0.,56.5881016151377,55.));
#17684=CARTESIAN_POINT('',(0.,47.8567396112095,39.8768373899198));
#17685=CARTESIAN_POINT('',(0.,54.8560508075689,58.));
#17686=CARTESIAN_POINT('',(-5.55111512312578E-16,70.806412811497,30.3731626100801));
#17687=CARTESIAN_POINT('',(0.,51.3923048454133,58.));
#17688=CARTESIAN_POINT('',(0.,66.6961524227066,58.));
#17689=CARTESIAN_POINT('',(0.,49.6602540378444,55.));
#17690=CARTESIAN_POINT('',(0.,41.7948729810778,41.3767603887905));
#17691=CARTESIAN_POINT('',(0.,51.3923048454133,52.));
#17692=CARTESIAN_POINT('',(0.,66.4765969889343,25.8732396112095));
#17693=CARTESIAN_POINT('',(0.,68.4280254037844,52.));
#17694=CARTESIAN_POINT('',(0.,62.,38.6263170320186));
#17695=CARTESIAN_POINT('',(0.,60.9182286340599,40.5));
#17696=CARTESIAN_POINT('',(0.,72.3219572681198,20.7481626100801));
#17697=CARTESIAN_POINT('',(0.,57.4541270189222,40.5));
#17698=CARTESIAN_POINT('',(0.,69.7270635094611,40.5));
#17699=CARTESIAN_POINT('',(0.,56.0107513459481,38.));
#17700=CARTESIAN_POINT('',(0.,51.0321660917524,29.3768373899199));
#17701=CARTESIAN_POINT('',(0.,62.,38.));
#17702=CARTESIAN_POINT('',(0.,72.,38.));
#17703=CARTESIAN_POINT('',(0.,62.,19.3131585160093));
#17704=CARTESIAN_POINT('Origin',(20.7499999552965,20.,12.));
#17705=CARTESIAN_POINT('',(20.7499999552965,30.5,0.));
#17706=CARTESIAN_POINT('',(20.7499999552965,20.,12.));
#17707=CARTESIAN_POINT('Origin',(6.,20.,12.));
#17708=CARTESIAN_POINT('Origin',(6.5,19.5,12.));
#17709=CARTESIAN_POINT('Origin',(6.5,19.5,2.5));
#17710=CARTESIAN_POINT('Origin',(6.5,19.5,30.));
#17711=CARTESIAN_POINT('Origin',(6.5,19.5,2.5));
#17712=CARTESIAN_POINT('Origin',(6.5,19.5,8.));
#17713=CARTESIAN_POINT('Origin',(1.,20.,12.));
#17714=CARTESIAN_POINT('',(1.,18.,15.));
#17715=CARTESIAN_POINT('',(1.,18.,12.));
#17716=CARTESIAN_POINT('',(1.,18.,7.25));
#17717=CARTESIAN_POINT('',(1.,20.,15.));
#17718=CARTESIAN_POINT('',(1.,20.,12.));
#17719=CARTESIAN_POINT('Origin',(1.,20.,15.));
#17720=CARTESIAN_POINT('',(-2.99999999999999,60.,15.));
#17721=CARTESIAN_POINT('',(0.,81.,15.));
#17722=CARTESIAN_POINT('',(10.875,70.125,15.));
#17723=CARTESIAN_POINT('Origin',(1.,81.,15.));
#17724=CARTESIAN_POINT('',(0.,0.999999999999996,15.));
#17725=CARTESIAN_POINT('Origin',(1.,0.999999999999996,15.));
#17726=CARTESIAN_POINT('',(1.,2.,15.));
#17727=CARTESIAN_POINT('',(-3.,-2.,15.));
#17728=CARTESIAN_POINT('',(1.,0.,15.));
#17729=CARTESIAN_POINT('',(1.,18.,15.));
#17730=CARTESIAN_POINT('Origin',(0.5,19.5,15.));
#17731=CARTESIAN_POINT('Origin',(0.5,19.5,2.5));
#17732=CARTESIAN_POINT('Origin',(0.5,19.5,30.));
#17733=CARTESIAN_POINT('Origin',(0.5,19.5,2.5));
#17734=CARTESIAN_POINT('Origin',(0.5,19.5,12.));
#17735=CARTESIAN_POINT('Origin',(0.5,19.5,8.));
#17736=CARTESIAN_POINT('Origin',(-12.,82.,12.));
#17737=CARTESIAN_POINT('Origin',(6.,81.,12.));
#17738=CARTESIAN_POINT('',(20.7499999552965,82.,12.));
#17739=CARTESIAN_POINT('Origin',(20.7499999552965,82.,12.));
#17740=CARTESIAN_POINT('',(20.7499999552965,81.,0.));
#17741=CARTESIAN_POINT('',(20.7499999552965,61.5,0.));
#17742=CARTESIAN_POINT('Origin',(20.7499999552965,81.,-1.));
#17743=CARTESIAN_POINT('Origin',(1.,81.,0.));
#17744=CARTESIAN_POINT('',(0.,81.,0.));
#17745=CARTESIAN_POINT('Origin',(1.,81.,104.));
#17746=CARTESIAN_POINT('Origin',(1.,81.,0.));
#17747=CARTESIAN_POINT('',(0.,81.,12.));
#17748=CARTESIAN_POINT('Origin',(1.,81.,12.));
#17749=CARTESIAN_POINT('Origin',(1.,81.,3.));
#17750=CARTESIAN_POINT('',(0.,81.,0.));
#17751=CARTESIAN_POINT('Origin',(6.,81.,0.));
#17752=CARTESIAN_POINT('Origin',(6.,81.,104.));
#17753=CARTESIAN_POINT('Origin',(9.875,81.,-1.));
#17754=CARTESIAN_POINT('',(9.875,81.,0.));
#17755=CARTESIAN_POINT('Origin',(9.875,81.,-1.));
#17756=CARTESIAN_POINT('',(10.,81.,0.));
#17757=CARTESIAN_POINT('Origin',(10.,81.,-0.999999999999999));
#17758=CARTESIAN_POINT('',(9.875,81.,0.));
#17759=CARTESIAN_POINT('Origin',(20.7499999552965,0.,-1.));
#17760=CARTESIAN_POINT('',(20.7499999552965,1.,0.));
#17761=CARTESIAN_POINT('',(20.7499999552965,20.5,0.));
#17762=CARTESIAN_POINT('Origin',(20.7499999552965,1.,-1.));
#17763=CARTESIAN_POINT('',(20.7499999552965,0.,12.));
#17764=CARTESIAN_POINT('Origin',(20.7499999552965,0.,12.));
#17765=CARTESIAN_POINT('Origin',(6.,1.,12.));
#17766=CARTESIAN_POINT('Origin',(6.,1.,0.));
#17767=CARTESIAN_POINT('Origin',(6.,1.,104.));
#17768=CARTESIAN_POINT('Origin',(6.,1.,0.));
#17769=CARTESIAN_POINT('Origin',(6.,1.,3.));
#17770=CARTESIAN_POINT('Origin',(6.375,1.,-1.));
#17771=CARTESIAN_POINT('',(10.,1.,0.));
#17772=CARTESIAN_POINT('',(6.375,1.,0.));
#17773=CARTESIAN_POINT('Origin',(10.,1.,-0.999999999999999));
#17774=CARTESIAN_POINT('Origin',(1.,-3.70784671521701E-49,15.));
#17775=CARTESIAN_POINT('',(1.,2.,12.));
#17776=CARTESIAN_POINT('',(1.,2.,32.5));
#17777=CARTESIAN_POINT('',(1.,0.,12.));
#17778=CARTESIAN_POINT('Origin',(1.,0.,12.));
#17779=CARTESIAN_POINT('',(0.,0.999999999999996,12.));
#17780=CARTESIAN_POINT('Origin',(1.,0.999999999999996,12.));
#17781=CARTESIAN_POINT('',(-2.25,83.25,12.));
#17782=CARTESIAN_POINT('',(1.,64.,12.));
#17783=CARTESIAN_POINT('',(-2.25,21.25,12.));
#17784=CARTESIAN_POINT('',(1.,2.,12.));
#17785=CARTESIAN_POINT('Origin',(1.,0.999999999999996,0.));
#17786=CARTESIAN_POINT('',(0.,0.999999999999996,0.));
#17787=CARTESIAN_POINT('Origin',(1.,0.999999999999996,3.));
#17788=CARTESIAN_POINT('Origin',(1.,0.999999999999996,0.));
#17789=CARTESIAN_POINT('Origin',(1.,0.999999999999996,104.));
#17790=CARTESIAN_POINT('',(0.,0.999999999999996,0.));
#17791=CARTESIAN_POINT('Origin',(6.375,1.,-1.));
#17792=CARTESIAN_POINT('',(-3.,0.999999999999996,0.));
#17793=CARTESIAN_POINT('Origin',(-3.,1.,-1.));
#17794=CARTESIAN_POINT('',(6.375,1.,0.));
#17795=CARTESIAN_POINT('Origin',(2.,17.,2.5));
#17796=CARTESIAN_POINT('',(4.,15.,5.));
#17797=CARTESIAN_POINT('',(4.5,14.5,5.));
#17798=CARTESIAN_POINT('',(4.,15.,100.));
#17799=CARTESIAN_POINT('',(4.,15.,100.));
#17800=CARTESIAN_POINT('',(2.,17.,100.));
#17801=CARTESIAN_POINT('Origin',(2.,3.,50.));
#17802=CARTESIAN_POINT('',(4.,5.,100.));
#17803=CARTESIAN_POINT('',(4.5,5.5,100.));
#17804=CARTESIAN_POINT('',(4.,5.,5.));
#17805=CARTESIAN_POINT('',(4.,5.,5.));
#17806=CARTESIAN_POINT('',(2.,3.,5.));
#17807=CARTESIAN_POINT('Origin',(2.,65.,50.));
#17808=CARTESIAN_POINT('',(4.,67.,100.));
#17809=CARTESIAN_POINT('',(4.5,67.5,100.));
#17810=CARTESIAN_POINT('',(4.,67.,5.));
#17811=CARTESIAN_POINT('',(4.,67.,100.));
#17812=CARTESIAN_POINT('',(2.,65.,5.));
#17813=CARTESIAN_POINT('Origin',(2.,79.,2.5));
#17814=CARTESIAN_POINT('',(4.,77.,5.));
#17815=CARTESIAN_POINT('',(4.5,76.5,5.));
#17816=CARTESIAN_POINT('',(4.,77.,100.));
#17817=CARTESIAN_POINT('',(4.,77.,5.));
#17818=CARTESIAN_POINT('',(2.,79.,100.));
#17819=CARTESIAN_POINT('Origin',(1.,81.,104.));
#17820=CARTESIAN_POINT('',(1.,81.,105.));
#17821=CARTESIAN_POINT('Origin',(1.,81.,104.));
#17822=CARTESIAN_POINT('Origin',(1.,81.,104.));
#17823=CARTESIAN_POINT('Origin',(9.875,81.,-1.));
#17824=CARTESIAN_POINT('',(-3.,81.,0.));
#17825=CARTESIAN_POINT('',(9.875,81.,0.));
#17826=CARTESIAN_POINT('Origin',(-3.,81.,-1.));
#17827=CARTESIAN_POINT('Origin',(-3.,81.,3.));
#17828=CARTESIAN_POINT('Origin',(-3.,81.,3.));
#17829=CARTESIAN_POINT('Origin',(1.,0.999999999999996,104.));
#17830=CARTESIAN_POINT('',(1.,1.00000000000001,105.));
#17831=CARTESIAN_POINT('Origin',(1.,0.999999999999996,104.));
#17832=CARTESIAN_POINT('Origin',(1.,1.,104.));
#17833=CARTESIAN_POINT('Origin',(-3.,0.999999999999996,3.));
#17834=CARTESIAN_POINT('Origin',(-3.,0.999999999999996,3.));
#17835=CARTESIAN_POINT('Origin',(6.,81.,104.));
#17836=CARTESIAN_POINT('',(6.,81.,105.));
#17837=CARTESIAN_POINT('Origin',(6.,81.,104.));
#17838=CARTESIAN_POINT('Origin',(6.,81.,104.));
#17839=CARTESIAN_POINT('Origin',(6.,81.,0.));
#17840=CARTESIAN_POINT('Origin',(6.,81.,3.));
#17841=CARTESIAN_POINT('Origin',(10.,81.,3.));
#17842=CARTESIAN_POINT('Origin',(10.,81.,3.));
#17843=CARTESIAN_POINT('Origin',(5.25,81.,104.));
#17844=CARTESIAN_POINT('',(5.25,81.,105.));
#17845=CARTESIAN_POINT('Origin',(6.,1.,104.));
#17846=CARTESIAN_POINT('',(6.,1.,105.));
#17847=CARTESIAN_POINT('Origin',(6.,1.,104.));
#17848=CARTESIAN_POINT('Origin',(6.,1.,104.));
#17849=CARTESIAN_POINT('Origin',(10.,1.,3.));
#17850=CARTESIAN_POINT('Origin',(10.,1.,3.));
#17851=CARTESIAN_POINT('Origin',(6.375,1.,-1.));
#17852=CARTESIAN_POINT('',(6.375,1.,0.));
#17853=CARTESIAN_POINT('Origin',(6.,20.5,104.));
#17854=CARTESIAN_POINT('',(6.,20.5,105.));
#17855=CARTESIAN_POINT('Origin',(1.75,1.,104.));
#17856=CARTESIAN_POINT('',(1.75,1.,105.));
#17857=CARTESIAN_POINT('Origin',(1.,61.5,104.));
#17858=CARTESIAN_POINT('',(1.,61.5,105.));
#17859=CARTESIAN_POINT('Origin',(10.,20.5,3.));
#17860=CARTESIAN_POINT('',(10.,20.5,0.));
#17861=CARTESIAN_POINT('Origin',(12.75,41.,0.));
#17862=CARTESIAN_POINT('Origin',(3.5,41.,105.));
#17863=CARTESIAN_POINT('Origin',(7.,62.,38.6263170320186));
#17864=CARTESIAN_POINT('',(6.5,62.,100.));
#17865=CARTESIAN_POINT('',(6.5,62.,38.));
#17866=CARTESIAN_POINT('',(6.5,62.,50.));
#17867=CARTESIAN_POINT('',(7.,62.,100.));
#17868=CARTESIAN_POINT('',(4.,62.,99.3736829679814));
#17869=CARTESIAN_POINT('',(7.,62.,99.3736829679814));
#17870=CARTESIAN_POINT('',(4.,62.,94.6263170320186));
#17871=CARTESIAN_POINT('',(4.,62.,38.));
#17872=CARTESIAN_POINT('',(7.,62.,94.6263170320186));
#17873=CARTESIAN_POINT('',(4.,62.,92.3736829679814));
#17874=CARTESIAN_POINT('',(7.,62.,92.3736829679814));
#17875=CARTESIAN_POINT('',(4.,62.,87.6263170320186));
#17876=CARTESIAN_POINT('',(4.,62.,38.));
#17877=CARTESIAN_POINT('',(7.,62.,87.6263170320186));
#17878=CARTESIAN_POINT('',(4.,62.,85.3736829679814));
#17879=CARTESIAN_POINT('',(7.,62.,85.3736829679814));
#17880=CARTESIAN_POINT('',(4.,62.,80.6263170320186));
#17881=CARTESIAN_POINT('',(4.,62.,38.));
#17882=CARTESIAN_POINT('',(7.,62.,80.6263170320186));
#17883=CARTESIAN_POINT('',(4.,62.,78.3736829679814));
#17884=CARTESIAN_POINT('',(7.,62.,78.3736829679814));
#17885=CARTESIAN_POINT('',(4.,62.,73.6263170320186));
#17886=CARTESIAN_POINT('',(4.,62.,38.));
#17887=CARTESIAN_POINT('',(7.,62.,73.6263170320186));
#17888=CARTESIAN_POINT('',(4.,62.,71.3736829679814));
#17889=CARTESIAN_POINT('',(7.,62.,71.3736829679814));
#17890=CARTESIAN_POINT('',(4.,62.,66.6263170320186));
#17891=CARTESIAN_POINT('',(4.,62.,38.));
#17892=CARTESIAN_POINT('',(7.,62.,66.6263170320186));
#17893=CARTESIAN_POINT('',(4.,62.,64.3736829679814));
#17894=CARTESIAN_POINT('',(7.,62.,64.3736829679814));
#17895=CARTESIAN_POINT('',(4.,62.,59.6263170320186));
#17896=CARTESIAN_POINT('',(4.,62.,38.));
#17897=CARTESIAN_POINT('',(7.,62.,59.6263170320186));
#17898=CARTESIAN_POINT('',(4.,62.,57.3736829679814));
#17899=CARTESIAN_POINT('',(7.,62.,57.3736829679814));
#17900=CARTESIAN_POINT('',(4.,62.,52.6263170320186));
#17901=CARTESIAN_POINT('',(4.,62.,38.));
#17902=CARTESIAN_POINT('',(7.,62.,52.6263170320186));
#17903=CARTESIAN_POINT('',(4.,62.,50.3736829679814));
#17904=CARTESIAN_POINT('',(7.,62.,50.3736829679814));
#17905=CARTESIAN_POINT('',(4.,62.,45.6263170320186));
#17906=CARTESIAN_POINT('',(4.,62.,38.));
#17907=CARTESIAN_POINT('',(7.,62.,45.6263170320186));
#17908=CARTESIAN_POINT('',(4.,62.,43.3736829679814));
#17909=CARTESIAN_POINT('',(7.,62.,43.3736829679814));
#17910=CARTESIAN_POINT('',(4.,62.,38.6263170320186));
#17911=CARTESIAN_POINT('',(4.,62.,38.));
#17912=CARTESIAN_POINT('',(7.,62.,38.6263170320186));
#17913=CARTESIAN_POINT('',(7.,62.,38.));
#17914=CARTESIAN_POINT('Origin',(7.,20.,38.));
#17915=CARTESIAN_POINT('',(6.5,20.,38.));
#17916=CARTESIAN_POINT('',(6.5,20.,100.));
#17917=CARTESIAN_POINT('',(6.5,20.,19.));
#17918=CARTESIAN_POINT('',(7.,20.,38.));
#17919=CARTESIAN_POINT('',(4.,20.,38.6257010229837));
#17920=CARTESIAN_POINT('',(7.,20.,38.6257010229837));
#17921=CARTESIAN_POINT('',(4.,20.,43.3742989770163));
#17922=CARTESIAN_POINT('',(4.,20.,100.));
#17923=CARTESIAN_POINT('',(7.,20.,43.3742989770163));
#17924=CARTESIAN_POINT('',(4.,20.,45.6257010229837));
#17925=CARTESIAN_POINT('',(7.,20.,45.6257010229837));
#17926=CARTESIAN_POINT('',(4.,20.,50.3742989770163));
#17927=CARTESIAN_POINT('',(4.,20.,100.));
#17928=CARTESIAN_POINT('',(7.,20.,50.3742989770163));
#17929=CARTESIAN_POINT('',(4.,20.,52.6257010229837));
#17930=CARTESIAN_POINT('',(7.,20.,52.6257010229837));
#17931=CARTESIAN_POINT('',(4.,20.,57.3742989770163));
#17932=CARTESIAN_POINT('',(4.,20.,100.));
#17933=CARTESIAN_POINT('',(7.,20.,57.3742989770163));
#17934=CARTESIAN_POINT('',(4.,20.,59.6257010229837));
#17935=CARTESIAN_POINT('',(7.,20.,59.6257010229837));
#17936=CARTESIAN_POINT('',(4.,20.,64.3742989770163));
#17937=CARTESIAN_POINT('',(4.,20.,100.));
#17938=CARTESIAN_POINT('',(7.,20.,64.3742989770163));
#17939=CARTESIAN_POINT('',(4.,20.,66.6257010229837));
#17940=CARTESIAN_POINT('',(7.,20.,66.6257010229837));
#17941=CARTESIAN_POINT('',(4.,20.,71.3742989770163));
#17942=CARTESIAN_POINT('',(4.,20.,100.));
#17943=CARTESIAN_POINT('',(7.,20.,71.3742989770163));
#17944=CARTESIAN_POINT('',(4.,20.,73.6257010229837));
#17945=CARTESIAN_POINT('',(7.,20.,73.6257010229837));
#17946=CARTESIAN_POINT('',(4.,20.,78.3742989770163));
#17947=CARTESIAN_POINT('',(4.,20.,100.));
#17948=CARTESIAN_POINT('',(7.,20.,78.3742989770163));
#17949=CARTESIAN_POINT('',(4.,20.,80.6257010229837));
#17950=CARTESIAN_POINT('',(7.,20.,80.6257010229837));
#17951=CARTESIAN_POINT('',(4.,20.,85.3742989770163));
#17952=CARTESIAN_POINT('',(4.,20.,100.));
#17953=CARTESIAN_POINT('',(7.,20.,85.3742989770163));
#17954=CARTESIAN_POINT('',(4.,20.,87.6257010229837));
#17955=CARTESIAN_POINT('',(7.,20.,87.6257010229837));
#17956=CARTESIAN_POINT('',(4.,20.,92.3742989770163));
#17957=CARTESIAN_POINT('',(4.,20.,100.));
#17958=CARTESIAN_POINT('',(7.,20.,92.3742989770163));
#17959=CARTESIAN_POINT('',(4.,20.,94.6257010229837));
#17960=CARTESIAN_POINT('',(7.,20.,94.6257010229837));
#17961=CARTESIAN_POINT('',(4.,20.,99.3742989770163));
#17962=CARTESIAN_POINT('',(4.,20.,100.));
#17963=CARTESIAN_POINT('',(7.,20.,99.3742989770163));
#17964=CARTESIAN_POINT('',(7.,20.,100.));
#17965=CARTESIAN_POINT('Origin',(7.,20.,100.));
#17966=CARTESIAN_POINT('',(6.5,10.,100.));
#17967=CARTESIAN_POINT('',(4.,25.989604307034,100.));
#17968=CARTESIAN_POINT('',(7.,25.989604307034,100.));
#17969=CARTESIAN_POINT('',(4.,27.1443048454133,100.));
#17970=CARTESIAN_POINT('',(4.,62.,100.));
#17971=CARTESIAN_POINT('',(7.,27.1443048454133,100.));
#17972=CARTESIAN_POINT('',(4.,30.6080508075689,100.));
#17973=CARTESIAN_POINT('',(7.,30.6080508075689,100.));
#17974=CARTESIAN_POINT('',(4.,31.7627513459481,100.));
#17975=CARTESIAN_POINT('',(4.,62.,100.));
#17976=CARTESIAN_POINT('',(7.,31.7627513459481,100.));
#17977=CARTESIAN_POINT('',(4.,38.113604307034,100.));
#17978=CARTESIAN_POINT('',(7.,38.113604307034,100.));
#17979=CARTESIAN_POINT('',(4.,39.2683048454133,100.));
#17980=CARTESIAN_POINT('',(4.,62.,100.));
#17981=CARTESIAN_POINT('',(7.,39.2683048454133,100.));
#17982=CARTESIAN_POINT('',(4.,42.7320508075689,100.));
#17983=CARTESIAN_POINT('',(7.,42.7320508075689,100.));
#17984=CARTESIAN_POINT('',(4.,43.8867513459481,100.));
#17985=CARTESIAN_POINT('',(4.,62.,100.));
#17986=CARTESIAN_POINT('',(7.,43.8867513459481,100.));
#17987=CARTESIAN_POINT('',(4.,50.237604307034,100.));
#17988=CARTESIAN_POINT('',(7.,50.237604307034,100.));
#17989=CARTESIAN_POINT('',(4.,51.3923048454133,100.));
#17990=CARTESIAN_POINT('',(4.,62.,100.));
#17991=CARTESIAN_POINT('',(7.,51.3923048454133,100.));
#17992=CARTESIAN_POINT('',(4.,54.8560508075689,100.));
#17993=CARTESIAN_POINT('',(7.,54.8560508075689,100.));
#17994=CARTESIAN_POINT('',(4.,56.0107513459481,100.));
#17995=CARTESIAN_POINT('',(4.,62.,100.));
#17996=CARTESIAN_POINT('',(7.,56.0107513459481,100.));
#17997=CARTESIAN_POINT('Origin',(7.,25.989604307034,38.));
#17998=CARTESIAN_POINT('',(6.5,31.,38.));
#17999=CARTESIAN_POINT('',(4.,56.0107513459481,38.));
#18000=CARTESIAN_POINT('',(7.,56.0107513459481,38.));
#18001=CARTESIAN_POINT('',(4.,54.8560508075689,38.));
#18002=CARTESIAN_POINT('',(4.,20.,38.));
#18003=CARTESIAN_POINT('',(7.,54.8560508075689,38.));
#18004=CARTESIAN_POINT('',(4.,51.3923048454133,38.));
#18005=CARTESIAN_POINT('',(7.,51.3923048454133,38.));
#18006=CARTESIAN_POINT('',(4.,50.237604307034,38.));
#18007=CARTESIAN_POINT('',(4.,20.,38.));
#18008=CARTESIAN_POINT('',(7.,50.237604307034,38.));
#18009=CARTESIAN_POINT('',(4.,43.8867513459481,38.));
#18010=CARTESIAN_POINT('',(7.,43.8867513459481,38.));
#18011=CARTESIAN_POINT('',(4.,42.7320508075689,38.));
#18012=CARTESIAN_POINT('',(4.,20.,38.));
#18013=CARTESIAN_POINT('',(7.,42.7320508075689,38.));
#18014=CARTESIAN_POINT('',(4.,39.2683048454133,38.));
#18015=CARTESIAN_POINT('',(7.,39.2683048454133,38.));
#18016=CARTESIAN_POINT('',(4.,38.113604307034,38.));
#18017=CARTESIAN_POINT('',(4.,20.,38.));
#18018=CARTESIAN_POINT('',(7.,38.113604307034,38.));
#18019=CARTESIAN_POINT('',(4.,31.7627513459481,38.));
#18020=CARTESIAN_POINT('',(7.,31.7627513459481,38.));
#18021=CARTESIAN_POINT('',(4.,30.6080508075689,38.));
#18022=CARTESIAN_POINT('',(4.,20.,38.));
#18023=CARTESIAN_POINT('',(7.,30.6080508075689,38.));
#18024=CARTESIAN_POINT('',(4.,27.1443048454133,38.));
#18025=CARTESIAN_POINT('',(7.,27.1443048454133,38.));
#18026=CARTESIAN_POINT('',(4.,25.989604307034,38.));
#18027=CARTESIAN_POINT('',(4.,20.,38.));
#18028=CARTESIAN_POINT('',(7.,25.989604307034,38.));
#18029=CARTESIAN_POINT('Origin',(-3.,61.5,3.));
#18030=CARTESIAN_POINT('',(-3.,61.5,0.));
#18031=CARTESIAN_POINT('Origin',(12.75,41.,0.));
#18032=CARTESIAN_POINT('Origin',(0.,77.,100.));
#18033=CARTESIAN_POINT('',(4.,77.,100.));
#18034=CARTESIAN_POINT('Origin',(0.,67.,5.));
#18035=CARTESIAN_POINT('',(4.,67.,5.));
#18036=CARTESIAN_POINT('Origin',(4.,72.,52.5));
#18037=CARTESIAN_POINT('Origin',(0.,15.,100.));
#18038=CARTESIAN_POINT('',(4.,5.,100.));
#18039=CARTESIAN_POINT('Origin',(0.,5.,5.));
#18040=CARTESIAN_POINT('',(4.,15.,5.));
#18041=CARTESIAN_POINT('Origin',(4.,10.,52.5));
#18042=CARTESIAN_POINT('Origin',(12.75,41.,-3.));
#18043=CARTESIAN_POINT('Origin',(4.,41.,69.));
#18044=CARTESIAN_POINT('',(4.,60.9182286340599,40.5));
#18045=CARTESIAN_POINT('',(4.,57.4541270189222,40.5));
#18046=CARTESIAN_POINT('',(4.,49.2270635094611,40.5));
#18047=CARTESIAN_POINT('',(4.,52.2580190528384,55.4999229988707));
#18048=CARTESIAN_POINT('',(4.,60.9182286340599,41.5));
#18049=CARTESIAN_POINT('',(4.,64.9232603887905,48.4369184851201));
#18050=CARTESIAN_POINT('',(4.,57.4541270189222,41.5));
#18051=CARTESIAN_POINT('',(4.,50.95911431703,41.5));
#18052=CARTESIAN_POINT('',(4.,55.7220762113533,44.5));
#18053=CARTESIAN_POINT('',(4.,49.4434364905389,55.3749229988706));
#18054=CARTESIAN_POINT('',(4.,57.4541270189222,47.5));
#18055=CARTESIAN_POINT('',(4.,59.1862222831138,50.5000770011293));
#18056=CARTESIAN_POINT('',(4.,60.9182286340599,47.5));
#18057=CARTESIAN_POINT('',(4.,49.2270635094611,47.5));
#18058=CARTESIAN_POINT('',(4.,53.7735635094611,59.8749229988706));
#18059=CARTESIAN_POINT('',(4.,60.9182286340599,48.5));
#18060=CARTESIAN_POINT('',(4.,63.4077159321677,52.8119184851201));
#18061=CARTESIAN_POINT('',(4.,57.4541270189222,48.5));
#18062=CARTESIAN_POINT('',(4.,50.95911431703,48.5));
#18063=CARTESIAN_POINT('',(4.,55.7220762113533,51.5));
#18064=CARTESIAN_POINT('',(4.,50.9589809471617,59.7499229988706));
#18065=CARTESIAN_POINT('',(4.,57.4541270189222,54.5));
#18066=CARTESIAN_POINT('',(4.,57.6706778264911,54.8750770011293));
#18067=CARTESIAN_POINT('',(4.,60.9182286340599,54.5));
#18068=CARTESIAN_POINT('',(4.,49.2270635094611,54.5));
#18069=CARTESIAN_POINT('',(4.,55.2891079660839,64.2499229988706));
#18070=CARTESIAN_POINT('',(4.,60.9182286340599,55.5));
#18071=CARTESIAN_POINT('',(4.,61.892171475545,57.1869184851201));
#18072=CARTESIAN_POINT('',(4.,57.4541270189222,55.5));
#18073=CARTESIAN_POINT('',(4.,50.95911431703,55.5));
#18074=CARTESIAN_POINT('',(4.,55.7220762113533,58.5));
#18075=CARTESIAN_POINT('',(4.,52.4745254037844,64.1249229988706));
#18076=CARTESIAN_POINT('',(4.,57.4541270189222,61.5));
#18077=CARTESIAN_POINT('',(4.,56.1551333698683,59.2500770011293));
#18078=CARTESIAN_POINT('',(4.,60.9182286340599,61.5));
#18079=CARTESIAN_POINT('',(4.,49.2270635094611,61.5));
#18080=CARTESIAN_POINT('',(4.,56.8046524227066,68.6249229988706));
#18081=CARTESIAN_POINT('',(4.,60.9182286340599,62.5));
#18082=CARTESIAN_POINT('',(4.,60.3766270189222,61.5619184851201));
#18083=CARTESIAN_POINT('',(4.,57.4541270189222,62.5));
#18084=CARTESIAN_POINT('',(4.,50.95911431703,62.5));
#18085=CARTESIAN_POINT('',(4.,55.7220762113533,65.5));
#18086=CARTESIAN_POINT('',(4.,53.9900698604072,68.4999229988706));
#18087=CARTESIAN_POINT('',(4.,57.4541270189222,68.5));
#18088=CARTESIAN_POINT('',(4.,54.6395889132455,63.6250770011294));
#18089=CARTESIAN_POINT('',(4.,60.9182286340599,68.5));
#18090=CARTESIAN_POINT('',(4.,49.2270635094611,68.5));
#18091=CARTESIAN_POINT('',(4.,58.3201968793294,72.9999229988706));
#18092=CARTESIAN_POINT('',(4.,60.9182286340599,69.5));
#18093=CARTESIAN_POINT('',(4.,58.8610825622994,65.9369184851201));
#18094=CARTESIAN_POINT('',(4.,57.4541270189222,69.5));
#18095=CARTESIAN_POINT('',(4.,50.95911431703,69.5));
#18096=CARTESIAN_POINT('',(4.,55.7220762113533,72.5));
#18097=CARTESIAN_POINT('',(4.,55.50561431703,72.8749229988706));
#18098=CARTESIAN_POINT('',(4.,57.4541270189222,75.5));
#18099=CARTESIAN_POINT('',(4.,53.1240444566227,68.0000770011294));
#18100=CARTESIAN_POINT('',(4.,60.9182286340599,75.5));
#18101=CARTESIAN_POINT('',(4.,49.2270635094611,75.5));
#18102=CARTESIAN_POINT('',(4.,59.8357413359522,77.3749229988706));
#18103=CARTESIAN_POINT('',(4.,60.9182286340599,76.5));
#18104=CARTESIAN_POINT('',(4.,57.3455381056767,70.31191848512));
#18105=CARTESIAN_POINT('',(4.,57.4541270189222,76.5));
#18106=CARTESIAN_POINT('',(4.,50.95911431703,76.5));
#18107=CARTESIAN_POINT('',(4.,55.7220762113533,79.5));
#18108=CARTESIAN_POINT('',(4.,57.0211587736527,77.2499229988707));
#18109=CARTESIAN_POINT('',(4.,57.4541270189222,82.5));
#18110=CARTESIAN_POINT('',(4.,51.6085,72.3750770011294));
#18111=CARTESIAN_POINT('',(4.,60.9182286340599,82.5));
#18112=CARTESIAN_POINT('',(4.,49.2270635094611,82.5));
#18113=CARTESIAN_POINT('',(4.,61.351285792575,81.7499229988706));
#18114=CARTESIAN_POINT('',(4.,60.9182286340599,83.5));
#18115=CARTESIAN_POINT('',(4.,55.8299936490539,74.68691848512));
#18116=CARTESIAN_POINT('',(4.,57.4541270189222,83.5));
#18117=CARTESIAN_POINT('',(4.,50.95911431703,83.5));
#18118=CARTESIAN_POINT('',(4.,55.7220762113533,86.5));
#18119=CARTESIAN_POINT('',(4.,58.5367032302755,81.6249229988707));
#18120=CARTESIAN_POINT('',(4.,57.4541270189222,89.5));
#18121=CARTESIAN_POINT('',(4.,50.0929555433772,76.7500770011294));
#18122=CARTESIAN_POINT('',(4.,60.9182286340599,89.5));
#18123=CARTESIAN_POINT('',(4.,49.2270635094611,89.5));
#18124=CARTESIAN_POINT('',(4.,62.8668302491977,86.1249229988706));
#18125=CARTESIAN_POINT('',(4.,60.9182286340599,90.5));
#18126=CARTESIAN_POINT('',(4.,54.3144491924311,79.06191848512));
#18127=CARTESIAN_POINT('',(4.,57.4541270189222,90.5));
#18128=CARTESIAN_POINT('',(4.,50.95911431703,90.5));
#18129=CARTESIAN_POINT('',(4.,55.7220762113533,93.5));
#18130=CARTESIAN_POINT('',(4.,60.0522476868983,85.9999229988707));
#18131=CARTESIAN_POINT('',(4.,57.4541270189222,96.5));
#18132=CARTESIAN_POINT('',(4.,48.5774110867544,81.1250770011294));
#18133=CARTESIAN_POINT('',(4.,60.9182286340599,96.5));
#18134=CARTESIAN_POINT('',(4.,49.2270635094611,96.5));
#18135=CARTESIAN_POINT('',(4.,64.3823747058205,90.4999229988706));
#18136=CARTESIAN_POINT('',(4.,60.9182286340599,97.5));
#18137=CARTESIAN_POINT('',(4.,52.7989047358084,83.43691848512));
#18138=CARTESIAN_POINT('',(4.,57.4541270189222,97.5));
#18139=CARTESIAN_POINT('',(4.,50.95911431703,97.5));
#18140=CARTESIAN_POINT('',(4.,61.567792143521,90.3749229988706));
#18141=CARTESIAN_POINT('',(4.,56.5881016151377,97.));
#18142=CARTESIAN_POINT('',(4.,59.8357413359522,91.3749229988706));
#18143=CARTESIAN_POINT('',(4.,54.8560508075689,94.));
#18144=CARTESIAN_POINT('',(4.,48.5774110867545,83.1250770011293));
#18145=CARTESIAN_POINT('',(4.,51.3923048454133,94.));
#18146=CARTESIAN_POINT('',(4.,47.9280254037844,94.));
#18147=CARTESIAN_POINT('',(4.,49.6602540378444,97.));
#18148=CARTESIAN_POINT('',(4.,55.5059255133894,86.875));
#18149=CARTESIAN_POINT('',(4.,42.5155444566228,84.625));
#18150=CARTESIAN_POINT('',(4.,48.7942286340599,97.5));
#18151=CARTESIAN_POINT('',(4.,42.3712068893254,86.375));
#18152=CARTESIAN_POINT('',(4.,45.3301270189222,97.5));
#18153=CARTESIAN_POINT('',(4.,44.89711431703,97.5));
#18154=CARTESIAN_POINT('',(4.,50.959292143521,87.75));
#18155=CARTESIAN_POINT('',(4.,44.4641016151377,97.));
#18156=CARTESIAN_POINT('',(4.,49.2272413359522,88.75));
#18157=CARTESIAN_POINT('',(4.,42.7320508075689,94.));
#18158=CARTESIAN_POINT('',(4.,37.9689110867544,85.75));
#18159=CARTESIAN_POINT('',(4.,39.2683048454133,94.));
#18160=CARTESIAN_POINT('',(4.,41.8660254037844,94.));
#18161=CARTESIAN_POINT('',(4.,37.5362540378444,97.));
#18162=CARTESIAN_POINT('',(4.,44.8974255133894,84.2500770011294));
#18163=CARTESIAN_POINT('',(4.,31.9070444566228,87.2499229988706));
#18164=CARTESIAN_POINT('',(4.,36.6702286340599,97.5));
#18165=CARTESIAN_POINT('',(4.,31.7627068893254,88.9999229988706));
#18166=CARTESIAN_POINT('',(4.,33.2061270189222,97.5));
#18167=CARTESIAN_POINT('',(4.,38.83511431703,97.5));
#18168=CARTESIAN_POINT('',(4.,40.350792143521,85.1250770011293));
#18169=CARTESIAN_POINT('',(4.,32.3401016151377,97.));
#18170=CARTESIAN_POINT('',(4.,38.6187413359521,86.1250770011294));
#18171=CARTESIAN_POINT('',(4.,30.6080508075689,94.));
#18172=CARTESIAN_POINT('',(4.,27.3604110867544,88.3749229988707));
#18173=CARTESIAN_POINT('',(4.,27.1443048454133,94.));
#18174=CARTESIAN_POINT('',(4.,35.8040254037844,94.));
#18175=CARTESIAN_POINT('',(4.,25.4122540378444,97.));
#18176=CARTESIAN_POINT('',(4.,34.2889255133894,81.6251540022587));
#18177=CARTESIAN_POINT('',(4.,21.2985444566228,89.8748459977412));
#18178=CARTESIAN_POINT('',(4.,24.5462286340599,97.5));
#18179=CARTESIAN_POINT('',(4.,21.1542068893253,91.6248459977412));
#18180=CARTESIAN_POINT('',(4.,21.0821270189222,97.5));
#18181=CARTESIAN_POINT('',(4.,32.77311431703,97.5));
#18182=CARTESIAN_POINT('',(4.,29.742292143521,82.5001540022587));
#18183=CARTESIAN_POINT('',(4.,21.0821270189222,96.5));
#18184=CARTESIAN_POINT('',(4.,17.0768729810778,89.5626965092331));
#18185=CARTESIAN_POINT('',(4.,24.5462286340599,96.5));
#18186=CARTESIAN_POINT('',(4.,31.0410635094611,96.5));
#18187=CARTESIAN_POINT('',(4.,26.2782794416288,93.5));
#18188=CARTESIAN_POINT('',(4.,32.5568747058205,82.6251540022587));
#18189=CARTESIAN_POINT('',(4.,24.5462286340599,90.5));
#18190=CARTESIAN_POINT('',(4.,22.8140889132455,87.4998459977413));
#18191=CARTESIAN_POINT('',(4.,21.0821270189222,90.5));
#18192=CARTESIAN_POINT('',(4.,32.77311431703,90.5));
#18193=CARTESIAN_POINT('',(4.,28.2267476868983,78.1251540022587));
#18194=CARTESIAN_POINT('',(4.,21.0821270189222,89.5));
#18195=CARTESIAN_POINT('',(4.,18.5924174377006,85.1876965092331));
#18196=CARTESIAN_POINT('',(4.,24.5462286340599,89.5));
#18197=CARTESIAN_POINT('',(4.,31.0410635094611,89.5));
#18198=CARTESIAN_POINT('',(4.,26.2782794416288,86.5));
#18199=CARTESIAN_POINT('',(4.,31.0413302491977,78.2501540022587));
#18200=CARTESIAN_POINT('',(4.,24.5462286340599,83.5));
#18201=CARTESIAN_POINT('',(4.,24.3296333698683,83.1248459977413));
#18202=CARTESIAN_POINT('',(4.,21.0821270189222,83.5));
#18203=CARTESIAN_POINT('',(4.,32.77311431703,83.5));
#18204=CARTESIAN_POINT('',(4.,26.7112032302755,73.7501540022587));
#18205=CARTESIAN_POINT('',(4.,21.0821270189222,82.5));
#18206=CARTESIAN_POINT('',(4.,20.1079618943233,80.8126965092331));
#18207=CARTESIAN_POINT('',(4.,24.5462286340599,82.5));
#18208=CARTESIAN_POINT('',(4.,31.0410635094611,82.5));
#18209=CARTESIAN_POINT('',(4.,26.2782794416288,79.5));
#18210=CARTESIAN_POINT('',(4.,29.5257857925749,73.8751540022587));
#18211=CARTESIAN_POINT('',(4.,24.5462286340599,76.5));
#18212=CARTESIAN_POINT('',(4.,25.8451778264911,78.7498459977413));
#18213=CARTESIAN_POINT('',(4.,21.0821270189222,76.5));
#18214=CARTESIAN_POINT('',(4.,32.77311431703,76.5));
#18215=CARTESIAN_POINT('',(4.,25.1956587736527,69.3751540022587));
#18216=CARTESIAN_POINT('',(4.,21.0821270189222,75.5));
#18217=CARTESIAN_POINT('',(4.,21.6235063509461,76.4376965092331));
#18218=CARTESIAN_POINT('',(4.,24.5462286340599,75.5));
#18219=CARTESIAN_POINT('',(4.,31.0410635094611,75.5));
#18220=CARTESIAN_POINT('',(4.,26.2782794416288,72.5));
#18221=CARTESIAN_POINT('',(4.,28.0102413359522,69.5001540022587));
#18222=CARTESIAN_POINT('',(4.,24.5462286340599,69.5));
#18223=CARTESIAN_POINT('',(4.,27.3607222831138,74.3748459977413));
#18224=CARTESIAN_POINT('',(4.,21.0821270189222,69.5));
#18225=CARTESIAN_POINT('',(4.,32.77311431703,69.5));
#18226=CARTESIAN_POINT('',(4.,23.68011431703,65.0001540022587));
#18227=CARTESIAN_POINT('',(4.,21.0821270189222,68.5));
#18228=CARTESIAN_POINT('',(4.,23.1390508075689,72.0626965092331));
#18229=CARTESIAN_POINT('',(4.,24.5462286340599,68.5));
#18230=CARTESIAN_POINT('',(4.,31.0410635094611,68.5));
#18231=CARTESIAN_POINT('',(4.,26.2782794416288,65.5));
#18232=CARTESIAN_POINT('',(4.,26.4946968793294,65.1251540022587));
#18233=CARTESIAN_POINT('',(4.,24.5462286340599,62.5));
#18234=CARTESIAN_POINT('',(4.,28.8762667397366,69.9998459977413));
#18235=CARTESIAN_POINT('',(4.,21.0821270189222,62.5));
#18236=CARTESIAN_POINT('',(4.,32.77311431703,62.5));
#18237=CARTESIAN_POINT('',(4.,22.1645698604072,60.6251540022587));
#18238=CARTESIAN_POINT('',(4.,21.0821270189222,61.5));
#18239=CARTESIAN_POINT('',(4.,24.6545952641916,67.6876965092331));
#18240=CARTESIAN_POINT('',(4.,24.5462286340599,61.5));
#18241=CARTESIAN_POINT('',(4.,31.0410635094611,61.5));
#18242=CARTESIAN_POINT('',(4.,26.2782794416288,58.5));
#18243=CARTESIAN_POINT('',(4.,24.9791524227066,60.7501540022587));
#18244=CARTESIAN_POINT('',(4.,24.5462286340599,55.5));
#18245=CARTESIAN_POINT('',(4.,30.3918111963594,65.6248459977413));
#18246=CARTESIAN_POINT('',(4.,21.0821270189222,55.5));
#18247=CARTESIAN_POINT('',(4.,32.77311431703,55.5));
#18248=CARTESIAN_POINT('',(4.,20.6490254037844,56.2501540022587));
#18249=CARTESIAN_POINT('',(4.,21.0821270189222,54.5));
#18250=CARTESIAN_POINT('',(4.,26.1701397208144,63.3126965092331));
#18251=CARTESIAN_POINT('',(4.,24.5462286340599,54.5));
#18252=CARTESIAN_POINT('',(4.,31.0410635094611,54.5));
#18253=CARTESIAN_POINT('',(4.,26.2782794416288,51.5));
#18254=CARTESIAN_POINT('',(4.,23.4636079660839,56.3751540022587));
#18255=CARTESIAN_POINT('',(4.,24.5462286340599,48.5));
#18256=CARTESIAN_POINT('',(4.,31.9073556529821,61.2498459977413));
#18257=CARTESIAN_POINT('',(4.,21.0821270189222,48.5));
#18258=CARTESIAN_POINT('',(4.,32.77311431703,48.5));
#18259=CARTESIAN_POINT('',(4.,19.1334809471617,51.8751540022588));
#18260=CARTESIAN_POINT('',(4.,21.0821270189222,47.5));
#18261=CARTESIAN_POINT('',(4.,27.6856841774372,58.9376965092331));
#18262=CARTESIAN_POINT('',(4.,24.5462286340599,47.5));
#18263=CARTESIAN_POINT('',(4.,31.0410635094611,47.5));
#18264=CARTESIAN_POINT('',(4.,26.2782794416288,44.5));
#18265=CARTESIAN_POINT('',(4.,21.9480635094611,52.0001540022587));
#18266=CARTESIAN_POINT('',(4.,24.5462286340599,41.5));
#18267=CARTESIAN_POINT('',(4.,33.4229001096049,56.8748459977413));
#18268=CARTESIAN_POINT('',(4.,21.0821270189222,41.5));
#18269=CARTESIAN_POINT('',(4.,32.77311431703,41.5));
#18270=CARTESIAN_POINT('',(4.,17.6179364905389,47.5001540022587));
#18271=CARTESIAN_POINT('',(4.,21.0821270189222,40.5));
#18272=CARTESIAN_POINT('',(4.,29.2012286340599,54.5626965092331));
#18273=CARTESIAN_POINT('',(4.,24.5462286340599,40.5));
#18274=CARTESIAN_POINT('',(4.,31.0410635094611,40.5));
#18275=CARTESIAN_POINT('',(4.,20.4325190528383,47.6251540022587));
#18276=CARTESIAN_POINT('',(4.,25.4122540378444,41.));
#18277=CARTESIAN_POINT('',(4.,22.1645698604072,46.6251540022587));
#18278=CARTESIAN_POINT('',(4.,27.1443048454133,44.));
#18279=CARTESIAN_POINT('',(4.,33.4229001096049,54.8748459977413));
#18280=CARTESIAN_POINT('',(4.,30.6080508075689,44.));
#18281=CARTESIAN_POINT('',(4.,34.0721524227066,44.));
#18282=CARTESIAN_POINT('',(4.,32.3401016151377,41.));
#18283=CARTESIAN_POINT('',(4.,26.49438568297,51.1250770011294));
#18284=CARTESIAN_POINT('',(4.,39.4847667397366,53.3749229988706));
#18285=CARTESIAN_POINT('',(4.,33.2061270189222,40.5));
#18286=CARTESIAN_POINT('',(4.,39.629104307034,51.6249229988706));
#18287=CARTESIAN_POINT('',(4.,36.6702286340599,40.5));
#18288=CARTESIAN_POINT('',(4.,37.1030635094611,40.5));
#18289=CARTESIAN_POINT('',(4.,31.0410190528383,50.2500770011294));
#18290=CARTESIAN_POINT('',(4.,37.5362540378444,41.));
#18291=CARTESIAN_POINT('',(4.,32.7730698604072,49.2500770011294));
#18292=CARTESIAN_POINT('',(4.,39.2683048454133,44.));
#18293=CARTESIAN_POINT('',(4.,44.0314001096049,52.2499229988706));
#18294=CARTESIAN_POINT('',(4.,42.7320508075689,44.));
#18295=CARTESIAN_POINT('',(4.,40.1341524227066,44.));
#18296=CARTESIAN_POINT('',(4.,44.4641016151377,41.));
#18297=CARTESIAN_POINT('',(4.,37.10288568297,53.75));
#18298=CARTESIAN_POINT('',(4.,50.0932667397366,50.75));
#18299=CARTESIAN_POINT('',(4.,45.3301270189222,40.5));
#18300=CARTESIAN_POINT('',(4.,50.237604307034,49.));
#18301=CARTESIAN_POINT('',(4.,48.7942286340599,40.5));
#18302=CARTESIAN_POINT('',(4.,43.1650635094611,40.5));
#18303=CARTESIAN_POINT('',(4.,41.6495190528383,52.875));
#18304=CARTESIAN_POINT('',(4.,49.6602540378444,41.));
#18305=CARTESIAN_POINT('',(4.,43.3815698604072,51.875));
#18306=CARTESIAN_POINT('',(4.,51.3923048454133,44.));
#18307=CARTESIAN_POINT('',(4.,54.6399001096049,49.625));
#18308=CARTESIAN_POINT('',(4.,54.8560508075689,44.));
#18309=CARTESIAN_POINT('',(4.,46.1961524227066,44.));
#18310=CARTESIAN_POINT('',(4.,56.5881016151377,41.));
#18311=CARTESIAN_POINT('',(4.,47.71138568297,56.3749229988707));
#18312=CARTESIAN_POINT('',(4.,60.7017667397366,48.1250770011294));
#18313=CARTESIAN_POINT('',(4.,60.846104307034,46.3750770011293));
#18314=CARTESIAN_POINT('',(4.,30.6080508075689,72.));
#18315=CARTESIAN_POINT('',(4.,27.1443048454133,72.));
#18316=CARTESIAN_POINT('',(4.,34.0721524227066,72.));
#18317=CARTESIAN_POINT('',(4.,32.3401016151377,69.));
#18318=CARTESIAN_POINT('',(4.,32.5565635094611,68.6250770011294));
#18319=CARTESIAN_POINT('',(4.,30.6080508075689,66.));
#18320=CARTESIAN_POINT('',(4.,33.4225889132455,70.8749229988706));
#18321=CARTESIAN_POINT('',(4.,27.1443048454133,66.));
#18322=CARTESIAN_POINT('',(4.,35.8040254037844,66.));
#18323=CARTESIAN_POINT('',(4.,25.4122540378444,69.));
#18324=CARTESIAN_POINT('',(4.,28.2267476868983,64.1251540022587));
#18325=CARTESIAN_POINT('',(4.,27.3607222831138,72.3748459977413));
#18326=CARTESIAN_POINT('',(4.,49.6602540378444,55.));
#18327=CARTESIAN_POINT('',(4.,51.3923048454133,52.));
#18328=CARTESIAN_POINT('',(4.,46.4126587736527,60.625));
#18329=CARTESIAN_POINT('',(4.,51.3923048454133,58.));
#18330=CARTESIAN_POINT('',(4.,51.6088111963594,58.375));
#18331=CARTESIAN_POINT('',(4.,54.8560508075689,58.));
#18332=CARTESIAN_POINT('',(4.,46.1961524227066,58.));
#18333=CARTESIAN_POINT('',(4.,56.5881016151377,55.));
#18334=CARTESIAN_POINT('',(4.,50.7424745962156,65.1249229988706));
#18335=CARTESIAN_POINT('',(4.,54.8560508075689,52.));
#18336=CARTESIAN_POINT('',(4.,57.6706778264911,56.8750770011294));
#18337=CARTESIAN_POINT('',(4.,47.9280254037844,52.));
#18338=CARTESIAN_POINT('',(4.,42.7320508075689,80.));
#18339=CARTESIAN_POINT('',(4.,44.4641016151377,83.));
#18340=CARTESIAN_POINT('',(4.,41.,77.));
#18341=CARTESIAN_POINT('',(4.,39.2683048454133,80.));
#18342=CARTESIAN_POINT('',(4.,41.8660254037844,80.));
#18343=CARTESIAN_POINT('',(4.,37.5362540378444,83.));
#18344=CARTESIAN_POINT('',(4.,41.8663366001438,75.5000770011294));
#18345=CARTESIAN_POINT('',(4.,39.2683048454133,86.));
#18346=CARTESIAN_POINT('',(4.,34.9381333698683,78.4999229988706));
#18347=CARTESIAN_POINT('',(4.,42.7320508075689,86.));
#18348=CARTESIAN_POINT('',(4.,40.1341524227066,86.));
#18349=CARTESIAN_POINT('',(4.,46.1961524227066,80.));
#18350=CARTESIAN_POINT('',(4.,49.6602540378444,83.));
#18351=CARTESIAN_POINT('',(4.,51.3923048454133,80.));
#18352=CARTESIAN_POINT('',(4.,52.4748366001438,78.125));
#18353=CARTESIAN_POINT('',(4.,51.3923048454133,86.));
#18354=CARTESIAN_POINT('',(4.,45.5466333698683,75.875));
#18355=CARTESIAN_POINT('',(4.,54.8560508075689,86.));
#18356=CARTESIAN_POINT('',(4.,46.1961524227066,86.));
#18357=CARTESIAN_POINT('',(4.,56.5881016151377,83.));
#18358=CARTESIAN_POINT('',(4.,56.8046524227066,82.6249229988706));
#18359=CARTESIAN_POINT('',(4.,54.8560508075689,80.));
#18360=CARTESIAN_POINT('',(4.,51.6085,74.3750770011294));
#18361=CARTESIAN_POINT('',(4.,47.9280254037844,80.));
#18362=CARTESIAN_POINT('',(4.,30.6080508075689,93.));
#18363=CARTESIAN_POINT('',(4.,27.1443048454133,93.));
#18364=CARTESIAN_POINT('',(4.,34.0721524227066,93.));
#18365=CARTESIAN_POINT('',(4.,32.3401016151377,90.));
#18366=CARTESIAN_POINT('',(4.,37.1031968793294,81.7500770011294));
#18367=CARTESIAN_POINT('',(4.,30.6080508075689,87.));
#18368=CARTESIAN_POINT('',(4.,28.8759555433772,83.9999229988706));
#18369=CARTESIAN_POINT('',(4.,27.1443048454133,87.));
#18370=CARTESIAN_POINT('',(4.,35.8040254037844,87.));
#18371=CARTESIAN_POINT('',(4.,25.4122540378444,90.));
#18372=CARTESIAN_POINT('',(4.,32.7733810567666,77.2501540022587));
#18373=CARTESIAN_POINT('',(4.,22.8140889132455,85.4998459977412));
#18374=CARTESIAN_POINT('',(4.,51.3923048454133,72.));
#18375=CARTESIAN_POINT('',(4.,49.6602540378444,69.));
#18376=CARTESIAN_POINT('',(4.,48.5777222831138,67.125));
#18377=CARTESIAN_POINT('',(4.,54.8560508075689,72.));
#18378=CARTESIAN_POINT('',(4.,46.1961524227066,72.));
#18379=CARTESIAN_POINT('',(4.,56.5881016151377,69.));
#18380=CARTESIAN_POINT('',(4.,53.7735635094611,73.8749229988706));
#18381=CARTESIAN_POINT('',(4.,54.8560508075689,66.));
#18382=CARTESIAN_POINT('',(4.,54.6395889132455,65.6250770011294));
#18383=CARTESIAN_POINT('',(4.,51.3923048454133,66.));
#18384=CARTESIAN_POINT('',(4.,47.9280254037844,66.));
#18385=CARTESIAN_POINT('',(4.,49.4437476868983,69.375));
#18386=CARTESIAN_POINT('',(4.,36.6702286340599,54.5));
#18387=CARTESIAN_POINT('',(4.,33.2061270189222,54.5));
#18388=CARTESIAN_POINT('',(4.,37.1030635094611,54.5));
#18389=CARTESIAN_POINT('',(4.,38.4022794416288,51.5));
#18390=CARTESIAN_POINT('',(4.,34.0721079660838,59.0000770011293));
#18391=CARTESIAN_POINT('',(4.,36.6702286340599,48.5));
#18392=CARTESIAN_POINT('',(4.,42.5158556529821,58.6249229988707));
#18393=CARTESIAN_POINT('',(4.,33.2061270189222,48.5));
#18394=CARTESIAN_POINT('',(4.,38.83511431703,48.5));
#18395=CARTESIAN_POINT('',(4.,31.4740762113533,51.5));
#18396=CARTESIAN_POINT('',(4.,29.7419809471617,54.5000770011294));
#18397=CARTESIAN_POINT('',(4.,36.4536778264911,60.1249229988706));
#18398=CARTESIAN_POINT('',(4.,48.7942286340599,96.5));
#18399=CARTESIAN_POINT('',(4.,45.3301270189222,96.5));
#18400=CARTESIAN_POINT('',(4.,43.1650635094611,96.5));
#18401=CARTESIAN_POINT('',(4.,50.5262794416288,93.5));
#18402=CARTESIAN_POINT('',(4.,53.7738747058205,87.875));
#18403=CARTESIAN_POINT('',(4.,48.7942286340599,90.5));
#18404=CARTESIAN_POINT('',(4.,44.0310889132455,82.25));
#18405=CARTESIAN_POINT('',(4.,45.3301270189222,90.5));
#18406=CARTESIAN_POINT('',(4.,44.89711431703,90.5));
#18407=CARTESIAN_POINT('',(4.,43.5980762113533,93.5));
#18408=CARTESIAN_POINT('',(4.,49.4437476868983,83.375));
#18409=CARTESIAN_POINT('',(4.,37.9689110867544,83.75));
#18410=CARTESIAN_POINT('',(4.,36.6702286340599,47.5));
#18411=CARTESIAN_POINT('',(4.,33.2061270189222,47.5));
#18412=CARTESIAN_POINT('',(4.,37.1030635094611,47.5));
#18413=CARTESIAN_POINT('',(4.,38.4022794416288,44.5));
#18414=CARTESIAN_POINT('',(4.,32.5565635094611,54.6250770011294));
#18415=CARTESIAN_POINT('',(4.,36.6702286340599,41.5));
#18416=CARTESIAN_POINT('',(4.,44.0314001096049,54.2499229988706));
#18417=CARTESIAN_POINT('',(4.,33.2061270189222,41.5));
#18418=CARTESIAN_POINT('',(4.,38.83511431703,41.5));
#18419=CARTESIAN_POINT('',(4.,31.4740762113533,44.5));
#18420=CARTESIAN_POINT('',(4.,28.2264364905389,50.1250770011294));
#18421=CARTESIAN_POINT('',(4.,37.9692222831138,55.7499229988706));
#18422=CARTESIAN_POINT('',(4.,30.6080508075689,86.));
#18423=CARTESIAN_POINT('',(4.,27.1443048454133,86.));
#18424=CARTESIAN_POINT('',(4.,34.0721524227066,86.));
#18425=CARTESIAN_POINT('',(4.,32.3401016151377,83.));
#18426=CARTESIAN_POINT('',(4.,35.5876524227066,77.3750770011294));
#18427=CARTESIAN_POINT('',(4.,30.6080508075689,80.));
#18428=CARTESIAN_POINT('',(4.,30.3915,79.6249229988706));
#18429=CARTESIAN_POINT('',(4.,27.1443048454133,80.));
#18430=CARTESIAN_POINT('',(4.,35.8040254037844,80.));
#18431=CARTESIAN_POINT('',(4.,25.4122540378444,83.));
#18432=CARTESIAN_POINT('',(4.,31.2578366001438,72.8751540022587));
#18433=CARTESIAN_POINT('',(4.,24.3296333698683,81.1248459977413));
#18434=CARTESIAN_POINT('',(4.,42.7320508075689,52.));
#18435=CARTESIAN_POINT('',(4.,44.4641016151377,55.));
#18436=CARTESIAN_POINT('',(4.,47.0621778264911,59.5));
#18437=CARTESIAN_POINT('',(4.,39.2683048454133,52.));
#18438=CARTESIAN_POINT('',(4.,41.8660254037844,52.));
#18439=CARTESIAN_POINT('',(4.,37.5362540378444,55.));
#18440=CARTESIAN_POINT('',(4.,35.8041587736527,58.0000770011294));
#18441=CARTESIAN_POINT('',(4.,39.2683048454133,58.));
#18442=CARTESIAN_POINT('',(4.,41.0003111963594,60.9999229988706));
#18443=CARTESIAN_POINT('',(4.,42.7320508075689,58.));
#18444=CARTESIAN_POINT('',(4.,40.1341524227066,58.));
#18445=CARTESIAN_POINT('',(4.,40.1339745962156,62.5));
#18446=CARTESIAN_POINT('',(4.,48.7942286340599,75.5));
#18447=CARTESIAN_POINT('',(4.,45.3301270189222,75.5));
#18448=CARTESIAN_POINT('',(4.,43.1650635094611,75.5));
#18449=CARTESIAN_POINT('',(4.,50.5262794416288,72.5));
#18450=CARTESIAN_POINT('',(4.,49.2272413359522,74.75));
#18451=CARTESIAN_POINT('',(4.,48.7942286340599,69.5));
#18452=CARTESIAN_POINT('',(4.,48.5777222831138,69.125));
#18453=CARTESIAN_POINT('',(4.,45.3301270189222,69.5));
#18454=CARTESIAN_POINT('',(4.,44.89711431703,69.5));
#18455=CARTESIAN_POINT('',(4.,43.5980762113533,72.5));
#18456=CARTESIAN_POINT('',(4.,44.89711431703,70.25));
#18457=CARTESIAN_POINT('',(4.,42.5155444566228,70.625));
#18458=CARTESIAN_POINT('',(4.,42.7320508075689,59.));
#18459=CARTESIAN_POINT('',(4.,44.4641016151377,62.));
#18460=CARTESIAN_POINT('',(4.,45.5466333698683,63.875));
#18461=CARTESIAN_POINT('',(4.,39.2683048454133,59.));
#18462=CARTESIAN_POINT('',(4.,41.8660254037844,59.));
#18463=CARTESIAN_POINT('',(4.,37.5362540378444,62.));
#18464=CARTESIAN_POINT('',(4.,37.3197032302755,62.3750770011294));
#18465=CARTESIAN_POINT('',(4.,39.2683048454133,65.));
#18466=CARTESIAN_POINT('',(4.,39.4847667397366,65.3749229988706));
#18467=CARTESIAN_POINT('',(4.,42.7320508075689,65.));
#18468=CARTESIAN_POINT('',(4.,40.1341524227066,65.));
#18469=CARTESIAN_POINT('',(4.,41.6495190528383,66.875));
#18470=CARTESIAN_POINT('',(4.,30.6080508075689,51.));
#18471=CARTESIAN_POINT('',(4.,27.1443048454133,51.));
#18472=CARTESIAN_POINT('',(4.,34.0721524227066,51.));
#18473=CARTESIAN_POINT('',(4.,32.3401016151377,48.));
#18474=CARTESIAN_POINT('',(4.,28.0099301395928,55.5000770011294));
#18475=CARTESIAN_POINT('',(4.,30.6080508075689,45.));
#18476=CARTESIAN_POINT('',(4.,37.9692222831138,57.7499229988706));
#18477=CARTESIAN_POINT('',(4.,27.1443048454133,45.));
#18478=CARTESIAN_POINT('',(4.,35.8040254037844,45.));
#18479=CARTESIAN_POINT('',(4.,25.4122540378444,48.));
#18480=CARTESIAN_POINT('',(4.,23.68011431703,51.0001540022587));
#18481=CARTESIAN_POINT('',(4.,31.9073556529821,59.2498459977413));
#18482=CARTESIAN_POINT('',(4.,30.6080508075689,79.));
#18483=CARTESIAN_POINT('',(4.,27.1443048454133,79.));
#18484=CARTESIAN_POINT('',(4.,34.0721524227066,79.));
#18485=CARTESIAN_POINT('',(4.,32.3401016151377,76.));
#18486=CARTESIAN_POINT('',(4.,34.0721079660838,73.0000770011294));
#18487=CARTESIAN_POINT('',(4.,30.6080508075689,73.));
#18488=CARTESIAN_POINT('',(4.,31.9070444566228,75.2499229988706));
#18489=CARTESIAN_POINT('',(4.,27.1443048454133,73.));
#18490=CARTESIAN_POINT('',(4.,35.8040254037844,73.));
#18491=CARTESIAN_POINT('',(4.,25.4122540378444,76.));
#18492=CARTESIAN_POINT('',(4.,29.742292143521,68.5001540022587));
#18493=CARTESIAN_POINT('',(4.,25.8451778264911,76.7498459977413));
#18494=CARTESIAN_POINT('',(4.,49.6602540378444,62.));
#18495=CARTESIAN_POINT('',(4.,51.3923048454133,59.));
#18496=CARTESIAN_POINT('',(4.,47.9282032302755,65.));
#18497=CARTESIAN_POINT('',(4.,51.3923048454133,65.));
#18498=CARTESIAN_POINT('',(4.,50.0932667397366,62.75));
#18499=CARTESIAN_POINT('',(4.,54.8560508075689,65.));
#18500=CARTESIAN_POINT('',(4.,46.1961524227066,65.));
#18501=CARTESIAN_POINT('',(4.,56.5881016151377,62.));
#18502=CARTESIAN_POINT('',(4.,52.2580190528383,69.4999229988706));
#18503=CARTESIAN_POINT('',(4.,54.8560508075689,59.));
#18504=CARTESIAN_POINT('',(4.,56.1551333698683,61.2500770011294));
#18505=CARTESIAN_POINT('',(4.,47.9280254037844,59.));
#18506=CARTESIAN_POINT('',(4.,42.7320508075689,87.));
#18507=CARTESIAN_POINT('',(4.,44.4641016151377,90.));
#18508=CARTESIAN_POINT('',(4.,39.4844555433772,81.375));
#18509=CARTESIAN_POINT('',(4.,39.2683048454133,87.));
#18510=CARTESIAN_POINT('',(4.,41.8660254037844,87.));
#18511=CARTESIAN_POINT('',(4.,37.5362540378444,90.));
#18512=CARTESIAN_POINT('',(4.,43.3818810567666,79.8750770011293));
#18513=CARTESIAN_POINT('',(4.,39.2683048454133,93.));
#18514=CARTESIAN_POINT('',(4.,33.4225889132455,82.8749229988706));
#18515=CARTESIAN_POINT('',(4.,42.7320508075689,93.));
#18516=CARTESIAN_POINT('',(4.,40.1341524227066,93.));
#18517=CARTESIAN_POINT('',(4.,47.7116968793294,84.375));
#18518=CARTESIAN_POINT('',(4.,36.6702286340599,82.5));
#18519=CARTESIAN_POINT('',(4.,33.2061270189222,82.5));
#18520=CARTESIAN_POINT('',(4.,37.1030635094611,82.5));
#18521=CARTESIAN_POINT('',(4.,38.4022794416288,79.5));
#18522=CARTESIAN_POINT('',(4.,40.1342857925749,76.5000770011294));
#18523=CARTESIAN_POINT('',(4.,36.6702286340599,76.5));
#18524=CARTESIAN_POINT('',(4.,36.4536778264911,76.1249229988706));
#18525=CARTESIAN_POINT('',(4.,33.2061270189222,76.5));
#18526=CARTESIAN_POINT('',(4.,38.83511431703,76.5));
#18527=CARTESIAN_POINT('',(4.,31.4740762113533,79.5));
#18528=CARTESIAN_POINT('',(4.,35.8041587736527,72.0000770011294));
#18529=CARTESIAN_POINT('',(4.,30.3915,77.6249229988706));
#18530=CARTESIAN_POINT('',(4.,50.5262794416288,65.5));
#18531=CARTESIAN_POINT('',(4.,48.7942286340599,68.5));
#18532=CARTESIAN_POINT('',(4.,47.7116968793294,70.375));
#18533=CARTESIAN_POINT('',(4.,48.7942286340599,62.5));
#18534=CARTESIAN_POINT('',(4.,50.0932667397366,64.75));
#18535=CARTESIAN_POINT('',(4.,45.3301270189222,62.5));
#18536=CARTESIAN_POINT('',(4.,44.89711431703,62.5));
#18537=CARTESIAN_POINT('',(4.,43.5980762113533,65.5));
#18538=CARTESIAN_POINT('',(4.,43.3815698604072,65.875));
#18539=CARTESIAN_POINT('',(4.,45.3301270189222,68.5));
#18540=CARTESIAN_POINT('',(4.,44.0310889132455,66.25));
#18541=CARTESIAN_POINT('',(4.,43.1650635094611,68.5));
#18542=CARTESIAN_POINT('',(4.,30.6080508075689,65.));
#18543=CARTESIAN_POINT('',(4.,27.1443048454133,65.));
#18544=CARTESIAN_POINT('',(4.,34.0721524227066,65.));
#18545=CARTESIAN_POINT('',(4.,32.3401016151377,62.));
#18546=CARTESIAN_POINT('',(4.,31.0410190528383,64.2500770011294));
#18547=CARTESIAN_POINT('',(4.,30.6080508075689,59.));
#18548=CARTESIAN_POINT('',(4.,34.9381333698683,66.4999229988706));
#18549=CARTESIAN_POINT('',(4.,27.1443048454133,59.));
#18550=CARTESIAN_POINT('',(4.,35.8040254037844,59.));
#18551=CARTESIAN_POINT('',(4.,25.4122540378444,62.));
#18552=CARTESIAN_POINT('',(4.,26.7112032302755,59.7501540022587));
#18553=CARTESIAN_POINT('',(4.,28.8762667397366,67.9998459977413));
#18554=CARTESIAN_POINT('',(4.,33.2061270189222,62.5));
#18555=CARTESIAN_POINT('',(4.,36.6702286340599,62.5));
#18556=CARTESIAN_POINT('',(4.,38.83511431703,62.5));
#18557=CARTESIAN_POINT('',(4.,31.4740762113533,65.5));
#18558=CARTESIAN_POINT('',(4.,32.7730698604072,63.2500770011294));
#18559=CARTESIAN_POINT('',(4.,33.2061270189222,68.5));
#18560=CARTESIAN_POINT('',(4.,33.4225889132455,68.8749229988706));
#18561=CARTESIAN_POINT('',(4.,36.6702286340599,68.5));
#18562=CARTESIAN_POINT('',(4.,37.1030635094611,68.5));
#18563=CARTESIAN_POINT('',(4.,38.4022794416288,65.5));
#18564=CARTESIAN_POINT('',(4.,37.1031968793294,67.7500770011294));
#18565=CARTESIAN_POINT('',(4.,39.4847667397366,67.3749229988706));
#18566=CARTESIAN_POINT('',(4.,36.6702286340599,96.5));
#18567=CARTESIAN_POINT('',(4.,33.2061270189222,96.5));
#18568=CARTESIAN_POINT('',(4.,37.1030635094611,96.5));
#18569=CARTESIAN_POINT('',(4.,38.4022794416288,93.5));
#18570=CARTESIAN_POINT('',(4.,43.1653747058205,85.2500770011294));
#18571=CARTESIAN_POINT('',(4.,36.6702286340599,90.5));
#18572=CARTESIAN_POINT('',(4.,33.4225889132455,84.8749229988707));
#18573=CARTESIAN_POINT('',(4.,33.2061270189222,90.5));
#18574=CARTESIAN_POINT('',(4.,38.83511431703,90.5));
#18575=CARTESIAN_POINT('',(4.,31.4740762113533,93.5));
#18576=CARTESIAN_POINT('',(4.,38.8352476868983,80.7500770011294));
#18577=CARTESIAN_POINT('',(4.,27.3604110867545,86.3749229988706));
#18578=CARTESIAN_POINT('',(4.,42.7320508075689,72.));
#18579=CARTESIAN_POINT('',(4.,39.2683048454133,72.));
#18580=CARTESIAN_POINT('',(4.,40.1341524227066,72.));
#18581=CARTESIAN_POINT('',(4.,44.4641016151377,69.));
#18582=CARTESIAN_POINT('',(4.,43.1650635094611,71.25));
#18583=CARTESIAN_POINT('',(4.,42.7320508075689,66.));
#18584=CARTESIAN_POINT('',(4.,44.0310889132455,68.25));
#18585=CARTESIAN_POINT('',(4.,39.2683048454133,66.));
#18586=CARTESIAN_POINT('',(4.,41.8660254037844,66.));
#18587=CARTESIAN_POINT('',(4.,37.5362540378444,69.));
#18588=CARTESIAN_POINT('',(4.,38.8352476868983,66.7500770011294));
#18589=CARTESIAN_POINT('',(4.,37.9692222831138,69.7499229988706));
#18590=CARTESIAN_POINT('',(4.,48.7942286340599,82.5));
#18591=CARTESIAN_POINT('',(4.,45.3301270189222,82.5));
#18592=CARTESIAN_POINT('',(4.,43.1650635094611,82.5));
#18593=CARTESIAN_POINT('',(4.,50.5262794416288,79.5));
#18594=CARTESIAN_POINT('',(4.,50.7427857925749,79.125));
#18595=CARTESIAN_POINT('',(4.,48.7942286340599,76.5));
#18596=CARTESIAN_POINT('',(4.,47.0621778264911,73.5));
#18597=CARTESIAN_POINT('',(4.,45.3301270189222,76.5));
#18598=CARTESIAN_POINT('',(4.,44.89711431703,76.5));
#18599=CARTESIAN_POINT('',(4.,43.5980762113533,79.5));
#18600=CARTESIAN_POINT('',(4.,46.4126587736527,74.625));
#18601=CARTESIAN_POINT('',(4.,41.,75.));
#18602=CARTESIAN_POINT('',(4.,49.6602540378444,90.));
#18603=CARTESIAN_POINT('',(4.,51.3923048454133,87.));
#18604=CARTESIAN_POINT('',(4.,53.9903810567666,82.5));
#18605=CARTESIAN_POINT('',(4.,51.3923048454133,93.));
#18606=CARTESIAN_POINT('',(4.,44.0310889132455,80.25));
#18607=CARTESIAN_POINT('',(4.,54.8560508075689,93.));
#18608=CARTESIAN_POINT('',(4.,46.1961524227066,93.));
#18609=CARTESIAN_POINT('',(4.,56.5881016151377,90.));
#18610=CARTESIAN_POINT('',(4.,58.3201968793294,86.9999229988706));
#18611=CARTESIAN_POINT('',(4.,54.8560508075689,87.));
#18612=CARTESIAN_POINT('',(4.,50.0929555433773,78.7500770011293));
#18613=CARTESIAN_POINT('',(4.,47.9280254037844,87.));
#18614=CARTESIAN_POINT('',(4.,36.6702286340599,61.5));
#18615=CARTESIAN_POINT('',(4.,33.2061270189222,61.5));
#18616=CARTESIAN_POINT('',(4.,37.1030635094611,61.5));
#18617=CARTESIAN_POINT('',(4.,38.4022794416288,58.5));
#18618=CARTESIAN_POINT('',(4.,35.5876524227066,63.3750770011294));
#18619=CARTESIAN_POINT('',(4.,36.6702286340599,55.5));
#18620=CARTESIAN_POINT('',(4.,41.0003111963594,62.9999229988706));
#18621=CARTESIAN_POINT('',(4.,33.2061270189222,55.5));
#18622=CARTESIAN_POINT('',(4.,38.83511431703,55.5));
#18623=CARTESIAN_POINT('',(4.,31.4740762113533,58.5));
#18624=CARTESIAN_POINT('',(4.,31.2575254037844,58.8750770011294));
#18625=CARTESIAN_POINT('',(4.,34.9381333698683,64.4999229988706));
#18626=CARTESIAN_POINT('',(4.,48.7942286340599,54.5));
#18627=CARTESIAN_POINT('',(4.,45.3301270189222,54.5));
#18628=CARTESIAN_POINT('',(4.,43.1650635094611,54.5));
#18629=CARTESIAN_POINT('',(4.,50.5262794416288,51.5));
#18630=CARTESIAN_POINT('',(4.,44.6806079660838,61.625));
#18631=CARTESIAN_POINT('',(4.,48.7942286340599,48.5));
#18632=CARTESIAN_POINT('',(4.,53.1243556529821,56.));
#18633=CARTESIAN_POINT('',(4.,45.3301270189222,48.5));
#18634=CARTESIAN_POINT('',(4.,44.89711431703,48.5));
#18635=CARTESIAN_POINT('',(4.,43.5980762113533,51.5));
#18636=CARTESIAN_POINT('',(4.,40.3504809471617,57.125));
#18637=CARTESIAN_POINT('',(4.,47.0621778264911,57.5));
#18638=CARTESIAN_POINT('',(4.,49.6602540378444,48.));
#18639=CARTESIAN_POINT('',(4.,51.3923048454133,45.));
#18640=CARTESIAN_POINT('',(4.,44.89711431703,56.25));
#18641=CARTESIAN_POINT('',(4.,51.3923048454133,51.));
#18642=CARTESIAN_POINT('',(4.,53.1243556529821,54.));
#18643=CARTESIAN_POINT('',(4.,54.8560508075689,51.));
#18644=CARTESIAN_POINT('',(4.,46.1961524227066,51.));
#18645=CARTESIAN_POINT('',(4.,56.5881016151377,48.));
#18646=CARTESIAN_POINT('',(4.,49.2269301395928,60.7499229988706));
#18647=CARTESIAN_POINT('',(4.,54.8560508075689,45.));
#18648=CARTESIAN_POINT('',(4.,59.1862222831138,52.5000770011294));
#18649=CARTESIAN_POINT('',(4.,47.9280254037844,45.));
#18650=CARTESIAN_POINT('',(4.,30.6080508075689,58.));
#18651=CARTESIAN_POINT('',(4.,27.1443048454133,58.));
#18652=CARTESIAN_POINT('',(4.,34.0721524227066,58.));
#18653=CARTESIAN_POINT('',(4.,32.3401016151377,55.));
#18654=CARTESIAN_POINT('',(4.,29.5254745962156,59.8750770011294));
#18655=CARTESIAN_POINT('',(4.,30.6080508075689,52.));
#18656=CARTESIAN_POINT('',(4.,36.4536778264911,62.1249229988706));
#18657=CARTESIAN_POINT('',(4.,27.1443048454133,52.));
#18658=CARTESIAN_POINT('',(4.,35.8040254037844,52.));
#18659=CARTESIAN_POINT('',(4.,25.4122540378444,55.));
#18660=CARTESIAN_POINT('',(4.,25.1956587736527,55.3751540022587));
#18661=CARTESIAN_POINT('',(4.,30.3918111963594,63.6248459977413));
#18662=CARTESIAN_POINT('',(4.,48.7942286340599,61.5));
#18663=CARTESIAN_POINT('',(4.,45.3301270189222,61.5));
#18664=CARTESIAN_POINT('',(4.,43.1650635094611,61.5));
#18665=CARTESIAN_POINT('',(4.,50.5262794416288,58.5));
#18666=CARTESIAN_POINT('',(4.,46.1961524227066,66.));
#18667=CARTESIAN_POINT('',(4.,48.7942286340599,55.5));
#18668=CARTESIAN_POINT('',(4.,51.6088111963594,60.375));
#18669=CARTESIAN_POINT('',(4.,45.3301270189222,55.5));
#18670=CARTESIAN_POINT('',(4.,44.89711431703,55.5));
#18671=CARTESIAN_POINT('',(4.,43.5980762113533,58.5));
#18672=CARTESIAN_POINT('',(4.,41.8660254037844,61.5));
#18673=CARTESIAN_POINT('',(4.,45.5466333698683,61.875));
#18674=CARTESIAN_POINT('',(4.,36.6702286340599,89.5));
#18675=CARTESIAN_POINT('',(4.,33.2061270189222,89.5));
#18676=CARTESIAN_POINT('',(4.,37.1030635094611,89.5));
#18677=CARTESIAN_POINT('',(4.,38.4022794416288,86.5));
#18678=CARTESIAN_POINT('',(4.,41.6498302491977,80.8750770011294));
#18679=CARTESIAN_POINT('',(4.,36.6702286340599,83.5));
#18680=CARTESIAN_POINT('',(4.,34.9381333698683,80.4999229988706));
#18681=CARTESIAN_POINT('',(4.,33.2061270189222,83.5));
#18682=CARTESIAN_POINT('',(4.,38.83511431703,83.5));
#18683=CARTESIAN_POINT('',(4.,31.4740762113533,86.5));
#18684=CARTESIAN_POINT('',(4.,37.3197032302755,76.3750770011294));
#18685=CARTESIAN_POINT('',(4.,28.8759555433772,81.9999229988706));
#18686=CARTESIAN_POINT('',(4.,42.7320508075689,73.));
#18687=CARTESIAN_POINT('',(4.,44.4641016151377,76.));
#18688=CARTESIAN_POINT('',(4.,42.5155444566228,72.625));
#18689=CARTESIAN_POINT('',(4.,39.2683048454133,73.));
#18690=CARTESIAN_POINT('',(4.,41.8660254037844,73.));
#18691=CARTESIAN_POINT('',(4.,37.5362540378444,76.));
#18692=CARTESIAN_POINT('',(4.,40.350792143521,71.1250770011294));
#18693=CARTESIAN_POINT('',(4.,39.2683048454133,79.));
#18694=CARTESIAN_POINT('',(4.,36.4536778264911,74.1249229988706));
#18695=CARTESIAN_POINT('',(4.,42.7320508075689,79.));
#18696=CARTESIAN_POINT('',(4.,40.1341524227066,79.));
#18697=CARTESIAN_POINT('',(4.,44.6806079660838,75.625));
#18698=CARTESIAN_POINT('',(4.,42.7320508075689,45.));
#18699=CARTESIAN_POINT('',(4.,44.4641016151377,48.));
#18700=CARTESIAN_POINT('',(4.,48.5777222831138,55.125));
#18701=CARTESIAN_POINT('',(4.,39.2683048454133,45.));
#18702=CARTESIAN_POINT('',(4.,41.8660254037844,45.));
#18703=CARTESIAN_POINT('',(4.,37.5362540378444,48.));
#18704=CARTESIAN_POINT('',(4.,34.28861431703,53.6250770011294));
#18705=CARTESIAN_POINT('',(4.,39.2683048454133,51.));
#18706=CARTESIAN_POINT('',(4.,42.5158556529821,56.6249229988706));
#18707=CARTESIAN_POINT('',(4.,42.7320508075689,51.));
#18708=CARTESIAN_POINT('',(4.,40.1341524227066,51.));
#18709=CARTESIAN_POINT('',(4.,38.6184301395928,58.125));
#18710=CARTESIAN_POINT('',(4.,48.7942286340599,89.5));
#18711=CARTESIAN_POINT('',(4.,45.3301270189222,89.5));
#18712=CARTESIAN_POINT('',(4.,43.1650635094611,89.5));
#18713=CARTESIAN_POINT('',(4.,50.5262794416288,86.5));
#18714=CARTESIAN_POINT('',(4.,52.2583302491977,83.5));
#18715=CARTESIAN_POINT('',(4.,48.7942286340599,83.5));
#18716=CARTESIAN_POINT('',(4.,45.5466333698683,77.875));
#18717=CARTESIAN_POINT('',(4.,45.3301270189222,83.5));
#18718=CARTESIAN_POINT('',(4.,44.89711431703,83.5));
#18719=CARTESIAN_POINT('',(4.,43.5980762113533,86.5));
#18720=CARTESIAN_POINT('',(4.,47.9282032302755,79.));
#18721=CARTESIAN_POINT('',(4.,39.4844555433772,79.375));
#18722=CARTESIAN_POINT('',(4.,49.6602540378444,76.));
#18723=CARTESIAN_POINT('',(4.,51.3923048454133,73.));
#18724=CARTESIAN_POINT('',(4.,50.959292143521,73.75));
#18725=CARTESIAN_POINT('',(4.,51.3923048454133,79.));
#18726=CARTESIAN_POINT('',(4.,47.0621778264911,71.5));
#18727=CARTESIAN_POINT('',(4.,54.8560508075689,79.));
#18728=CARTESIAN_POINT('',(4.,46.1961524227066,79.));
#18729=CARTESIAN_POINT('',(4.,56.5881016151377,76.));
#18730=CARTESIAN_POINT('',(4.,55.2891079660839,78.2499229988706));
#18731=CARTESIAN_POINT('',(4.,54.8560508075689,73.));
#18732=CARTESIAN_POINT('',(4.,53.1240444566228,70.0000770011294));
#18733=CARTESIAN_POINT('',(4.,47.9280254037844,73.));
#18734=CARTESIAN_POINT('',(4.,48.7942286340599,47.5));
#18735=CARTESIAN_POINT('',(4.,45.3301270189222,47.5));
#18736=CARTESIAN_POINT('',(4.,43.1650635094611,47.5));
#18737=CARTESIAN_POINT('',(4.,50.5262794416288,44.5));
#18738=CARTESIAN_POINT('',(4.,43.1650635094611,57.25));
#18739=CARTESIAN_POINT('',(4.,48.7942286340599,41.5));
#18740=CARTESIAN_POINT('',(4.,54.6399001096049,51.625));
#18741=CARTESIAN_POINT('',(4.,45.3301270189222,41.5));
#18742=CARTESIAN_POINT('',(4.,44.89711431703,41.5));
#18743=CARTESIAN_POINT('',(4.,43.5980762113533,44.5));
#18744=CARTESIAN_POINT('',(4.,38.8349364905389,52.75));
#18745=CARTESIAN_POINT('',(4.,48.5777222831138,53.125));
#18746=CARTESIAN_POINT('',(4.,36.6702286340599,75.5));
#18747=CARTESIAN_POINT('',(4.,33.2061270189222,75.5));
#18748=CARTESIAN_POINT('',(4.,37.1030635094611,75.5));
#18749=CARTESIAN_POINT('',(4.,38.4022794416288,72.5));
#18750=CARTESIAN_POINT('',(4.,38.6187413359522,72.1250770011294));
#18751=CARTESIAN_POINT('',(4.,36.6702286340599,69.5));
#18752=CARTESIAN_POINT('',(4.,37.9692222831138,71.7499229988706));
#18753=CARTESIAN_POINT('',(4.,33.2061270189222,69.5));
#18754=CARTESIAN_POINT('',(4.,38.83511431703,69.5));
#18755=CARTESIAN_POINT('',(4.,31.4740762113533,72.5));
#18756=CARTESIAN_POINT('',(4.,34.28861431703,67.6250770011294));
#18757=CARTESIAN_POINT('',(4.,31.9070444566228,73.2499229988706));
#18758=CARTESIAN_POINT('Origin',(7.,36.6702286340599,75.5));
#18759=CARTESIAN_POINT('',(7.,36.6702286340599,75.5));
#18760=CARTESIAN_POINT('',(7.,38.4022794416288,72.5));
#18761=CARTESIAN_POINT('Origin',(7.,33.2061270189222,75.5));
#18762=CARTESIAN_POINT('',(7.,33.2061270189222,75.5));
#18763=CARTESIAN_POINT('Origin',(7.,31.4740762113533,72.5));
#18764=CARTESIAN_POINT('',(7.,31.4740762113533,72.5));
#18765=CARTESIAN_POINT('Origin',(7.,48.7942286340599,47.5));
#18766=CARTESIAN_POINT('',(7.,48.7942286340599,47.5));
#18767=CARTESIAN_POINT('',(7.,50.5262794416288,44.5));
#18768=CARTESIAN_POINT('Origin',(7.,45.3301270189222,47.5));
#18769=CARTESIAN_POINT('',(7.,45.3301270189222,47.5));
#18770=CARTESIAN_POINT('Origin',(7.,43.5980762113533,44.5));
#18771=CARTESIAN_POINT('',(7.,43.5980762113533,44.5));
#18772=CARTESIAN_POINT('Origin',(7.,49.6602540378444,76.));
#18773=CARTESIAN_POINT('',(7.,49.6602540378444,76.));
#18774=CARTESIAN_POINT('',(7.,51.3923048454133,79.));
#18775=CARTESIAN_POINT('Origin',(7.,51.3923048454133,73.));
#18776=CARTESIAN_POINT('',(7.,51.3923048454133,73.));
#18777=CARTESIAN_POINT('Origin',(7.,54.8560508075689,73.));
#18778=CARTESIAN_POINT('',(7.,54.8560508075689,73.));
#18779=CARTESIAN_POINT('Origin',(7.,48.7942286340599,89.5));
#18780=CARTESIAN_POINT('',(7.,48.7942286340599,89.5));
#18781=CARTESIAN_POINT('',(7.,50.5262794416288,86.5));
#18782=CARTESIAN_POINT('Origin',(7.,45.3301270189222,89.5));
#18783=CARTESIAN_POINT('',(7.,45.3301270189222,89.5));
#18784=CARTESIAN_POINT('Origin',(7.,43.5980762113533,86.5));
#18785=CARTESIAN_POINT('',(7.,43.5980762113533,86.5));
#18786=CARTESIAN_POINT('Origin',(7.,42.7320508075689,45.));
#18787=CARTESIAN_POINT('',(7.,42.7320508075689,45.));
#18788=CARTESIAN_POINT('',(7.,39.2683048454133,45.));
#18789=CARTESIAN_POINT('Origin',(7.,44.4641016151377,48.));
#18790=CARTESIAN_POINT('',(7.,44.4641016151377,48.));
#18791=CARTESIAN_POINT('Origin',(7.,42.7320508075689,51.));
#18792=CARTESIAN_POINT('',(7.,42.7320508075689,51.));
#18793=CARTESIAN_POINT('Origin',(7.,42.7320508075689,73.));
#18794=CARTESIAN_POINT('',(7.,42.7320508075689,73.));
#18795=CARTESIAN_POINT('',(7.,39.2683048454133,73.));
#18796=CARTESIAN_POINT('Origin',(7.,44.4641016151377,76.));
#18797=CARTESIAN_POINT('',(7.,44.4641016151377,76.));
#18798=CARTESIAN_POINT('Origin',(7.,42.7320508075689,79.));
#18799=CARTESIAN_POINT('',(7.,42.7320508075689,79.));
#18800=CARTESIAN_POINT('Origin',(7.,36.6702286340599,89.5));
#18801=CARTESIAN_POINT('',(7.,36.6702286340599,89.5));
#18802=CARTESIAN_POINT('',(7.,38.4022794416288,86.5));
#18803=CARTESIAN_POINT('Origin',(7.,33.2061270189222,89.5));
#18804=CARTESIAN_POINT('',(7.,33.2061270189222,89.5));
#18805=CARTESIAN_POINT('Origin',(7.,31.4740762113533,86.5));
#18806=CARTESIAN_POINT('',(7.,31.4740762113533,86.5));
#18807=CARTESIAN_POINT('Origin',(7.,48.7942286340599,61.5));
#18808=CARTESIAN_POINT('',(7.,48.7942286340599,61.5));
#18809=CARTESIAN_POINT('',(7.,50.5262794416288,58.5));
#18810=CARTESIAN_POINT('Origin',(7.,45.3301270189222,61.5));
#18811=CARTESIAN_POINT('',(7.,45.3301270189222,61.5));
#18812=CARTESIAN_POINT('Origin',(7.,43.5980762113533,58.5));
#18813=CARTESIAN_POINT('',(7.,43.5980762113533,58.5));
#18814=CARTESIAN_POINT('Origin',(7.,30.6080508075689,58.));
#18815=CARTESIAN_POINT('',(7.,30.6080508075689,58.));
#18816=CARTESIAN_POINT('',(7.,32.3401016151377,55.));
#18817=CARTESIAN_POINT('Origin',(7.,27.1443048454133,58.));
#18818=CARTESIAN_POINT('',(7.,27.1443048454133,58.));
#18819=CARTESIAN_POINT('Origin',(7.,25.4122540378444,55.));
#18820=CARTESIAN_POINT('',(7.,25.4122540378444,55.));
#18821=CARTESIAN_POINT('Origin',(7.,49.6602540378444,48.));
#18822=CARTESIAN_POINT('',(7.,49.6602540378444,48.));
#18823=CARTESIAN_POINT('',(7.,51.3923048454133,51.));
#18824=CARTESIAN_POINT('Origin',(7.,51.3923048454133,45.));
#18825=CARTESIAN_POINT('',(7.,51.3923048454133,45.));
#18826=CARTESIAN_POINT('Origin',(7.,54.8560508075689,45.));
#18827=CARTESIAN_POINT('',(7.,54.8560508075689,45.));
#18828=CARTESIAN_POINT('Origin',(7.,48.7942286340599,54.5));
#18829=CARTESIAN_POINT('',(7.,48.7942286340599,54.5));
#18830=CARTESIAN_POINT('',(7.,50.5262794416288,51.5));
#18831=CARTESIAN_POINT('Origin',(7.,45.3301270189222,54.5));
#18832=CARTESIAN_POINT('',(7.,45.3301270189222,54.5));
#18833=CARTESIAN_POINT('Origin',(7.,43.5980762113533,51.5));
#18834=CARTESIAN_POINT('',(7.,43.5980762113533,51.5));
#18835=CARTESIAN_POINT('Origin',(7.,36.6702286340599,61.5));
#18836=CARTESIAN_POINT('',(7.,36.6702286340599,61.5));
#18837=CARTESIAN_POINT('',(7.,38.4022794416288,58.5));
#18838=CARTESIAN_POINT('Origin',(7.,33.2061270189222,61.5));
#18839=CARTESIAN_POINT('',(7.,33.2061270189222,61.5));
#18840=CARTESIAN_POINT('Origin',(7.,31.4740762113533,58.5));
#18841=CARTESIAN_POINT('',(7.,31.4740762113533,58.5));
#18842=CARTESIAN_POINT('Origin',(7.,49.6602540378444,90.));
#18843=CARTESIAN_POINT('',(7.,49.6602540378444,90.));
#18844=CARTESIAN_POINT('',(7.,51.3923048454133,93.));
#18845=CARTESIAN_POINT('Origin',(7.,51.3923048454133,87.));
#18846=CARTESIAN_POINT('',(7.,51.3923048454133,87.));
#18847=CARTESIAN_POINT('Origin',(7.,54.8560508075689,87.));
#18848=CARTESIAN_POINT('',(7.,54.8560508075689,87.));
#18849=CARTESIAN_POINT('Origin',(7.,48.7942286340599,82.5));
#18850=CARTESIAN_POINT('',(7.,48.7942286340599,82.5));
#18851=CARTESIAN_POINT('',(7.,50.5262794416288,79.5));
#18852=CARTESIAN_POINT('Origin',(7.,45.3301270189222,82.5));
#18853=CARTESIAN_POINT('',(7.,45.3301270189222,82.5));
#18854=CARTESIAN_POINT('Origin',(7.,43.5980762113533,79.5));
#18855=CARTESIAN_POINT('',(7.,43.5980762113533,79.5));
#18856=CARTESIAN_POINT('Origin',(7.,42.7320508075689,72.));
#18857=CARTESIAN_POINT('',(7.,42.7320508075689,72.));
#18858=CARTESIAN_POINT('',(7.,44.4641016151377,69.));
#18859=CARTESIAN_POINT('Origin',(7.,39.2683048454133,72.));
#18860=CARTESIAN_POINT('',(7.,39.2683048454133,72.));
#18861=CARTESIAN_POINT('Origin',(7.,37.5362540378444,69.));
#18862=CARTESIAN_POINT('',(7.,37.5362540378444,69.));
#18863=CARTESIAN_POINT('Origin',(7.,36.6702286340599,96.5));
#18864=CARTESIAN_POINT('',(7.,36.6702286340599,96.5));
#18865=CARTESIAN_POINT('',(7.,38.4022794416288,93.5));
#18866=CARTESIAN_POINT('Origin',(7.,33.2061270189222,96.5));
#18867=CARTESIAN_POINT('',(7.,33.2061270189222,96.5));
#18868=CARTESIAN_POINT('Origin',(7.,31.4740762113533,93.5));
#18869=CARTESIAN_POINT('',(7.,31.4740762113533,93.5));
#18870=CARTESIAN_POINT('Origin',(7.,33.2061270189222,62.5));
#18871=CARTESIAN_POINT('',(7.,33.2061270189222,62.5));
#18872=CARTESIAN_POINT('',(7.,31.4740762113533,65.5));
#18873=CARTESIAN_POINT('Origin',(7.,36.6702286340599,62.5));
#18874=CARTESIAN_POINT('',(7.,36.6702286340599,62.5));
#18875=CARTESIAN_POINT('Origin',(7.,38.4022794416288,65.5));
#18876=CARTESIAN_POINT('',(7.,38.4022794416288,65.5));
#18877=CARTESIAN_POINT('Origin',(7.,30.6080508075689,65.));
#18878=CARTESIAN_POINT('',(7.,30.6080508075689,65.));
#18879=CARTESIAN_POINT('',(7.,32.3401016151377,62.));
#18880=CARTESIAN_POINT('Origin',(7.,27.1443048454133,65.));
#18881=CARTESIAN_POINT('',(7.,27.1443048454133,65.));
#18882=CARTESIAN_POINT('Origin',(7.,25.4122540378444,62.));
#18883=CARTESIAN_POINT('',(7.,25.4122540378444,62.));
#18884=CARTESIAN_POINT('Origin',(7.,50.5262794416288,65.5));
#18885=CARTESIAN_POINT('',(7.,50.5262794416288,65.5));
#18886=CARTESIAN_POINT('',(7.,48.7942286340599,62.5));
#18887=CARTESIAN_POINT('Origin',(7.,48.7942286340599,68.5));
#18888=CARTESIAN_POINT('',(7.,48.7942286340599,68.5));
#18889=CARTESIAN_POINT('Origin',(7.,45.3301270189222,68.5));
#18890=CARTESIAN_POINT('',(7.,45.3301270189222,68.5));
#18891=CARTESIAN_POINT('Origin',(7.,36.6702286340599,82.5));
#18892=CARTESIAN_POINT('',(7.,36.6702286340599,82.5));
#18893=CARTESIAN_POINT('',(7.,38.4022794416288,79.5));
#18894=CARTESIAN_POINT('Origin',(7.,33.2061270189222,82.5));
#18895=CARTESIAN_POINT('',(7.,33.2061270189222,82.5));
#18896=CARTESIAN_POINT('Origin',(7.,31.4740762113533,79.5));
#18897=CARTESIAN_POINT('',(7.,31.4740762113533,79.5));
#18898=CARTESIAN_POINT('Origin',(7.,42.7320508075689,87.));
#18899=CARTESIAN_POINT('',(7.,42.7320508075689,87.));
#18900=CARTESIAN_POINT('',(7.,39.2683048454133,87.));
#18901=CARTESIAN_POINT('Origin',(7.,44.4641016151377,90.));
#18902=CARTESIAN_POINT('',(7.,44.4641016151377,90.));
#18903=CARTESIAN_POINT('Origin',(7.,42.7320508075689,93.));
#18904=CARTESIAN_POINT('',(7.,42.7320508075689,93.));
#18905=CARTESIAN_POINT('Origin',(7.,49.6602540378444,62.));
#18906=CARTESIAN_POINT('',(7.,49.6602540378444,62.));
#18907=CARTESIAN_POINT('',(7.,51.3923048454133,65.));
#18908=CARTESIAN_POINT('Origin',(7.,51.3923048454133,59.));
#18909=CARTESIAN_POINT('',(7.,51.3923048454133,59.));
#18910=CARTESIAN_POINT('Origin',(7.,54.8560508075689,59.));
#18911=CARTESIAN_POINT('',(7.,54.8560508075689,59.));
#18912=CARTESIAN_POINT('Origin',(7.,30.6080508075689,79.));
#18913=CARTESIAN_POINT('',(7.,30.6080508075689,79.));
#18914=CARTESIAN_POINT('',(7.,32.3401016151377,76.));
#18915=CARTESIAN_POINT('Origin',(7.,27.1443048454133,79.));
#18916=CARTESIAN_POINT('',(7.,27.1443048454133,79.));
#18917=CARTESIAN_POINT('Origin',(7.,25.4122540378444,76.));
#18918=CARTESIAN_POINT('',(7.,25.4122540378444,76.));
#18919=CARTESIAN_POINT('Origin',(7.,30.6080508075689,51.));
#18920=CARTESIAN_POINT('',(7.,30.6080508075689,51.));
#18921=CARTESIAN_POINT('',(7.,32.3401016151377,48.));
#18922=CARTESIAN_POINT('Origin',(7.,27.1443048454133,51.));
#18923=CARTESIAN_POINT('',(7.,27.1443048454133,51.));
#18924=CARTESIAN_POINT('Origin',(7.,25.4122540378444,48.));
#18925=CARTESIAN_POINT('',(7.,25.4122540378444,48.));
#18926=CARTESIAN_POINT('Origin',(7.,42.7320508075689,59.));
#18927=CARTESIAN_POINT('',(7.,42.7320508075689,59.));
#18928=CARTESIAN_POINT('',(7.,39.2683048454133,59.));
#18929=CARTESIAN_POINT('Origin',(7.,44.4641016151377,62.));
#18930=CARTESIAN_POINT('',(7.,44.4641016151377,62.));
#18931=CARTESIAN_POINT('Origin',(7.,42.7320508075689,65.));
#18932=CARTESIAN_POINT('',(7.,42.7320508075689,65.));
#18933=CARTESIAN_POINT('Origin',(7.,48.7942286340599,75.5));
#18934=CARTESIAN_POINT('',(7.,48.7942286340599,75.5));
#18935=CARTESIAN_POINT('',(7.,50.5262794416288,72.5));
#18936=CARTESIAN_POINT('Origin',(7.,45.3301270189222,75.5));
#18937=CARTESIAN_POINT('',(7.,45.3301270189222,75.5));
#18938=CARTESIAN_POINT('Origin',(7.,43.5980762113533,72.5));
#18939=CARTESIAN_POINT('',(7.,43.5980762113533,72.5));
#18940=CARTESIAN_POINT('Origin',(7.,42.7320508075689,52.));
#18941=CARTESIAN_POINT('',(7.,42.7320508075689,52.));
#18942=CARTESIAN_POINT('',(7.,39.2683048454133,52.));
#18943=CARTESIAN_POINT('Origin',(7.,44.4641016151377,55.));
#18944=CARTESIAN_POINT('',(7.,44.4641016151377,55.));
#18945=CARTESIAN_POINT('Origin',(7.,42.7320508075689,58.));
#18946=CARTESIAN_POINT('',(7.,42.7320508075689,58.));
#18947=CARTESIAN_POINT('Origin',(7.,30.6080508075689,86.));
#18948=CARTESIAN_POINT('',(7.,30.6080508075689,86.));
#18949=CARTESIAN_POINT('',(7.,32.3401016151377,83.));
#18950=CARTESIAN_POINT('Origin',(7.,27.1443048454133,86.));
#18951=CARTESIAN_POINT('',(7.,27.1443048454133,86.));
#18952=CARTESIAN_POINT('Origin',(7.,25.4122540378444,83.));
#18953=CARTESIAN_POINT('',(7.,25.4122540378444,83.));
#18954=CARTESIAN_POINT('Origin',(7.,36.6702286340599,47.5));
#18955=CARTESIAN_POINT('',(7.,36.6702286340599,47.5));
#18956=CARTESIAN_POINT('',(7.,38.4022794416288,44.5));
#18957=CARTESIAN_POINT('Origin',(7.,33.2061270189222,47.5));
#18958=CARTESIAN_POINT('',(7.,33.2061270189222,47.5));
#18959=CARTESIAN_POINT('Origin',(7.,31.4740762113533,44.5));
#18960=CARTESIAN_POINT('',(7.,31.4740762113533,44.5));
#18961=CARTESIAN_POINT('Origin',(7.,48.7942286340599,96.5));
#18962=CARTESIAN_POINT('',(7.,48.7942286340599,96.5));
#18963=CARTESIAN_POINT('',(7.,50.5262794416288,93.5));
#18964=CARTESIAN_POINT('Origin',(7.,45.3301270189222,96.5));
#18965=CARTESIAN_POINT('',(7.,45.3301270189222,96.5));
#18966=CARTESIAN_POINT('Origin',(7.,43.5980762113533,93.5));
#18967=CARTESIAN_POINT('',(7.,43.5980762113533,93.5));
#18968=CARTESIAN_POINT('Origin',(7.,36.6702286340599,54.5));
#18969=CARTESIAN_POINT('',(7.,36.6702286340599,54.5));
#18970=CARTESIAN_POINT('',(7.,38.4022794416288,51.5));
#18971=CARTESIAN_POINT('Origin',(7.,33.2061270189222,54.5));
#18972=CARTESIAN_POINT('',(7.,33.2061270189222,54.5));
#18973=CARTESIAN_POINT('Origin',(7.,31.4740762113533,51.5));
#18974=CARTESIAN_POINT('',(7.,31.4740762113533,51.5));
#18975=CARTESIAN_POINT('Origin',(7.,51.3923048454133,72.));
#18976=CARTESIAN_POINT('',(7.,51.3923048454133,72.));
#18977=CARTESIAN_POINT('',(7.,54.8560508075689,72.));
#18978=CARTESIAN_POINT('Origin',(7.,49.6602540378444,69.));
#18979=CARTESIAN_POINT('',(7.,49.6602540378444,69.));
#18980=CARTESIAN_POINT('Origin',(7.,51.3923048454133,66.));
#18981=CARTESIAN_POINT('',(7.,51.3923048454133,66.));
#18982=CARTESIAN_POINT('Origin',(7.,30.6080508075689,93.));
#18983=CARTESIAN_POINT('',(7.,30.6080508075689,93.));
#18984=CARTESIAN_POINT('',(7.,32.3401016151377,90.));
#18985=CARTESIAN_POINT('Origin',(7.,27.1443048454133,93.));
#18986=CARTESIAN_POINT('',(7.,27.1443048454133,93.));
#18987=CARTESIAN_POINT('Origin',(7.,25.4122540378444,90.));
#18988=CARTESIAN_POINT('',(7.,25.4122540378444,90.));
#18989=CARTESIAN_POINT('Origin',(7.,49.6602540378444,83.));
#18990=CARTESIAN_POINT('',(7.,49.6602540378444,83.));
#18991=CARTESIAN_POINT('',(7.,51.3923048454133,86.));
#18992=CARTESIAN_POINT('Origin',(7.,51.3923048454133,80.));
#18993=CARTESIAN_POINT('',(7.,51.3923048454133,80.));
#18994=CARTESIAN_POINT('Origin',(7.,54.8560508075689,80.));
#18995=CARTESIAN_POINT('',(7.,54.8560508075689,80.));
#18996=CARTESIAN_POINT('Origin',(7.,42.7320508075689,80.));
#18997=CARTESIAN_POINT('',(7.,42.7320508075689,80.));
#18998=CARTESIAN_POINT('',(7.,39.2683048454133,80.));
#18999=CARTESIAN_POINT('Origin',(7.,44.4641016151377,83.));
#19000=CARTESIAN_POINT('',(7.,44.4641016151377,83.));
#19001=CARTESIAN_POINT('Origin',(7.,42.7320508075689,86.));
#19002=CARTESIAN_POINT('',(7.,42.7320508075689,86.));
#19003=CARTESIAN_POINT('Origin',(7.,49.6602540378444,55.));
#19004=CARTESIAN_POINT('',(7.,49.6602540378444,55.));
#19005=CARTESIAN_POINT('',(7.,51.3923048454133,58.));
#19006=CARTESIAN_POINT('Origin',(7.,51.3923048454133,52.));
#19007=CARTESIAN_POINT('',(7.,51.3923048454133,52.));
#19008=CARTESIAN_POINT('Origin',(7.,54.8560508075689,52.));
#19009=CARTESIAN_POINT('',(7.,54.8560508075689,52.));
#19010=CARTESIAN_POINT('Origin',(7.,30.6080508075689,72.));
#19011=CARTESIAN_POINT('',(7.,30.6080508075689,72.));
#19012=CARTESIAN_POINT('',(7.,32.3401016151377,69.));
#19013=CARTESIAN_POINT('Origin',(7.,27.1443048454133,72.));
#19014=CARTESIAN_POINT('',(7.,27.1443048454133,72.));
#19015=CARTESIAN_POINT('Origin',(7.,25.4122540378444,69.));
#19016=CARTESIAN_POINT('',(7.,25.4122540378444,69.));
#19017=CARTESIAN_POINT('Origin',(7.,20.,38.6257010229837));
#19018=CARTESIAN_POINT('',(7.,21.0821270189222,40.5));
#19019=CARTESIAN_POINT('Origin',(7.,21.0821270189222,41.5));
#19020=CARTESIAN_POINT('',(7.,21.0821270189222,41.5));
#19021=CARTESIAN_POINT('Origin',(7.,24.5462286340599,41.5));
#19022=CARTESIAN_POINT('',(7.,24.5462286340599,41.5));
#19023=CARTESIAN_POINT('Origin',(7.,26.2782794416288,44.5));
#19024=CARTESIAN_POINT('',(7.,26.2782794416288,44.5));
#19025=CARTESIAN_POINT('Origin',(7.,24.5462286340599,40.5));
#19026=CARTESIAN_POINT('',(7.,24.5462286340599,40.5));
#19027=CARTESIAN_POINT('Origin',(7.,24.5462286340599,47.5));
#19028=CARTESIAN_POINT('',(7.,24.5462286340599,47.5));
#19029=CARTESIAN_POINT('Origin',(7.,27.1443048454133,38.));
#19030=CARTESIAN_POINT('',(7.,25.4122540378444,41.));
#19031=CARTESIAN_POINT('Origin',(7.,21.0821270189222,47.5));
#19032=CARTESIAN_POINT('',(7.,21.0821270189222,47.5));
#19033=CARTESIAN_POINT('Origin',(7.,20.,45.6257010229837));
#19034=CARTESIAN_POINT('Origin',(7.,21.0821270189222,48.5));
#19035=CARTESIAN_POINT('',(7.,21.0821270189222,48.5));
#19036=CARTESIAN_POINT('Origin',(7.,24.5462286340599,48.5));
#19037=CARTESIAN_POINT('',(7.,24.5462286340599,48.5));
#19038=CARTESIAN_POINT('Origin',(7.,32.3401016151377,41.));
#19039=CARTESIAN_POINT('',(7.,32.3401016151377,41.));
#19040=CARTESIAN_POINT('Origin',(7.,26.2782794416288,51.5));
#19041=CARTESIAN_POINT('',(7.,26.2782794416288,51.5));
#19042=CARTESIAN_POINT('Origin',(7.,31.7627513459481,38.));
#19043=CARTESIAN_POINT('',(7.,33.2061270189222,40.5));
#19044=CARTESIAN_POINT('Origin',(7.,24.5462286340599,54.5));
#19045=CARTESIAN_POINT('',(7.,24.5462286340599,54.5));
#19046=CARTESIAN_POINT('Origin',(7.,21.0821270189222,54.5));
#19047=CARTESIAN_POINT('',(7.,21.0821270189222,54.5));
#19048=CARTESIAN_POINT('Origin',(7.,20.,52.6257010229837));
#19049=CARTESIAN_POINT('Origin',(7.,36.6702286340599,40.5));
#19050=CARTESIAN_POINT('',(7.,36.6702286340599,40.5));
#19051=CARTESIAN_POINT('Origin',(7.,39.2683048454133,38.));
#19052=CARTESIAN_POINT('',(7.,37.5362540378444,41.));
#19053=CARTESIAN_POINT('Origin',(7.,21.0821270189222,55.5));
#19054=CARTESIAN_POINT('',(7.,21.0821270189222,55.5));
#19055=CARTESIAN_POINT('Origin',(7.,24.5462286340599,55.5));
#19056=CARTESIAN_POINT('',(7.,24.5462286340599,55.5));
#19057=CARTESIAN_POINT('Origin',(7.,26.2782794416288,58.5));
#19058=CARTESIAN_POINT('',(7.,26.2782794416288,58.5));
#19059=CARTESIAN_POINT('Origin',(7.,24.5462286340599,61.5));
#19060=CARTESIAN_POINT('',(7.,24.5462286340599,61.5));
#19061=CARTESIAN_POINT('Origin',(7.,21.0821270189222,61.5));
#19062=CARTESIAN_POINT('',(7.,21.0821270189222,61.5));
#19063=CARTESIAN_POINT('Origin',(7.,44.4641016151377,41.));
#19064=CARTESIAN_POINT('',(7.,44.4641016151377,41.));
#19065=CARTESIAN_POINT('Origin',(7.,20.,59.6257010229837));
#19066=CARTESIAN_POINT('Origin',(7.,43.8867513459481,38.));
#19067=CARTESIAN_POINT('',(7.,45.3301270189222,40.5));
#19068=CARTESIAN_POINT('Origin',(7.,21.0821270189222,62.5));
#19069=CARTESIAN_POINT('',(7.,21.0821270189222,62.5));
#19070=CARTESIAN_POINT('Origin',(7.,24.5462286340599,62.5));
#19071=CARTESIAN_POINT('',(7.,24.5462286340599,62.5));
#19072=CARTESIAN_POINT('Origin',(7.,48.7942286340599,40.5));
#19073=CARTESIAN_POINT('',(7.,48.7942286340599,40.5));
#19074=CARTESIAN_POINT('Origin',(7.,26.2782794416288,65.5));
#19075=CARTESIAN_POINT('',(7.,26.2782794416288,65.5));
#19076=CARTESIAN_POINT('Origin',(7.,51.3923048454133,38.));
#19077=CARTESIAN_POINT('',(7.,49.6602540378444,41.));
#19078=CARTESIAN_POINT('Origin',(7.,24.5462286340599,68.5));
#19079=CARTESIAN_POINT('',(7.,24.5462286340599,68.5));
#19080=CARTESIAN_POINT('Origin',(7.,21.0821270189222,68.5));
#19081=CARTESIAN_POINT('',(7.,21.0821270189222,68.5));
#19082=CARTESIAN_POINT('Origin',(7.,20.,66.6257010229837));
#19083=CARTESIAN_POINT('Origin',(7.,21.0821270189222,69.5));
#19084=CARTESIAN_POINT('',(7.,21.0821270189222,69.5));
#19085=CARTESIAN_POINT('Origin',(7.,56.5881016151377,41.));
#19086=CARTESIAN_POINT('',(7.,56.5881016151377,41.));
#19087=CARTESIAN_POINT('Origin',(7.,24.5462286340599,69.5));
#19088=CARTESIAN_POINT('',(7.,24.5462286340599,69.5));
#19089=CARTESIAN_POINT('Origin',(7.,56.0107513459481,38.));
#19090=CARTESIAN_POINT('',(7.,57.4541270189222,40.5));
#19091=CARTESIAN_POINT('Origin',(7.,26.2782794416288,72.5));
#19092=CARTESIAN_POINT('',(7.,26.2782794416288,72.5));
#19093=CARTESIAN_POINT('Origin',(7.,24.5462286340599,75.5));
#19094=CARTESIAN_POINT('',(7.,24.5462286340599,75.5));
#19095=CARTESIAN_POINT('Origin',(7.,21.0821270189222,75.5));
#19096=CARTESIAN_POINT('',(7.,21.0821270189222,75.5));
#19097=CARTESIAN_POINT('Origin',(7.,60.9182286340599,40.5));
#19098=CARTESIAN_POINT('',(7.,60.9182286340599,40.5));
#19099=CARTESIAN_POINT('Origin',(7.,20.,73.6257010229837));
#19100=CARTESIAN_POINT('Origin',(7.,21.0821270189222,76.5));
#19101=CARTESIAN_POINT('',(7.,21.0821270189222,76.5));
#19102=CARTESIAN_POINT('Origin',(7.,24.5462286340599,76.5));
#19103=CARTESIAN_POINT('',(7.,24.5462286340599,76.5));
#19104=CARTESIAN_POINT('Origin',(7.,26.2782794416288,79.5));
#19105=CARTESIAN_POINT('',(7.,26.2782794416288,79.5));
#19106=CARTESIAN_POINT('Origin',(7.,24.5462286340599,82.5));
#19107=CARTESIAN_POINT('',(7.,24.5462286340599,82.5));
#19108=CARTESIAN_POINT('Origin',(7.,21.0821270189222,82.5));
#19109=CARTESIAN_POINT('',(7.,21.0821270189222,82.5));
#19110=CARTESIAN_POINT('Origin',(7.,20.,80.6257010229837));
#19111=CARTESIAN_POINT('Origin',(7.,21.0821270189222,83.5));
#19112=CARTESIAN_POINT('',(7.,21.0821270189222,83.5));
#19113=CARTESIAN_POINT('Origin',(7.,24.5462286340599,83.5));
#19114=CARTESIAN_POINT('',(7.,24.5462286340599,83.5));
#19115=CARTESIAN_POINT('Origin',(7.,26.2782794416288,86.5));
#19116=CARTESIAN_POINT('',(7.,26.2782794416288,86.5));
#19117=CARTESIAN_POINT('Origin',(7.,24.5462286340599,89.5));
#19118=CARTESIAN_POINT('',(7.,24.5462286340599,89.5));
#19119=CARTESIAN_POINT('Origin',(7.,21.0821270189222,89.5));
#19120=CARTESIAN_POINT('',(7.,21.0821270189222,89.5));
#19121=CARTESIAN_POINT('Origin',(7.,20.,87.6257010229837));
#19122=CARTESIAN_POINT('Origin',(7.,21.0821270189222,90.5));
#19123=CARTESIAN_POINT('',(7.,21.0821270189222,90.5));
#19124=CARTESIAN_POINT('Origin',(7.,24.5462286340599,90.5));
#19125=CARTESIAN_POINT('',(7.,24.5462286340599,90.5));
#19126=CARTESIAN_POINT('Origin',(7.,26.2782794416288,93.5));
#19127=CARTESIAN_POINT('',(7.,26.2782794416288,93.5));
#19128=CARTESIAN_POINT('Origin',(7.,24.5462286340599,96.5));
#19129=CARTESIAN_POINT('',(7.,24.5462286340599,96.5));
#19130=CARTESIAN_POINT('Origin',(7.,21.0821270189222,96.5));
#19131=CARTESIAN_POINT('',(7.,21.0821270189222,96.5));
#19132=CARTESIAN_POINT('Origin',(7.,20.,94.6257010229837));
#19133=CARTESIAN_POINT('Origin',(7.,21.0821270189222,97.5));
#19134=CARTESIAN_POINT('',(7.,21.0821270189222,97.5));
#19135=CARTESIAN_POINT('Origin',(7.,24.5462286340599,97.5));
#19136=CARTESIAN_POINT('',(7.,24.5462286340599,97.5));
#19137=CARTESIAN_POINT('Origin',(7.,25.989604307034,100.));
#19138=CARTESIAN_POINT('Origin',(7.,25.4122540378444,97.));
#19139=CARTESIAN_POINT('',(7.,25.4122540378444,97.));
#19140=CARTESIAN_POINT('Origin',(7.,27.1443048454133,94.));
#19141=CARTESIAN_POINT('',(7.,27.1443048454133,94.));
#19142=CARTESIAN_POINT('Origin',(7.,30.6080508075689,94.));
#19143=CARTESIAN_POINT('',(7.,30.6080508075689,94.));
#19144=CARTESIAN_POINT('Origin',(7.,32.3401016151377,97.));
#19145=CARTESIAN_POINT('',(7.,32.3401016151377,97.));
#19146=CARTESIAN_POINT('Origin',(7.,30.6080508075689,100.));
#19147=CARTESIAN_POINT('Origin',(7.,33.2061270189222,97.5));
#19148=CARTESIAN_POINT('',(7.,33.2061270189222,97.5));
#19149=CARTESIAN_POINT('Origin',(7.,36.6702286340599,97.5));
#19150=CARTESIAN_POINT('',(7.,36.6702286340599,97.5));
#19151=CARTESIAN_POINT('Origin',(7.,38.113604307034,100.));
#19152=CARTESIAN_POINT('Origin',(7.,37.5362540378444,97.));
#19153=CARTESIAN_POINT('',(7.,37.5362540378444,97.));
#19154=CARTESIAN_POINT('Origin',(7.,39.2683048454133,94.));
#19155=CARTESIAN_POINT('',(7.,39.2683048454133,94.));
#19156=CARTESIAN_POINT('Origin',(7.,42.7320508075689,94.));
#19157=CARTESIAN_POINT('',(7.,42.7320508075689,94.));
#19158=CARTESIAN_POINT('Origin',(7.,44.4641016151377,97.));
#19159=CARTESIAN_POINT('',(7.,44.4641016151377,97.));
#19160=CARTESIAN_POINT('Origin',(7.,42.7320508075689,100.));
#19161=CARTESIAN_POINT('Origin',(7.,45.3301270189222,97.5));
#19162=CARTESIAN_POINT('',(7.,45.3301270189222,97.5));
#19163=CARTESIAN_POINT('Origin',(7.,48.7942286340599,97.5));
#19164=CARTESIAN_POINT('',(7.,48.7942286340599,97.5));
#19165=CARTESIAN_POINT('Origin',(7.,50.237604307034,100.));
#19166=CARTESIAN_POINT('Origin',(7.,49.6602540378444,97.));
#19167=CARTESIAN_POINT('',(7.,49.6602540378444,97.));
#19168=CARTESIAN_POINT('Origin',(7.,51.3923048454133,94.));
#19169=CARTESIAN_POINT('',(7.,51.3923048454133,94.));
#19170=CARTESIAN_POINT('Origin',(7.,54.8560508075689,94.));
#19171=CARTESIAN_POINT('',(7.,54.8560508075689,94.));
#19172=CARTESIAN_POINT('Origin',(7.,56.5881016151377,97.));
#19173=CARTESIAN_POINT('',(7.,56.5881016151377,97.));
#19174=CARTESIAN_POINT('Origin',(7.,54.8560508075689,100.));
#19175=CARTESIAN_POINT('Origin',(7.,57.4541270189222,97.5));
#19176=CARTESIAN_POINT('',(7.,57.4541270189222,97.5));
#19177=CARTESIAN_POINT('Origin',(7.,60.9182286340599,97.5));
#19178=CARTESIAN_POINT('',(7.,60.9182286340599,97.5));
#19179=CARTESIAN_POINT('Origin',(7.,62.,99.3736829679814));
#19180=CARTESIAN_POINT('Origin',(0.5,51.,33.5));
#19181=CARTESIAN_POINT('',(0.5,59.,33.));
#19182=CARTESIAN_POINT('Origin',(0.5,59.,33.5));
#19183=CARTESIAN_POINT('',(0.5,23.,33.));
#19184=CARTESIAN_POINT('',(0.5,51.,33.));
#19185=CARTESIAN_POINT('Origin',(0.5,23.,33.5));
#19186=CARTESIAN_POINT('Origin',(0.5,23.,30.));
#19187=CARTESIAN_POINT('Origin',(0.5,23.,30.));
#19188=CARTESIAN_POINT('Origin',(0.5,23.,8.));
#19189=CARTESIAN_POINT('',(0.5,23.,5.));
#19190=CARTESIAN_POINT('Origin',(0.5,23.,4.5));
#19191=CARTESIAN_POINT('Origin',(0.5,23.,8.));
#19192=CARTESIAN_POINT('Origin',(0.5,72.,4.5));
#19193=CARTESIAN_POINT('',(0.5,59.,5.));
#19194=CARTESIAN_POINT('Origin',(0.5,59.,4.5));
#19195=CARTESIAN_POINT('',(0.5,72.,5.));
#19196=CARTESIAN_POINT('Origin',(0.5,59.,8.));
#19197=CARTESIAN_POINT('Origin',(0.5,59.,8.));
#19198=CARTESIAN_POINT('Origin',(0.5,59.,30.));
#19199=CARTESIAN_POINT('Origin',(0.5,59.,30.));
#19200=CARTESIAN_POINT('Origin',(7.,23.,8.));
#19201=CARTESIAN_POINT('',(6.5,23.,5.));
#19202=CARTESIAN_POINT('Origin',(6.5,23.,8.));
#19203=CARTESIAN_POINT('',(7.,23.,5.));
#19204=CARTESIAN_POINT('Origin',(7.,23.,30.));
#19205=CARTESIAN_POINT('',(6.5,23.,33.));
#19206=CARTESIAN_POINT('',(7.,23.,33.));
#19207=CARTESIAN_POINT('Origin',(6.5,23.,30.));
#19208=CARTESIAN_POINT('Origin',(7.,20.,33.));
#19209=CARTESIAN_POINT('',(6.5,59.,33.));
#19210=CARTESIAN_POINT('',(7.,59.,33.));
#19211=CARTESIAN_POINT('',(6.5,10.,33.));
#19212=CARTESIAN_POINT('Origin',(6.5,59.,8.));
#19213=CARTESIAN_POINT('',(6.5,59.,5.));
#19214=CARTESIAN_POINT('Origin',(6.5,59.,4.5));
#19215=CARTESIAN_POINT('Origin',(6.5,59.,8.));
#19216=CARTESIAN_POINT('Origin',(6.5,31.,4.5));
#19217=CARTESIAN_POINT('Origin',(6.5,23.,4.5));
#19218=CARTESIAN_POINT('',(6.5,31.,5.));
#19219=CARTESIAN_POINT('Origin',(6.5,23.,8.));
#19220=CARTESIAN_POINT('Origin',(6.5,23.,30.));
#19221=CARTESIAN_POINT('Origin',(6.5,23.,33.5));
#19222=CARTESIAN_POINT('Origin',(6.5,10.,33.5));
#19223=CARTESIAN_POINT('Origin',(6.5,59.,33.5));
#19224=CARTESIAN_POINT('Origin',(6.5,59.,30.));
#19225=CARTESIAN_POINT('Origin',(6.5,59.,30.));
#19226=CARTESIAN_POINT('Origin',(7.,62.,5.));
#19227=CARTESIAN_POINT('',(7.,59.,5.));
#19228=CARTESIAN_POINT('Origin',(7.,59.,8.));
#19229=CARTESIAN_POINT('Origin',(6.5,12.994802153517,37.5));
#19230=CARTESIAN_POINT('Origin',(6.5,62.5,37.5));
#19231=CARTESIAN_POINT('Origin',(6.5,19.5,37.5));
#19232=CARTESIAN_POINT('Origin',(6.5,62.5,19.3131585160093));
#19233=CARTESIAN_POINT('Origin',(6.5,62.5,100.5));
#19234=CARTESIAN_POINT('Origin',(6.5,28.0053756729741,100.5));
#19235=CARTESIAN_POINT('Origin',(6.5,19.5,100.5));
#19236=CARTESIAN_POINT('Origin',(6.5,19.5,49.6871494885081));
#19237=CARTESIAN_POINT('Origin',(7.,59.,30.));
#19238=CARTESIAN_POINT('Origin',(7.,57.4541270189222,40.5));
#19239=CARTESIAN_POINT('Origin',(7.,56.5881016151377,55.));
#19240=CARTESIAN_POINT('',(7.,56.5881016151377,55.));
#19241=CARTESIAN_POINT('Origin',(7.,54.8560508075689,58.));
#19242=CARTESIAN_POINT('',(7.,54.8560508075689,58.));
#19243=CARTESIAN_POINT('Origin',(7.,51.3923048454133,58.));
#19244=CARTESIAN_POINT('Origin',(7.,39.2683048454133,51.));
#19245=CARTESIAN_POINT('',(7.,39.2683048454133,51.));
#19246=CARTESIAN_POINT('Origin',(7.,37.5362540378444,48.));
#19247=CARTESIAN_POINT('',(7.,37.5362540378444,48.));
#19248=CARTESIAN_POINT('Origin',(7.,39.2683048454133,45.));
#19249=CARTESIAN_POINT('Origin',(7.,21.0821270189222,40.5));
#19250=CARTESIAN_POINT('Origin',(7.,33.2061270189222,55.5));
#19251=CARTESIAN_POINT('',(7.,33.2061270189222,55.5));
#19252=CARTESIAN_POINT('Origin',(7.,36.6702286340599,55.5));
#19253=CARTESIAN_POINT('',(7.,36.6702286340599,55.5));
#19254=CARTESIAN_POINT('Origin',(7.,38.4022794416288,58.5));
#19255=CARTESIAN_POINT('Origin',(7.,43.5980762113533,65.5));
#19256=CARTESIAN_POINT('',(7.,43.5980762113533,65.5));
#19257=CARTESIAN_POINT('Origin',(7.,45.3301270189222,62.5));
#19258=CARTESIAN_POINT('',(7.,45.3301270189222,62.5));
#19259=CARTESIAN_POINT('Origin',(7.,48.7942286340599,62.5));
#19260=CARTESIAN_POINT('Origin',(7.,60.9182286340599,69.5));
#19261=CARTESIAN_POINT('',(7.,60.9182286340599,69.5));
#19262=CARTESIAN_POINT('',(7.,57.4541270189222,69.5));
#19263=CARTESIAN_POINT('Origin',(7.,62.,71.3736829679814));
#19264=CARTESIAN_POINT('Origin',(7.,60.9182286340599,75.5));
#19265=CARTESIAN_POINT('',(7.,60.9182286340599,75.5));
#19266=CARTESIAN_POINT('Origin',(7.,57.4541270189222,75.5));
#19267=CARTESIAN_POINT('',(7.,57.4541270189222,75.5));
#19268=CARTESIAN_POINT('Origin',(7.,55.7220762113533,72.5));
#19269=CARTESIAN_POINT('',(7.,55.7220762113533,72.5));
#19270=CARTESIAN_POINT('Origin',(7.,57.4541270189222,69.5));
#19271=CARTESIAN_POINT('Origin',(7.,39.2683048454133,66.));
#19272=CARTESIAN_POINT('',(7.,39.2683048454133,66.));
#19273=CARTESIAN_POINT('Origin',(7.,42.7320508075689,66.));
#19274=CARTESIAN_POINT('',(7.,42.7320508075689,66.));
#19275=CARTESIAN_POINT('Origin',(7.,44.4641016151377,69.));
#19276=CARTESIAN_POINT('Origin',(7.,33.2061270189222,76.5));
#19277=CARTESIAN_POINT('',(7.,33.2061270189222,76.5));
#19278=CARTESIAN_POINT('Origin',(7.,36.6702286340599,76.5));
#19279=CARTESIAN_POINT('',(7.,36.6702286340599,76.5));
#19280=CARTESIAN_POINT('Origin',(7.,38.4022794416288,79.5));
#19281=CARTESIAN_POINT('Origin',(7.,27.1443048454133,80.));
#19282=CARTESIAN_POINT('',(7.,27.1443048454133,80.));
#19283=CARTESIAN_POINT('Origin',(7.,30.6080508075689,80.));
#19284=CARTESIAN_POINT('',(7.,30.6080508075689,80.));
#19285=CARTESIAN_POINT('Origin',(7.,32.3401016151377,83.));
#19286=CARTESIAN_POINT('Origin',(7.,39.2683048454133,86.));
#19287=CARTESIAN_POINT('',(7.,39.2683048454133,86.));
#19288=CARTESIAN_POINT('Origin',(7.,37.5362540378444,83.));
#19289=CARTESIAN_POINT('',(7.,37.5362540378444,83.));
#19290=CARTESIAN_POINT('Origin',(7.,39.2683048454133,80.));
#19291=CARTESIAN_POINT('Origin',(7.,56.5881016151377,90.));
#19292=CARTESIAN_POINT('',(7.,56.5881016151377,90.));
#19293=CARTESIAN_POINT('Origin',(7.,54.8560508075689,93.));
#19294=CARTESIAN_POINT('',(7.,54.8560508075689,93.));
#19295=CARTESIAN_POINT('Origin',(7.,51.3923048454133,93.));
#19296=CARTESIAN_POINT('Origin',(7.,33.2061270189222,90.5));
#19297=CARTESIAN_POINT('',(7.,33.2061270189222,90.5));
#19298=CARTESIAN_POINT('Origin',(7.,36.6702286340599,90.5));
#19299=CARTESIAN_POINT('',(7.,36.6702286340599,90.5));
#19300=CARTESIAN_POINT('Origin',(7.,38.4022794416288,93.5));
#19301=CARTESIAN_POINT('Origin',(7.,45.3301270189222,90.5));
#19302=CARTESIAN_POINT('',(7.,45.3301270189222,90.5));
#19303=CARTESIAN_POINT('Origin',(7.,48.7942286340599,90.5));
#19304=CARTESIAN_POINT('',(7.,48.7942286340599,90.5));
#19305=CARTESIAN_POINT('Origin',(7.,50.5262794416288,93.5));
#19306=CARTESIAN_POINT('Origin',(7.,60.9182286340599,83.5));
#19307=CARTESIAN_POINT('',(7.,60.9182286340599,83.5));
#19308=CARTESIAN_POINT('',(7.,57.4541270189222,83.5));
#19309=CARTESIAN_POINT('Origin',(7.,62.,85.3736829679814));
#19310=CARTESIAN_POINT('Origin',(7.,60.9182286340599,89.5));
#19311=CARTESIAN_POINT('',(7.,60.9182286340599,89.5));
#19312=CARTESIAN_POINT('Origin',(7.,57.4541270189222,89.5));
#19313=CARTESIAN_POINT('',(7.,57.4541270189222,89.5));
#19314=CARTESIAN_POINT('Origin',(7.,55.7220762113533,86.5));
#19315=CARTESIAN_POINT('',(7.,55.7220762113533,86.5));
#19316=CARTESIAN_POINT('Origin',(7.,57.4541270189222,83.5));
#19317=CARTESIAN_POINT('Origin',(7.,45.3301270189222,76.5));
#19318=CARTESIAN_POINT('',(7.,45.3301270189222,76.5));
#19319=CARTESIAN_POINT('Origin',(7.,48.7942286340599,76.5));
#19320=CARTESIAN_POINT('',(7.,48.7942286340599,76.5));
#19321=CARTESIAN_POINT('Origin',(7.,50.5262794416288,79.5));
#19322=CARTESIAN_POINT('Origin',(7.,27.1443048454133,87.));
#19323=CARTESIAN_POINT('',(7.,27.1443048454133,87.));
#19324=CARTESIAN_POINT('Origin',(7.,30.6080508075689,87.));
#19325=CARTESIAN_POINT('',(7.,30.6080508075689,87.));
#19326=CARTESIAN_POINT('Origin',(7.,32.3401016151377,90.));
#19327=CARTESIAN_POINT('Origin',(7.,27.1443048454133,73.));
#19328=CARTESIAN_POINT('',(7.,27.1443048454133,73.));
#19329=CARTESIAN_POINT('Origin',(7.,30.6080508075689,73.));
#19330=CARTESIAN_POINT('',(7.,30.6080508075689,73.));
#19331=CARTESIAN_POINT('Origin',(7.,32.3401016151377,76.));
#19332=CARTESIAN_POINT('Origin',(7.,27.1443048454133,66.));
#19333=CARTESIAN_POINT('',(7.,27.1443048454133,66.));
#19334=CARTESIAN_POINT('Origin',(7.,30.6080508075689,66.));
#19335=CARTESIAN_POINT('',(7.,30.6080508075689,66.));
#19336=CARTESIAN_POINT('Origin',(7.,32.3401016151377,69.));
#19337=CARTESIAN_POINT('Origin',(7.,36.6702286340599,68.5));
#19338=CARTESIAN_POINT('',(7.,36.6702286340599,68.5));
#19339=CARTESIAN_POINT('Origin',(7.,33.2061270189222,68.5));
#19340=CARTESIAN_POINT('',(7.,33.2061270189222,68.5));
#19341=CARTESIAN_POINT('Origin',(7.,31.4740762113533,65.5));
#19342=CARTESIAN_POINT('Origin',(7.,60.9182286340599,76.5));
#19343=CARTESIAN_POINT('',(7.,60.9182286340599,76.5));
#19344=CARTESIAN_POINT('',(7.,57.4541270189222,76.5));
#19345=CARTESIAN_POINT('Origin',(7.,62.,78.3736829679814));
#19346=CARTESIAN_POINT('Origin',(7.,60.9182286340599,82.5));
#19347=CARTESIAN_POINT('',(7.,60.9182286340599,82.5));
#19348=CARTESIAN_POINT('Origin',(7.,57.4541270189222,82.5));
#19349=CARTESIAN_POINT('',(7.,57.4541270189222,82.5));
#19350=CARTESIAN_POINT('Origin',(7.,55.7220762113533,79.5));
#19351=CARTESIAN_POINT('',(7.,55.7220762113533,79.5));
#19352=CARTESIAN_POINT('Origin',(7.,57.4541270189222,76.5));
#19353=CARTESIAN_POINT('Origin',(7.,56.5881016151377,62.));
#19354=CARTESIAN_POINT('',(7.,56.5881016151377,62.));
#19355=CARTESIAN_POINT('Origin',(7.,54.8560508075689,65.));
#19356=CARTESIAN_POINT('',(7.,54.8560508075689,65.));
#19357=CARTESIAN_POINT('Origin',(7.,51.3923048454133,65.));
#19358=CARTESIAN_POINT('Origin',(7.,39.2683048454133,58.));
#19359=CARTESIAN_POINT('',(7.,39.2683048454133,58.));
#19360=CARTESIAN_POINT('Origin',(7.,37.5362540378444,55.));
#19361=CARTESIAN_POINT('',(7.,37.5362540378444,55.));
#19362=CARTESIAN_POINT('Origin',(7.,39.2683048454133,52.));
#19363=CARTESIAN_POINT('Origin',(7.,30.6080508075689,44.));
#19364=CARTESIAN_POINT('',(7.,30.6080508075689,44.));
#19365=CARTESIAN_POINT('Origin',(7.,27.1443048454133,44.));
#19366=CARTESIAN_POINT('',(7.,27.1443048454133,44.));
#19367=CARTESIAN_POINT('Origin',(7.,25.4122540378444,41.));
#19368=CARTESIAN_POINT('Origin',(7.,42.7320508075689,44.));
#19369=CARTESIAN_POINT('',(7.,42.7320508075689,44.));
#19370=CARTESIAN_POINT('Origin',(7.,39.2683048454133,44.));
#19371=CARTESIAN_POINT('',(7.,39.2683048454133,44.));
#19372=CARTESIAN_POINT('Origin',(7.,37.5362540378444,41.));
#19373=CARTESIAN_POINT('Origin',(7.,56.5881016151377,48.));
#19374=CARTESIAN_POINT('',(7.,56.5881016151377,48.));
#19375=CARTESIAN_POINT('Origin',(7.,54.8560508075689,51.));
#19376=CARTESIAN_POINT('',(7.,54.8560508075689,51.));
#19377=CARTESIAN_POINT('Origin',(7.,51.3923048454133,51.));
#19378=CARTESIAN_POINT('Origin',(7.,60.9182286340599,41.5));
#19379=CARTESIAN_POINT('',(7.,60.9182286340599,41.5));
#19380=CARTESIAN_POINT('',(7.,57.4541270189222,41.5));
#19381=CARTESIAN_POINT('Origin',(7.,62.,43.3736829679814));
#19382=CARTESIAN_POINT('Origin',(7.,60.9182286340599,47.5));
#19383=CARTESIAN_POINT('',(7.,60.9182286340599,47.5));
#19384=CARTESIAN_POINT('Origin',(7.,57.4541270189222,47.5));
#19385=CARTESIAN_POINT('',(7.,57.4541270189222,47.5));
#19386=CARTESIAN_POINT('Origin',(7.,55.7220762113533,44.5));
#19387=CARTESIAN_POINT('',(7.,55.7220762113533,44.5));
#19388=CARTESIAN_POINT('Origin',(7.,57.4541270189222,41.5));
#19389=CARTESIAN_POINT('Origin',(7.,49.6602540378444,41.));
#19390=CARTESIAN_POINT('',(7.,51.3923048454133,44.));
#19391=CARTESIAN_POINT('Origin',(7.,54.8560508075689,44.));
#19392=CARTESIAN_POINT('',(7.,54.8560508075689,44.));
#19393=CARTESIAN_POINT('Origin',(7.,51.3923048454133,44.));
#19394=CARTESIAN_POINT('Origin',(7.,60.9182286340599,48.5));
#19395=CARTESIAN_POINT('',(7.,60.9182286340599,48.5));
#19396=CARTESIAN_POINT('',(7.,57.4541270189222,48.5));
#19397=CARTESIAN_POINT('Origin',(7.,62.,50.3736829679814));
#19398=CARTESIAN_POINT('Origin',(7.,60.9182286340599,54.5));
#19399=CARTESIAN_POINT('',(7.,60.9182286340599,54.5));
#19400=CARTESIAN_POINT('Origin',(7.,57.4541270189222,54.5));
#19401=CARTESIAN_POINT('',(7.,57.4541270189222,54.5));
#19402=CARTESIAN_POINT('Origin',(7.,55.7220762113533,51.5));
#19403=CARTESIAN_POINT('',(7.,55.7220762113533,51.5));
#19404=CARTESIAN_POINT('Origin',(7.,57.4541270189222,48.5));
#19405=CARTESIAN_POINT('Origin',(7.,45.3301270189222,41.5));
#19406=CARTESIAN_POINT('',(7.,45.3301270189222,41.5));
#19407=CARTESIAN_POINT('Origin',(7.,48.7942286340599,41.5));
#19408=CARTESIAN_POINT('',(7.,48.7942286340599,41.5));
#19409=CARTESIAN_POINT('Origin',(7.,50.5262794416288,44.5));
#19410=CARTESIAN_POINT('Origin',(7.,33.2061270189222,41.5));
#19411=CARTESIAN_POINT('',(7.,33.2061270189222,41.5));
#19412=CARTESIAN_POINT('Origin',(7.,36.6702286340599,41.5));
#19413=CARTESIAN_POINT('',(7.,36.6702286340599,41.5));
#19414=CARTESIAN_POINT('Origin',(7.,38.4022794416288,44.5));
#19415=CARTESIAN_POINT('Origin',(7.,27.1443048454133,45.));
#19416=CARTESIAN_POINT('',(7.,27.1443048454133,45.));
#19417=CARTESIAN_POINT('Origin',(7.,30.6080508075689,45.));
#19418=CARTESIAN_POINT('',(7.,30.6080508075689,45.));
#19419=CARTESIAN_POINT('Origin',(7.,32.3401016151377,48.));
#19420=CARTESIAN_POINT('Origin',(7.,33.2061270189222,48.5));
#19421=CARTESIAN_POINT('',(7.,33.2061270189222,48.5));
#19422=CARTESIAN_POINT('Origin',(7.,36.6702286340599,48.5));
#19423=CARTESIAN_POINT('',(7.,36.6702286340599,48.5));
#19424=CARTESIAN_POINT('Origin',(7.,38.4022794416288,51.5));
#19425=CARTESIAN_POINT('Origin',(7.,45.3301270189222,55.5));
#19426=CARTESIAN_POINT('',(7.,45.3301270189222,55.5));
#19427=CARTESIAN_POINT('Origin',(7.,48.7942286340599,55.5));
#19428=CARTESIAN_POINT('',(7.,48.7942286340599,55.5));
#19429=CARTESIAN_POINT('Origin',(7.,50.5262794416288,58.5));
#19430=CARTESIAN_POINT('Origin',(7.,54.8560508075689,66.));
#19431=CARTESIAN_POINT('',(7.,54.8560508075689,66.));
#19432=CARTESIAN_POINT('Origin',(7.,56.5881016151377,69.));
#19433=CARTESIAN_POINT('',(7.,56.5881016151377,69.));
#19434=CARTESIAN_POINT('Origin',(7.,54.8560508075689,72.));
#19435=CARTESIAN_POINT('Origin',(7.,45.3301270189222,69.5));
#19436=CARTESIAN_POINT('',(7.,45.3301270189222,69.5));
#19437=CARTESIAN_POINT('Origin',(7.,48.7942286340599,69.5));
#19438=CARTESIAN_POINT('',(7.,48.7942286340599,69.5));
#19439=CARTESIAN_POINT('Origin',(7.,50.5262794416288,72.5));
#19440=CARTESIAN_POINT('Origin',(7.,39.2683048454133,79.));
#19441=CARTESIAN_POINT('',(7.,39.2683048454133,79.));
#19442=CARTESIAN_POINT('Origin',(7.,37.5362540378444,76.));
#19443=CARTESIAN_POINT('',(7.,37.5362540378444,76.));
#19444=CARTESIAN_POINT('Origin',(7.,39.2683048454133,73.));
#19445=CARTESIAN_POINT('Origin',(7.,39.2683048454133,93.));
#19446=CARTESIAN_POINT('',(7.,39.2683048454133,93.));
#19447=CARTESIAN_POINT('Origin',(7.,37.5362540378444,90.));
#19448=CARTESIAN_POINT('',(7.,37.5362540378444,90.));
#19449=CARTESIAN_POINT('Origin',(7.,39.2683048454133,87.));
#19450=CARTESIAN_POINT('Origin',(7.,56.5881016151377,83.));
#19451=CARTESIAN_POINT('',(7.,56.5881016151377,83.));
#19452=CARTESIAN_POINT('Origin',(7.,54.8560508075689,86.));
#19453=CARTESIAN_POINT('',(7.,54.8560508075689,86.));
#19454=CARTESIAN_POINT('Origin',(7.,51.3923048454133,86.));
#19455=CARTESIAN_POINT('Origin',(7.,60.9182286340599,90.5));
#19456=CARTESIAN_POINT('',(7.,60.9182286340599,90.5));
#19457=CARTESIAN_POINT('',(7.,57.4541270189222,90.5));
#19458=CARTESIAN_POINT('Origin',(7.,62.,92.3736829679814));
#19459=CARTESIAN_POINT('Origin',(7.,60.9182286340599,96.5));
#19460=CARTESIAN_POINT('',(7.,60.9182286340599,96.5));
#19461=CARTESIAN_POINT('Origin',(7.,57.4541270189222,96.5));
#19462=CARTESIAN_POINT('',(7.,57.4541270189222,96.5));
#19463=CARTESIAN_POINT('Origin',(7.,55.7220762113533,93.5));
#19464=CARTESIAN_POINT('',(7.,55.7220762113533,93.5));
#19465=CARTESIAN_POINT('Origin',(7.,57.4541270189222,90.5));
#19466=CARTESIAN_POINT('Origin',(7.,45.3301270189222,83.5));
#19467=CARTESIAN_POINT('',(7.,45.3301270189222,83.5));
#19468=CARTESIAN_POINT('Origin',(7.,48.7942286340599,83.5));
#19469=CARTESIAN_POINT('',(7.,48.7942286340599,83.5));
#19470=CARTESIAN_POINT('Origin',(7.,50.5262794416288,86.5));
#19471=CARTESIAN_POINT('Origin',(7.,33.2061270189222,83.5));
#19472=CARTESIAN_POINT('',(7.,33.2061270189222,83.5));
#19473=CARTESIAN_POINT('Origin',(7.,36.6702286340599,83.5));
#19474=CARTESIAN_POINT('',(7.,36.6702286340599,83.5));
#19475=CARTESIAN_POINT('Origin',(7.,38.4022794416288,86.5));
#19476=CARTESIAN_POINT('Origin',(7.,33.2061270189222,69.5));
#19477=CARTESIAN_POINT('',(7.,33.2061270189222,69.5));
#19478=CARTESIAN_POINT('Origin',(7.,36.6702286340599,69.5));
#19479=CARTESIAN_POINT('',(7.,36.6702286340599,69.5));
#19480=CARTESIAN_POINT('Origin',(7.,38.4022794416288,72.5));
#19481=CARTESIAN_POINT('Origin',(7.,27.1443048454133,59.));
#19482=CARTESIAN_POINT('',(7.,27.1443048454133,59.));
#19483=CARTESIAN_POINT('Origin',(7.,30.6080508075689,59.));
#19484=CARTESIAN_POINT('',(7.,30.6080508075689,59.));
#19485=CARTESIAN_POINT('Origin',(7.,32.3401016151377,62.));
#19486=CARTESIAN_POINT('Origin',(7.,56.5881016151377,76.));
#19487=CARTESIAN_POINT('',(7.,56.5881016151377,76.));
#19488=CARTESIAN_POINT('Origin',(7.,54.8560508075689,79.));
#19489=CARTESIAN_POINT('',(7.,54.8560508075689,79.));
#19490=CARTESIAN_POINT('Origin',(7.,51.3923048454133,79.));
#19491=CARTESIAN_POINT('Origin',(7.,57.4541270189222,62.5));
#19492=CARTESIAN_POINT('',(7.,57.4541270189222,62.5));
#19493=CARTESIAN_POINT('',(7.,55.7220762113533,65.5));
#19494=CARTESIAN_POINT('Origin',(7.,60.9182286340599,62.5));
#19495=CARTESIAN_POINT('',(7.,60.9182286340599,62.5));
#19496=CARTESIAN_POINT('Origin',(7.,62.,64.3736829679814));
#19497=CARTESIAN_POINT('Origin',(7.,60.9182286340599,68.5));
#19498=CARTESIAN_POINT('',(7.,60.9182286340599,68.5));
#19499=CARTESIAN_POINT('Origin',(7.,57.4541270189222,68.5));
#19500=CARTESIAN_POINT('',(7.,57.4541270189222,68.5));
#19501=CARTESIAN_POINT('Origin',(7.,55.7220762113533,65.5));
#19502=CARTESIAN_POINT('Origin',(7.,39.2683048454133,65.));
#19503=CARTESIAN_POINT('',(7.,39.2683048454133,65.));
#19504=CARTESIAN_POINT('Origin',(7.,37.5362540378444,62.));
#19505=CARTESIAN_POINT('',(7.,37.5362540378444,62.));
#19506=CARTESIAN_POINT('Origin',(7.,39.2683048454133,59.));
#19507=CARTESIAN_POINT('Origin',(7.,27.1443048454133,52.));
#19508=CARTESIAN_POINT('',(7.,27.1443048454133,52.));
#19509=CARTESIAN_POINT('Origin',(7.,30.6080508075689,52.));
#19510=CARTESIAN_POINT('',(7.,30.6080508075689,52.));
#19511=CARTESIAN_POINT('Origin',(7.,32.3401016151377,55.));
#19512=CARTESIAN_POINT('Origin',(7.,33.2061270189222,40.5));
#19513=CARTESIAN_POINT('Origin',(7.,45.3301270189222,48.5));
#19514=CARTESIAN_POINT('',(7.,45.3301270189222,48.5));
#19515=CARTESIAN_POINT('Origin',(7.,48.7942286340599,48.5));
#19516=CARTESIAN_POINT('',(7.,48.7942286340599,48.5));
#19517=CARTESIAN_POINT('Origin',(7.,50.5262794416288,51.5));
#19518=CARTESIAN_POINT('Origin',(7.,60.9182286340599,55.5));
#19519=CARTESIAN_POINT('',(7.,60.9182286340599,55.5));
#19520=CARTESIAN_POINT('',(7.,57.4541270189222,55.5));
#19521=CARTESIAN_POINT('Origin',(7.,62.,57.3736829679814));
#19522=CARTESIAN_POINT('Origin',(7.,60.9182286340599,61.5));
#19523=CARTESIAN_POINT('',(7.,60.9182286340599,61.5));
#19524=CARTESIAN_POINT('Origin',(7.,57.4541270189222,61.5));
#19525=CARTESIAN_POINT('',(7.,57.4541270189222,61.5));
#19526=CARTESIAN_POINT('Origin',(7.,55.7220762113533,58.5));
#19527=CARTESIAN_POINT('',(7.,55.7220762113533,58.5));
#19528=CARTESIAN_POINT('Origin',(7.,57.4541270189222,55.5));
#19529=CARTESIAN_POINT('Origin',(7.,45.3301270189222,40.5));
#19530=UNCERTAINTY_MEASURE_WITH_UNIT(LENGTH_MEASURE(0.01),#19534,
'DISTANCE_ACCURACY_VALUE',
'Maximum model space distance between geometric entities at asserted c
onnectivities');
#19531=UNCERTAINTY_MEASURE_WITH_UNIT(LENGTH_MEASURE(0.01),#19534,
'DISTANCE_ACCURACY_VALUE',
'Maximum model space distance between geometric entities at asserted c
onnectivities');
#19532=(
GEOMETRIC_REPRESENTATION_CONTEXT(3)
GLOBAL_UNCERTAINTY_ASSIGNED_CONTEXT((#19530))
GLOBAL_UNIT_ASSIGNED_CONTEXT((#19534,#19536,#19537))
REPRESENTATION_CONTEXT('','3D')
);
#19533=(
GEOMETRIC_REPRESENTATION_CONTEXT(3)
GLOBAL_UNCERTAINTY_ASSIGNED_CONTEXT((#19531))
GLOBAL_UNIT_ASSIGNED_CONTEXT((#19534,#19536,#19537))
REPRESENTATION_CONTEXT('','3D')
);
#19534=(
LENGTH_UNIT()
NAMED_UNIT(*)
SI_UNIT(.MILLI.,.METRE.)
);
#19535=(
LENGTH_UNIT()
NAMED_UNIT(*)
SI_UNIT($,.METRE.)
);
#19536=(
NAMED_UNIT(*)
PLANE_ANGLE_UNIT()
SI_UNIT($,.RADIAN.)
);
#19537=(
NAMED_UNIT(*)
SI_UNIT($,.STERADIAN.)
SOLID_ANGLE_UNIT()
);
#19538=SHAPE_DEFINITION_REPRESENTATION(#19539,#19540);
#19539=PRODUCT_DEFINITION_SHAPE('',$,#19542);
#19540=SHAPE_REPRESENTATION('',(#12258),#19532);
#19541=PRODUCT_DEFINITION_CONTEXT('part definition',#19546,'design');
#19542=PRODUCT_DEFINITION('2026-08-25-22-56-58-429','switch_mount',#19543,
#19541);
#19543=PRODUCT_DEFINITION_FORMATION('',$,#19548);
#19544=PRODUCT_RELATED_PRODUCT_CATEGORY('switch_mount','switch_mount',(#19548));
#19545=APPLICATION_PROTOCOL_DEFINITION('international standard',
'automotive_design',2009,#19546);
#19546=APPLICATION_CONTEXT(
'Core Data for Automotive Mechanical Design Process');
#19547=PRODUCT_CONTEXT('part definition',#19546,'mechanical');
#19548=PRODUCT('2026-08-25-22-56-58-429','switch_mount',$,(#19547));
#19549=PRESENTATION_STYLE_ASSIGNMENT((#19550));
#19550=SURFACE_STYLE_USAGE(.BOTH.,#19551);
#19551=SURFACE_SIDE_STYLE('',(#19552));
#19552=SURFACE_STYLE_FILL_AREA(#19553);
#19553=FILL_AREA_STYLE('Stal \X2\2014\X0\ satynowa',(#19554));
#19554=FILL_AREA_STYLE_COLOUR('Stal \X2\2014\X0\ satynowa',#19555);
#19555=COLOUR_RGB('Stal \X2\2014\X0\ satynowa',0.627450980392157,0.627450980392157,
0.627450980392157);
ENDSEC;
END-ISO-10303-21;
